# Wavefront OBJ exported by RE2MV

mtllib em023_RE2MV.mtl

v  -7.420000 1.139999 -0.060000
v  -8.920000 -1.559999 -14.780000
v  -2.080000 1.240000 -45.980000
v  -17.020000 11.060000 -0.060000
v  -19.420000 10.380000 -14.780000
v  -16.920000 13.180000 -45.980000
v  -17.080000 24.500000 -0.060000
v  -19.480000 25.680000 -14.780000
v  -16.980000 24.000000 -45.980000
v  -1.540000 36.500000 -0.060000
v  -2.480000 37.840000 -14.780000
v  -1.500000 37.300001 -45.980000
v  18.720000 36.540000 -0.060000
v  19.660000 37.880001 -14.780000
v  18.680000 37.320000 -45.980000
v  34.360001 24.580000 -0.060000
v  36.760000 25.800000 -14.780000
v  34.260000 25.440000 -45.980000
v  34.420000 11.140000 -0.060000
v  36.820000 10.500000 -14.780000
v  34.320000 13.260000 -45.980000
v  25.020000 1.180000 -0.060000
v  26.559999 -1.520000 -14.780000
v  19.600000 1.260000 -45.980000
v  29.760000 31.900001 -45.980000
v  31.820000 32.720000 -14.780000
v  29.840000 31.060000 -0.060000
v  -12.639999 31.000000 -0.060000
v  -14.619999 32.640000 -14.780000
v  -12.559999 31.160000 -45.980000
v  -0.240000 4.840000 -57.459999
v  -12.520000 14.640000 -57.459999
v  -12.580000 23.500000 -57.459999
v  0.260000 34.400001 -57.459999
v  16.960000 34.440001 -57.459999
v  29.860001 24.680000 -57.459999
v  29.920000 14.700000 -57.459999
v  17.720000 4.860001 -57.459999
v  26.120001 29.980000 -57.459999
v  -8.900000 29.380000 -57.459999
v  8.680000 19.680000 -62.900002
# 41 vertices

vt  0.611328 0.933333
vt  0.617188 0.784314
vt  0.582031 0.933333
vt  0.587891 0.784314
vt  0.617188 0.784314
vt  0.582031 0.933333
vt  0.644531 0.729412
vt  0.632813 0.701961
vt  0.656250 0.729412
vt  0.621094 0.729412
vt  0.632813 0.701961
vt  0.597656 0.729412
vt  0.611328 0.933333
vt  0.582031 0.933333
vt  0.617188 0.784314
vt  0.587891 0.784314
vt  0.582031 0.933333
vt  0.617188 0.784314
vt  0.621094 0.729412
vt  0.640625 0.729412
vt  0.632813 0.701961
vt  0.677734 0.729412
vt  0.718750 0.701961
vt  0.699219 0.729412
vt  0.699219 0.729412
vt  0.718750 0.701961
vt  0.738281 0.729412
vt  0.701172 0.729412
vt  0.720703 0.701961
vt  0.679688 0.729412
vt  0.656250 0.729412
vt  0.632813 0.701961
vt  0.640625 0.729412
vt  0.644531 0.729412
vt  0.621094 0.729412
vt  0.632813 0.701961
vt  0.519531 0.729412
vt  0.541016 0.701961
vt  0.562500 0.729412
vt  0.597656 0.729412
vt  0.632813 0.701961
vt  0.621094 0.729412
vt  0.611328 0.933333
vt  0.611328 1.000000
vt  0.646484 0.933333
vt  0.644531 1.000000
vt  0.646484 0.784314
vt  0.617188 0.784314
vt  0.646484 0.933333
vt  0.611328 0.933333
vt  0.611328 1.000000
vt  0.587891 1.000000
vt  0.611328 0.933333
vt  0.582031 0.933333
vt  0.646484 0.933333
vt  0.662109 0.933333
vt  0.646484 0.784314
vt  0.660156 0.784314
vt  0.660156 1.000000
vt  0.662109 0.933333
vt  0.644531 1.000000
vt  0.646484 0.933333
vt  0.566406 0.784314
vt  0.515625 0.784314
vt  0.583984 0.933333
vt  0.500000 0.933333
vt  0.501953 1.000000
vt  0.580078 1.000000
vt  0.500000 0.933333
vt  0.583984 0.933333
vt  0.644531 1.000000
vt  0.611328 1.000000
vt  0.646484 0.933333
vt  0.611328 0.933333
vt  0.617188 0.784314
vt  0.642578 0.784314
vt  0.611328 0.933333
vt  0.646484 0.933333
vt  0.742188 0.784314
vt  0.695313 0.784314
vt  0.746094 0.933333
vt  0.693359 0.933333
vt  0.746094 0.933333
vt  0.693359 0.933333
vt  0.744141 1.000000
vt  0.695313 1.000000
vt  0.611328 1.000000
vt  0.611328 0.933333
vt  0.587891 1.000000
vt  0.582031 0.933333
vt  0.669922 1.000000
vt  0.666016 0.933333
vt  0.695313 1.000000
vt  0.693359 0.933333
vt  0.693359 0.933333
vt  0.666016 0.933333
vt  0.697266 0.784314
vt  0.669922 0.784314
vt  0.660156 0.784314
vt  0.642578 0.784314
vt  0.656250 0.729412
vt  0.640625 0.729412
vt  0.669922 0.784314
vt  0.695313 0.784314
vt  0.677734 0.729412
vt  0.699219 0.729412
vt  0.669922 0.784314
vt  0.679688 0.729412
vt  0.697266 0.784314
vt  0.701172 0.729412
vt  0.617188 0.784314
vt  0.621094 0.729412
vt  0.587891 0.784314
vt  0.597656 0.729412
vt  0.742188 0.784314
vt  0.738281 0.729412
vt  0.695313 0.784314
vt  0.699219 0.729412
vt  0.617188 0.784314
vt  0.621094 0.729412
vt  0.642578 0.784314
vt  0.640625 0.729412
vt  0.562500 0.729412
vt  0.519531 0.729412
vt  0.566406 0.784314
vt  0.515625 0.784314
vt  0.656250 0.729412
vt  0.644531 0.729412
vt  0.660156 0.784314
vt  0.646484 0.784314
vt  0.693359 0.933333
vt  0.664063 0.933333
vt  0.695313 1.000000
vt  0.669922 1.000000
vt  0.695313 0.784314
vt  0.669922 0.784314
vt  0.693359 0.933333
vt  0.664063 0.933333
vt  0.642578 0.784314
vt  0.660156 0.784314
vt  0.646484 0.933333
vt  0.662109 0.933333
vt  0.660156 1.000000
vt  0.644531 1.000000
vt  0.662109 0.933333
vt  0.646484 0.933333
vt  0.644531 0.729412
vt  0.621094 0.729412
vt  0.646484 0.784314
vt  0.617188 0.784314
vt  0.617188 0.784314
vt  0.587891 0.784314
vt  0.621094 0.729412
vt  0.597656 0.729412
# 126 texture coordinates

vn  0.899058 0.284331 0.166250
vn  0.910983 0.291112 0.046297
vn  0.878247 -0.346997 0.158533
vn  0.894615 -0.340216 0.028527
vn  0.889003 0.285267 -0.212547
vn  0.816517 -0.445671 -0.226810
vn  -0.364767 -0.863750 0.195478
vn  -0.432109 -0.854631 -0.007015
vn  -0.870765 -0.353544 0.184254
vn  -0.890874 -0.349335 0.041153
vn  -0.812542 -0.452919 -0.227278
vn  0.610517 0.735614 0.050506
vn  0.608881 0.715739 -0.183085
vn  0.594851 0.732574 0.161573
vn  0.438422 -0.851124 -0.017771
vn  0.309584 -0.875909 -0.232656
vn  -0.306311 -0.876844 -0.233357
vn  0.374354 -0.864919 0.170225
vn  -0.900461 0.280356 0.166484
vn  -0.917296 0.271705 0.042790
vn  -0.898590 0.253233 -0.213249
vn  -0.205532 0.934365 0.039283
vn  -0.213249 0.921271 -0.150817
vn  0.202025 0.934833 0.042556
vn  0.212079 0.921973 -0.147076
vn  -0.216288 0.924778 0.121355
vn  0.187995 0.931326 0.119017
vn  -0.615194 0.715739 0.162041
vn  -0.623845 0.725092 0.044427
vn  -0.629223 0.696331 -0.190334
vn  0.423691 0.501789 -0.696799
vn  -0.002104 0.035775 -0.957046
vn  0.596956 0.191269 -0.723923
vn  -0.606309 0.172329 -0.720883
vn  -0.450815 0.479342 -0.695630
vn  0.151986 0.673416 -0.663596
vn  -0.214651 -0.625015 -0.693292
vn  -0.551594 -0.275446 -0.732808
vn  -0.169523 0.667337 -0.665466
vn  0.553932 -0.270770 -0.732808
vn  0.216990 -0.624781 -0.692590
# 41 vertex normals

g Object_0
usemtl Material_0
s 1
f 5/1/10 6/2/11 2/3/8
f 24/4/16 21/5/6 23/6/15
f 36/7/33 41/8/32 39/9/31
f 32/10/38 41/11/32 31/12/37
f 20/13/4 23/14/15 21/15/6
f 3/16/17 2/17/8 6/18/11
f 32/19/38 33/20/34 41/21/32
f 39/22/31 41/23/32 35/24/36
f 35/25/36 41/26/32 34/27/39
f 34/28/39 41/29/32 40/30/35
f 40/31/35 41/32/32 33/33/34
f 36/34/33 37/35/40 41/36/32
f 31/37/37 41/38/32 38/39/41
f 38/40/41 41/41/32 37/42/40
f 19/44/3 20/43/4 17/45/2 16/46/1
f 21/48/6 18/47/5 17/49/2 20/50/4
f 1/52/7 4/51/9 5/53/10 2/54/8
f 26/56/12 17/55/2 18/57/5 25/58/13
f 26/60/12 27/59/14 16/61/1 17/62/2
f 3/64/17 24/63/16 23/65/15 2/66/8
f 22/68/18 1/67/7 2/69/8 23/70/15
f 4/72/9 7/71/19 8/73/20 5/74/10
f 9/76/21 6/75/11 5/77/10 8/78/20
f 15/80/25 12/79/23 11/81/22 14/82/24
f 14/84/24 11/83/22 10/85/26 13/86/27
f 20/88/4 19/87/3 22/89/18 23/90/15
f 29/92/29 28/91/28 10/93/26 11/94/22
f 29/96/29 11/95/22 12/97/23 30/98/30
f 9/100/21 30/99/30 40/101/35 33/102/34
f 15/104/25 25/103/13 39/105/31 35/106/36
f 40/108/35 30/107/30 12/109/23 34/110/39
f 37/112/40 21/111/6 24/113/16 38/114/41
f 34/116/39 12/115/23 15/117/25 35/118/36
f 32/120/38 6/119/11 9/121/21 33/122/34
f 31/124/37 38/123/41 24/125/16 3/126/17
f 36/128/33 39/127/31 25/129/13 18/130/5
f 26/132/12 14/131/24 13/133/27 27/134/14
f 25/136/13 15/135/25 14/137/24 26/138/12
f 30/140/30 9/139/21 8/141/20 29/142/29
f 7/144/19 28/143/28 29/145/29 8/146/20
f 37/148/40 36/147/33 18/149/5 21/150/6
f 3/152/17 6/151/11 32/153/38 31/154/37
# 42 faces

g
v  -0.740000 35.120000 -62.120001
v  17.940001 35.160000 -62.120001
v  15.340000 32.460000 -75.880001
v  1.900000 32.440001 -75.880001
v  -1.500000 37.260000 -46.180001
v  18.680000 37.280001 -46.180001
v  32.139999 24.160000 -62.120001
v  28.680000 23.160000 -76.160000
v  34.020000 25.460000 -46.180001
v  18.480000 1.540001 -62.120001
v  -0.980000 1.520000 -62.120001
v  2.000000 3.620001 -80.240002
v  15.440001 3.639999 -80.240002
v  19.260000 1.260000 -46.180001
v  -1.759999 1.240000 -46.180001
v  -14.799999 12.520000 -62.120001
v  -11.340000 14.080000 -76.740000
v  -16.680000 13.160000 -46.180001
v  -14.860001 24.080000 -62.120001
v  -11.400000 23.120000 -76.160000
v  -16.740000 24.020000 -46.180001
v  32.200001 12.600000 -62.120001
v  28.740000 14.120000 -76.740000
v  34.080000 13.220000 -46.180001
v  29.800001 31.940001 -46.180001
v  28.220001 30.220000 -62.120001
v  25.080000 28.380000 -76.020000
v  -12.600000 31.220000 -46.180001
v  -11.020000 30.180000 -62.120001
v  -7.840000 28.360000 -76.020000
v  -12.820000 6.140000 -46.180001
v  -11.219999 5.960000 -62.120001
v  -7.360001 7.720000 -78.500000
v  24.800001 7.760000 -78.500000
v  28.680000 6.020000 -62.120001
v  30.300001 6.200000 -46.180001
v  -15.559999 14.080000 -74.260000
v  17.140000 2.219999 -71.180000
v  -15.840000 4.139999 -70.800001
v  0.320001 2.200001 -71.180000
v  30.820000 23.720000 -69.140001
v  -10.719999 4.219999 -76.020000
v  26.980000 29.500000 -69.080000
v  32.960001 14.120000 -74.260000
v  -13.539999 23.660000 -69.140001
v  16.800000 34.100000 -69.000000
v  -9.760000 29.460000 -69.080000
v  0.400001 34.080000 -69.000000
v  14.140000 28.320000 -84.580002
v  3.120000 28.300000 -84.580002
v  25.080000 22.460000 -84.840000
v  3.200000 10.140000 -88.940002
v  14.220000 10.160000 -88.940002
v  -7.740000 16.740000 -85.440002
v  -7.779999 22.420000 -84.840000
v  25.120001 16.760000 -85.440002
v  22.120000 25.740000 -84.720001
v  -4.860000 25.720000 -84.720001
v  -4.460000 12.720000 -87.200001
v  21.880000 12.760000 -87.200001
v  8.680000 19.600000 -89.000000
v  33.340000 4.180000 -70.800001
v  28.180000 4.260000 -76.020000
# 63 vertices

vt  0.589844 0.545098
vt  0.589844 0.572549
vt  0.615234 0.552941
vt  0.638672 0.541176
vt  0.615234 0.552941
vt  0.638672 0.580392
vt  0.589844 0.572549
vt  0.548828 0.568627
vt  0.576172 0.545098
vt  0.636719 0.498039
vt  0.628906 0.474510
vt  0.644531 0.498039
vt  0.621094 0.494118
vt  0.628906 0.474510
vt  0.611328 0.486275
vt  0.593750 0.615686
vt  0.589844 0.572549
vt  0.611328 0.615686
vt  0.550781 0.615686
vt  0.578125 0.615686
vt  0.548828 0.568627
vt  0.589844 0.545098
vt  0.615234 0.552941
vt  0.589844 0.572549
vt  0.621094 0.494118
vt  0.636719 0.498039
vt  0.628906 0.474510
vt  0.681641 0.498039
vt  0.716797 0.474510
vt  0.703125 0.498039
vt  0.703125 0.498039
vt  0.716797 0.474510
vt  0.732422 0.498039
vt  0.703125 0.498039
vt  0.718750 0.474510
vt  0.683594 0.498039
vt  0.644531 0.498039
vt  0.628906 0.474510
vt  0.636719 0.498039
vt  0.636719 0.498039
vt  0.621094 0.494118
vt  0.628906 0.474510
vt  0.621094 0.494118
vt  0.611328 0.486275
vt  0.628906 0.474510
vt  0.611328 0.486275
vt  0.605469 0.474510
vt  0.628906 0.474510
vt  0.541016 0.474510
vt  0.511719 0.474510
vt  0.527344 0.474510
vt  0.605469 0.474510
vt  0.611328 0.486275
vt  0.628906 0.474510
vt  0.568359 0.529412
vt  0.542969 0.521569
vt  0.576172 0.545098
vt  0.638672 0.541176
vt  0.615234 0.552941
vt  0.615234 0.541176
vt  0.615234 0.541176
vt  0.615234 0.552941
vt  0.638672 0.541176
vt  0.550781 0.615686
vt  0.548828 0.568627
vt  0.578125 0.615686
vt  0.640625 0.615686
vt  0.638672 0.580392
vt  0.611328 0.615686
vt  0.611328 0.615686
vt  0.615234 0.552941
vt  0.640625 0.580392
vt  0.568359 0.529412
vt  0.576172 0.545098
vt  0.542969 0.521569
vt  0.640625 0.615686
vt  0.611328 0.615686
vt  0.640625 0.580392
vt  0.589844 0.572549
vt  0.576172 0.545098
vt  0.548828 0.568627
vt  0.638672 0.541176
vt  0.640625 0.580392
vt  0.615234 0.552941
vt  0.589844 0.572549
vt  0.578125 0.615686
vt  0.548828 0.568627
vt  0.542969 0.521569
vt  0.576172 0.545098
vt  0.548828 0.568627
vt  0.615234 0.552941
vt  0.611328 0.615686
vt  0.589844 0.572549
vt  0.542969 0.521569
vt  0.548828 0.568627
vt  0.576172 0.545098
vt  0.589844 0.572549
vt  0.548828 0.568627
vt  0.578125 0.615686
vt  0.593750 0.615686
vt  0.611328 0.615686
vt  0.589844 0.572549
vt  0.638672 0.580392
vt  0.615234 0.552941
vt  0.611328 0.615686
vt  0.615234 0.552941
vt  0.589844 0.572549
vt  0.611328 0.615686
vt  0.701172 0.545098
vt  0.695313 0.580392
vt  0.734375 0.545098
vt  0.738281 0.580392
vt  0.742188 0.615686
vt  0.693359 0.615686
vt  0.744141 0.698039
vt  0.691406 0.698039
vt  0.638672 0.541176
vt  0.640625 0.580392
vt  0.652344 0.545098
vt  0.654297 0.580392
vt  0.693359 0.615686
vt  0.666016 0.615686
vt  0.691406 0.698039
vt  0.662109 0.698039
vt  0.509766 0.521569
vt  0.503906 0.568627
vt  0.542969 0.521569
vt  0.548828 0.568627
vt  0.550781 0.615686
vt  0.501953 0.615686
vt  0.554688 0.698039
vt  0.500000 0.698039
vt  0.578125 0.615686
vt  0.582031 0.698039
vt  0.550781 0.615686
vt  0.554688 0.698039
vt  0.669922 0.580392
vt  0.675781 0.545098
vt  0.697266 0.580392
vt  0.701172 0.545098
vt  0.640625 0.615686
vt  0.656250 0.615686
vt  0.640625 0.698039
vt  0.660156 0.698039
vt  0.640625 0.615686
vt  0.611328 0.615686
vt  0.644531 0.698039
vt  0.613281 0.698039
vt  0.611328 0.615686
vt  0.640625 0.615686
vt  0.613281 0.698039
vt  0.640625 0.698039
vt  0.611328 0.615686
vt  0.593750 0.615686
vt  0.613281 0.698039
vt  0.593750 0.698039
vt  0.578125 0.615686
vt  0.550781 0.615686
vt  0.582031 0.698039
vt  0.554688 0.698039
vt  0.656250 0.615686
vt  0.640625 0.615686
vt  0.662109 0.698039
vt  0.644531 0.698039
vt  0.695313 0.580392
vt  0.669922 0.580392
vt  0.693359 0.615686
vt  0.666016 0.615686
vt  0.664063 0.698039
vt  0.667969 0.615686
vt  0.691406 0.698039
vt  0.693359 0.615686
vt  0.654297 0.580392
vt  0.656250 0.615686
vt  0.638672 0.580392
vt  0.640625 0.615686
vt  0.593750 0.615686
vt  0.611328 0.615686
vt  0.593750 0.698039
vt  0.613281 0.698039
vt  0.667969 0.615686
vt  0.669922 0.580392
vt  0.693359 0.615686
vt  0.697266 0.580392
vt  0.652344 0.545098
vt  0.654297 0.580392
vt  0.638672 0.541176
vt  0.638672 0.580392
vt  0.503906 0.568627
vt  0.501953 0.615686
vt  0.548828 0.568627
vt  0.550781 0.615686
vt  0.654297 0.580392
vt  0.640625 0.580392
vt  0.656250 0.615686
vt  0.640625 0.615686
vt  0.675781 0.545098
vt  0.669922 0.580392
vt  0.701172 0.545098
vt  0.695313 0.580392
vt  0.742188 0.615686
vt  0.738281 0.580392
vt  0.693359 0.615686
vt  0.695313 0.580392
vt  0.701172 0.545098
vt  0.734375 0.545098
vt  0.703125 0.498039
vt  0.732422 0.498039
vt  0.638672 0.541176
vt  0.652344 0.545098
vt  0.636719 0.498039
vt  0.644531 0.498039
vt  0.509766 0.521569
vt  0.542969 0.521569
vt  0.511719 0.474510
vt  0.541016 0.474510
vt  0.597656 0.529412
vt  0.611328 0.486275
vt  0.615234 0.541176
vt  0.621094 0.494118
vt  0.675781 0.545098
vt  0.683594 0.498039
vt  0.701172 0.545098
vt  0.703125 0.498039
vt  0.638672 0.541176
vt  0.636719 0.498039
vt  0.615234 0.541176
vt  0.621094 0.494118
vt  0.615234 0.541176
vt  0.621094 0.494118
vt  0.638672 0.541176
vt  0.636719 0.498039
vt  0.568359 0.529412
vt  0.560547 0.486275
vt  0.542969 0.521569
vt  0.541016 0.474510
vt  0.675781 0.545098
vt  0.701172 0.545098
vt  0.681641 0.498039
vt  0.703125 0.498039
vt  0.638672 0.541176
vt  0.636719 0.498039
vt  0.652344 0.545098
vt  0.644531 0.498039
vt  0.542969 0.521569
vt  0.541016 0.474510
vt  0.568359 0.529412
vt  0.560547 0.486275
vt  0.615234 0.541176
vt  0.621094 0.494118
vt  0.597656 0.529412
vt  0.611328 0.486275
vt  0.615234 0.552941
vt  0.589844 0.545098
vt  0.615234 0.541176
vt  0.597656 0.529412
vt  0.589844 0.545098
vt  0.615234 0.552941
vt  0.597656 0.529412
vt  0.615234 0.541176
# 222 texture coordinates

vn  0.195244 0.914724 -0.204129
vn  -0.197348 0.914022 -0.206234
vn  0.180279 0.879416 -0.332733
vn  -0.183787 0.881053 -0.327121
vn  0.202960 0.923142 -0.152454
vn  0.209274 0.924778 -0.133047
vn  -0.218159 0.922440 -0.135852
vn  -0.235930 0.920570 -0.116679
vn  0.885496 0.319171 -0.175369
vn  0.600463 0.708256 -0.233124
vn  0.784717 0.305376 -0.455725
vn  0.567727 0.688849 -0.346295
vn  0.615895 0.713401 -0.169289
vn  0.624781 0.712231 -0.138191
vn  -0.118082 -0.948161 -0.065705
vn  0.119718 -0.947927 -0.065705
vn  -0.173264 -0.796408 -0.502958
vn  0.175603 -0.799682 -0.496878
vn  -0.193607 -0.936002 -0.060795
vn  -0.194309 -0.937639 -0.022915
vn  0.197816 -0.935067 -0.061496
vn  0.199921 -0.936236 -0.023616
vn  -0.835223 0.057053 -0.465078
vn  -0.697500 -0.656347 0.000935
vn  -0.400309 -0.598359 -0.631796
vn  -0.539902 -0.783314 0.109898
vn  -0.643253 -0.707321 -0.056586
vn  -0.603737 0.704515 -0.237333
vn  -0.574508 0.690018 -0.332733
vn  -0.632263 0.704749 -0.143101
vn  -0.650735 0.693993 -0.109430
vn  -0.908177 0.263521 -0.151986
vn  -0.913789 0.261650 -0.117380
vn  0.950499 -0.106858 0.044661
vn  0.924545 -0.228915 -0.099376
vn  0.903500 0.272640 -0.160872
vn  0.908878 0.272172 -0.128604
vn  -0.888769 0.309818 -0.177239
vn  -0.791498 0.299296 -0.448243
vn  -0.949564 -0.117614 0.044193
vn  -0.921739 -0.240372 -0.098674
vn  0.403816 -0.598359 -0.629223
vn  0.700540 -0.652840 0.001169
vn  0.545280 -0.779573 0.109898
vn  0.651203 -0.699605 -0.057989
vn  0.368041 0.517689 -0.716440
vn  -0.000234 0.205766 -0.935301
vn  0.566091 0.237333 -0.734912
vn  -0.451283 -0.206234 -0.819089
vn  -0.594384 -0.009587 -0.750813
vn  0.835925 0.062899 -0.462740
vn  -0.120420 0.670143 -0.673416
vn  0.115042 0.659153 -0.685108
vn  0.166717 -0.390254 -0.858606
vn  -0.164145 -0.383239 -0.862113
vn  -0.516052 -0.376692 -0.713401
vn  -0.694227 -0.095868 -0.652840
vn  -0.383473 0.533121 -0.697033
vn  0.700774 -0.096336 -0.645357
vn  0.597891 -0.007249 -0.748007
vn  -0.578483 0.236397 -0.725793
vn  0.526574 -0.387916 -0.699605
vn  0.459700 -0.215119 -0.812075
# 63 vertex normals

g Object_1
usemtl Material_0
s 1
f 83/155/66 80/156/65 78/157/64
f 61/158/80 78/159/64 86/160/79
f 103/161/84 79/162/57 104/163/83
f 92/164/89 102/165/88 98/166/87
f 95/167/91 102/168/88 100/169/90
f 76/170/85 103/171/84 63/172/75
f 52/173/60 73/174/67 81/175/56
f 104/176/83 85/177/92 103/178/84
f 95/179/91 96/180/102 102/181/88
f 98/182/87 102/183/88 90/184/94
f 90/185/94 102/186/88 91/187/93
f 91/188/93 102/189/88 99/190/99
f 99/191/99 102/192/88 96/193/102
f 92/194/89 97/195/101 102/196/88
f 97/197/101 101/198/104 102/199/88
f 101/200/104 94/201/95 102/202/88
f 94/203/95 93/204/96 102/205/88
f 93/206/96 100/207/90 102/208/88
f 74/209/97 53/210/58 83/211/66
f 49/212/52 85/213/92 64/214/100
f 58/215/98 78/216/64 61/217/80
f 51/218/62 79/219/57 76/220/85
f 60/221/73 86/222/79 57/223/81
f 63/224/75 85/225/92 82/226/50
f 75/227/103 104/228/83 54/229/59
f 48/230/77 63/231/75 82/232/50
f 80/233/65 83/234/66 81/235/56
f 49/236/52 82/237/50 85/238/92
f 103/239/84 76/240/85 79/241/57
f 54/242/59 104/243/83 79/244/57
f 85/245/92 63/246/75 103/247/84
f 53/248/58 81/249/56 83/250/66
f 80/251/65 81/252/56 73/253/67
f 73/254/67 57/255/81 80/256/65
f 86/257/79 78/258/64 57/259/81
f 78/260/64 80/261/65 57/262/81
f 87/264/42 44/263/44 45/265/45 89/266/43
f 43/268/46 42/267/48 46/269/49 47/270/47
f 82/272/50 49/271/52 68/273/53 84/274/51
f 67/276/54 43/275/46 47/277/47 66/278/55
f 81/280/56 53/279/58 54/281/59 79/282/57
f 52/284/60 51/283/62 55/285/63 56/286/61
f 72/288/68 73/287/67 52/289/60 56/290/61
f 71/292/70 88/291/69 89/293/43 45/294/45
f 70/296/71 60/295/73 62/297/74 69/298/72
f 63/300/75 48/299/77 50/301/78 65/302/76
f 60/304/73 57/303/81 59/305/82 62/306/74
f 76/308/85 63/307/75 65/309/76 77/310/86
f 51/312/62 76/311/85 77/313/86 55/314/63
f 48/316/77 67/315/54 66/317/55 50/318/78
f 84/320/51 87/319/42 43/321/46 67/322/54
f 70/324/71 69/323/72 46/325/49 42/326/48
f 70/328/71 88/327/69 86/329/79 60/330/73
f 57/332/81 73/331/67 72/333/68 59/334/82
f 88/336/69 70/335/71 42/337/48 89/338/43
f 88/340/69 71/339/70 61/341/80 86/342/79
f 52/344/60 81/343/56 79/345/57 51/346/62
f 82/348/50 84/347/51 67/349/54 48/350/77
f 84/352/51 68/351/53 44/353/44 87/354/42
f 89/356/43 42/355/48 43/357/46 87/358/42
f 45/360/45 44/359/44 90/361/94 91/362/93
f 68/364/53 49/363/52 92/365/89 98/366/87
f 54/368/59 53/367/58 93/369/96 94/370/95
f 100/372/90 74/371/97 58/373/98 95/374/91
f 99/376/99 71/375/70 45/377/45 91/378/93
f 92/380/89 49/379/52 64/381/100 97/382/101
f 95/384/91 58/383/98 61/385/80 96/386/102
f 101/388/104 75/387/103 54/389/59 94/390/95
f 44/392/44 68/391/53 98/393/87 90/394/94
f 96/396/102 61/395/80 71/397/70 99/398/99
f 93/400/96 53/399/58 74/401/97 100/402/90
f 97/404/101 64/403/100 75/405/103 101/406/104
f 83/408/66 78/407/64 58/409/98 74/410/97
f 85/412/92 104/411/83 75/413/103 64/414/100
# 74 faces

g
v  31.680000 -17.000000 -66.520004
v  31.680000 16.660001 -66.520004
v  31.680000 -14.420000 -72.420004
v  31.680000 13.240001 -73.900004
v  25.780000 -15.219999 -66.520004
v  24.300000 13.240001 -66.520004
v  31.680000 -14.420000 -60.640004
v  31.680000 13.240001 -59.160004
v  25.740000 9.080001 -72.860004
v  39.040000 13.240001 -66.520004
v  27.780000 -15.219999 -70.680004
v  33.580000 -12.660000 -63.820004
v  26.800000 13.240001 -71.720004
v  36.540000 13.240001 -61.340004
v  26.800000 13.240001 -61.340004
v  36.540000 13.240001 -71.720004
v  33.580000 -12.660000 -69.240004
v  27.780000 -15.219999 -62.380004
v  31.680000 -11.379999 -74.120004
v  39.260000 -5.059999 -66.520004
v  40.660000 9.080001 -66.520004
v  22.680000 9.080001 -66.520004
v  37.600000 9.080001 -60.200004
v  36.700000 -6.599998 -61.180004
v  36.700000 -6.599998 -71.880004
v  31.680000 9.080001 -57.540005
v  31.680000 -11.379999 -58.940004
v  31.680000 9.080001 -75.520004
v  25.740000 9.080001 -60.200004
v  26.640000 -12.180000 -61.180004
v  26.640000 -12.180000 -71.880004
v  37.600000 9.080001 -72.860004
v  24.080000 -12.180000 -66.520004
# 33 vertices

vt  0.783203 0.819608
vt  0.783203 0.807843
vt  0.794922 0.819608
vt  0.818359 0.972549
vt  0.818359 0.988235
vt  0.802734 0.972549
vt  0.818359 0.819608
vt  0.818359 0.807843
vt  0.828125 0.819608
vt  0.851563 0.972549
vt  0.851563 0.988235
vt  0.837891 0.972549
vt  0.867188 0.819608
vt  0.882813 0.807843
vt  0.875000 0.831373
vt  0.882813 0.972549
vt  0.882813 0.988235
vt  0.869141 0.972549
vt  0.783203 0.972549
vt  0.783203 0.988235
vt  0.769531 0.972549
vt  0.875000 0.831373
vt  0.882813 0.807843
vt  0.890625 0.831373
vt  0.875000 0.831373
vt  0.867188 0.862745
vt  0.867188 0.819608
vt  0.851563 0.972549
vt  0.863281 0.972549
vt  0.851563 0.988235
vt  0.818359 0.972549
vt  0.832031 0.972549
vt  0.818359 0.988235
vt  0.849609 0.819608
vt  0.839844 0.819608
vt  0.849609 0.807843
vt  0.818359 0.819608
vt  0.806641 0.819608
vt  0.818359 0.807843
vt  0.783203 0.972549
vt  0.796875 0.972549
vt  0.783203 0.988235
vt  0.882813 0.972549
vt  0.898438 0.972549
vt  0.882813 0.988235
vt  0.900391 0.819608
vt  0.890625 0.831373
vt  0.882813 0.807843
vt  0.867188 0.862745
vt  0.875000 0.831373
vt  0.882813 0.870588
vt  0.890625 0.831373
vt  0.900391 0.819608
vt  0.898438 0.862745
vt  0.849609 0.839216
vt  0.849609 0.819608
vt  0.865234 0.862745
vt  0.783203 0.839216
vt  0.769531 0.862745
vt  0.783203 0.819608
vt  0.898438 0.862745
vt  0.882813 0.870588
vt  0.890625 0.831373
vt  0.890625 0.831373
vt  0.882813 0.870588
vt  0.875000 0.831373
vt  0.798828 0.949020
vt  0.802734 0.972549
vt  0.818359 0.949020
vt  0.818359 0.972549
vt  0.833984 0.949020
vt  0.837891 0.972549
vt  0.849609 0.949020
vt  0.851563 0.972549
vt  0.865234 0.949020
vt  0.869141 0.972549
vt  0.882813 0.949020
vt  0.882813 0.972549
vt  0.767578 0.949020
vt  0.769531 0.972549
vt  0.783203 0.949020
vt  0.783203 0.972549
vt  0.818359 0.819608
vt  0.818359 0.835294
vt  0.828125 0.819608
vt  0.832031 0.835294
vt  0.783203 0.819608
vt  0.783203 0.839216
vt  0.794922 0.819608
vt  0.796875 0.835294
vt  0.867188 0.949020
vt  0.849609 0.949020
vt  0.863281 0.972549
vt  0.851563 0.972549
vt  0.900391 0.949020
vt  0.882813 0.949020
vt  0.898438 0.972549
vt  0.882813 0.972549
vt  0.800781 0.949020
vt  0.783203 0.949020
vt  0.796875 0.972549
vt  0.783203 0.972549
vt  0.806641 0.819608
vt  0.802734 0.835294
vt  0.818359 0.819608
vt  0.818359 0.835294
vt  0.835938 0.949020
vt  0.818359 0.949020
vt  0.832031 0.972549
vt  0.818359 0.972549
vt  0.839844 0.819608
vt  0.835938 0.835294
vt  0.849609 0.819608
vt  0.849609 0.839216
vt  0.865234 0.862745
vt  0.849609 0.839216
vt  0.867188 0.949020
vt  0.849609 0.949020
vt  0.882813 0.949020
vt  0.882813 0.870588
vt  0.865234 0.949020
vt  0.867188 0.862745
vt  0.900391 0.949020
vt  0.898438 0.862745
vt  0.882813 0.949020
vt  0.882813 0.870588
vt  0.769531 0.862745
vt  0.767578 0.949020
vt  0.783203 0.839216
vt  0.783203 0.949020
vt  0.783203 0.839216
vt  0.783203 0.949020
vt  0.796875 0.835294
vt  0.800781 0.949020
vt  0.802734 0.835294
vt  0.798828 0.949020
vt  0.818359 0.835294
vt  0.818359 0.949020
vt  0.832031 0.835294
vt  0.818359 0.835294
vt  0.835938 0.949020
vt  0.818359 0.949020
vt  0.849609 0.839216
vt  0.835938 0.835294
vt  0.849609 0.949020
vt  0.833984 0.949020
# 126 texture coordinates

vn  -0.370145 -0.746838 -0.471859
vn  0.351205 -0.890874 0.000000
vn  0.466481 -0.640681 -0.537564
vn  -0.946524 0.146141 0.000000
vn  -0.658919 0.141464 -0.680431
vn  -0.689550 0.664531 0.000000
vn  -0.489162 0.652138 -0.502490
vn  0.000000 0.957514 0.000000
vn  -0.373185 -0.743096 0.475133
vn  -0.589006 -0.755255 0.000000
vn  0.019174 0.140529 0.946992
vn  -0.658919 0.140763 0.680431
vn  0.000000 0.663362 0.690486
vn  -0.489162 0.652138 0.502256
vn  0.810438 -0.493137 0.130241
vn  0.466247 -0.637875 0.541071
vn  0.948395 0.132345 -0.000701
vn  0.677859 0.127435 0.664063
vn  0.689317 0.664531 0.000000
vn  0.488928 0.652138 0.502256
vn  0.014497 0.146608 -0.946290
vn  0.673183 0.135619 -0.667337
vn  0.000000 0.663362 -0.690720
vn  0.488928 0.652138 -0.502490
vn  0.810438 -0.493137 -0.130474
vn  0.753151 -0.325017 0.493839
vn  -0.917764 -0.273575 0.000000
vn  -0.628522 -0.264924 0.672013
vn  0.112236 -0.264456 -0.913555
vn  -0.627821 -0.270068 -0.671078
vn  0.880352 -0.376458 -0.000468
vn  0.752449 -0.319639 -0.498515
vn  0.114808 -0.265392 0.912853
# 33 vertex normals

g Object_2
usemtl Material_0
s 1
f 107/415/107 105/416/106 115/417/105
f 110/418/110 106/419/112 117/420/111
f 109/421/114 105/422/106 122/423/113
f 112/424/117 106/425/112 119/426/118
f 111/427/120 105/428/106 116/429/119
f 114/430/123 106/431/112 118/432/124
f 108/433/127 106/434/112 120/435/128
f 116/436/119 105/437/106 121/438/129
f 116/439/119 128/440/130 111/441/120
f 112/442/117 118/443/124 106/444/112
f 110/445/110 119/446/118 106/447/112
f 111/448/120 122/449/113 105/450/106
f 109/451/114 115/452/105 105/453/106
f 108/454/127 117/455/111 106/456/112
f 114/457/123 120/458/128 106/459/112
f 107/460/107 121/461/129 105/462/106
f 128/463/130 116/464/119 124/465/135
f 121/466/129 107/467/107 129/468/136
f 131/469/137 111/470/120 128/471/130
f 123/472/133 129/473/136 107/474/107
f 129/475/136 124/476/135 121/477/129
f 121/478/129 124/479/135 116/480/119
f 117/482/111 113/481/109 126/483/108 110/484/110
f 119/486/118 133/485/116 130/487/115 112/488/117
f 118/490/124 127/489/122 125/491/121 114/492/123
f 120/494/128 136/493/126 132/495/125 108/496/127
f 137/498/131 109/497/114 122/499/113 134/500/132
f 123/502/133 107/501/107 115/503/105 135/504/134
f 130/506/115 127/505/122 118/507/124 112/508/117
f 125/510/121 136/509/126 120/511/128 114/512/123
f 132/514/125 113/513/109 117/515/111 108/516/127
f 135/518/134 115/517/105 109/519/114 137/520/131
f 126/522/108 133/521/116 119/523/118 110/524/110
f 134/526/132 122/525/113 111/527/120 131/528/137
f 131/530/137 128/529/130 127/531/122 130/532/115
f 124/534/135 125/533/121 127/535/122 128/536/130
f 129/538/136 136/537/126 125/539/121 124/540/135
f 136/542/126 129/541/136 123/543/133 132/544/125
f 132/546/125 123/545/133 135/547/134 113/548/109
f 113/550/109 135/549/134 137/551/131 126/552/108
f 137/554/131 134/553/132 133/555/116 126/556/108
f 134/558/132 131/557/137 130/559/115 133/560/116
# 42 faces

g
v  25.960001 -36.460001 -66.520004
v  31.680000 -36.460001 -72.240004
v  31.680000 -40.080000 -66.520004
v  31.680000 -31.120001 -75.540005
v  22.660000 -31.120001 -66.520004
v  24.520000 -12.580000 -66.520004
v  31.680000 -12.580000 -73.680004
v  31.680000 -7.900000 -66.520004
v  31.680000 -36.460001 -60.820004
v  31.680000 -31.120001 -57.520004
v  31.680000 -12.580000 -59.380004
v  37.380000 -36.460001 -66.520004
v  40.680000 -31.120001 -66.520004
v  38.820000 -12.580000 -66.520004
v  36.320000 -12.580000 -71.180004
v  27.020000 -12.580000 -61.880004
v  27.020000 -12.580000 -71.180004
v  36.320000 -12.580000 -61.880004
v  25.820000 -31.120001 -60.680004
v  25.820000 -31.120001 -72.380004
v  37.520000 -31.120001 -72.380004
v  37.520000 -31.120001 -60.680004
v  35.380000 -36.460001 -70.240004
v  35.380000 -36.460001 -62.820004
v  27.960000 -36.460001 -62.820004
v  27.960000 -36.460001 -70.240004
# 26 vertices

vt  0.849609 0.647059
vt  0.849609 0.627451
vt  0.839844 0.647059
vt  0.818359 0.776471
vt  0.818359 0.800000
vt  0.832031 0.776471
vt  0.818359 0.647059
vt  0.818359 0.627451
vt  0.808594 0.647059
vt  0.785156 0.776471
vt  0.785156 0.800000
vt  0.798828 0.776471
vt  0.785156 0.647059
vt  0.785156 0.627451
vt  0.773438 0.647059
vt  0.882813 0.776471
vt  0.882813 0.800000
vt  0.896484 0.776471
vt  0.882813 0.647059
vt  0.882813 0.627451
vt  0.873047 0.647059
vt  0.851563 0.776471
vt  0.851563 0.800000
vt  0.863281 0.776471
vt  0.882813 0.776471
vt  0.869141 0.776471
vt  0.882813 0.800000
vt  0.849609 0.647059
vt  0.861328 0.647059
vt  0.849609 0.627451
vt  0.785156 0.647059
vt  0.794922 0.647059
vt  0.785156 0.627451
vt  0.818359 0.776471
vt  0.804688 0.776471
vt  0.818359 0.800000
vt  0.851563 0.776471
vt  0.837891 0.776471
vt  0.851563 0.800000
vt  0.818359 0.647059
vt  0.828125 0.647059
vt  0.818359 0.627451
vt  0.882813 0.647059
vt  0.894531 0.647059
vt  0.882813 0.627451
vt  0.785156 0.776471
vt  0.771484 0.776471
vt  0.785156 0.800000
vt  0.832031 0.776471
vt  0.818359 0.776471
vt  0.835938 0.674510
vt  0.818359 0.674510
vt  0.833984 0.674510
vt  0.839844 0.647059
vt  0.849609 0.674510
vt  0.849609 0.647059
vt  0.798828 0.776471
vt  0.785156 0.776471
vt  0.800781 0.674510
vt  0.785156 0.674510
vt  0.800781 0.674510
vt  0.808594 0.647059
vt  0.818359 0.674510
vt  0.818359 0.647059
vt  0.896484 0.776471
vt  0.882813 0.776471
vt  0.900391 0.674510
vt  0.882813 0.674510
vt  0.767578 0.674510
vt  0.773438 0.647059
vt  0.785156 0.674510
vt  0.785156 0.647059
vt  0.863281 0.776471
vt  0.851563 0.776471
vt  0.867188 0.674510
vt  0.849609 0.674510
vt  0.867188 0.674510
vt  0.873047 0.647059
vt  0.882813 0.674510
vt  0.882813 0.647059
vt  0.869141 0.776471
vt  0.867188 0.674510
vt  0.882813 0.776471
vt  0.882813 0.674510
vt  0.861328 0.647059
vt  0.867188 0.674510
vt  0.849609 0.647059
vt  0.849609 0.674510
vt  0.794922 0.647059
vt  0.800781 0.674510
vt  0.785156 0.647059
vt  0.785156 0.674510
vt  0.804688 0.776471
vt  0.800781 0.674510
vt  0.818359 0.776471
vt  0.818359 0.674510
vt  0.837891 0.776471
vt  0.833984 0.674510
vt  0.851563 0.776471
vt  0.849609 0.674510
vt  0.828125 0.647059
vt  0.835938 0.674510
vt  0.818359 0.647059
vt  0.818359 0.674510
vt  0.894531 0.647059
vt  0.900391 0.674510
vt  0.882813 0.647059
vt  0.882813 0.674510
vt  0.771484 0.776471
vt  0.767578 0.674510
vt  0.785156 0.776471
vt  0.785156 0.674510
# 96 texture coordinates

vn  -0.498281 -0.648631 -0.498281
vn  0.000000 -0.957748 0.000000
vn  0.000000 -0.677625 -0.676690
vn  -0.661959 -0.202960 -0.661959
vn  -0.585031 0.482381 -0.585031
vn  -0.932261 -0.219796 0.000000
vn  -0.808567 0.513012 0.000000
vn  0.000000 -0.219796 -0.932261
vn  0.000000 0.957514 0.000000
vn  -0.498281 -0.648631 0.498048
vn  -0.676690 -0.677625 0.000000
vn  -0.661959 -0.202960 0.661725
vn  -0.585031 0.482381 0.584797
vn  0.000000 -0.219796 0.932027
vn  0.000000 0.513012 0.808334
vn  0.498048 -0.648631 0.498048
vn  0.000000 -0.677625 0.676456
vn  0.661725 -0.202960 0.661725
vn  0.584797 0.482381 0.584797
vn  0.932027 -0.219796 0.000000
vn  0.808334 0.513012 0.000000
vn  0.498048 -0.648631 -0.498281
vn  0.676456 -0.677625 0.000000
vn  0.661725 -0.202960 -0.661959
vn  0.584797 0.482381 -0.585031
vn  0.000000 0.513012 -0.808567
# 26 vertex normals

g Object_3
usemtl Material_0
s 1
f 139/561/140 140/562/139 163/563/138
f 143/564/144 145/565/146 154/566/142
f 138/567/148 140/568/139 162/569/147
f 148/570/152 145/571/146 153/572/150
f 146/573/154 140/574/139 161/575/153
f 151/576/158 145/577/146 155/578/156
f 149/579/160 140/580/139 160/581/159
f 144/582/163 145/583/146 152/584/162
f 151/585/158 152/586/162 145/587/146
f 139/588/140 160/589/159 140/590/139
f 146/591/154 162/592/147 140/593/139
f 143/594/144 153/595/150 145/596/146
f 144/597/163 154/598/142 145/599/146
f 138/600/148 163/601/138 140/602/139
f 149/603/160 161/604/153 140/605/139
f 148/606/152 155/607/156 145/608/146
f 143/610/144 154/609/142 157/611/141 142/612/143
f 163/614/138 157/613/141 141/615/145 139/616/140
f 148/618/152 153/617/150 156/619/149 147/620/151
f 162/622/147 156/621/149 142/623/143 138/624/148
f 151/626/158 155/625/156 159/627/155 150/628/157
f 161/630/153 159/629/155 147/631/151 146/632/154
f 144/634/163 152/633/162 158/635/161 141/636/145
f 160/638/159 158/637/161 150/639/157 149/640/160
f 158/642/161 152/641/162 151/643/158 150/644/157
f 158/646/161 160/645/159 139/647/140 141/648/145
f 156/650/149 162/649/147 146/651/154 147/652/151
f 156/654/149 153/653/150 143/655/144 142/656/143
f 157/658/141 154/657/142 144/659/163 141/660/145
f 157/662/141 163/661/138 138/663/148 142/664/143
f 159/666/155 161/665/153 149/667/160 150/668/157
f 159/670/155 155/669/156 148/671/152 147/672/151
# 32 faces

g
v  27.400000 -38.860002 -63.660001
v  25.580000 -41.780003 -84.200001
v  31.660000 -37.520002 -76.020000
v  31.660000 -31.660002 -71.900001
v  42.420000 -41.760002 -76.460001
v  37.020000 -38.400002 -68.540001
v  38.640000 -34.360002 -65.580001
v  31.660000 -41.740002 -59.340001
v  31.660000 -39.300002 -59.900001
v  31.660000 -36.180002 -59.700001
v  20.900000 -41.760002 -76.460001
v  26.300000 -38.400002 -68.540001
v  24.720000 -34.360002 -65.580001
v  37.600000 -41.780003 -83.860001
v  31.600000 -41.780003 -85.520000
v  38.080000 -41.780003 -78.620001
v  33.900000 -41.780003 -82.260001
v  29.280000 -41.780003 -82.440001
v  25.180000 -41.780003 -78.800001
v  35.660000 -37.960002 -73.000001
v  27.700000 -37.960002 -73.000001
v  27.380000 -41.740002 -63.060001
v  35.980000 -41.740002 -63.060001
v  35.960000 -38.860002 -63.660001
v  25.300000 -33.340002 -67.860001
v  38.080000 -33.340002 -67.860001
# 26 vertices

vt  0.986328 0.733333
vt  0.978516 0.721569
vt  0.978516 0.749020
vt  0.960938 0.984314
vt  0.966797 0.960784
vt  0.939453 0.956863
vt  0.939453 0.827451
vt  0.925781 0.827451
vt  0.931641 0.850980
vt  0.914063 0.733333
vt  0.923828 0.756863
vt  0.923828 0.709804
vt  0.960938 0.925490
vt  0.978516 0.913725
vt  0.951172 0.905882
vt  0.939453 0.956863
vt  0.966797 0.960784
vt  0.951172 0.949020
vt  0.960938 0.866667
vt  0.939453 0.898039
vt  0.968750 0.890196
vt  0.978516 0.913725
vt  0.960938 0.925490
vt  0.986328 0.925490
vt  0.986328 0.925490
vt  0.960938 0.925490
vt  0.978516 0.937255
vt  0.982422 0.960784
vt  0.951172 0.949020
vt  0.966797 0.960784
vt  0.982422 0.960784
vt  0.978516 0.937255
vt  0.951172 0.949020
vt  0.951172 0.949020
vt  0.978516 0.937255
vt  0.960938 0.925490
vt  0.939453 0.898039
vt  0.951172 0.905882
vt  0.968750 0.890196
vt  0.968750 0.890196
vt  0.951172 0.905882
vt  0.982422 0.894118
vt  0.982422 0.894118
vt  0.951172 0.905882
vt  0.978516 0.913725
vt  0.982422 0.701961
vt  0.966797 0.698039
vt  0.978516 0.721569
vt  0.982422 0.768627
vt  0.978516 0.749020
vt  0.968750 0.772549
vt  0.939453 0.827451
vt  0.931641 0.850980
vt  0.925781 0.827451
vt  0.931641 0.850980
vt  0.937500 0.858824
vt  0.939453 0.827451
vt  0.951172 0.831373
vt  0.939453 0.827451
vt  0.925781 0.827451
vt  0.960938 0.811765
vt  0.923828 0.811765
vt  0.914063 0.823529
vt  0.925781 0.827451
vt  0.914063 0.811765
vt  0.923828 0.811765
vt  0.914063 0.843137
vt  0.931641 0.850980
vt  0.914063 0.823529
vt  0.925781 0.827451
vt  0.949219 0.925490
vt  0.937500 0.890196
vt  0.960938 0.925490
vt  0.951172 0.905882
vt  0.966797 0.698039
vt  0.968750 0.772549
vt  0.960938 0.674510
vt  0.960938 0.796078
vt  0.966797 0.698039
vt  0.978516 0.721569
vt  0.968750 0.772549
vt  0.978516 0.749020
vt  0.923828 0.756863
vt  0.923828 0.709804
vt  0.960938 0.796078
vt  0.960938 0.674510
vt  0.923828 0.811765
vt  0.925781 0.827451
vt  0.960938 0.811765
vt  0.939453 0.827451
vt  0.914063 0.811765
vt  0.923828 0.811765
vt  0.914063 0.823529
vt  0.925781 0.827451
vt  0.914063 0.823529
vt  0.925781 0.827451
vt  0.914063 0.843137
vt  0.931641 0.850980
vt  0.939453 0.827451
vt  0.951172 0.831373
vt  0.931641 0.850980
vt  0.937500 0.858824
vt  0.937500 0.960784
vt  0.949219 0.925490
vt  0.951172 0.949020
vt  0.960938 0.925490
# 93 texture coordinates

vn  -0.491033 -0.310520 -0.761568
vn  0.504361 -0.316132 -0.750111
vn  0.024084 0.610050 -0.737718
vn  0.914724 0.279889 -0.043024
vn  0.835925 -0.386279 -0.262819
vn  0.701008 -0.645825 0.090724
vn  0.792200 0.154558 -0.515117
vn  0.617065 0.629691 -0.373185
vn  0.897889 -0.249491 0.220029
vn  -0.821194 -0.085112 0.485187
vn  -0.595786 -0.659387 0.356817
vn  -0.913555 0.271237 -0.094465
vn  -0.714570 -0.636238 -0.043024
vn  -0.900227 -0.246919 0.213950
vn  0.563752 -0.640447 0.434447
vn  -0.003040 -0.397269 0.871232
vn  0.789861 -0.069212 0.536629
vn  -0.004677 0.055183 0.955877
vn  -0.005846 -0.090490 0.953305
vn  -0.609348 0.639746 -0.369444
vn  0.007249 0.785652 -0.547151
vn  -0.784951 0.169991 -0.521430
vn  0.006079 0.537564 -0.792433
vn  -0.841069 -0.382304 -0.252531
vn  0.651203 0.549255 -0.436785
vn  -0.652138 0.560011 -0.422054
# 26 vertex normals

g Object_4
usemtl Material_0
s 1
f 178/673/166 180/674/165 181/675/164
f 168/676/169 179/677/168 169/678/167
f 175/679/175 164/680/173 176/681/177
f 171/682/179 185/683/174 186/684/178
f 166/685/184 181/686/164 184/687/183
f 169/688/167 179/689/168 183/690/171
f 174/691/176 175/692/175 182/693/187
f 181/694/164 166/695/184 178/696/166
f 178/697/166 166/698/184 180/699/165
f 177/700/188 183/701/171 179/702/168
f 177/703/188 180/704/165 183/705/171
f 183/706/171 180/707/165 166/708/184
f 175/709/175 184/710/183 182/711/187
f 182/712/187 184/713/183 165/714/189
f 165/715/189 184/716/183 181/717/164
f 177/718/188 179/719/168 180/720/165
f 165/721/189 181/722/164 182/723/187
f 169/724/167 170/725/172 187/726/180
f 189/728/170 170/727/172 169/729/167 183/730/171
f 164/732/173 175/731/175 174/733/176 185/734/174
f 187/736/180 172/735/181 171/737/179 186/738/178
f 170/740/172 173/739/182 172/741/181 187/742/180
f 188/744/185 167/743/186 166/745/184 184/746/183
f 182/748/187 179/747/168 168/749/169 174/750/176
f 180/752/165 179/751/168 182/753/187 181/754/164
f 186/756/178 185/755/174 174/757/176 168/758/169
f 187/760/180 186/759/178 168/761/169 169/762/167
f 185/764/174 171/763/179 172/765/181 164/766/173
f 164/768/173 172/767/181 173/769/182 176/770/177
f 184/772/183 175/771/175 176/773/177 188/774/185
f 167/776/186 189/775/170 183/777/171 166/778/184
# 31 faces

g
v  0.420000 32.700000 -85.480001
v  16.800000 32.720000 -85.480001
v  13.100000 32.600000 -98.680002
v  4.160000 32.580000 -98.680002
v  0.800000 32.420000 -73.760002
v  16.420000 32.440001 -73.760002
v  27.139999 25.420000 -86.440001
v  23.040000 26.480000 -98.400002
v  28.520000 23.340000 -74.700002
v  17.020000 -0.440001 -89.780002
v  0.460000 -0.480000 -89.800001
v  4.180000 3.440001 -103.360001
v  13.220000 3.460001 -103.360001
v  16.640000 3.040001 -78.060002
v  0.840000 3.000000 -78.060002
v  -9.240000 15.220000 -87.900002
v  -5.259999 19.700000 -99.040001
v  -10.580000 12.520000 -76.020002
v  -9.840000 25.360000 -86.440001
v  -5.740000 26.440000 -98.400002
v  -11.240000 23.280000 -74.700002
v  26.620001 15.300000 -87.880001
v  22.640000 19.740000 -99.040001
v  27.980000 12.580000 -76.020002
v  19.500000 30.400001 -98.540001
v  2.320000 1.480000 -96.580002
v  -7.259999 17.460000 -93.480001
v  15.120000 1.500000 -96.580002
v  -7.779999 25.900000 -92.420002
v  24.640000 17.520000 -93.460001
v  2.300000 32.640000 -92.080002
v  25.080000 25.960000 -92.420002
v  14.940001 32.660000 -92.080002
v  -1.880000 11.300000 -101.200001
v  -4.080000 9.200000 -95.020002
v  -6.299999 7.100000 -88.840001
v  -6.840000 7.480000 -77.040002
v  -7.379999 28.720000 -74.240001
v  -6.799999 29.900001 -85.960002
v  -4.520000 30.120000 -92.260002
v  -2.219999 30.360001 -98.540001
v  19.280001 11.320001 -101.200001
v  21.500000 9.240000 -95.020002
v  23.740001 7.140000 -88.840001
v  24.280001 7.520000 -77.040002
v  24.600000 28.760000 -74.220002
v  24.040000 29.940001 -85.960002
v  21.760000 30.160000 -92.240002
v  3.420000 11.300000 -101.200001
v  -0.020000 19.720000 -99.040001
v  13.980000 11.320001 -101.200001
v  17.400001 19.740000 -99.040001
v  1.460001 26.440000 -98.400002
v  15.840000 26.460000 -98.400002
v  8.680000 19.120000 -87.940001
# 55 vertices

vt  0.556641 0.364706
vt  0.554688 0.443137
vt  0.500000 0.364706
vt  0.556641 0.443137
vt  0.583984 0.450980
vt  0.556641 0.364706
vt  0.580078 0.368627
vt  0.582031 0.450980
vt  0.556641 0.364706
vt  0.583984 0.450980
vt  0.601563 0.458824
vt  0.582031 0.368627
vt  0.597656 0.133333
vt  0.597656 0.168627
vt  0.570313 0.176471
vt  0.611328 0.376471
vt  0.582031 0.368627
vt  0.601563 0.458824
vt  0.554688 0.443137
vt  0.556641 0.364706
vt  0.582031 0.450980
vt  0.580078 0.368627
vt  0.556641 0.364706
vt  0.583984 0.450980
vt  0.500000 0.443137
vt  0.500000 0.364706
vt  0.554688 0.443137
vt  0.597656 0.278431
vt  0.570313 0.235294
vt  0.597656 0.243137
vt  0.626953 0.145098
vt  0.625000 0.203922
vt  0.597656 0.168627
vt  0.626953 0.266667
vt  0.625000 0.203922
vt  0.650391 0.254902
vt  0.626953 0.145098
vt  0.650391 0.152941
vt  0.625000 0.203922
vt  0.650391 0.254902
vt  0.625000 0.203922
vt  0.650391 0.152941
vt  0.626953 0.266667
vt  0.597656 0.243137
vt  0.625000 0.203922
vt  0.597656 0.243137
vt  0.597656 0.168627
vt  0.625000 0.203922
vt  0.701172 0.298039
vt  0.695313 0.345098
vt  0.732422 0.298039
vt  0.738281 0.345098
vt  0.689453 0.470588
vt  0.744141 0.470588
vt  0.689453 0.392157
vt  0.746094 0.392157
vt  0.671875 0.345098
vt  0.695313 0.345098
vt  0.679688 0.298039
vt  0.701172 0.298039
vt  0.662109 0.470588
vt  0.689453 0.470588
vt  0.664063 0.388235
vt  0.689453 0.392157
vt  0.548828 0.317647
vt  0.542969 0.270588
vt  0.505859 0.317647
vt  0.511719 0.270588
vt  0.589844 0.325490
vt  0.562500 0.317647
vt  0.595703 0.286275
vt  0.570313 0.270588
vt  0.664063 0.345098
vt  0.650391 0.345098
vt  0.664063 0.301961
vt  0.650391 0.301961
vt  0.658203 0.470588
vt  0.640625 0.466667
vt  0.662109 0.388235
vt  0.646484 0.384314
vt  0.619141 0.337255
vt  0.648438 0.345098
vt  0.626953 0.298039
vt  0.650391 0.301961
vt  0.611328 0.376471
vt  0.601563 0.458824
vt  0.646484 0.388235
vt  0.638672 0.470588
vt  0.617188 0.337255
vt  0.625000 0.298039
vt  0.648438 0.345098
vt  0.650391 0.301961
vt  0.638672 0.470588
vt  0.601563 0.458824
vt  0.646484 0.388235
vt  0.611328 0.376471
vt  0.589844 0.329412
vt  0.619141 0.337255
vt  0.597656 0.286275
vt  0.626953 0.298039
vt  0.611328 0.376471
vt  0.582031 0.368627
vt  0.601563 0.458824
vt  0.583984 0.450980
vt  0.626953 0.109804
vt  0.626953 0.145098
vt  0.650391 0.105882
vt  0.650391 0.152941
vt  0.648438 0.384314
vt  0.664063 0.388235
vt  0.650391 0.345098
vt  0.664063 0.345098
vt  0.746094 0.392157
vt  0.738281 0.345098
vt  0.689453 0.392157
vt  0.695313 0.345098
vt  0.671875 0.345098
vt  0.695313 0.345098
vt  0.664063 0.388235
vt  0.689453 0.392157
vt  0.648438 0.345098
vt  0.646484 0.388235
vt  0.617188 0.337255
vt  0.611328 0.376471
vt  0.582031 0.368627
vt  0.589844 0.325490
vt  0.611328 0.376471
vt  0.617188 0.337255
vt  0.548828 0.317647
vt  0.505859 0.317647
vt  0.556641 0.364706
vt  0.500000 0.364706
vt  0.582031 0.368627
vt  0.589844 0.329412
vt  0.556641 0.364706
vt  0.562500 0.317647
vt  0.648438 0.345098
vt  0.619141 0.337255
vt  0.646484 0.388235
vt  0.611328 0.376471
vt  0.671875 0.345098
vt  0.679688 0.298039
vt  0.695313 0.345098
vt  0.701172 0.298039
vt  0.664063 0.345098
vt  0.662109 0.388235
vt  0.650391 0.345098
vt  0.646484 0.384314
vt  0.689453 0.470588
vt  0.662109 0.470588
vt  0.689453 0.392157
vt  0.664063 0.388235
vt  0.582031 0.368627
vt  0.554688 0.364706
vt  0.589844 0.325490
vt  0.562500 0.317647
vt  0.617188 0.337255
vt  0.589844 0.325490
vt  0.625000 0.298039
vt  0.595703 0.286275
vt  0.562500 0.317647
vt  0.589844 0.329412
vt  0.570313 0.270588
vt  0.597656 0.286275
vt  0.582031 0.368627
vt  0.611328 0.376471
vt  0.589844 0.329412
vt  0.619141 0.337255
vt  0.664063 0.388235
vt  0.648438 0.384314
vt  0.660156 0.470588
vt  0.640625 0.466667
vt  0.671875 0.345098
vt  0.664063 0.388235
vt  0.695313 0.345098
vt  0.689453 0.392157
vt  0.664063 0.345098
vt  0.664063 0.301961
vt  0.650391 0.345098
vt  0.650391 0.301961
vt  0.626953 0.301961
vt  0.626953 0.266667
vt  0.597656 0.278431
vt  0.597656 0.243137
vt  0.650391 0.254902
vt  0.626953 0.266667
vt  0.650391 0.305882
vt  0.626953 0.301961
vt  0.626953 0.145098
vt  0.626953 0.109804
vt  0.597656 0.168627
vt  0.597656 0.133333
vt  0.597656 0.168627
vt  0.570313 0.176471
vt  0.597656 0.243137
vt  0.570313 0.235294
vt  0.671875 0.172549
vt  0.664063 0.129412
vt  0.650391 0.152941
vt  0.650391 0.105882
vt  0.650391 0.254902
vt  0.650391 0.305882
vt  0.671875 0.235294
vt  0.664063 0.282353
vt  0.650391 0.152941
vt  0.650391 0.254902
vt  0.671875 0.172549
vt  0.671875 0.235294
# 168 texture coordinates

vn  -0.117146 0.627353 -0.713868
vn  0.112470 0.630626 -0.711764
vn  -0.170926 0.940912 -0.049805
vn  0.160872 0.942783 -0.046531
vn  0.170459 0.942082 0.000000
vn  0.175837 0.939977 0.048168
vn  -0.189866 0.938574 -0.002338
vn  -0.204831 0.934131 0.046064
vn  0.455959 0.630159 -0.558374
vn  0.552061 0.763205 -0.171160
vn  0.578951 0.759932 -0.064068
vn  0.585966 0.755723 0.047467
vn  -0.400776 -0.780976 -0.382772
vn  0.379264 -0.793135 -0.379732
vn  -0.253233 -0.299062 -0.874038
vn  0.242243 -0.312858 -0.872168
vn  -0.350738 -0.891108 0.019174
vn  0.151753 -0.904903 0.273809
vn  0.413169 -0.863049 -0.039283
vn  -0.487759 -0.065237 -0.821662
vn  -0.785419 -0.368041 -0.405920
vn  -0.658919 -0.690720 0.076928
vn  -0.225174 -0.890406 0.271705
vn  -0.447074 0.639278 -0.555335
vn  -0.542708 0.770688 -0.168588
vn  -0.511376 0.204831 -0.783314
vn  -0.857904 0.305843 -0.296023
vn  -0.592279 0.749643 -0.065705
vn  -0.620806 0.727664 0.043024
vn  -0.898122 0.279421 -0.179812
vn  -0.920102 0.259780 -0.054715
vn  0.880118 -0.126266 -0.355180
vn  0.862815 0.290177 -0.296490
vn  0.534290 0.025019 -0.794304
vn  0.515584 0.196413 -0.782613
vn  0.920102 -0.154091 -0.215821
vn  0.938340 -0.176070 -0.074356
vn  0.898356 0.281525 -0.174667
vn  0.914256 0.279889 -0.050740
vn  -0.878247 -0.137255 -0.356350
vn  -0.536629 0.018238 -0.793135
vn  -0.909580 -0.157130 -0.255337
vn  -0.898590 -0.314027 -0.105455
vn  0.479809 -0.075292 -0.825403
vn  0.774897 -0.385110 -0.410129
vn  0.814647 -0.451516 -0.222602
vn  0.725793 -0.620104 0.073889
vn  -0.809269 -0.468118 -0.208104
vn  0.406622 0.180045 -0.848084
vn  0.171394 -0.203896 -0.919868
vn  0.151986 0.439591 -0.837094
vn  -0.406856 0.177239 -0.848785
vn  -0.153155 0.439357 -0.837094
vn  -0.168822 -0.205298 -0.920102
vn  0.000234 0.185891 -0.939509
# 55 vertex normals

g Object_5
usemtl Material_0
s 1
f 199/779/208 203/780/207 200/781/206
f 204/782/212 226/783/211 200/784/206
f 233/785/235 234/786/236 199/787/208
f 226/788/211 207/789/232 225/790/237
f 223/791/209 238/792/240 201/793/204
f 205/794/231 225/795/237 207/796/232
f 203/797/207 199/798/208 234/799/236
f 225/800/237 200/801/206 226/802/211
f 204/803/212 200/804/206 203/805/207
f 231/806/233 202/807/205 240/808/242
f 239/809/238 244/810/244 238/811/240
f 241/812/241 244/813/244 243/814/243
f 239/815/238 242/816/239 244/817/244
f 243/818/243 244/819/244 242/820/239
f 241/821/241 240/822/242 244/823/244
f 240/824/242 238/825/240 244/826/244
f 222/828/193 192/827/191 193/829/190 220/830/192
f 194/832/197 195/831/195 191/833/194 190/834/196
f 222/836/193 237/835/199 214/837/198 192/838/191
f 195/840/195 235/839/201 236/841/200 191/842/194
f 202/844/205 217/843/203 215/845/202 201/846/204
f 215/848/202 224/847/210 223/849/209 201/850/204
f 218/852/216 229/851/214 230/853/213 209/854/215
f 210/856/220 227/855/218 228/857/217 208/858/219
f 221/860/222 219/859/221 212/861/223 197/862/224
f 213/864/226 211/863/225 196/865/227 198/866/228
f 206/868/230 216/867/229 218/869/216 209/870/215
f 207/872/232 210/871/220 208/873/219 205/874/231
f 219/876/221 232/875/234 231/877/233 212/878/223
f 233/880/235 211/879/225 213/881/226 234/882/236
f 239/884/238 206/883/230 209/885/215 242/886/239
f 236/888/200 196/887/227 221/889/222 237/890/199
f 220/892/192 190/891/196 191/893/194 222/894/193
f 220/896/192 229/895/214 228/897/217 190/898/196
f 208/900/219 218/899/216 216/901/229 205/902/231
f 224/904/210 225/903/237 205/905/231 216/906/229
f 215/908/202 217/907/203 199/909/208 200/910/206
f 232/912/234 233/911/235 199/913/208 217/914/203
f 219/916/221 221/915/222 196/917/227 211/918/225
f 230/920/213 229/919/214 220/921/192 193/922/190
f 228/924/217 229/923/214 218/925/216 208/926/219
f 227/928/218 194/927/197 190/929/196 228/930/217
f 200/932/206 225/931/237 224/933/210 215/934/202
f 224/936/210 216/935/229 206/937/230 223/938/209
f 232/940/234 217/939/203 202/941/205 231/942/233
f 211/944/225 233/943/235 232/945/234 219/946/221
f 196/948/227 236/947/200 235/949/201 198/950/228
f 236/952/200 237/951/199 222/953/193 191/954/194
f 214/956/198 237/955/199 221/957/222 197/958/224
f 241/960/241 212/959/223 231/961/233 240/962/242
f 241/964/241 243/963/243 197/965/224 212/966/223
f 206/968/230 239/967/238 238/969/240 223/970/209
f 201/972/204 238/971/240 240/973/242 202/974/205
f 230/976/213 193/975/190 242/977/239 209/978/215
f 197/980/224 243/979/243 192/981/191 214/982/198
f 243/984/243 242/983/239 193/985/190 192/986/191
# 56 faces

g
v  10.620000 9.440000 -166.919998
v  1.340000 12.160000 -88.660001
v  5.480000 5.460000 -161.540001
v  -0.360000 22.200000 -89.120001
v  1.980000 9.000000 -163.120003
v  17.680000 22.240000 -89.140001
v  15.340000 9.059999 -163.120003
v  16.060000 12.160000 -88.660001
v  11.860000 5.480000 -161.559998
v  27.680000 19.260000 -110.960001
v  23.900001 13.500000 -131.779999
v  20.620000 7.040000 -115.020000
v  17.080000 7.559999 -126.200001
v  -3.139999 7.000000 -115.020000
v  0.340000 7.540000 -126.200001
v  -10.340000 19.220000 -110.960001
v  -6.580000 13.460000 -131.779999
v  0.860000 11.660000 -156.779999
v  5.220000 5.580000 -153.139999
v  12.140000 5.599999 -153.139999
v  16.460001 11.720000 -156.800003
v  -8.400000 18.200000 -95.940001
v  25.740000 18.260000 -95.960001
v  18.940001 7.820000 -98.640001
v  -1.480000 7.799999 -98.640001
v  6.700000 9.420000 -166.919998
v  8.680000 20.900000 -96.400001
v  8.680000 21.160000 -111.300001
v  8.680000 19.560000 -128.360001
v  8.660000 9.179999 -157.400002
v  8.660000 7.780000 -162.840004
v  22.960000 19.660000 -93.600001
v  -5.599999 19.660000 -93.600001
v  25.300001 20.860000 -108.660000
v  -5.700000 20.860000 -108.600000
v  20.360001 15.260000 -130.500000
v  -3.020000 15.260000 -130.500000
v  14.640000 12.900000 -154.420002
v  2.680000 12.900000 -154.420002
v  12.500000 10.280000 -163.639999
v  4.800000 10.259999 -163.639999
v  17.940001 10.240000 -147.320000
v  -0.620000 10.179999 -147.320000
v  22.040000 14.400000 -136.840000
v  -4.719999 14.340000 -136.840000
v  8.660000 16.460000 -143.260002
v  8.680000 18.440000 -135.880001
v  1.560000 12.320000 -145.840000
v  -1.599999 15.960000 -135.900002
v  15.780000 12.320000 -145.840000
v  18.940001 15.960000 -135.900002
v  8.720000 2.520000 -114.220001
v  8.720000 0.119999 -99.720001
v  8.700000 1.980000 -90.440001
v  8.700000 -0.020000 -130.100002
v  8.680000 5.599999 -153.139999
v  0.900000 16.740000 -157.559998
v  2.760000 10.400000 -156.360001
v  1.120000 11.660000 -153.779999
v  3.540000 12.240000 -154.160000
v  16.560000 16.740000 -157.500000
v  14.480000 10.420000 -156.419998
v  13.680000 12.260000 -154.200001
v  16.100000 11.620000 -153.799999
v  2.840000 12.920000 -166.419998
v  4.820000 7.980000 -165.379997
v  3.220000 9.219999 -162.779999
v  6.440000 9.799999 -163.160004
v  14.600000 12.920000 -166.340004
v  12.400000 8.000000 -165.419998
v  10.800000 9.820000 -163.199997
v  14.000000 9.179999 -162.800003
v  -1.120000 17.420000 -143.040001
v  -0.420000 12.740000 -140.840000
v  -1.620000 12.320000 -142.880001
v  0.780000 12.320000 -142.880001
v  18.460000 17.420000 -143.040001
v  17.780001 12.740000 -140.840000
v  16.580000 12.320000 -142.880001
v  18.980000 12.320000 -142.880001
v  -2.559999 19.860000 -136.580002
v  -1.860000 15.200000 -134.400002
v  -3.059999 14.800000 -136.440002
v  -0.660000 14.800000 -136.440002
v  19.840000 19.860000 -136.580002
v  19.140000 15.200000 -134.400002
v  17.940001 14.800000 -136.440002
v  20.340000 14.800000 -136.440002
v  -5.160000 19.100000 -131.360001
v  -4.460000 14.660000 -128.760002
v  -5.660000 14.059999 -130.760002
v  -3.259999 14.059999 -130.760002
v  22.480000 19.100000 -131.360001
v  21.780001 14.660000 -128.760002
v  20.580000 14.059999 -130.760002
v  22.980000 14.059999 -130.760002
v  10.760000 7.620000 -167.400002
v  6.560000 7.620000 -167.400002
v  17.660000 21.520000 -95.220001
v  19.140000 20.560000 -109.900002
v  17.000000 18.000000 -128.619999
v  15.840000 16.660000 -136.639999
v  13.680000 14.440000 -144.560001
v  3.480000 11.880000 -144.940002
v  3.640000 14.440000 -144.560001
v  0.980000 15.360000 -136.959999
v  0.340000 18.000000 -128.619999
v  1.500000 16.660000 -136.639999
v  -0.380000 20.560000 -109.860001
v  -0.320000 21.520000 -95.220001
v  19.380000 19.300000 -94.200001
v  20.760000 19.420000 -109.060001
v  17.440001 15.140000 -128.380001
v  16.360000 15.360000 -136.959999
v  13.840000 11.880000 -144.940002
v  -2.020000 19.300000 -94.200001
v  -1.780000 19.420000 -109.000000
v  -0.099999 15.140000 -128.380001
v  14.040000 6.580000 -139.660000
v  15.740000 6.580000 -139.660000
v  1.640000 6.559999 -139.660000
v  8.680000 1.879999 -141.240002
v  3.360000 6.559999 -139.660000
v  -5.040000 20.020000 -113.620001
v  -9.400000 18.360000 -116.160000
v  26.740000 18.400000 -116.180000
v  24.060000 20.020000 -113.660000
v  20.460000 13.940000 -140.020000
v  17.720000 15.620000 -138.940002
v  13.780000 12.240000 -158.480003
v  16.180000 11.039999 -159.419998
v  15.100000 12.000000 -149.540001
v  17.060000 10.360000 -151.480000
v  2.220000 12.000000 -149.540001
v  0.260000 10.299999 -151.480000
v  3.540000 12.220000 -158.480003
v  1.120000 10.980000 -159.400002
v  -3.120000 13.880000 -140.000000
v  -0.380000 15.620000 -138.940002
v  -3.880000 15.660000 -126.720001
v  -7.760000 13.860000 -127.860001
v  25.080000 13.920000 -127.880001
v  21.680000 15.640000 -126.740002
v  8.660000 12.820000 -150.340000
v  8.660000 10.139999 -153.860001
v  11.160000 11.800000 -150.540001
v  11.240000 10.540000 -150.740002
v  6.160000 11.800000 -150.540001
v  6.080000 10.540000 -150.740002
v  19.280001 17.300000 -118.720001
v  -1.099999 17.300000 -118.700001
v  -0.460000 19.520000 -119.240000
v  8.680000 20.620000 -119.820000
v  18.540000 19.520000 -119.260000
v  19.780001 7.420000 -106.840000
v  -2.320000 7.400000 -106.820001
v  8.720000 0.299999 -106.960001
v  19.920000 7.299999 -120.600000
v  -2.460000 7.259999 -120.600000
v  8.720000 2.440001 -118.180000
v  24.600000 20.380000 -101.120001
v  20.420000 19.480000 -101.620001
v  27.260000 18.880000 -103.460001
v  18.700001 21.180000 -102.560000
v  8.680000 21.160000 -103.860001
v  -2.219999 19.500000 -101.600000
v  -0.620000 21.180000 -102.540001
v  -6.080000 20.400000 -101.100000
v  -9.920000 18.840000 -103.460001
# 169 vertices

vt  0.279297 0.400000
vt  0.263672 0.400000
vt  0.279297 0.317647
vt  0.457031 0.270588
vt  0.457031 0.266667
vt  0.433594 0.305882
vt  0.263672 0.760784
vt  0.318359 0.752941
vt  0.263672 0.831373
vt  0.351563 0.596078
vt  0.353516 0.552941
vt  0.322266 0.650980
vt  0.351563 0.596078
vt  0.324219 0.650980
vt  0.353516 0.552941
vt  0.376953 0.792157
vt  0.373047 0.741176
vt  0.320313 0.752941
vt  0.376953 0.792157
vt  0.320313 0.752941
vt  0.373047 0.741176
vt  0.390625 0.996078
vt  0.373047 0.929412
vt  0.345703 1.000000
vt  0.298828 1.000000
vt  0.312500 0.905882
vt  0.263672 0.984314
vt  0.378906 0.996078
vt  0.333984 1.000000
vt  0.361328 0.933333
vt  0.312500 0.317647
vt  0.324219 0.266667
vt  0.330078 0.301961
vt  0.433594 0.305882
vt  0.447266 0.298039
vt  0.457031 0.270588
vt  0.433594 0.301961
vt  0.447266 0.298039
vt  0.429688 0.341176
vt  0.410156 0.607843
vt  0.423828 0.627451
vt  0.404297 0.643137
vt  0.433594 0.301961
vt  0.457031 0.270588
vt  0.447266 0.298039
vt  0.447266 0.298039
vt  0.466797 0.305882
vt  0.457031 0.270588
vt  0.457031 0.270588
vt  0.466797 0.305882
vt  0.476563 0.270588
vt  0.466797 0.305882
vt  0.447266 0.298039
vt  0.457031 0.270588
vt  0.410156 0.607843
vt  0.406250 0.643137
vt  0.423828 0.627451
vt  0.416016 0.560784
vt  0.423828 0.533333
vt  0.429688 0.549020
vt  0.302734 0.650980
vt  0.314453 0.701961
vt  0.263672 0.611765
vt  0.296875 1.000000
vt  0.263672 0.984314
vt  0.312500 0.905882
vt  0.281250 0.400000
vt  0.279297 0.317647
vt  0.265625 0.400000
vt  0.279297 0.317647
vt  0.263672 0.400000
vt  0.250000 0.317647
vt  0.302734 0.650980
vt  0.289063 0.525490
vt  0.296875 0.525490
vt  0.033203 0.843137
vt  0.037109 0.949020
vt  0.025391 0.866667
vt  0.052734 0.866667
vt  0.037109 0.949020
vt  0.033203 0.843137
vt  0.025391 0.866667
vt  0.037109 0.949020
vt  0.052734 0.866667
vt  0.052734 0.843137
vt  0.039063 0.949020
vt  0.025391 0.862745
vt  0.048828 0.870588
vt  0.039063 0.949020
vt  0.052734 0.843137
vt  0.025391 0.862745
vt  0.039063 0.949020
vt  0.048828 0.870588
vt  0.027344 0.850980
vt  0.039063 0.949020
vt  0.025391 0.843137
vt  0.052734 0.850980
vt  0.039063 0.949020
vt  0.027344 0.850980
vt  0.025391 0.843137
vt  0.039063 0.949020
vt  0.052734 0.850980
vt  0.050781 0.847059
vt  0.039063 0.949020
vt  0.025391 0.850980
vt  0.052734 0.843137
vt  0.039063 0.949020
vt  0.050781 0.847059
vt  0.025391 0.850980
vt  0.039063 0.949020
vt  0.052734 0.843137
vt  0.044922 0.854902
vt  0.025391 0.843137
vt  0.035156 0.949020
vt  0.052734 0.854902
vt  0.044922 0.854902
vt  0.035156 0.949020
vt  0.025391 0.843137
vt  0.052734 0.854902
vt  0.035156 0.949020
vt  0.031250 0.843137
vt  0.025391 0.847059
vt  0.033203 0.949020
vt  0.052734 0.843137
vt  0.031250 0.843137
vt  0.033203 0.949020
vt  0.025391 0.847059
vt  0.052734 0.843137
vt  0.033203 0.949020
vt  0.044922 0.850980
vt  0.025391 0.843137
vt  0.039063 0.949020
vt  0.052734 0.854902
vt  0.044922 0.850980
vt  0.039063 0.949020
vt  0.025391 0.843137
vt  0.052734 0.854902
vt  0.039063 0.949020
vt  0.031250 0.847059
vt  0.025391 0.847059
vt  0.033203 0.949020
vt  0.052734 0.843137
vt  0.031250 0.847059
vt  0.033203 0.949020
vt  0.025391 0.847059
vt  0.052734 0.843137
vt  0.033203 0.949020
vt  0.042969 0.843137
vt  0.025391 0.843137
vt  0.044922 0.949020
vt  0.052734 0.847059
vt  0.042969 0.843137
vt  0.044922 0.949020
vt  0.025391 0.843137
vt  0.052734 0.847059
vt  0.044922 0.949020
vt  0.033203 0.847059
vt  0.025391 0.847059
vt  0.033203 0.949020
vt  0.052734 0.843137
vt  0.033203 0.847059
vt  0.033203 0.949020
vt  0.025391 0.847059
vt  0.052734 0.843137
vt  0.033203 0.949020
vt  0.324219 0.905882
vt  0.373047 0.929412
vt  0.345703 1.000000
vt  0.324219 0.905882
vt  0.345703 1.000000
vt  0.373047 0.929412
vt  0.457031 0.270588
vt  0.433594 0.301961
vt  0.457031 0.266667
vt  0.312500 0.317647
vt  0.330078 0.305882
vt  0.324219 0.266667
vt  0.341797 0.364706
vt  0.335938 0.415686
vt  0.314453 0.400000
vt  0.263672 0.400000
vt  0.289063 0.525490
vt  0.263672 0.509804
vt  0.416016 0.560784
vt  0.429688 0.549020
vt  0.423828 0.533333
vt  0.423828 0.803922
vt  0.423828 0.713725
vt  0.416016 0.811765
vt  0.341797 0.364706
vt  0.314453 0.400000
vt  0.335938 0.415686
vt  0.351563 0.596078
vt  0.351563 0.635294
vt  0.324219 0.650980
vt  0.351563 0.596078
vt  0.322266 0.650980
vt  0.351563 0.635294
vt  0.314453 0.400000
vt  0.335938 0.450980
vt  0.318359 0.525490
vt  0.265625 0.400000
vt  0.263672 0.509804
vt  0.289063 0.525490
vt  0.302734 0.650980
vt  0.296875 0.525490
vt  0.289063 0.525490
vt  0.314453 0.400000
vt  0.318359 0.525490
vt  0.335938 0.450980
vt  0.318359 0.525490
vt  0.322266 0.650980
vt  0.353516 0.552941
vt  0.318359 0.525490
vt  0.353516 0.552941
vt  0.324219 0.650980
vt  0.353516 0.552941
vt  0.351563 0.521569
vt  0.318359 0.525490
vt  0.353516 0.552941
vt  0.318359 0.525490
vt  0.351563 0.521569
vt  0.433594 0.305882
vt  0.429688 0.341176
vt  0.447266 0.298039
vt  0.441406 0.349020
vt  0.429688 0.341176
vt  0.447266 0.298039
vt  0.441406 0.349020
vt  0.447266 0.298039
vt  0.429688 0.341176
vt  0.466797 0.427451
vt  0.455078 0.423529
vt  0.466797 0.392157
vt  0.466797 0.427451
vt  0.466797 0.392157
vt  0.455078 0.423529
vt  0.455078 0.423529
vt  0.466797 0.392157
vt  0.453125 0.423529
vt  0.455078 0.423529
vt  0.453125 0.423529
vt  0.466797 0.392157
vt  0.406250 0.643137
vt  0.400391 0.764706
vt  0.423828 0.627451
vt  0.416016 0.800000
vt  0.408203 0.807843
vt  0.419922 0.713725
vt  0.404297 0.643137
vt  0.423828 0.627451
vt  0.392578 0.764706
vt  0.419922 0.717647
vt  0.423828 0.627451
vt  0.400391 0.764706
vt  0.416016 0.717647
vt  0.392578 0.764706
vt  0.423828 0.627451
vt  0.419922 0.717647
vt  0.416016 0.811765
vt  0.423828 0.713725
vt  0.416016 0.717647
vt  0.419922 0.713725
vt  0.408203 0.807843
vt  0.324219 0.650980
vt  0.351563 0.635294
vt  0.322266 0.701961
vt  0.322266 0.650980
vt  0.322266 0.701961
vt  0.351563 0.635294
vt  0.335938 0.450980
vt  0.318359 0.525490
vt  0.351563 0.521569
vt  0.335938 0.450980
vt  0.351563 0.521569
vt  0.318359 0.525490
vt  0.335938 0.450980
vt  0.335938 0.415686
vt  0.314453 0.400000
vt  0.341797 0.364706
vt  0.339844 0.341176
vt  0.314453 0.400000
vt  0.335938 0.450980
vt  0.314453 0.400000
vt  0.335938 0.415686
vt  0.341797 0.364706
vt  0.314453 0.400000
vt  0.339844 0.341176
vt  0.263672 0.894118
vt  0.263672 0.984314
vt  0.312500 0.905882
vt  0.263672 0.894118
vt  0.312500 0.905882
vt  0.263672 0.984314
vt  0.263672 0.760784
vt  0.263672 0.831373
vt  0.320313 0.752941
vt  0.373047 0.741176
vt  0.351563 0.635294
vt  0.320313 0.752941
vt  0.373047 0.741176
vt  0.320313 0.752941
vt  0.351563 0.635294
vt  0.302734 0.650980
vt  0.263672 0.611765
vt  0.316406 0.701961
vt  0.322266 0.701961
vt  0.351563 0.635294
vt  0.320313 0.752941
vt  0.322266 0.701961
vt  0.320313 0.752941
vt  0.351563 0.635294
vt  0.263672 0.721569
vt  0.316406 0.701961
vt  0.263672 0.611765
vt  0.263672 0.721569
vt  0.263672 0.611765
vt  0.314453 0.701961
vt  0.314453 0.831373
vt  0.263672 0.831373
vt  0.318359 0.752941
vt  0.316406 0.831373
vt  0.320313 0.752941
vt  0.263672 0.831373
vt  0.457031 0.270588
vt  0.457031 0.266667
vt  0.476563 0.270588
vt  0.476563 0.266667
vt  0.314453 0.400000
vt  0.339844 0.341176
vt  0.312500 0.317647
vt  0.330078 0.301961
vt  0.330078 0.305882
vt  0.339844 0.341176
vt  0.312500 0.317647
vt  0.314453 0.400000
vt  0.376953 0.792157
vt  0.375000 0.858824
vt  0.320313 0.752941
vt  0.322266 0.831373
vt  0.320313 0.752941
vt  0.322266 0.831373
vt  0.376953 0.792157
vt  0.375000 0.858824
vt  0.281250 0.400000
vt  0.296875 0.525490
vt  0.265625 0.400000
vt  0.289063 0.525490
vt  0.263672 0.760784
vt  0.263672 0.721569
vt  0.320313 0.752941
vt  0.316406 0.701961
vt  0.376953 0.858824
vt  0.396484 0.882353
vt  0.384766 0.929412
vt  0.398438 0.952941
vt  0.380859 0.741176
vt  0.400391 0.764706
vt  0.375000 0.792157
vt  0.396484 0.815686
vt  0.402344 0.552941
vt  0.416016 0.560784
vt  0.394531 0.596078
vt  0.410156 0.607843
vt  0.429688 0.364706
vt  0.429688 0.341176
vt  0.437500 0.388235
vt  0.441406 0.349020
vt  0.375000 0.792157
vt  0.376953 0.858824
vt  0.386719 0.811765
vt  0.390625 0.882353
vt  0.404297 0.643137
vt  0.410156 0.607843
vt  0.386719 0.635294
vt  0.394531 0.596078
vt  0.435547 0.431373
vt  0.437500 0.388235
vt  0.425781 0.415686
vt  0.429688 0.364706
vt  0.410156 0.878431
vt  0.408203 0.807843
vt  0.390625 0.882353
vt  0.386719 0.811765
vt  0.466797 0.490196
vt  0.466797 0.427451
vt  0.443359 0.478431
vt  0.455078 0.423529
vt  0.466797 0.392157
vt  0.466797 0.356863
vt  0.437500 0.388235
vt  0.441406 0.349020
vt  0.398438 0.952941
vt  0.396484 0.882353
vt  0.416016 0.949020
vt  0.414063 0.878431
vt  0.425781 0.627451
vt  0.431641 0.552941
vt  0.466797 0.627451
vt  0.466797 0.560784
vt  0.466797 0.392157
vt  0.437500 0.388235
vt  0.466797 0.356863
vt  0.441406 0.349020
vt  0.437500 0.388235
vt  0.435547 0.431373
vt  0.429688 0.364706
vt  0.425781 0.415686
vt  0.433594 0.466667
vt  0.435547 0.431373
vt  0.441406 0.474510
vt  0.453125 0.423529
vt  0.410156 0.607843
vt  0.423828 0.627451
vt  0.416016 0.560784
vt  0.429688 0.549020
vt  0.402344 0.552941
vt  0.394531 0.596078
vt  0.416016 0.560784
vt  0.410156 0.607843
vt  0.423828 0.533333
vt  0.410156 0.521569
vt  0.416016 0.560784
vt  0.402344 0.552941
vt  0.431641 0.552941
vt  0.443359 0.478431
vt  0.466797 0.560784
vt  0.466797 0.490196
vt  0.423828 0.533333
vt  0.416016 0.560784
vt  0.410156 0.521569
vt  0.402344 0.552941
vt  0.263672 0.894118
vt  0.263672 0.831373
vt  0.312500 0.905882
vt  0.316406 0.831373
vt  0.277344 0.243137
vt  0.255859 0.243137
vt  0.283203 0.266667
vt  0.250000 0.266667
vt  0.289063 0.525490
vt  0.302734 0.650980
vt  0.263672 0.509804
vt  0.263672 0.611765
vt  0.466797 0.858824
vt  0.417969 0.866667
vt  0.466797 0.925490
vt  0.423828 0.937255
vt  0.425781 0.627451
vt  0.466797 0.627451
vt  0.431641 0.552941
vt  0.466797 0.560784
vt  0.466797 0.490196
vt  0.443359 0.478431
vt  0.466797 0.560784
vt  0.431641 0.552941
vt  0.431641 0.552941
vt  0.443359 0.478431
vt  0.429688 0.549020
vt  0.441406 0.474510
vt  0.425781 0.627451
vt  0.431641 0.552941
vt  0.423828 0.627451
vt  0.429688 0.549020
vt  0.408203 0.807843
vt  0.410156 0.878431
vt  0.416016 0.800000
vt  0.417969 0.866667
vt  0.466797 0.788235
vt  0.466797 0.858824
vt  0.423828 0.803922
vt  0.421875 0.866667
vt  0.416016 0.560784
vt  0.429688 0.549020
vt  0.410156 0.607843
vt  0.423828 0.627451
vt  0.441406 0.474510
vt  0.443359 0.478431
vt  0.429688 0.549020
vt  0.431641 0.552941
vt  0.431641 0.552941
vt  0.425781 0.627451
vt  0.429688 0.549020
vt  0.423828 0.627451
vt  0.414063 0.878431
vt  0.421875 0.866667
vt  0.416016 0.949020
vt  0.423828 0.937255
vt  0.455078 0.423529
vt  0.453125 0.423529
vt  0.443359 0.478431
vt  0.441406 0.474510
vt  0.416016 0.717647
vt  0.419922 0.713725
vt  0.423828 0.627451
vt  0.425781 0.627451
vt  0.466797 0.788235
vt  0.466797 0.709804
vt  0.416016 0.800000
vt  0.419922 0.713725
vt  0.423828 0.713725
vt  0.425781 0.627451
vt  0.466797 0.709804
vt  0.466797 0.627451
vt  0.296875 0.525490
vt  0.279297 0.400000
vt  0.289063 0.525490
vt  0.263672 0.400000
vt  0.263672 0.509804
vt  0.263672 0.611765
vt  0.289063 0.525490
vt  0.302734 0.650980
vt  0.386719 0.811765
vt  0.392578 0.764706
vt  0.375000 0.792157
vt  0.380859 0.741176
vt  0.410156 0.607843
vt  0.406250 0.643137
vt  0.394531 0.596078
vt  0.386719 0.635294
vt  0.380859 0.741176
vt  0.386719 0.635294
vt  0.400391 0.764706
vt  0.406250 0.643137
vt  0.386719 0.635294
vt  0.380859 0.741176
vt  0.404297 0.643137
vt  0.392578 0.764706
vt  0.421875 0.450980
vt  0.410156 0.521569
vt  0.433594 0.466667
vt  0.423828 0.533333
vt  0.433594 0.466667
vt  0.423828 0.533333
vt  0.421875 0.450980
vt  0.410156 0.521569
vt  0.435547 0.431373
vt  0.433594 0.466667
vt  0.425781 0.415686
vt  0.421875 0.450980
vt  0.435547 0.431373
vt  0.425781 0.415686
vt  0.433594 0.466667
vt  0.421875 0.450980
vt  0.429688 0.341176
vt  0.429688 0.364706
vt  0.441406 0.349020
vt  0.437500 0.388235
vt  0.419922 0.717647
vt  0.416016 0.811765
vt  0.400391 0.764706
vt  0.396484 0.815686
vt  0.416016 0.717647
vt  0.392578 0.764706
vt  0.408203 0.807843
vt  0.386719 0.811765
vt  0.423828 0.533333
vt  0.429688 0.549020
vt  0.433594 0.466667
vt  0.441406 0.474510
vt  0.423828 0.533333
vt  0.433594 0.466667
vt  0.429688 0.549020
vt  0.441406 0.474510
vt  0.441406 0.349020
vt  0.466797 0.356863
vt  0.447266 0.298039
vt  0.466797 0.305882
vt  0.441406 0.349020
vt  0.447266 0.298039
vt  0.466797 0.356863
vt  0.466797 0.305882
vt  0.455078 0.423529
vt  0.443359 0.478431
vt  0.453125 0.423529
vt  0.441406 0.474510
vt  0.443359 0.478431
vt  0.455078 0.423529
vt  0.466797 0.490196
vt  0.466797 0.427451
vt  0.441406 0.474510
vt  0.453125 0.423529
vt  0.433594 0.466667
vt  0.435547 0.431373
vt  0.453125 0.423529
vt  0.466797 0.392157
vt  0.435547 0.431373
vt  0.437500 0.388235
vt  0.435547 0.431373
vt  0.437500 0.388235
vt  0.453125 0.423529
vt  0.466797 0.392157
vt  0.425781 0.627451
vt  0.423828 0.713725
vt  0.423828 0.627451
vt  0.419922 0.717647
vt  0.423828 0.803922
vt  0.423828 0.713725
vt  0.466797 0.788235
vt  0.466797 0.709804
vt  0.419922 0.713725
vt  0.466797 0.709804
vt  0.425781 0.627451
vt  0.466797 0.627451
vt  0.396484 0.882353
vt  0.376953 0.858824
vt  0.396484 0.815686
vt  0.375000 0.792157
vt  0.414063 0.878431
vt  0.396484 0.882353
vt  0.416016 0.811765
vt  0.396484 0.815686
vt  0.423828 0.803922
vt  0.421875 0.866667
vt  0.416016 0.811765
vt  0.414063 0.878431
vt  0.423828 0.937255
vt  0.421875 0.866667
vt  0.466797 0.925490
vt  0.466797 0.858824
vt  0.417969 0.866667
vt  0.466797 0.858824
vt  0.416016 0.800000
vt  0.466797 0.788235
vt  0.410156 0.878431
vt  0.416016 0.949020
vt  0.417969 0.866667
vt  0.423828 0.937255
vt  0.416016 0.949020
vt  0.410156 0.878431
vt  0.398438 0.952941
vt  0.390625 0.882353
vt  0.376953 0.858824
vt  0.384766 0.929412
vt  0.390625 0.882353
vt  0.398438 0.952941
vt  0.322266 0.831373
vt  0.324219 0.905882
vt  0.375000 0.858824
vt  0.373047 0.929412
vt  0.314453 0.831373
vt  0.263672 0.831373
vt  0.312500 0.905882
vt  0.263672 0.894118
vt  0.375000 0.858824
vt  0.373047 0.929412
vt  0.322266 0.831373
vt  0.324219 0.905882
vt  0.314453 0.701961
vt  0.263672 0.721569
vt  0.318359 0.752941
vt  0.263672 0.760784
# 570 texture coordinates

vn  -0.387214 -0.378329 -0.790095
vn  0.389319 -0.375757 -0.790095
vn  -0.143335 0.827975 -0.459233
vn  0.137255 0.829378 -0.458297
vn  0.289943 -0.900461 -0.148947
vn  0.001871 -0.957046 -0.037412
vn  0.559544 -0.774663 -0.063834
vn  0.802956 0.408960 -0.323848
vn  0.764608 0.123226 -0.562817
vn  -0.806697 0.419716 -0.300231
vn  -0.566558 -0.770688 -0.046765
vn  -0.781444 0.140763 -0.535460
vn  -0.301167 -0.899993 -0.128604
vn  -0.918231 0.243412 0.122291
vn  -0.665934 -0.686744 0.049103
vn  -0.900461 0.314962 -0.085580
vn  -0.652372 -0.700072 -0.040218
vn  0.000000 -0.956345 -0.053312
vn  0.652138 -0.699839 -0.043725
vn  -0.004677 -0.943952 -0.162041
vn  0.661725 -0.684640 0.101714
vn  0.928987 0.158066 0.168822
vn  0.921739 0.254869 -0.046531
vn  -0.542708 -0.770220 -0.171394
vn  -0.902331 -0.076461 -0.312157
vn  -0.908645 0.085346 -0.290177
vn  -0.549021 -0.782379 -0.061262
vn  -0.350504 -0.889939 -0.050974
vn  0.909346 -0.066173 -0.292749
vn  0.545982 -0.768116 -0.170459
vn  0.904903 0.083242 -0.301634
vn  -0.870765 0.327589 -0.227278
vn  -0.004910 -0.954474 0.077396
vn  -0.554633 -0.771155 -0.122291
vn  0.879416 0.306311 -0.222368
vn  -0.666635 -0.405920 0.554867
vn  -0.823298 -0.108495 0.476769
vn  -0.599294 -0.066640 0.743798
vn  0.000000 -0.876143 0.386513
vn  -0.653775 -0.663128 0.224004
vn  0.827040 -0.130007 0.464611
vn  0.668272 -0.401478 0.555802
vn  0.600229 -0.061028 0.743330
vn  -0.099142 0.949564 0.073421
vn  -0.113171 0.942315 0.126266
vn  0.076461 0.925948 -0.231487
vn  0.022213 0.955176 -0.061730
vn  -0.101480 0.948862 -0.077864
vn  -0.119952 0.948395 -0.053780
vn  0.081371 0.907242 -0.294854
vn  -0.936236 0.145673 -0.139594
vn  -0.063600 0.953071 -0.065471
vn  -0.019174 0.899759 -0.327121
vn  0.190100 0.934599 0.083008
vn  0.074824 0.951902 -0.070381
vn  0.886665 -0.242243 -0.268665
vn  0.155026 0.914958 -0.235696
vn  0.178175 0.938574 -0.064536
vn  0.939042 0.073421 -0.172329
vn  0.140061 0.946992 0.021512
vn  0.939509 0.146608 -0.112704
vn  0.068978 0.954942 0.009353
vn  0.013796 0.902565 -0.319405
vn  0.256974 0.921739 0.033437
vn  0.394697 0.866790 -0.097271
vn  0.298829 0.890172 -0.187060
vn  0.003040 0.802722 -0.521898
vn  0.591811 0.503893 -0.559310
vn  0.023149 0.874038 -0.390254
vn  0.615194 0.608647 -0.409662
vn  0.000234 0.879416 -0.378797
vn  -0.081605 0.926181 -0.229149
vn  0.000468 0.938574 -0.189866
vn  -0.001637 0.956812 0.034372
vn  -0.275212 0.917062 0.011925
vn  -0.262352 0.918465 0.065003
vn  -0.225641 0.915192 -0.167653
vn  -0.141698 0.917530 -0.234760
vn  -0.602334 0.723923 -0.174200
vn  -0.623612 0.672247 -0.275680
vn  0.007482 0.943251 -0.164847
vn  0.028994 0.923609 -0.250894
vn  -0.150583 0.944654 0.043959
vn  -0.942783 0.062899 -0.156195
vn  -0.354713 0.819557 -0.345360
vn  -0.022681 0.930858 -0.222835
vn  -0.397970 0.787055 -0.372717
vn  0.280356 0.893446 -0.199453
vn  0.159703 0.941848 -0.066173
vn  -0.004910 0.917062 -0.275680
vn  0.843174 0.217691 -0.397970
vn  -0.655646 0.553464 -0.425094
vn  -0.841771 0.209741 -0.405453
vn  -0.007950 0.917296 -0.274745
vn  0.000000 -0.948161 -0.135385
vn  0.552763 -0.768116 -0.146375
vn  -0.000468 -0.950967 0.114340
vn  0.651671 -0.656347 0.248088
vn  0.554399 -0.778170 -0.064068
vn  0.352141 -0.889471 -0.045596
vn  0.681366 0.612154 0.278720
vn  -0.012393 0.953773 -0.083476
vn  0.015199 -0.173031 -0.941848
vn  -0.835457 0.255103 0.392359
vn  0.834288 0.223303 0.413169
vn  0.047700 0.952136 -0.089087
vn  0.002338 -0.161807 -0.943952
vn  -0.670143 0.628756 0.269133
vn  0.601632 0.743330 0.046064
vn  -0.278720 0.776300 -0.486356
vn  -0.107793 -0.237333 -0.921505
vn  -0.843641 0.271471 0.362663
vn  0.842238 0.234293 0.390488
vn  0.310520 0.777001 -0.465546
vn  0.120654 -0.227044 -0.922674
vn  -0.579653 0.760867 0.046531
vn  -0.056352 0.936704 -0.190801
vn  0.761101 0.267964 -0.515351
vn  -0.022681 0.402881 0.868193
vn  -0.823065 0.067809 -0.484720
vn  0.056118 0.936704 -0.190801
vn  0.822831 0.067809 -0.484720
vn  0.022447 0.402881 0.868193
vn  -0.761335 0.267964 -0.515351
vn  -0.056352 0.936704 -0.190801
vn  0.761101 0.267964 -0.515351
vn  -0.022681 0.402881 0.868193
vn  -0.823065 0.067809 -0.484720
vn  0.056118 0.936704 -0.190801
vn  0.822831 0.067809 -0.484720
vn  0.022447 0.402881 0.868193
vn  -0.761335 0.267964 -0.515351
vn  -0.056352 0.915659 -0.274277
vn  0.761101 0.220497 -0.537564
vn  -0.022681 0.479342 0.828442
vn  -0.823065 0.023850 -0.488928
vn  0.056118 0.915659 -0.274277
vn  0.822831 0.023850 -0.488928
vn  0.022447 0.479342 0.828442
vn  -0.761335 0.220497 -0.537564
vn  -0.000701 -0.933196 -0.215119
vn  0.000000 0.957280 -0.022213
vn  0.355414 0.889003 0.010288
vn  -0.005144 0.957514 -0.004910
vn  0.347932 0.890640 0.050039
vn  0.632497 0.661024 -0.281993
vn  0.647929 0.668974 -0.222134
vn  0.311689 0.817687 -0.388384
vn  0.362663 0.883859 -0.062665
vn  -0.381135 0.878013 -0.022681
vn  0.000000 0.955643 -0.061496
vn  -0.391189 0.871232 -0.068511
vn  -0.245283 0.907475 -0.182384
vn  -0.372717 0.881988 -0.004209
vn  0.355882 0.813244 -0.358922
vn  -0.403816 0.863750 -0.086983
vn  -0.628288 0.711998 -0.122758
vn  0.397503 0.833353 -0.253233
vn  0.603035 0.721818 -0.178876
vn  -0.885262 -0.249725 -0.267028
vn  -0.004443 0.950733 -0.114574
vn  0.906774 -0.083943 -0.295789
vn  -0.917062 -0.094699 -0.259780
vn  -0.017537 0.926649 -0.240372
vn  -0.007950 0.918933 -0.269367
vn  -0.381135 0.859307 -0.181682
vn  -0.588538 0.495242 -0.570533
vn  0.254636 0.922440 0.031333
vn  0.213950 0.926883 0.108495
# 169 vertex normals

g Object_6
usemtl Material_0
s 1
f 264/987/251 300/988/250 253/989/249
f 270/990/247 342/991/245 249/992/256
f 296/993/264 256/994/263 401/995/262
f 261/996/270 289/997/269 259/998/268
f 255/999/275 257/1000/274 288/1001/273
f 260/1002/260 369/1003/276 258/1004/261
f 254/1005/267 256/1006/263 370/1007/279
f 248/1008/282 266/1009/281 246/1010/280
f 246/1011/280 269/1012/284 298/1013/283
f 250/1014/287 252/1015/286 267/1016/285
f 253/1017/249 341/1018/246 251/1019/253
f 249/1020/256 285/1021/297 270/1022/247
f 251/1023/253 284/1024/307 375/1025/252
f 280/1026/302 357/1027/310 387/1028/301
f 251/1029/253 245/1030/248 284/1031/307
f 285/1032/297 275/1033/318 270/1034/247
f 270/1035/247 275/1036/318 245/1037/248
f 275/1038/318 284/1039/307 245/1040/248
f 281/1041/293 384/1042/322 362/1043/321
f 295/1044/333 373/1045/334 358/1046/332
f 257/1047/274 402/1048/340 299/1049/339
f 252/1050/286 298/1051/283 268/1052/342
f 263/1053/255 247/1054/257 300/1055/250
f 253/1056/249 300/1057/250 247/1058/257
f 257/1059/274 363/1060/344 364/1061/343
f 302/1062/347 301/1063/346 304/1064/345
f 303/1065/348 301/1066/346 302/1067/347
f 304/1068/345 301/1069/346 303/1070/348
f 306/1071/351 305/1072/350 308/1073/349
f 307/1074/352 305/1075/350 306/1076/351
f 308/1077/349 305/1078/350 307/1079/352
f 310/1080/355 309/1081/354 312/1082/353
f 311/1083/356 309/1084/354 310/1085/355
f 312/1086/353 309/1087/354 311/1088/356
f 314/1089/359 313/1090/358 316/1091/357
f 315/1092/360 313/1093/358 314/1094/359
f 316/1095/357 313/1096/358 315/1097/360
f 318/1098/363 320/1099/362 317/1100/361
f 319/1101/364 318/1102/363 317/1103/361
f 320/1104/362 319/1105/364 317/1106/361
f 322/1107/367 324/1108/366 321/1109/365
f 323/1110/368 322/1111/367 321/1112/365
f 324/1113/366 323/1114/368 321/1115/365
f 326/1116/371 328/1117/370 325/1118/369
f 327/1119/372 326/1120/371 325/1121/369
f 328/1122/370 327/1123/372 325/1124/369
f 330/1125/375 332/1126/374 329/1127/373
f 331/1128/376 330/1129/375 329/1130/373
f 332/1131/374 331/1132/376 329/1133/373
f 334/1134/379 336/1135/378 333/1136/377
f 335/1137/380 334/1138/379 333/1139/377
f 336/1140/378 335/1141/380 333/1142/377
f 338/1143/383 340/1144/382 337/1145/381
f 339/1146/384 338/1147/383 337/1148/381
f 340/1149/382 339/1150/384 337/1151/381
f 268/1152/342 267/1153/285 252/1154/286
f 269/1155/284 246/1156/280 266/1157/281
f 245/1158/248 251/1159/253 341/1160/246
f 247/1161/257 249/1162/256 342/1163/245
f 265/1164/305 377/1165/303 264/1166/251
f 300/1167/250 363/1168/344 366/1169/385
f 293/1170/292 350/1171/397 383/1172/338
f 353/1173/396 396/1174/401 361/1175/400
f 262/1176/295 263/1177/255 379/1178/328
f 255/1179/275 386/1180/300 257/1181/274
f 261/1182/270 259/1183/268 385/1184/404
f 264/1185/251 286/1186/406 364/1187/343
f 300/1188/250 366/1189/385 367/1190/272
f 259/1191/268 365/1192/271 367/1193/272
f 263/1194/255 365/1195/271 287/1196/407
f 365/1197/271 259/1198/268 289/1199/269
f 364/1200/343 288/1201/273 257/1202/274
f 289/1203/269 382/1204/337 365/1205/271
f 288/1206/273 364/1207/343 372/1208/335
f 249/1209/256 381/1210/254 285/1211/297
f 374/1212/316 375/1213/252 284/1214/307
f 380/1215/294 285/1216/297 381/1217/254
f 388/1218/311 390/1219/312 389/1220/315
f 388/1221/311 389/1222/315 392/1223/411
f 392/1224/411 389/1225/315 393/1226/329
f 390/1227/312 391/1228/399 389/1229/315
f 384/1230/322 368/1231/290 362/1232/321
f 344/1233/393 356/1234/309 398/1235/403
f 387/1236/301 357/1237/310 371/1238/408
f 395/1239/410 362/1240/321 368/1241/290
f 394/1242/402 371/1243/408 357/1244/310
f 395/1245/410 361/1246/400 396/1247/401
f 394/1248/402 398/1249/403 356/1250/309
f 257/1251/274 386/1252/300 402/1253/340
f 259/1254/268 403/1255/278 385/1256/404
f 287/1257/407 365/1258/271 382/1259/337
f 286/1260/406 372/1261/335 364/1262/343
f 287/1263/407 379/1264/328 263/1265/255
f 262/1266/295 381/1267/254 263/1268/255
f 286/1269/406 264/1270/251 377/1271/303
f 265/1272/305 264/1273/251 375/1274/252
f 297/1275/341 298/1276/283 269/1277/284
f 297/1278/341 268/1279/342 298/1280/283
f 296/1281/264 401/1282/262 258/1283/261
f 369/1284/276 385/1285/404 258/1286/261
f 370/1287/279 256/1288/263 386/1289/300
f 259/1290/268 299/1291/339 403/1292/278
f 402/1293/340 386/1294/300 256/1295/263
f 403/1296/278 258/1297/261 385/1298/404
f 404/1299/277 403/1300/278 299/1301/339
f 404/1302/277 299/1303/339 402/1304/340
f 399/1305/265 401/1306/262 256/1307/263
f 400/1308/259 258/1309/261 401/1310/262
f 342/1312/245 270/1311/247 245/1313/248 341/1314/246
f 375/1316/252 264/1315/251 253/1317/249 251/1318/253
f 381/1320/254 249/1319/256 247/1321/257 263/1322/255
f 413/1324/258 260/1323/260 258/1325/261 400/1326/259
f 399/1328/265 256/1327/263 254/1329/267 407/1330/266
f 365/1332/271 263/1331/255 300/1333/250 367/1334/272
f 404/1336/277 296/1335/264 258/1337/261 403/1338/278
f 412/1340/288 413/1339/258 266/1341/281 277/1342/289
f 368/1344/290 369/1343/276 260/1345/260 279/1346/291
f 293/1348/292 289/1347/269 261/1349/270 281/1350/293
f 381/1352/254 262/1351/295 283/1353/296 380/1354/294
f 407/1356/266 254/1355/267 278/1357/299 405/1358/298
f 280/1360/302 387/1359/301 386/1361/300 255/1362/275
f 282/1364/306 376/1363/304 377/1365/303 265/1366/305
f 356/1368/309 406/1367/308 405/1369/298 278/1370/299
f 388/1372/311 290/1371/313 347/1373/314 390/1374/312
f 274/1376/317 389/1375/315 282/1377/306 374/1378/316
f 412/1380/288 277/1379/289 360/1381/320 410/1382/319
f 352/1384/324 351/1383/323 273/1385/325 291/1386/326
f 283/1388/296 389/1387/315 274/1389/317 380/1390/294
f 378/1392/327 283/1391/296 262/1393/295 379/1394/328
f 378/1396/327 292/1395/330 348/1397/331 393/1398/329
f 357/1400/310 280/1399/302 295/1401/333 358/1402/332
f 255/1404/275 288/1403/273 295/1405/333 280/1406/302
f 372/1408/335 373/1407/334 295/1409/333 288/1410/273
f 349/1412/336 352/1411/324 291/1413/326 290/1414/313
f 293/1416/292 383/1415/338 382/1417/337 289/1418/269
f 401/1420/262 297/1419/341 269/1421/284 400/1422/259
f 342/1424/245 341/1423/246 253/1425/249 247/1426/257
f 259/1428/268 367/1427/272 366/1429/385 299/1430/339
f 408/1432/387 409/1431/386 271/1433/388 343/1434/389
f 273/1436/325 345/1435/391 346/1437/390 291/1438/326
f 347/1440/314 290/1439/313 291/1441/326 346/1442/390
f 347/1444/314 346/1443/390 358/1445/332 359/1446/392
f 346/1448/390 345/1447/391 357/1449/310 358/1450/332
f 406/1452/308 356/1451/309 344/1453/393 408/1454/387
f 409/1456/386 272/1455/395 353/1457/396 411/1458/394
f 350/1460/397 293/1459/292 281/1461/293 362/1462/321
f 349/1464/336 348/1463/331 350/1465/397 352/1466/324
f 351/1468/323 352/1467/324 350/1469/397 362/1470/321
f 411/1472/394 410/1471/319 360/1473/320 354/1474/398
f 391/1476/399 390/1475/312 347/1477/314 359/1478/392
f 398/1480/403 394/1479/402 357/1481/310 345/1482/391
f 397/1484/405 272/1483/395 344/1485/393 398/1486/403
f 351/1488/323 396/1487/401 397/1489/405 273/1490/325
f 264/1492/251 364/1491/343 363/1493/344 300/1494/250
f 299/1496/339 366/1495/385 363/1497/344 257/1498/274
f 371/1500/408 278/1499/299 254/1501/267 370/1502/279
f 384/1504/322 281/1503/293 261/1505/270 385/1506/404
f 385/1508/404 369/1507/276 368/1509/290 384/1510/322
f 370/1512/279 386/1511/300 387/1513/301 371/1514/408
f 372/1516/335 286/1515/406 294/1517/409 373/1518/334
f 383/1520/338 292/1519/330 287/1521/407 382/1522/337
f 292/1524/330 378/1523/327 379/1525/328 287/1526/407
f 377/1528/303 376/1527/304 294/1529/409 286/1530/406
f 265/1532/305 375/1531/252 374/1533/316 282/1534/306
f 361/1536/400 395/1535/410 368/1537/290 279/1538/291
f 371/1540/408 394/1539/402 356/1541/309 278/1542/299
f 358/1544/332 373/1543/334 294/1545/409 359/1546/392
f 292/1548/330 383/1547/338 350/1549/397 348/1550/331
f 274/1552/317 374/1551/316 284/1553/307 275/1554/318
f 285/1556/297 380/1555/294 274/1557/317 275/1558/318
f 349/1560/336 392/1559/411 393/1561/329 348/1562/331
f 392/1564/411 349/1563/336 290/1565/313 388/1566/311
f 391/1568/399 359/1567/392 294/1569/409 376/1570/304
f 389/1572/315 391/1571/399 376/1573/304 282/1574/306
f 283/1576/296 378/1575/327 393/1577/329 389/1578/315
f 396/1580/401 351/1579/323 362/1581/321 395/1582/410
f 396/1584/401 353/1583/396 272/1585/395 397/1586/405
f 397/1588/405 398/1587/403 345/1589/391 273/1590/325
f 413/1592/258 412/1591/288 279/1593/291 260/1594/260
f 412/1596/288 410/1595/319 361/1597/400 279/1598/291
f 411/1600/394 353/1599/396 361/1601/400 410/1602/319
f 411/1604/394 354/1603/398 271/1605/388 409/1606/386
f 409/1608/386 408/1607/387 344/1609/393 272/1610/395
f 355/1612/412 406/1611/308 408/1613/387 343/1614/389
f 406/1616/308 355/1615/412 276/1617/413 405/1618/298
f 267/1620/285 407/1619/266 405/1621/298 276/1622/413
f 268/1624/342 399/1623/265 407/1625/266 267/1626/285
f 401/1628/262 399/1627/265 268/1629/342 297/1630/341
f 266/1632/281 413/1631/258 400/1633/259 269/1634/284
f 404/1636/277 402/1635/340 256/1637/263 296/1638/264
# 190 faces

g
v  11.040000 13.459999 -168.060005
v  -0.340000 23.699999 -88.320004
v  -0.340000 13.079999 -160.120003
v  -0.360000 29.179999 -90.120003
v  -0.360000 17.859999 -162.300003
v  2.160000 33.419999 -95.920003
v  4.220000 23.099999 -163.080002
v  15.080000 33.439999 -95.920003
v  13.060000 23.099999 -163.100006
v  17.680000 29.239999 -90.120003
v  17.680000 17.899999 -162.300003
v  17.700001 23.739999 -88.340003
v  17.700001 13.119999 -160.120003
v  -1.799999 35.679999 -123.040003
v  18.980000 35.739999 -123.040003
v  2.320000 27.179999 -134.100002
v  14.920000 27.199999 -134.100002
v  27.639999 25.459999 -116.660004
v  25.520000 22.479999 -126.560003
v  -10.360001 25.379999 -116.640003
v  -8.219999 22.439999 -126.540003
v  27.700001 21.879999 -109.220003
v  23.920000 16.480000 -131.760002
v  -10.299999 21.819999 -109.220003
v  -6.540000 16.439999 -131.760002
v  1.140000 18.819999 -155.800003
v  3.980000 21.919999 -157.200005
v  2.740000 14.899999 -155.200005
v  13.300000 21.939999 -157.200005
v  16.180000 18.819999 -155.800003
v  14.620000 14.939999 -155.220001
v  0.900000 34.939999 -102.980003
v  -8.400000 25.559999 -97.260003
v  16.300000 34.980000 -102.980003
v  -8.340000 20.039999 -94.200003
v  25.680000 25.659999 -97.280003
v  25.740000 20.099999 -94.220003
v  2.060000 35.219999 -117.420004
v  15.080000 35.259999 -117.420004
v  6.300000 13.439999 -168.040001
v  5.260000 16.759999 -167.880005
v  12.040000 16.759999 -167.880005
v  22.820001 29.599999 -119.100002
v  22.980000 31.339999 -119.960003
v  22.640000 30.399999 -114.960003
v  22.820001 32.219999 -115.240004
v  17.240001 29.839999 -126.580004
v  16.420000 32.699999 -124.900003
v  17.420000 35.159999 -110.280003
v  19.180000 33.059999 -109.980003
v  -0.280000 35.119999 -110.260003
v  -2.020000 33.020000 -109.980003
v  0.740000 32.679999 -124.900003
v  -0.040000 29.799999 -126.580004
v  19.580000 36.619999 -114.100002
v  -2.420000 36.559999 -114.080004
v  19.400001 13.779999 -147.540005
v  -2.020000 13.739999 -147.540005
v  21.660000 16.799999 -139.680004
v  -4.280000 16.759999 -139.680004
v  20.180000 20.639999 -141.180004
v  -2.880000 20.619999 -141.180004
v  -4.280000 28.299999 -125.360003
v  21.500000 28.359999 -125.360003
v  0.600000 6.980000 -144.800003
v  0.600000 14.939999 -144.740002
v  -0.360000 14.559999 -147.540005
v  2.240000 14.559999 -147.540005
v  16.920000 6.980000 -144.800003
v  16.920000 14.939999 -144.740002
v  15.280000 14.559999 -147.540005
v  17.880000 14.559999 -147.540005
v  4.580000 8.759998 -164.440002
v  5.280000 13.639999 -164.300003
v  5.040000 13.480000 -166.340004
v  6.480000 13.480000 -166.340004
v  12.800000 8.759998 -164.440002
v  12.100000 13.639999 -164.300003
v  10.900000 13.480000 -166.340004
v  12.340000 13.480000 -166.340004
v  15.160000 7.400000 -158.080002
v  15.160000 14.079999 -159.460003
v  13.500000 13.699999 -162.120003
v  15.820000 13.699999 -162.120003
v  2.320000 7.400000 -158.080002
v  2.320000 14.079999 -159.460003
v  1.640000 13.699999 -162.120003
v  3.960001 13.699999 -162.120003
v  -4.480000 12.319999 -130.600002
v  -3.780000 17.259999 -129.080002
v  -4.980000 17.379999 -131.160004
v  -2.580000 17.379999 -131.160004
v  21.860001 12.319999 -130.600002
v  21.160000 17.259999 -129.080002
v  19.960000 17.379999 -131.160004
v  22.360001 17.379999 -131.160004
v  -2.059999 12.719999 -135.620003
v  -1.380000 17.759999 -134.560001
v  -2.580000 17.699999 -136.640003
v  -0.179999 17.699999 -136.640003
v  19.340000 12.719999 -135.620003
v  18.640000 17.759999 -134.560001
v  17.440001 17.699999 -136.640003
v  19.840000 17.699999 -136.640003
v  1.820000 10.819999 -149.860004
v  2.520000 15.239999 -149.720001
v  1.320000 15.539999 -151.760002
v  3.720000 15.539999 -151.760002
v  15.220000 10.819999 -149.860004
v  14.520000 15.239999 -149.720001
v  13.320000 15.539999 -151.760002
v  15.720000 15.539999 -151.760002
v  2.860000 10.259999 -153.840004
v  3.560000 15.419999 -153.680004
v  2.360000 14.980000 -155.720001
v  4.760000 14.980000 -155.720001
v  14.300000 10.259999 -153.840004
v  13.600000 15.419999 -153.680004
v  12.400000 14.980000 -155.720001
v  14.800000 14.980000 -155.720001
v  3.180000 9.779999 -157.200005
v  3.380000 14.939999 -157.060001
v  2.500000 14.099999 -159.080002
v  4.740000 14.099999 -159.080002
v  14.220000 9.779999 -157.200005
v  14.020000 14.939999 -157.060001
v  12.680000 14.099999 -159.080002
v  14.900000 14.099999 -159.080002
v  23.660000 32.479999 -103.940003
v  -6.440000 32.399999 -103.920003
v  3.580000 23.639999 -160.260002
v  13.680000 23.639999 -160.260002
v  4.740000 19.419999 -166.420006
v  12.560000 19.419999 -166.420006
v  5.120000 23.459999 -155.820004
v  12.100000 23.459999 -155.820004
v  3.700000 29.079999 -134.420002
v  13.480000 29.079999 -134.420002
v  8.680000 23.639999 -94.200003
v  8.680000 24.059999 -109.220003
v  8.680000 21.339999 -130.160004
v  8.680000 19.819999 -137.520004
v  8.680000 18.059999 -145.640003
v  21.960000 20.079999 -94.200003
v  -4.540000 20.059999 -94.200003
v  -6.059999 21.839999 -109.220003
v  23.480000 21.859999 -109.220003
v  -1.880000 16.439999 -131.760002
v  19.280001 16.459999 -131.760002
v  0.200001 16.779999 -139.680004
v  17.200001 16.799999 -139.680004
v  2.000000 13.759999 -147.540005
v  15.360000 13.779999 -147.540005
v  8.680000 16.459999 -154.360004
v  12.240000 14.939999 -155.220001
v  5.120000 14.919999 -155.220001
v  8.680000 15.319999 -160.120003
v  4.180000 13.079999 -160.120003
v  13.180000 13.099999 -160.120003
v  9.860000 13.279999 -165.560005
v  7.500000 13.259999 -165.560005
v  -5.299999 33.599999 -120.580004
v  -5.080000 34.399999 -115.540003
v  22.260000 34.459999 -115.540003
v  22.460000 33.659999 -120.580004
v  -5.799999 31.299999 -119.960003
v  -5.580000 29.519999 -119.100002
v  -5.639999 32.179999 -115.220003
v  -5.420000 30.319999 -114.940002
v  28.380001 21.559999 -114.460003
v  -6.700000 21.519999 -114.460003
v  24.120000 21.539999 -114.460003
v  -11.000000 21.499999 -114.460003
v  27.160000 26.299999 -108.880003
v  -9.860001 26.199999 -108.880003
v  25.660000 29.479999 -108.960003
v  -8.400000 29.399999 -108.940003
v  -2.620000 37.239999 -118.560003
v  19.780001 37.279999 -118.560003
v  -8.760000 17.119999 -126.020002
v  -4.299999 17.139999 -126.020002
v  21.700001 17.139999 -126.020002
v  26.160000 17.159999 -126.020002
v  22.800000 17.279999 -135.780003
v  18.240001 17.259999 -135.780003
v  -0.840000 17.259999 -135.780003
v  -5.420000 17.239999 -135.760002
v  1.100000 14.459999 -143.760002
v  -2.799999 14.439999 -143.760002
v  20.180000 14.480000 -143.760002
v  16.280000 14.480000 -143.760002
v  0.360001 14.939999 -150.920002
v  3.560000 14.939999 -150.940002
v  13.800000 14.980000 -150.940002
v  17.000000 14.980000 -150.940002
v  8.680000 22.699999 -119.700003
v  18.380000 19.959999 -146.660004
v  -1.059999 19.939999 -146.660004
v  3.300000 23.939999 -146.100002
v  12.660000 25.639999 -145.580002
v  4.540000 25.639999 -145.580002
v  13.940001 23.939999 -146.120003
v  0.780000 13.199999 -164.240005
v  13.920000 13.399999 -167.020004
v  16.580000 13.239999 -164.240005
v  3.440001 13.379999 -167.020004
# 206 vertices

vt  0.179688 0.243137
vt  0.167969 0.258824
vt  0.183594 0.286275
vt  0.169922 0.866667
vt  0.164063 0.796078
vt  0.156250 0.800000
vt  0.085938 0.482353
vt  0.087891 0.443137
vt  0.103516 0.498039
vt  0.068359 0.670588
vt  0.068359 0.713725
vt  0.091797 0.694118
vt  0.091797 0.694118
vt  0.095703 0.631373
vt  0.068359 0.670588
vt  0.115234 0.701961
vt  0.117188 0.674510
vt  0.091797 0.694118
vt  0.091797 0.694118
vt  0.068359 0.670588
vt  0.093750 0.631373
vt  0.115234 0.701961
vt  0.091797 0.694118
vt  0.117188 0.674510
vt  0.126953 0.090196
vt  0.160156 0.152941
vt  0.144531 0.019608
vt  0.050781 0.862745
vt  0.033203 0.956863
vt  0.041016 0.854902
vt  0.041016 0.854902
vt  0.033203 0.956863
vt  0.023438 0.850980
vt  0.023438 0.850980
vt  0.033203 0.956863
vt  0.050781 0.862745
vt  0.126953 0.090196
vt  0.144531 0.019608
vt  0.160156 0.152941
vt  0.173828 0.329412
vt  0.166016 0.305882
vt  0.146484 0.360784
vt  0.173828 0.329412
vt  0.146484 0.360784
vt  0.166016 0.305882
vt  0.175781 0.729412
vt  0.167969 0.662745
vt  0.156250 0.678431
vt  0.156250 0.678431
vt  0.173828 0.729412
vt  0.152344 0.721569
vt  0.216797 0.211765
vt  0.230469 0.211765
vt  0.222656 0.243137
vt  0.115234 0.701961
vt  0.097656 0.729412
vt  0.091797 0.694118
vt  0.115234 0.701961
vt  0.091797 0.694118
vt  0.097656 0.729412
vt  0.095703 0.631373
vt  0.091797 0.694118
vt  0.109375 0.647059
vt  0.093750 0.631373
vt  0.109375 0.647059
vt  0.091797 0.694118
vt  0.009766 0.670588
vt  0.013672 0.721569
vt  0.029297 0.670588
vt  0.111328 0.360784
vt  0.103516 0.498039
vt  0.140625 0.349020
vt  0.146484 0.360784
vt  0.154297 0.298039
vt  0.146484 0.290196
vt  0.167969 0.866667
vt  0.156250 0.800000
vt  0.164063 0.796078
vt  0.156250 0.678431
vt  0.154297 0.721569
vt  0.175781 0.729412
vt  0.156250 0.800000
vt  0.134766 0.854902
vt  0.169922 0.866667
vt  0.162109 0.207843
vt  0.158203 0.254902
vt  0.148438 0.254902
vt  0.173828 0.729412
vt  0.156250 0.678431
vt  0.167969 0.662745
vt  0.164063 0.796078
vt  0.156250 0.800000
vt  0.173828 0.729412
vt  0.164063 0.796078
vt  0.175781 0.729412
vt  0.156250 0.800000
vt  0.179688 0.243137
vt  0.167969 0.258824
vt  0.162109 0.207843
vt  0.166016 0.647059
vt  0.156250 0.678431
vt  0.167969 0.662745
vt  0.166016 0.647059
vt  0.167969 0.662745
vt  0.156250 0.678431
vt  0.076172 0.627451
vt  0.095703 0.631373
vt  0.076172 0.588235
vt  0.076172 0.627451
vt  0.076172 0.588235
vt  0.093750 0.631373
vt  0.126953 0.270588
vt  0.146484 0.290196
vt  0.146484 0.196078
vt  0.023438 0.858824
vt  0.037109 0.956863
vt  0.050781 0.854902
vt  0.037109 0.850980
vt  0.037109 0.956863
vt  0.023438 0.858824
vt  0.050781 0.854902
vt  0.037109 0.956863
vt  0.037109 0.850980
vt  0.050781 0.854902
vt  0.033203 0.956863
vt  0.023438 0.850980
vt  0.023438 0.850980
vt  0.033203 0.956863
vt  0.050781 0.854902
vt  0.023438 0.850980
vt  0.033203 0.956863
vt  0.023438 0.850980
vt  0.046875 0.850980
vt  0.033203 0.956863
vt  0.023438 0.866667
vt  0.050781 0.874510
vt  0.033203 0.956863
vt  0.046875 0.850980
vt  0.023438 0.866667
vt  0.033203 0.956863
vt  0.050781 0.874510
vt  0.050781 0.854902
vt  0.037109 0.956863
vt  0.039063 0.866667
vt  0.023438 0.854902
vt  0.037109 0.956863
vt  0.050781 0.854902
vt  0.039063 0.866667
vt  0.037109 0.956863
vt  0.023438 0.854902
vt  0.050781 0.866667
vt  0.033203 0.956863
vt  0.033203 0.870588
vt  0.023438 0.850980
vt  0.033203 0.956863
vt  0.050781 0.866667
vt  0.033203 0.870588
vt  0.033203 0.956863
vt  0.023438 0.850980
vt  0.023438 0.862745
vt  0.035156 0.956863
vt  0.050781 0.850980
vt  0.039063 0.862745
vt  0.035156 0.956863
vt  0.023438 0.862745
vt  0.050781 0.850980
vt  0.035156 0.956863
vt  0.039063 0.862745
vt  0.023438 0.862745
vt  0.035156 0.956863
vt  0.050781 0.858824
vt  0.035156 0.850980
vt  0.035156 0.956863
vt  0.023438 0.862745
vt  0.050781 0.858824
vt  0.035156 0.956863
vt  0.035156 0.850980
vt  0.050781 0.854902
vt  0.037109 0.956863
vt  0.042969 0.854902
vt  0.023438 0.850980
vt  0.037109 0.956863
vt  0.050781 0.854902
vt  0.042969 0.854902
vt  0.037109 0.956863
vt  0.023438 0.850980
vt  0.023438 0.862745
vt  0.035156 0.956863
vt  0.050781 0.858824
vt  0.035156 0.854902
vt  0.035156 0.956863
vt  0.023438 0.862745
vt  0.050781 0.858824
vt  0.035156 0.956863
vt  0.035156 0.854902
vt  0.050781 0.854902
vt  0.037109 0.956863
vt  0.023438 0.858824
vt  0.029297 0.850980
vt  0.037109 0.956863
vt  0.050781 0.854902
vt  0.023438 0.858824
vt  0.037109 0.956863
vt  0.029297 0.850980
vt  0.023438 0.870588
vt  0.035156 0.956863
vt  0.050781 0.854902
vt  0.033203 0.854902
vt  0.035156 0.956863
vt  0.023438 0.870588
vt  0.050781 0.854902
vt  0.035156 0.956863
vt  0.033203 0.854902
vt  0.039063 0.870588
vt  0.035156 0.956863
vt  0.050781 0.862745
vt  0.023438 0.850980
vt  0.035156 0.956863
vt  0.039063 0.870588
vt  0.050781 0.862745
vt  0.035156 0.956863
vt  0.023438 0.850980
vt  0.023438 0.858824
vt  0.035156 0.956863
vt  0.050781 0.854902
vt  0.035156 0.854902
vt  0.035156 0.956863
vt  0.023438 0.858824
vt  0.050781 0.854902
vt  0.035156 0.956863
vt  0.035156 0.854902
vt  0.029297 0.854902
vt  0.033203 0.956863
vt  0.050781 0.858824
vt  0.023438 0.850980
vt  0.033203 0.956863
vt  0.029297 0.854902
vt  0.050781 0.858824
vt  0.033203 0.956863
vt  0.023438 0.850980
vt  0.023438 0.854902
vt  0.037109 0.956863
vt  0.050781 0.862745
vt  0.039063 0.858824
vt  0.037109 0.956863
vt  0.023438 0.854902
vt  0.050781 0.862745
vt  0.037109 0.956863
vt  0.039063 0.858824
vt  0.125000 0.270588
vt  0.146484 0.196078
vt  0.146484 0.290196
vt  0.126953 0.270588
vt  0.146484 0.196078
vt  0.130859 0.196078
vt  0.156250 0.800000
vt  0.167969 0.866667
vt  0.134766 0.854902
vt  0.167969 0.866667
vt  0.173828 0.933333
vt  0.134766 0.854902
vt  0.169922 0.866667
vt  0.134766 0.854902
vt  0.175781 0.933333
vt  0.183594 0.360784
vt  0.181641 0.333333
vt  0.189453 0.376471
vt  0.109375 0.647059
vt  0.091797 0.694118
vt  0.117188 0.674510
vt  0.109375 0.647059
vt  0.117188 0.674510
vt  0.091797 0.694118
vt  0.085938 0.745098
vt  0.097656 0.729412
vt  0.091797 0.694118
vt  0.085938 0.745098
vt  0.091797 0.694118
vt  0.097656 0.729412
vt  0.076172 0.627451
vt  0.068359 0.670588
vt  0.095703 0.631373
vt  0.076172 0.627451
vt  0.093750 0.631373
vt  0.068359 0.670588
vt  0.183594 0.360784
vt  0.189453 0.376471
vt  0.183594 0.333333
vt  0.111328 0.360784
vt  0.125000 0.270588
vt  0.140625 0.349020
vt  0.111328 0.360784
vt  0.140625 0.349020
vt  0.126953 0.270588
vt  0.156250 0.800000
vt  0.134766 0.854902
vt  0.140625 0.752941
vt  0.156250 0.800000
vt  0.140625 0.752941
vt  0.134766 0.854902
vt  0.083984 0.407843
vt  0.087891 0.443137
vt  0.111328 0.360784
vt  0.025391 0.627451
vt  0.009766 0.619608
vt  0.009766 0.670588
vt  0.025391 0.627451
vt  0.031250 0.588235
vt  0.009766 0.619608
vt  0.039063 0.556863
vt  0.042969 0.521569
vt  0.009766 0.541176
vt  0.048828 0.482353
vt  0.052734 0.443137
vt  0.009766 0.462745
vt  0.048828 0.482353
vt  0.009766 0.462745
vt  0.052734 0.443137
vt  0.041016 0.556863
vt  0.009766 0.541176
vt  0.044922 0.521569
vt  0.041016 0.556863
vt  0.033203 0.588235
vt  0.009766 0.541176
vt  0.025391 0.627451
vt  0.009766 0.670588
vt  0.009766 0.619608
vt  0.009766 0.670588
vt  0.015625 0.721569
vt  0.003906 0.721569
vt  0.009766 0.462745
vt  0.009766 0.541176
vt  0.048828 0.482353
vt  0.009766 0.462745
vt  0.048828 0.482353
vt  0.009766 0.541176
vt  0.009766 0.670588
vt  0.029297 0.670588
vt  0.025391 0.627451
vt  0.009766 0.670588
vt  0.031250 0.670588
vt  0.015625 0.721569
vt  0.009766 0.670588
vt  0.025391 0.627451
vt  0.031250 0.670588
vt  0.179688 0.243137
vt  0.162109 0.207843
vt  0.167969 0.258824
vt  0.173828 0.329412
vt  0.166016 0.305882
vt  0.181641 0.286275
vt  0.162109 0.207843
vt  0.150391 0.254902
vt  0.158203 0.254902
vt  0.166016 0.647059
vt  0.138672 0.717647
vt  0.144531 0.658824
vt  0.162109 0.207843
vt  0.158203 0.254902
vt  0.167969 0.258824
vt  0.146484 0.360784
vt  0.166016 0.305882
vt  0.154297 0.298039
vt  0.146484 0.360784
vt  0.154297 0.298039
vt  0.166016 0.305882
vt  0.146484 0.360784
vt  0.146484 0.290196
vt  0.154297 0.298039
vt  0.166016 0.647059
vt  0.146484 0.658824
vt  0.138672 0.717647
vt  0.162109 0.207843
vt  0.167969 0.258824
vt  0.158203 0.254902
vt  0.083984 0.407843
vt  0.087891 0.356863
vt  0.111328 0.360784
vt  0.083984 0.407843
vt  0.111328 0.360784
vt  0.087891 0.356863
vt  0.125000 0.270588
vt  0.130859 0.196078
vt  0.146484 0.196078
vt  0.126953 0.270588
vt  0.140625 0.349020
vt  0.146484 0.290196
vt  0.125000 0.270588
vt  0.146484 0.290196
vt  0.140625 0.349020
vt  0.154297 0.764706
vt  0.175781 0.729412
vt  0.154297 0.721569
vt  0.154297 0.764706
vt  0.152344 0.721569
vt  0.173828 0.729412
vt  0.173828 0.329412
vt  0.183594 0.286275
vt  0.166016 0.305882
vt  0.167969 0.258824
vt  0.166016 0.305882
vt  0.183594 0.286275
vt  0.179688 0.243137
vt  0.181641 0.286275
vt  0.167969 0.258824
vt  0.166016 0.305882
vt  0.167969 0.258824
vt  0.181641 0.286275
vt  0.154297 0.764706
vt  0.156250 0.800000
vt  0.175781 0.729412
vt  0.154297 0.764706
vt  0.173828 0.729412
vt  0.156250 0.800000
vt  0.111328 0.360784
vt  0.140625 0.349020
vt  0.103516 0.498039
vt  0.080078 0.247059
vt  0.070313 0.356863
vt  0.009766 0.298039
vt  0.080078 0.247059
vt  0.009766 0.298039
vt  0.070313 0.356863
vt  0.083984 0.407843
vt  0.111328 0.360784
vt  0.087891 0.443137
vt  0.085938 0.482353
vt  0.103516 0.498039
vt  0.087891 0.443137
vt  0.111328 0.360784
vt  0.087891 0.443137
vt  0.103516 0.498039
vt  0.111328 0.360784
vt  0.103516 0.498039
vt  0.087891 0.443137
vt  0.048828 0.482353
vt  0.044922 0.521569
vt  0.009766 0.541176
vt  0.048828 0.482353
vt  0.009766 0.541176
vt  0.042969 0.521569
vt  0.025391 0.627451
vt  0.009766 0.619608
vt  0.033203 0.588235
vt  0.039063 0.556863
vt  0.009766 0.541176
vt  0.031250 0.588235
vt  0.009766 0.619608
vt  0.009766 0.541176
vt  0.033203 0.588235
vt  0.009766 0.619608
vt  0.031250 0.588235
vt  0.009766 0.541176
vt  0.070313 0.556863
vt  0.099609 0.549020
vt  0.074219 0.521569
vt  0.070313 0.556863
vt  0.074219 0.521569
vt  0.099609 0.549020
vt  0.070313 0.556863
vt  0.076172 0.588235
vt  0.099609 0.549020
vt  0.099609 0.549020
vt  0.076172 0.588235
vt  0.095703 0.631373
vt  0.070313 0.556863
vt  0.099609 0.549020
vt  0.076172 0.588235
vt  0.099609 0.549020
vt  0.093750 0.631373
vt  0.076172 0.588235
vt  0.193359 0.211765
vt  0.187500 0.243137
vt  0.177734 0.211765
vt  0.068359 0.670588
vt  0.091797 0.694118
vt  0.068359 0.713725
vt  0.175781 0.933333
vt  0.134766 0.854902
vt  0.164063 0.988235
vt  0.173828 0.933333
vt  0.162109 0.988235
vt  0.134766 0.854902
vt  0.150391 0.254902
vt  0.146484 0.196078
vt  0.146484 0.290196
vt  0.148438 0.254902
vt  0.146484 0.290196
vt  0.146484 0.196078
vt  0.146484 0.196078
vt  0.150391 0.254902
vt  0.160156 0.152941
vt  0.146484 0.196078
vt  0.160156 0.152941
vt  0.148438 0.254902
vt  0.158203 0.254902
vt  0.154297 0.298039
vt  0.167969 0.258824
vt  0.166016 0.305882
vt  0.109375 0.200000
vt  0.107422 0.247059
vt  0.130859 0.196078
vt  0.125000 0.270588
vt  0.109375 0.200000
vt  0.101563 0.058824
vt  0.130859 0.196078
vt  0.126953 0.090196
vt  0.228516 0.333333
vt  0.226563 0.305882
vt  0.181641 0.333333
vt  0.185547 0.305882
vt  0.166016 0.647059
vt  0.167969 0.662745
vt  0.175781 0.576471
vt  0.183594 0.572549
vt  0.144531 0.019608
vt  0.126953 0.090196
vt  0.119141 0.003922
vt  0.101563 0.058824
vt  0.117188 0.003922
vt  0.101563 0.058824
vt  0.144531 0.019608
vt  0.126953 0.090196
vt  0.074219 0.521569
vt  0.085938 0.482353
vt  0.099609 0.549020
vt  0.103516 0.498039
vt  0.187500 0.470588
vt  0.183594 0.572549
vt  0.181641 0.462745
vt  0.177734 0.576471
vt  0.242188 0.866667
vt  0.167969 0.866667
vt  0.236328 0.933333
vt  0.173828 0.933333
vt  0.248047 0.796078
vt  0.164063 0.796078
vt  0.242188 0.866667
vt  0.167969 0.866667
vt  0.187500 0.243137
vt  0.222656 0.243137
vt  0.193359 0.211765
vt  0.216797 0.211765
vt  0.029297 0.670588
vt  0.025391 0.627451
vt  0.050781 0.670588
vt  0.037109 0.627451
vt  0.070313 0.482353
vt  0.074219 0.443137
vt  0.048828 0.482353
vt  0.052734 0.443137
vt  0.097656 0.200000
vt  0.099609 0.247059
vt  0.078125 0.200000
vt  0.080078 0.247059
vt  0.097656 0.200000
vt  0.078125 0.200000
vt  0.087891 0.058824
vt  0.070313 0.058824
vt  0.187500 0.278431
vt  0.185547 0.305882
vt  0.224609 0.278431
vt  0.226563 0.305882
vt  0.164063 0.796078
vt  0.248047 0.796078
vt  0.173828 0.729412
vt  0.236328 0.729412
vt  0.244141 0.662745
vt  0.167969 0.662745
vt  0.236328 0.729412
vt  0.173828 0.729412
vt  0.037109 0.627451
vt  0.048828 0.588235
vt  0.025391 0.627451
vt  0.033203 0.588235
vt  0.062500 0.521569
vt  0.042969 0.521569
vt  0.068359 0.482353
vt  0.048828 0.482353
vt  0.160156 0.458824
vt  0.179688 0.462745
vt  0.169922 0.376471
vt  0.183594 0.360784
vt  0.183594 0.360784
vt  0.181641 0.462745
vt  0.171875 0.376471
vt  0.160156 0.458824
vt  0.146484 0.196078
vt  0.160156 0.152941
vt  0.130859 0.196078
vt  0.126953 0.090196
vt  0.224609 0.262745
vt  0.222656 0.243137
vt  0.185547 0.262745
vt  0.187500 0.243137
vt  0.189453 0.376471
vt  0.222656 0.376471
vt  0.181641 0.333333
vt  0.228516 0.333333
vt  0.183594 0.360784
vt  0.179688 0.462745
vt  0.189453 0.376471
vt  0.185547 0.470588
vt  0.166016 0.647059
vt  0.177734 0.576471
vt  0.167969 0.662745
vt  0.183594 0.572549
vt  0.228516 0.572549
vt  0.183594 0.572549
vt  0.244141 0.662745
vt  0.167969 0.662745
vt  0.185547 0.470588
vt  0.224609 0.470588
vt  0.189453 0.376471
vt  0.222656 0.376471
vt  0.146484 0.658824
vt  0.150391 0.509804
vt  0.166016 0.647059
vt  0.177734 0.576471
vt  0.089844 0.356863
vt  0.070313 0.356863
vt  0.080078 0.407843
vt  0.058594 0.407843
vt  0.052734 0.443137
vt  0.058594 0.407843
vt  0.074219 0.443137
vt  0.080078 0.407843
vt  0.062500 0.521569
vt  0.044922 0.521569
vt  0.058594 0.556863
vt  0.041016 0.556863
vt  0.046875 0.588235
vt  0.031250 0.588235
vt  0.058594 0.556863
vt  0.039063 0.556863
vt  0.025391 0.627451
vt  0.031250 0.670588
vt  0.037109 0.627451
vt  0.050781 0.670588
vt  0.009766 0.298039
vt  0.009766 0.200000
vt  0.080078 0.247059
vt  0.078125 0.200000
vt  0.078125 0.200000
vt  0.097656 0.200000
vt  0.070313 0.058824
vt  0.087891 0.058824
vt  0.009766 0.200000
vt  0.078125 0.200000
vt  0.009766 0.058824
vt  0.070313 0.058824
vt  0.009766 0.058824
vt  0.070313 0.058824
vt  0.009766 0.200000
vt  0.078125 0.200000
vt  0.080078 0.247059
vt  0.078125 0.200000
vt  0.009766 0.298039
vt  0.009766 0.200000
vt  0.046875 0.713725
vt  0.050781 0.670588
vt  0.035156 0.737255
vt  0.021484 0.749020
vt  0.033203 0.737255
vt  0.019531 0.749020
vt  0.044922 0.713725
vt  0.050781 0.670588
vt  0.015625 0.721569
vt  0.003906 0.721569
vt  0.021484 0.749020
vt  0.000000 0.749020
vt  0.158203 0.254902
vt  0.167969 0.258824
vt  0.154297 0.298039
vt  0.166016 0.305882
vt  0.150391 0.254902
vt  0.158203 0.254902
vt  0.146484 0.290196
vt  0.154297 0.298039
vt  0.148438 0.254902
vt  0.146484 0.290196
vt  0.158203 0.254902
vt  0.154297 0.298039
vt  0.078125 0.200000
vt  0.080078 0.247059
vt  0.097656 0.200000
vt  0.101563 0.247059
vt  0.058594 0.407843
vt  0.070313 0.356863
vt  0.080078 0.407843
vt  0.089844 0.356863
vt  0.101563 0.058824
vt  0.109375 0.200000
vt  0.126953 0.090196
vt  0.130859 0.196078
vt  0.130859 0.196078
vt  0.126953 0.270588
vt  0.109375 0.200000
vt  0.107422 0.247059
vt  0.146484 0.196078
vt  0.130859 0.196078
vt  0.160156 0.152941
vt  0.126953 0.090196
vt  0.070313 0.356863
vt  0.009766 0.298039
vt  0.058594 0.407843
vt  0.009766 0.392157
vt  0.025391 0.627451
vt  0.031250 0.588235
vt  0.037109 0.627451
vt  0.046875 0.588235
vt  0.048828 0.588235
vt  0.058594 0.556863
vt  0.033203 0.588235
vt  0.041016 0.556863
vt  0.074219 0.443137
vt  0.080078 0.407843
vt  0.052734 0.443137
vt  0.058594 0.407843
vt  0.048828 0.482353
vt  0.052734 0.443137
vt  0.068359 0.482353
vt  0.074219 0.443137
vt  0.099609 0.247059
vt  0.089844 0.356863
vt  0.080078 0.247059
vt  0.070313 0.356863
vt  0.080078 0.247059
vt  0.070313 0.356863
vt  0.101563 0.247059
vt  0.089844 0.356863
vt  0.044922 0.521569
vt  0.062500 0.521569
vt  0.048828 0.482353
vt  0.070313 0.482353
vt  0.042969 0.521569
vt  0.062500 0.521569
vt  0.039063 0.556863
vt  0.058594 0.556863
vt  0.150391 0.509804
vt  0.144531 0.658824
vt  0.175781 0.576471
vt  0.166016 0.647059
vt  0.107422 0.247059
vt  0.087891 0.356863
vt  0.125000 0.270588
vt  0.111328 0.360784
vt  0.111328 0.360784
vt  0.087891 0.356863
vt  0.126953 0.270588
vt  0.107422 0.247059
vt  0.009766 0.298039
vt  0.070313 0.356863
vt  0.009766 0.392157
vt  0.058594 0.407843
vt  0.052734 0.443137
vt  0.058594 0.407843
vt  0.009766 0.462745
vt  0.009766 0.392157
vt  0.052734 0.443137
vt  0.009766 0.462745
vt  0.058594 0.407843
vt  0.009766 0.392157
vt  0.160156 0.458824
vt  0.181641 0.462745
vt  0.150391 0.509804
vt  0.177734 0.576471
vt  0.189453 0.376471
vt  0.187500 0.470588
vt  0.183594 0.360784
vt  0.181641 0.462745
vt  0.228516 0.572549
vt  0.224609 0.470588
vt  0.183594 0.572549
vt  0.185547 0.470588
vt  0.183594 0.572549
vt  0.185547 0.470588
vt  0.175781 0.576471
vt  0.179688 0.462745
vt  0.175781 0.576471
vt  0.179688 0.462745
vt  0.150391 0.509804
vt  0.160156 0.458824
vt  0.074219 0.521569
vt  0.099609 0.549020
vt  0.085938 0.482353
vt  0.103516 0.498039
vt  0.085938 0.745098
vt  0.070313 0.737255
vt  0.091797 0.694118
vt  0.068359 0.713725
vt  0.091797 0.694118
vt  0.068359 0.713725
vt  0.085938 0.745098
vt  0.068359 0.737255
vt  0.050781 0.670588
vt  0.019531 0.749020
vt  0.029297 0.670588
vt  0.013672 0.721569
vt  0.021484 0.749020
vt  0.050781 0.670588
vt  0.015625 0.721569
vt  0.031250 0.670588
# 726 texture coordinates

vn  -0.905605 -0.066406 -0.304908
vn  -0.801319 0.364300 -0.377394
vn  -0.908878 0.096804 0.286202
vn  -0.799916 0.477003 0.222134
vn  -0.726495 -0.613090 0.116679
vn  -0.837562 0.440293 -0.147777
vn  -0.722754 -0.624079 0.072018
vn  -0.911684 0.276615 0.097037
vn  0.912386 0.282227 0.068978
vn  0.728599 -0.620104 0.042322
vn  0.818622 0.377160 0.322679
vn  0.860477 -0.272172 0.320107
vn  0.307714 0.902097 -0.090023
vn  0.796175 0.483550 0.220497
vn  0.129305 0.864452 0.390722
vn  -0.611920 0.690953 0.254869
vn  -0.406388 0.866790 -0.016602
vn  -0.287137 0.907709 0.101714
vn  -0.775598 0.432577 -0.357986
vn  -0.789628 -0.463441 -0.281058
vn  -0.733042 -0.615895 -0.025019
vn  0.843875 0.364533 -0.267730
vn  0.730704 -0.415741 -0.458531
vn  0.610985 -0.715505 0.177473
vn  0.943718 0.161339 -0.011925
vn  0.553230 0.779339 0.055417
vn  0.368275 0.735146 -0.490331
vn  -0.945121 0.154792 0.002572
vn  -0.606309 -0.719714 0.177707
vn  -0.850188 0.350036 -0.268197
vn  -0.558842 0.775832 0.053546
vn  -0.372016 0.733042 -0.491267
vn  0.044193 0.804125 -0.517923
vn  0.402647 0.795005 -0.350036
vn  0.600931 0.408025 -0.624079
vn  0.628522 0.643253 -0.328524
vn  0.597189 0.582225 0.470222
vn  0.539435 0.785419 0.093062
vn  0.676456 0.331798 0.590408
vn  -0.787991 -0.427666 -0.336942
vn  0.213950 -0.930858 0.068978
vn  0.781911 -0.320808 -0.450347
vn  0.097973 -0.022915 0.952136
vn  -0.545280 0.780742 0.099843
vn  -0.581757 0.583861 0.487292
vn  -0.809970 0.374354 0.347230
vn  -0.844810 -0.280123 0.353777
vn  -0.625716 0.347698 0.636004
vn  0.797811 0.371314 -0.377394
vn  0.071083 0.734912 -0.609816
vn  0.845512 0.329226 -0.305843
vn  0.744265 -0.600697 0.046297
vn  0.776767 0.445671 -0.338579
vn  0.748240 -0.597657 -0.003274
vn  -0.674819 0.646293 -0.209741
vn  -0.404751 0.834054 -0.239905
vn  -0.630393 0.637641 -0.335773
vn  -0.412000 0.791966 -0.346295
vn  -0.601866 0.405219 -0.625015
vn  -0.072486 0.734912 -0.609348
vn  -0.048402 0.803891 -0.518157
vn  0.194776 0.933898 -0.081371
vn  -0.263053 0.877312 0.278953
vn  0.257441 0.879183 0.277784
vn  0.282461 0.909346 0.099142
vn  -0.197115 0.933430 -0.081839
vn  0.401945 0.868894 -0.018940
vn  0.341151 0.192906 -0.873805
vn  -0.346061 0.178642 -0.874974
vn  0.088620 -0.781677 -0.546216
vn  -0.084177 -0.782847 -0.545514
vn  -0.441228 -0.411532 -0.743798
vn  -0.332733 0.483550 -0.756658
vn  0.329693 0.485655 -0.756658
vn  0.761802 0.575911 0.067809
vn  -0.768116 0.566558 0.077396
vn  -0.211144 -0.913789 0.193607
vn  -0.103351 -0.944887 0.116913
vn  0.002338 -0.925480 0.246452
vn  -0.222835 -0.913789 0.180747
vn  0.499684 -0.802254 0.153155
vn  0.141932 -0.944186 0.075526
vn  0.206935 -0.884794 0.302570
vn  0.730937 -0.613090 0.082306
vn  -0.069212 -0.932495 0.206701
vn  -0.055884 -0.956111 -0.007950
vn  -0.069212 -0.952604 -0.069446
vn  0.587135 0.684874 -0.320808
vn  0.871466 0.239203 -0.316365
vn  0.771389 0.503192 -0.261650
vn  0.905371 -0.050974 -0.307480
vn  0.607010 0.695864 0.252531
vn  -0.308883 0.901864 -0.089789
vn  -0.785419 0.547618 0.018940
vn  -0.130474 0.864452 0.390254
vn  -0.666635 -0.569364 -0.385344
vn  0.260247 -0.921505 -0.010990
vn  -0.495242 -0.805060 0.154325
vn  0.228447 -0.912152 0.181448
vn  -0.231253 -0.854865 0.364300
vn  -0.204363 -0.885496 0.302102
vn  0.664765 0.654009 -0.216990
vn  0.670143 -0.563752 -0.387448
vn  -0.848318 0.316132 -0.311923
vn  0.723923 0.621040 -0.081605
vn  0.832651 0.442865 -0.164379
vn  -0.729301 0.616129 -0.074123
vn  0.805761 -0.321042 -0.405687
vn  -0.215119 -0.891341 -0.276615
vn  -0.095401 -0.008652 0.952604
vn  -0.768349 -0.277550 -0.499684
vn  0.767180 -0.276849 -0.501555
vn  0.217457 -0.887834 -0.285734
vn  0.097271 -0.008652 0.952604
vn  -0.805995 -0.321042 -0.405687
vn  0.757126 -0.452685 -0.372483
vn  -0.258611 -0.702411 -0.597657
vn  -0.208104 0.001871 0.934599
vn  -0.722052 -0.172095 -0.605373
vn  0.720415 -0.171628 -0.607010
vn  0.257909 -0.698436 -0.602567
vn  0.209741 0.002104 0.934131
vn  -0.757360 -0.452685 -0.372483
vn  0.746604 -0.377628 -0.465780
vn  0.273342 -0.892277 -0.214885
vn  0.145673 0.190567 0.926883
vn  -0.806931 -0.410831 -0.312157
vn  0.806697 -0.410831 -0.312157
vn  -0.271939 -0.895550 -0.203428
vn  -0.143335 0.190801 0.927351
vn  -0.748240 -0.377861 -0.463208
vn  0.761101 -0.337644 -0.473028
vn  -0.056352 -0.954240 -0.058222
vn  -0.022681 -0.278018 0.915893
vn  -0.823065 -0.134917 -0.470690
vn  0.822831 -0.134917 -0.470690
vn  0.056118 -0.954240 -0.058222
vn  0.022447 -0.278018 0.915893
vn  -0.761335 -0.337644 -0.473028
vn  0.761101 -0.378797 -0.440760
vn  -0.056352 -0.955643 0.027591
vn  -0.022681 -0.194543 0.937171
vn  -0.823065 -0.176772 -0.456661
vn  0.822831 -0.176772 -0.456661
vn  0.056118 -0.955643 0.027591
vn  0.022447 -0.194543 0.937171
vn  -0.761335 -0.378797 -0.440760
vn  0.749176 -0.454790 -0.385811
vn  0.031333 -0.941848 0.171160
vn  0.012627 -0.032969 0.956812
vn  -0.831716 -0.250661 -0.403115
vn  0.831482 -0.250661 -0.403115
vn  -0.031566 -0.941848 0.171160
vn  -0.012860 -0.032969 0.956812
vn  -0.749410 -0.454790 -0.385811
vn  0.761101 -0.451516 -0.365703
vn  -0.056352 -0.935301 0.198050
vn  -0.022681 -0.023616 0.957046
vn  -0.823065 -0.255571 -0.417612
vn  0.822831 -0.255571 -0.417612
vn  0.056118 -0.935301 0.198050
vn  0.022447 -0.023616 0.957046
vn  -0.761335 -0.451516 -0.365936
vn  0.787523 -0.430004 -0.334604
vn  -0.215821 -0.929455 0.082073
vn  -0.098440 -0.022681 0.952136
vn  -0.783080 -0.320340 -0.448944
vn  -0.776533 0.496411 -0.259780
vn  0.460402 0.839432 -0.002338
vn  -0.466949 0.835925 -0.008184
vn  0.396100 0.838029 -0.239671
vn  -0.589006 0.683705 -0.320340
vn  -0.875909 0.227746 -0.313092
vn  0.778638 0.556738 0.017537
vn  0.794304 -0.453621 -0.283396
vn  0.649566 -0.658452 -0.248322
vn  -0.695630 -0.657282 -0.040218
vn  0.118783 -0.912853 0.263989
vn  -0.644188 -0.664765 -0.245984
vn  0.141698 -0.943251 0.084645
vn  -0.126266 -0.949330 -0.004677
vn  -0.139126 -0.947226 -0.022213
vn  -0.730704 -0.618701 0.024785
vn  0.234293 -0.853696 0.364767
vn  -0.677158 -0.586433 -0.338579
vn  0.260481 -0.921271 0.019875
vn  -0.255805 -0.922908 -0.012860
vn  0.681133 -0.580354 -0.341151
vn  -0.256974 -0.922440 0.018238
vn  0.211378 -0.914490 0.189632
vn  0.002338 -0.943017 0.167419
vn  0.001169 -0.926649 0.242009
vn  0.009587 -0.946992 0.142400
vn  -0.003741 -0.933430 0.214184
vn  0.034138 -0.956579 0.029462
vn  0.127435 -0.946524 -0.069914
vn  0.093062 -0.953071 0.010288
vn  0.055417 -0.955643 -0.026890
vn  0.078331 -0.927584 0.224706
vn  -0.721117 -0.444268 -0.447307
vn  0.105221 -0.945121 0.113171
vn  0.446840 -0.384175 -0.754788
vn  0.907242 0.112704 0.284331
vn  -0.130007 -0.918465 0.238268
vn  0.700774 -0.650735 -0.048636
vn  0.000468 -0.952136 0.104052
# 206 vertex normals

g Object_7
usemtl Material_0
s 1
f 468/1639/428 577/1640/427 592/1641/426
f 445/1642/431 464/1643/430 465/1644/429
f 473/1645/434 600/1646/433 475/1647/432
f 426/1648/437 618/1649/436 424/1650/435
f 424/1651/435 443/1652/438 426/1653/437
f 422/1654/440 545/1655/439 424/1656/435
f 418/1657/443 416/1658/442 439/1659/441
f 420/1660/445 418/1661/443 544/1662/444
f 449/1663/424 542/1664/451 423/1665/450
f 541/1666/455 538/1667/454 540/1668/453
f 540/1669/453 538/1670/454 539/1671/456
f 539/1672/456 538/1673/454 541/1674/455
f 446/1675/459 417/1676/458 543/1677/457
f 428/1678/463 578/1679/462 460/1680/448
f 427/1681/473 467/1682/472 575/1683/415
f 451/1684/475 466/1685/474 427/1686/473
f 428/1687/463 452/1688/479 592/1689/426
f 453/1690/484 619/1691/485 454/1692/482
f 420/1693/445 546/1694/486 418/1695/443
f 422/1696/440 424/1697/435 547/1698/487
f 443/1699/438 424/1700/435 442/1701/488
f 439/1702/441 440/1703/489 418/1704/443
f 570/1705/492 573/1706/491 572/1707/490
f 432/1708/502 474/1709/466 477/1710/501
f 460/1711/448 457/1712/504 456/1713/503
f 447/1714/478 463/1715/505 462/1716/480
f 427/1717/473 591/1718/506 451/1719/475
f 465/1720/429 543/1721/457 445/1722/431
f 465/1723/429 581/1724/416 582/1725/507
f 452/1726/479 428/1727/463 461/1728/446
f 462/1729/480 463/1730/505 452/1731/479
f 464/1732/430 451/1733/475 465/1734/429
f 469/1735/508 576/1736/417 465/1737/429
f 467/1738/472 427/1739/473 466/1740/474
f 460/1741/448 461/1742/446 428/1743/463
f 444/1744/494 443/1745/438 608/1746/516
f 441/1747/511 605/1748/509 439/1749/441
f 431/1750/519 456/1751/503 589/1752/518
f 479/1753/523 478/1754/522 481/1755/521
f 480/1756/524 478/1757/522 479/1758/523
f 481/1759/521 478/1760/522 480/1761/524
f 483/1762/527 482/1763/526 485/1764/525
f 484/1765/528 482/1766/526 483/1767/527
f 485/1768/525 482/1769/526 484/1770/528
f 487/1771/531 486/1772/530 489/1773/529
f 488/1774/532 486/1775/530 487/1776/531
f 489/1777/529 486/1778/530 488/1779/532
f 491/1780/535 490/1781/534 493/1782/533
f 492/1783/536 490/1784/534 491/1785/535
f 493/1786/533 490/1787/534 492/1788/536
f 495/1789/539 494/1790/538 497/1791/537
f 496/1792/540 494/1793/538 495/1794/539
f 497/1795/537 494/1796/538 496/1797/540
f 499/1798/543 498/1799/542 501/1800/541
f 500/1801/544 498/1802/542 499/1803/543
f 501/1804/541 498/1805/542 500/1806/544
f 503/1807/547 502/1808/546 505/1809/545
f 504/1810/548 502/1811/546 503/1812/547
f 505/1813/545 502/1814/546 504/1815/548
f 507/1816/551 506/1817/550 509/1818/549
f 508/1819/552 506/1820/550 507/1821/551
f 509/1822/549 506/1823/550 508/1824/552
f 511/1825/555 510/1826/554 513/1827/553
f 512/1828/556 510/1829/554 511/1830/555
f 513/1831/553 510/1832/554 512/1833/556
f 515/1834/559 514/1835/558 517/1836/557
f 516/1837/560 514/1838/558 515/1839/559
f 517/1840/557 514/1841/558 516/1842/560
f 519/1843/563 518/1844/562 521/1845/561
f 520/1846/564 518/1847/562 519/1848/563
f 521/1849/561 518/1850/562 520/1851/564
f 523/1852/567 522/1853/566 525/1854/565
f 524/1855/568 522/1856/566 523/1857/567
f 525/1858/565 522/1859/566 524/1860/568
f 527/1861/571 526/1862/570 529/1863/569
f 528/1864/572 526/1865/570 527/1866/571
f 529/1867/569 526/1868/570 528/1869/572
f 531/1870/575 530/1871/574 533/1872/573
f 532/1873/576 530/1874/574 531/1875/575
f 533/1876/573 530/1877/574 532/1878/576
f 535/1879/579 534/1880/578 537/1881/577
f 536/1882/580 534/1883/578 535/1884/579
f 537/1885/577 534/1886/578 536/1887/580
f 433/1888/419 590/1889/520 580/1890/581
f 431/1891/519 589/1892/518 587/1893/422
f 463/1894/505 447/1895/478 542/1896/451
f 447/1897/478 421/1898/477 542/1899/451
f 445/1900/431 543/1901/457 419/1902/476
f 442/1903/488 545/1904/439 549/1905/582
f 442/1906/488 424/1907/435 545/1908/439
f 440/1909/489 544/1910/444 418/1911/443
f 455/1912/481 547/1913/487 424/1914/435
f 454/1915/482 418/1916/443 546/1917/486
f 444/1918/494 426/1919/437 443/1920/438
f 441/1921/511 439/1922/441 416/1923/442
f 440/1924/489 548/1925/583 544/1926/444
f 434/1927/586 433/1928/419 476/1929/585
f 432/1930/502 477/1931/501 431/1932/519
f 463/1933/505 542/1934/451 458/1935/587
f 465/1936/429 582/1937/507 543/1938/457
f 436/1939/589 597/1940/588 432/1941/502
f 568/1942/493 567/1943/604 570/1944/492
f 568/1945/493 607/1946/600 567/1947/604
f 566/1948/602 604/1949/513 556/1950/605
f 564/1951/514 598/1952/594 555/1953/606
f 563/1954/496 555/1955/606 599/1956/495
f 565/1957/599 556/1958/605 601/1959/597
f 565/1960/599 606/1961/510 556/1962/605
f 569/1963/512 570/1964/492 567/1965/604
f 570/1966/492 574/1967/614 573/1968/491
f 555/1969/606 556/1970/605 564/1971/514
f 555/1972/606 563/1973/496 556/1974/605
f 570/1975/492 572/1976/490 568/1977/493
f 570/1978/492 571/1979/603 574/1980/614
f 570/1981/492 569/1982/512 571/1983/603
f 468/1984/428 463/1985/505 577/1986/427
f 427/1987/473 575/1988/415 591/1989/506
f 463/1990/505 458/1991/587 459/1992/616
f 460/1993/448 456/1994/503 477/1995/501
f 463/1996/505 459/1997/616 577/1998/427
f 460/1999/448 578/2000/462 457/2001/504
f 467/2002/472 579/2003/414 575/2004/415
f 467/2005/472 580/2006/581 579/2007/414
f 467/2008/472 476/2009/585 580/2010/581
f 465/2011/429 576/2012/417 581/2013/416
f 438/2014/592 593/2015/590 434/2016/586
f 436/2017/589 432/2018/502 596/2019/618
f 433/2020/419 588/2021/421 590/2022/520
f 431/2023/519 477/2024/501 456/2025/503
f 433/2026/419 580/2027/581 476/2028/585
f 469/2029/508 451/2030/475 591/2031/506
f 468/2032/428 592/2033/426 452/2034/479
f 428/2035/463 592/2036/426 578/2037/462
f 577/2038/427 578/2039/462 592/2040/426
f 469/2041/508 591/2042/506 576/2043/417
f 575/2044/415 576/2045/417 591/2046/506
f 469/2047/508 465/2048/429 451/2049/475
f 468/2050/428 452/2051/479 463/2052/505
f 434/2053/586 476/2054/585 475/2055/432
f 584/2056/612 594/2057/591 609/2058/607
f 585/2059/498 609/2060/607 595/2061/617
f 438/2062/592 434/2063/586 600/2064/433
f 472/2065/467 474/2066/466 597/2067/588
f 432/2068/502 597/2069/588 474/2070/466
f 434/2071/586 475/2072/432 600/2073/433
f 563/2074/496 601/2075/597 556/2076/605
f 564/2077/514 556/2078/605 604/2079/513
f 569/2080/512 567/2081/604 606/2082/510
f 566/2083/602 556/2084/605 607/2085/600
f 567/2086/604 556/2087/605 606/2088/510
f 567/2089/604 607/2090/600 556/2091/605
f 470/2092/601 610/2093/464 603/2094/465
f 471/2095/598 602/2096/596 611/2097/517
f 470/2098/601 608/2099/516 610/2100/464
f 610/2101/464 608/2102/516 443/2103/438
f 471/2104/598 611/2105/517 605/2106/509
f 611/2107/517 439/2108/441 605/2109/509
f 414/2110/483 455/2111/481 617/2112/615
f 416/2113/442 418/2114/443 616/2115/613
f 419/2116/476 543/2117/457 417/2118/458
f 421/2119/477 423/2120/450 542/2121/451
f 458/2122/587 589/2123/518 456/2124/503
f 582/2125/507 580/2126/581 590/2127/520
f 589/2128/518 458/2129/587 542/2130/451
f 590/2131/520 543/2132/457 582/2133/507
f 579/2135/414 581/2134/416 576/2136/417 575/2137/415
f 586/2139/418 437/2138/420 588/2140/421 433/2141/419
f 450/2143/425 435/2142/423 587/2144/422 449/2145/424
f 420/2147/445 544/2146/444 545/2148/439 422/2149/440
f 461/2151/446 460/2150/448 430/2152/449 551/2153/447
f 449/2155/424 423/2154/450 425/2156/452 450/2157/425
f 448/2159/460 415/2158/461 417/2160/458 446/2161/459
f 472/2163/467 603/2162/465 610/2164/464 474/2165/466
f 550/2167/471 614/2166/469 612/2168/468 429/2169/470
f 447/2171/478 445/2170/431 419/2172/476 421/2173/477
f 462/2175/480 464/2174/430 445/2176/431 447/2177/478
f 454/2179/482 455/2178/481 414/2180/483 453/2181/484
f 568/2183/493 572/2182/490 426/2184/437 444/2185/494
f 600/2187/433 473/2186/434 563/2188/496 599/2189/495
f 583/2191/497 435/2190/423 560/2192/499 585/2193/498
f 560/2195/499 435/2194/423 450/2196/425 557/2197/500
f 422/2199/440 547/2198/487 546/2200/486 420/2201/445
f 464/2203/430 462/2202/480 452/2204/479 451/2205/475
f 461/2207/446 466/2206/474 451/2208/475 452/2209/479
f 605/2211/509 441/2210/511 569/2212/512 606/2213/510
f 604/2215/513 603/2214/465 472/2216/467 564/2217/514
f 615/2219/515 610/2218/464 443/2220/438 442/2221/488
f 612/2223/468 440/2222/489 439/2224/441 611/2225/517
f 543/2227/457 590/2226/520 588/2228/421 446/2229/459
f 454/2231/482 546/2230/486 547/2232/487 455/2233/481
f 548/2235/583 549/2234/582 545/2236/439 544/2237/444
f 615/2239/515 442/2238/488 549/2240/582 613/2241/584
f 429/2243/470 467/2242/472 466/2244/474 550/2245/471
f 551/2247/447 550/2246/471 466/2248/474 461/2249/446
f 614/2251/469 613/2250/584 549/2252/582 548/2253/583
f 475/2255/432 476/2254/585 467/2256/472 429/2257/470
f 594/2259/591 593/2258/590 438/2260/592 561/2261/593
f 562/2263/595 598/2262/594 597/2264/588 436/2265/589
f 601/2267/597 602/2266/596 471/2268/598 565/2269/599
f 607/2271/600 608/2270/516 470/2272/601 566/2273/602
f 571/2275/603 569/2274/512 441/2276/511 416/2277/442
f 553/2279/608 609/2278/607 585/2280/498 560/2281/499
f 437/2283/420 559/2282/610 558/2284/609 448/2285/460
f 559/2287/610 553/2286/608 552/2288/611 558/2289/609
f 557/2291/500 552/2290/611 553/2292/608 560/2293/499
f 559/2295/610 584/2294/612 609/2296/607 553/2297/608
f 416/2299/442 616/2298/613 619/2300/485 453/2301/484
f 414/2303/483 617/2302/615 618/2304/436 426/2305/437
f 573/2307/491 574/2306/614 453/2308/484 414/2309/483
f 577/2311/427 459/2310/616 457/2312/504 578/2313/462
f 459/2315/616 458/2314/587 456/2316/503 457/2317/504
f 580/2319/581 582/2318/507 581/2320/416 579/2321/414
f 584/2323/612 559/2322/610 437/2324/420 586/2325/418
f 595/2327/617 562/2326/595 436/2328/589 596/2329/618
f 437/2331/420 448/2330/460 446/2332/459 588/2333/421
f 431/2335/519 587/2334/422 435/2336/423 583/2337/497
f 587/2339/422 589/2338/518 542/2340/451 449/2341/424
f 609/2343/607 594/2342/591 561/2344/593 554/2345/619
f 607/2347/600 568/2346/493 444/2348/494 608/2349/516
f 471/2351/598 605/2350/509 606/2352/510 565/2353/599
f 438/2355/592 600/2354/433 599/2356/495 561/2357/593
f 598/2359/594 564/2358/514 472/2360/467 597/2361/588
f 596/2363/618 583/2362/497 585/2364/498 595/2365/617
f 594/2367/591 584/2366/612 586/2368/418 593/2369/590
f 602/2371/596 601/2370/597 563/2372/496 473/2373/434
f 603/2375/465 604/2374/513 566/2376/602 470/2377/601
f 477/2379/501 474/2378/466 430/2380/449 460/2381/448
f 593/2383/590 586/2382/418 433/2384/419 434/2385/586
f 596/2387/618 432/2386/502 431/2388/519 583/2389/497
f 595/2391/617 609/2390/607 554/2392/619 562/2393/595
f 561/2395/593 599/2394/495 555/2396/606 554/2397/619
f 555/2399/606 598/2398/594 562/2400/595 554/2401/619
f 612/2403/468 611/2402/517 475/2404/432 429/2405/470
f 614/2407/469 548/2406/583 440/2408/489 612/2409/468
f 614/2411/469 550/2410/471 551/2412/447 613/2413/584
f 613/2415/584 551/2414/447 430/2416/449 615/2417/515
f 615/2419/515 430/2418/449 474/2420/466 610/2421/464
f 611/2423/517 602/2422/596 473/2424/434 475/2425/432
f 617/2427/615 455/2426/481 424/2428/435 618/2429/436
f 616/2431/613 418/2430/443 454/2432/482 619/2433/485
f 414/2435/483 426/2434/437 572/2436/490 573/2437/491
f 416/2439/442 453/2438/484 574/2440/614 571/2441/603
# 242 faces

g
v  -14.340000 -17.000000 -66.520004
v  -14.340000 16.660001 -66.520004
v  -14.340000 -14.420000 -72.420004
v  -14.340000 13.240001 -73.900004
v  -8.460000 -15.219999 -66.520004
v  -6.980000 13.240001 -66.520004
v  -14.340000 -14.420000 -60.640004
v  -14.340000 13.240001 -59.160004
v  -8.420000 9.080001 -72.860004
v  -21.720000 13.240001 -66.520004
v  -10.460000 -15.219999 -70.680004
v  -16.260000 -12.660000 -63.820004
v  -9.480000 13.240001 -71.720004
v  -19.220000 13.240001 -61.340004
v  -9.480000 13.240001 -61.340004
v  -19.220000 13.240001 -71.720004
v  -16.260000 -12.660000 -69.240004
v  -10.460000 -15.219999 -62.380004
v  -14.340000 -11.379999 -74.120004
v  -21.940000 -5.059999 -66.520004
v  -23.340000 9.080001 -66.520004
v  -5.360001 9.080001 -66.520004
v  -20.280000 9.080001 -60.200004
v  -19.380000 -6.599998 -61.180004
v  -19.380000 -6.599998 -71.880004
v  -14.340000 9.080001 -57.540005
v  -14.340000 -11.379999 -58.940004
v  -14.340000 9.080001 -75.520004
v  -8.420000 9.080001 -60.200004
v  -9.320000 -12.180000 -61.180004
v  -9.320000 -12.180000 -71.880004
v  -20.280000 9.080001 -72.860004
v  -6.760000 -12.180000 -66.520004
# 33 vertices

vt  0.783203 0.823529
vt  0.794922 0.819608
vt  0.783203 0.807843
vt  0.816406 0.972549
vt  0.802734 0.972549
vt  0.816406 0.988235
vt  0.816406 0.819608
vt  0.830078 0.819608
vt  0.816406 0.807843
vt  0.851563 0.972549
vt  0.837891 0.972549
vt  0.851563 0.988235
vt  0.867188 0.823529
vt  0.875000 0.831373
vt  0.882813 0.807843
vt  0.882813 0.972549
vt  0.869141 0.972549
vt  0.882813 0.988235
vt  0.785156 0.972549
vt  0.771484 0.972549
vt  0.785156 0.988235
vt  0.875000 0.831373
vt  0.890625 0.831373
vt  0.882813 0.807843
vt  0.875000 0.831373
vt  0.867188 0.823529
vt  0.867188 0.862745
vt  0.851563 0.972549
vt  0.851563 0.988235
vt  0.865234 0.972549
vt  0.816406 0.972549
vt  0.816406 0.988235
vt  0.832031 0.972549
vt  0.851563 0.823529
vt  0.851563 0.807843
vt  0.839844 0.819608
vt  0.816406 0.819608
vt  0.816406 0.807843
vt  0.806641 0.819608
vt  0.785156 0.972549
vt  0.785156 0.988235
vt  0.798828 0.972549
vt  0.882813 0.972549
vt  0.882813 0.988235
vt  0.898438 0.972549
vt  0.900391 0.823529
vt  0.882813 0.807843
vt  0.890625 0.831373
vt  0.867188 0.862745
vt  0.882813 0.874510
vt  0.875000 0.831373
vt  0.890625 0.831373
vt  0.898438 0.862745
vt  0.900391 0.823529
vt  0.851563 0.839216
vt  0.865234 0.862745
vt  0.851563 0.823529
vt  0.783203 0.839216
vt  0.783203 0.823529
vt  0.769531 0.862745
vt  0.898438 0.862745
vt  0.890625 0.831373
vt  0.882813 0.874510
vt  0.890625 0.831373
vt  0.875000 0.831373
vt  0.882813 0.874510
vt  0.798828 0.949020
vt  0.816406 0.949020
vt  0.802734 0.972549
vt  0.816406 0.972549
vt  0.833984 0.949020
vt  0.851563 0.949020
vt  0.837891 0.972549
vt  0.851563 0.972549
vt  0.865234 0.949020
vt  0.882813 0.949020
vt  0.869141 0.972549
vt  0.882813 0.972549
vt  0.767578 0.949020
vt  0.783203 0.949020
vt  0.771484 0.972549
vt  0.785156 0.972549
vt  0.830078 0.819608
vt  0.832031 0.835294
vt  0.816406 0.819608
vt  0.816406 0.835294
vt  0.794922 0.819608
vt  0.798828 0.835294
vt  0.783203 0.823529
vt  0.783203 0.839216
vt  0.869141 0.949020
vt  0.865234 0.972549
vt  0.851563 0.949020
vt  0.851563 0.972549
vt  0.900391 0.949020
vt  0.898438 0.972549
vt  0.882813 0.949020
vt  0.882813 0.972549
vt  0.800781 0.949020
vt  0.798828 0.972549
vt  0.783203 0.949020
vt  0.785156 0.972549
vt  0.816406 0.819608
vt  0.816406 0.835294
vt  0.806641 0.819608
vt  0.802734 0.835294
vt  0.835938 0.949020
vt  0.832031 0.972549
vt  0.816406 0.949020
vt  0.816406 0.972549
vt  0.851563 0.823529
vt  0.851563 0.839216
vt  0.839844 0.819608
vt  0.837891 0.835294
vt  0.865234 0.862745
vt  0.869141 0.949020
vt  0.851563 0.839216
vt  0.851563 0.949020
vt  0.882813 0.874510
vt  0.882813 0.949020
vt  0.867188 0.862745
vt  0.865234 0.949020
vt  0.882813 0.949020
vt  0.882813 0.874510
vt  0.900391 0.949020
vt  0.898438 0.862745
vt  0.769531 0.862745
vt  0.783203 0.839216
vt  0.767578 0.949020
vt  0.783203 0.949020
vt  0.783203 0.839216
vt  0.798828 0.835294
vt  0.783203 0.949020
vt  0.800781 0.949020
vt  0.802734 0.835294
vt  0.816406 0.835294
vt  0.798828 0.949020
vt  0.816406 0.949020
vt  0.832031 0.835294
vt  0.835938 0.949020
vt  0.816406 0.835294
vt  0.816406 0.949020
vt  0.851563 0.839216
vt  0.851563 0.949020
vt  0.837891 0.835294
vt  0.833984 0.949020
# 126 texture coordinates

vn  -0.351439 -0.890874 0.000000
vn  0.372951 -0.743096 -0.475367
vn  -0.466481 -0.637875 -0.541305
vn  0.658685 0.140763 -0.680665
vn  0.946290 0.146141 0.000000
vn  0.488928 0.652138 -0.502490
vn  0.689317 0.664531 0.000000
vn  0.000000 0.957514 0.000000
vn  0.369911 -0.746838 0.471625
vn  0.588772 -0.755255 0.000000
vn  0.658685 0.141464 0.680197
vn  -0.014731 0.146608 0.946057
vn  0.488928 0.652138 0.502256
vn  0.000000 0.663362 0.690486
vn  -0.810672 -0.493137 0.130241
vn  -0.466715 -0.640681 0.537330
vn  -0.673416 0.135619 0.667103
vn  -0.948629 0.132345 0.000468
vn  -0.489162 0.652138 0.502256
vn  -0.689550 0.664531 0.000000
vn  -0.678093 0.127435 -0.664297
vn  -0.019407 0.140529 -0.947226
vn  -0.489162 0.652138 -0.502490
vn  0.000000 0.663362 -0.690720
vn  -0.810672 -0.493137 -0.130474
vn  -0.752683 -0.319639 0.498281
vn  0.627587 -0.270068 0.670844
vn  0.917530 -0.273575 0.000000
vn  0.628288 -0.264924 -0.672247
vn  -0.115042 -0.265392 -0.913087
vn  -0.880585 -0.376458 0.000234
vn  -0.753385 -0.325017 -0.494073
vn  -0.112470 -0.264456 0.913321
# 33 vertex normals

g Object_8
usemtl Material_0
s 1
f 622/2442/622 630/2443/621 620/2444/620
f 625/2445/626 632/2446/625 621/2447/627
f 624/2448/629 637/2449/628 620/2450/620
f 627/2451/633 634/2452/632 621/2453/627
f 626/2454/635 631/2455/634 620/2456/620
f 629/2457/639 633/2458/638 621/2459/627
f 623/2460/643 635/2461/642 621/2462/627
f 631/2463/634 636/2464/644 620/2465/620
f 631/2466/634 626/2467/635 643/2468/645
f 627/2469/633 621/2470/627 633/2471/638
f 625/2472/626 621/2473/627 634/2474/632
f 626/2475/635 620/2476/620 637/2477/628
f 624/2478/629 620/2479/620 630/2480/621
f 623/2481/643 621/2482/627 632/2483/625
f 629/2484/639 621/2485/627 635/2486/642
f 622/2487/622 620/2488/620 636/2489/644
f 643/2490/645 639/2491/650 631/2492/634
f 636/2493/644 644/2494/651 622/2495/622
f 646/2496/652 643/2497/645 626/2498/635
f 638/2499/649 622/2500/622 644/2501/651
f 644/2502/651 636/2503/644 639/2504/650
f 636/2505/644 631/2506/634 639/2507/650
f 641/2509/624 628/2508/623 632/2510/625 625/2511/626
f 645/2513/631 648/2512/630 634/2514/632 627/2515/633
f 640/2517/637 642/2516/636 633/2518/638 629/2519/639
f 647/2521/641 651/2520/640 635/2522/642 623/2523/643
f 649/2525/646 637/2524/628 624/2526/629 652/2527/647
f 650/2529/648 630/2528/621 622/2530/622 638/2531/649
f 633/2533/638 642/2532/636 645/2534/631 627/2535/633
f 635/2537/642 651/2536/640 640/2538/637 629/2539/639
f 632/2541/625 628/2540/623 647/2542/641 623/2543/643
f 652/2545/647 624/2544/629 630/2546/621 650/2547/648
f 634/2549/632 648/2548/630 641/2550/624 625/2551/626
f 646/2553/652 626/2552/635 637/2554/628 649/2555/646
f 642/2557/636 643/2556/645 646/2558/652 645/2559/631
f 640/2561/637 639/2560/650 643/2562/645 642/2563/636
f 639/2565/650 640/2564/637 651/2566/640 644/2567/651
f 638/2569/649 644/2568/651 651/2570/640 647/2571/641
f 650/2573/648 638/2572/649 647/2574/641 628/2575/623
f 652/2577/647 650/2576/648 628/2578/623 641/2579/624
f 648/2581/630 649/2580/646 652/2582/647 641/2583/624
f 645/2585/631 646/2584/652 649/2586/646 648/2587/630
# 42 faces

g
v  -8.640000 -36.460001 -66.520004
v  -14.340000 -36.460001 -72.240004
v  -14.340000 -40.080000 -66.520004
v  -14.340000 -31.120001 -75.540005
v  -5.340000 -31.120001 -66.520004
v  -7.200000 -12.580000 -66.520004
v  -14.340000 -12.580000 -73.680004
v  -14.340000 -7.900000 -66.520004
v  -14.340000 -36.460001 -60.820004
v  -14.340000 -31.120001 -57.520004
v  -14.340000 -12.580000 -59.380004
v  -20.060000 -36.460001 -66.520004
v  -23.360001 -31.120001 -66.520004
v  -21.500000 -12.580000 -66.520004
v  -19.000000 -12.580000 -71.180004
v  -9.700000 -12.580000 -61.880004
v  -9.700000 -12.580000 -71.180004
v  -19.000000 -12.580000 -61.880004
v  -8.500000 -31.120001 -60.680004
v  -8.500000 -31.120001 -72.380004
v  -20.200000 -31.120001 -72.380004
v  -20.200000 -31.120001 -60.680004
v  -18.060000 -36.460001 -70.240004
v  -18.060000 -36.460001 -62.820004
v  -10.640000 -36.460001 -62.820004
v  -10.640000 -36.460001 -70.240004
# 26 vertices

vt  0.851563 0.643137
vt  0.839844 0.643137
vt  0.851563 0.623529
vt  0.818359 0.776471
vt  0.832031 0.776471
vt  0.818359 0.800000
vt  0.818359 0.643137
vt  0.808594 0.643137
vt  0.818359 0.623529
vt  0.785156 0.776471
vt  0.796875 0.776471
vt  0.785156 0.800000
vt  0.785156 0.643137
vt  0.773438 0.643137
vt  0.785156 0.623529
vt  0.882813 0.776471
vt  0.896484 0.776471
vt  0.882813 0.800000
vt  0.882813 0.643137
vt  0.873047 0.643137
vt  0.882813 0.623529
vt  0.849609 0.776471
vt  0.863281 0.776471
vt  0.849609 0.800000
vt  0.882813 0.776471
vt  0.882813 0.800000
vt  0.869141 0.776471
vt  0.851563 0.643137
vt  0.851563 0.623529
vt  0.861328 0.643137
vt  0.785156 0.643137
vt  0.785156 0.623529
vt  0.794922 0.643137
vt  0.818359 0.776471
vt  0.818359 0.800000
vt  0.804688 0.776471
vt  0.849609 0.776471
vt  0.849609 0.800000
vt  0.837891 0.776471
vt  0.818359 0.643137
vt  0.818359 0.623529
vt  0.828125 0.643137
vt  0.882813 0.643137
vt  0.882813 0.623529
vt  0.894531 0.643137
vt  0.785156 0.776471
vt  0.785156 0.800000
vt  0.771484 0.776471
vt  0.832031 0.776471
vt  0.835938 0.674510
vt  0.818359 0.776471
vt  0.818359 0.674510
vt  0.839844 0.643137
vt  0.833984 0.674510
vt  0.851563 0.643137
vt  0.851563 0.674510
vt  0.796875 0.776471
vt  0.800781 0.674510
vt  0.785156 0.776471
vt  0.785156 0.674510
vt  0.808594 0.643137
vt  0.802734 0.674510
vt  0.818359 0.643137
vt  0.818359 0.674510
vt  0.896484 0.776471
vt  0.900391 0.674510
vt  0.882813 0.776471
vt  0.882813 0.674510
vt  0.773438 0.643137
vt  0.767578 0.674510
vt  0.785156 0.643137
vt  0.785156 0.674510
vt  0.863281 0.776471
vt  0.867188 0.674510
vt  0.849609 0.776471
vt  0.851563 0.674510
vt  0.873047 0.643137
vt  0.867188 0.674510
vt  0.882813 0.643137
vt  0.882813 0.674510
vt  0.869141 0.776471
vt  0.882813 0.776471
vt  0.867188 0.674510
vt  0.882813 0.674510
vt  0.867188 0.674510
vt  0.861328 0.643137
vt  0.851563 0.674510
vt  0.851563 0.643137
vt  0.800781 0.674510
vt  0.794922 0.643137
vt  0.785156 0.674510
vt  0.785156 0.643137
vt  0.804688 0.776471
vt  0.818359 0.776471
vt  0.802734 0.674510
vt  0.818359 0.674510
vt  0.837891 0.776471
vt  0.849609 0.776471
vt  0.833984 0.674510
vt  0.851563 0.674510
vt  0.835938 0.674510
vt  0.828125 0.643137
vt  0.818359 0.674510
vt  0.818359 0.643137
vt  0.900391 0.674510
vt  0.894531 0.643137
vt  0.882813 0.674510
vt  0.882813 0.643137
vt  0.771484 0.776471
vt  0.785156 0.776471
vt  0.767578 0.674510
vt  0.785156 0.674510
# 96 texture coordinates

vn  0.000000 -0.957748 0.000000
vn  0.498048 -0.648631 -0.498281
vn  0.000000 -0.677625 -0.676690
vn  0.584797 0.482381 -0.585031
vn  0.661725 -0.202960 -0.661959
vn  0.808334 0.513012 0.000000
vn  0.932027 -0.219796 0.000000
vn  0.000000 -0.219796 -0.932261
vn  0.000000 0.957514 0.000000
vn  0.498048 -0.648631 0.498048
vn  0.676456 -0.677625 0.000000
vn  0.584797 0.482381 0.584797
vn  0.661725 -0.202960 0.661725
vn  0.000000 0.513012 0.808334
vn  0.000000 -0.219796 0.932027
vn  -0.498281 -0.648631 0.498048
vn  0.000000 -0.677625 0.676456
vn  -0.585031 0.482381 0.584797
vn  -0.661959 -0.202960 0.661725
vn  -0.808567 0.513012 0.000000
vn  -0.932261 -0.219796 0.000000
vn  -0.498281 -0.648631 -0.498281
vn  -0.676690 -0.677625 0.000000
vn  -0.585031 0.482381 -0.585031
vn  -0.661959 -0.202960 -0.661959
vn  0.000000 0.513012 -0.808567
# 26 vertex normals

g Object_9
usemtl Material_0
s 1
f 654/2588/655 678/2589/654 655/2590/653
f 658/2591/658 669/2592/656 660/2593/661
f 653/2594/663 677/2595/662 655/2596/653
f 663/2597/666 668/2598/664 660/2599/661
f 661/2600/669 676/2601/668 655/2602/653
f 666/2603/672 670/2604/670 660/2605/661
f 664/2606/675 675/2607/674 655/2608/653
f 659/2609/678 667/2610/676 660/2611/661
f 666/2612/672 660/2613/661 667/2614/676
f 654/2615/655 655/2616/653 675/2617/674
f 661/2618/669 655/2619/653 677/2620/662
f 658/2621/658 660/2622/661 668/2623/664
f 659/2624/678 660/2625/661 669/2626/656
f 653/2627/663 655/2628/653 678/2629/654
f 664/2630/675 655/2631/653 676/2632/668
f 663/2633/666 660/2634/661 670/2635/670
f 672/2637/657 669/2636/656 658/2638/658 657/2639/659
f 672/2641/657 678/2640/654 654/2642/655 656/2643/660
f 671/2645/665 668/2644/664 663/2646/666 662/2647/667
f 671/2649/665 677/2648/662 653/2650/663 657/2651/659
f 674/2653/671 670/2652/670 666/2654/672 665/2655/673
f 674/2657/671 676/2656/668 661/2658/669 662/2659/667
f 673/2661/677 667/2660/676 659/2662/678 656/2663/660
f 673/2665/677 675/2664/674 664/2666/675 665/2667/673
f 666/2669/672 667/2668/676 673/2670/677 665/2671/673
f 675/2673/674 673/2672/677 656/2674/660 654/2675/655
f 677/2677/662 671/2676/665 662/2678/667 661/2679/669
f 658/2681/658 668/2680/664 671/2682/665 657/2683/659
f 659/2685/678 669/2684/656 672/2686/657 656/2687/660
f 678/2689/654 672/2688/657 657/2690/659 653/2691/663
f 676/2693/668 674/2692/671 665/2694/673 664/2695/675
f 663/2697/666 670/2696/670 674/2698/671 662/2699/667
# 32 faces

g
v  -10.100000 -38.860002 -63.660001
v  -8.280000 -41.780003 -84.200001
v  -14.360000 -37.520002 -76.020000
v  -14.360000 -31.660002 -71.900001
v  -25.120000 -41.760002 -76.460001
v  -19.720000 -38.400002 -68.540001
v  -21.340000 -34.360002 -65.580001
v  -14.360000 -41.740002 -59.340001
v  -14.360000 -39.300002 -59.900001
v  -14.360000 -36.180002 -59.700001
v  -3.600000 -41.760002 -76.460001
v  -9.000000 -38.400002 -68.540001
v  -7.420000 -34.360002 -65.580001
v  -20.300000 -41.780003 -83.860001
v  -14.300000 -41.780003 -85.520000
v  -20.780000 -41.780003 -78.620001
v  -16.600000 -41.780003 -82.260001
v  -11.980000 -41.780003 -82.440001
v  -7.880000 -41.780003 -78.800001
v  -18.360000 -37.960002 -73.000001
v  -10.400000 -37.960002 -73.000001
v  -10.080000 -41.740002 -63.060001
v  -18.680000 -41.740002 -63.060001
v  -18.660000 -38.860002 -63.660001
v  -8.000000 -33.340002 -67.860001
v  -20.780000 -33.340002 -67.860001
# 26 vertices

vt  0.986328 0.737255
vt  0.978516 0.749020
vt  0.976563 0.721569
vt  0.960938 0.988235
vt  0.937500 0.956863
vt  0.966797 0.964706
vt  0.937500 0.827451
vt  0.929688 0.850980
vt  0.923828 0.823529
vt  0.912109 0.733333
vt  0.921875 0.709804
vt  0.921875 0.760784
vt  0.958984 0.929412
vt  0.951172 0.905882
vt  0.978516 0.913725
vt  0.937500 0.956863
vt  0.951172 0.949020
vt  0.966797 0.964706
vt  0.960938 0.862745
vt  0.966797 0.890196
vt  0.937500 0.894118
vt  0.978516 0.913725
vt  0.986328 0.925490
vt  0.958984 0.929412
vt  0.986328 0.925490
vt  0.976563 0.941176
vt  0.958984 0.929412
vt  0.982422 0.960784
vt  0.966797 0.964706
vt  0.951172 0.949020
vt  0.982422 0.960784
vt  0.951172 0.949020
vt  0.976563 0.941176
vt  0.951172 0.949020
vt  0.958984 0.929412
vt  0.976563 0.941176
vt  0.937500 0.894118
vt  0.966797 0.890196
vt  0.951172 0.905882
vt  0.966797 0.890196
vt  0.982422 0.890196
vt  0.951172 0.905882
vt  0.982422 0.890196
vt  0.978516 0.913725
vt  0.951172 0.905882
vt  0.982422 0.701961
vt  0.976563 0.721569
vt  0.966797 0.698039
vt  0.982422 0.772549
vt  0.966797 0.772549
vt  0.978516 0.749020
vt  0.937500 0.827451
vt  0.923828 0.823529
vt  0.929688 0.850980
vt  0.935547 0.858824
vt  0.929688 0.850980
vt  0.951172 0.831373
vt  0.937500 0.827451
vt  0.923828 0.823529
vt  0.937500 0.827451
vt  0.921875 0.807843
vt  0.960938 0.807843
vt  0.912109 0.807843
vt  0.921875 0.807843
vt  0.912109 0.823529
vt  0.923828 0.823529
vt  0.912109 0.823529
vt  0.923828 0.823529
vt  0.912109 0.843137
vt  0.929688 0.850980
vt  0.935547 0.890196
vt  0.947266 0.929412
vt  0.951172 0.905882
vt  0.958984 0.929412
vt  0.966797 0.698039
vt  0.960938 0.674510
vt  0.966797 0.772549
vt  0.960938 0.800000
vt  0.966797 0.698039
vt  0.966797 0.772549
vt  0.976563 0.721569
vt  0.978516 0.749020
vt  0.921875 0.709804
vt  0.921875 0.760784
vt  0.960938 0.674510
vt  0.960938 0.800000
vt  0.937500 0.827451
vt  0.923828 0.823529
vt  0.960938 0.807843
vt  0.921875 0.807843
vt  0.912109 0.823529
vt  0.923828 0.823529
vt  0.912109 0.807843
vt  0.921875 0.807843
vt  0.912109 0.843137
vt  0.929688 0.850980
vt  0.912109 0.823529
vt  0.923828 0.823529
vt  0.929688 0.850980
vt  0.935547 0.858824
vt  0.937500 0.827451
vt  0.951172 0.831373
vt  0.947266 0.929412
vt  0.935547 0.964706
vt  0.958984 0.929412
vt  0.951172 0.949020
# 93 texture coordinates

vn  -0.504361 -0.315898 -0.750345
vn  0.490331 -0.310286 -0.761802
vn  -0.024318 0.610050 -0.737718
vn  -0.836393 -0.386513 -0.261417
vn  -0.914958 0.265158 -0.097973
vn  -0.712231 -0.638576 -0.048402
vn  -0.613557 0.632497 -0.374822
vn  -0.786120 0.165314 -0.521664
vn  -0.899759 -0.249024 0.214184
vn  0.563519 -0.640681 0.434447
vn  0.789160 -0.070381 0.537564
vn  0.702878 -0.642785 0.098440
vn  0.912620 0.286903 -0.041153
vn  0.899058 -0.245750 0.218860
vn  -0.596254 -0.659621 0.355648
vn  -0.000935 -0.397035 0.871232
vn  -0.822129 -0.083943 0.483784
vn  -0.003040 0.055650 0.955877
vn  -0.004910 -0.089789 0.953305
vn  0.611920 0.637641 -0.368508
vn  -0.002806 0.785886 -0.547151
vn  0.789394 0.162508 -0.516754
vn  0.007716 0.538032 -0.792200
vn  0.841069 -0.382538 -0.251128
vn  -0.651437 0.549255 -0.436785
vn  0.651904 0.560011 -0.422054
# 26 vertex normals

g Object_10
usemtl Material_0
s 1
f 693/2700/681 696/2701/680 695/2702/679
f 683/2703/684 684/2704/683 694/2705/682
f 690/2706/691 691/2707/692 679/2708/689
f 686/2709/694 701/2710/693 700/2711/688
f 681/2712/699 699/2713/698 696/2714/680
f 684/2715/683 698/2716/685 694/2717/682
f 689/2718/690 697/2719/702 690/2720/691
f 696/2721/680 693/2722/681 681/2723/699
f 693/2724/681 695/2725/679 681/2726/699
f 692/2727/703 694/2728/682 698/2729/685
f 692/2730/703 698/2731/685 695/2732/679
f 698/2733/685 681/2734/699 695/2735/679
f 690/2736/691 697/2737/702 699/2738/698
f 697/2739/702 680/2740/704 699/2741/698
f 680/2742/704 696/2743/680 699/2744/698
f 692/2745/703 695/2746/679 694/2747/682
f 680/2748/704 697/2749/702 696/2750/680
f 684/2751/683 702/2752/695 685/2753/687
f 685/2755/687 704/2754/686 698/2756/685 684/2757/683
f 690/2759/691 679/2758/689 700/2760/688 689/2761/690
f 701/2763/693 686/2762/694 687/2764/696 702/2765/695
f 702/2767/695 687/2766/696 688/2768/697 685/2769/687
f 682/2771/701 703/2770/700 699/2772/698 681/2773/699
f 683/2775/684 694/2774/682 697/2776/702 689/2777/690
f 697/2779/702 694/2778/682 695/2780/679 696/2781/680
f 700/2783/688 701/2782/693 683/2784/684 689/2785/690
f 702/2787/695 684/2786/683 683/2788/684 701/2789/693
f 679/2791/689 687/2790/696 686/2792/694 700/2793/688
f 691/2795/692 688/2794/697 687/2796/696 679/2797/689
f 703/2799/700 691/2798/692 690/2800/691 699/2801/698
f 704/2803/686 682/2802/701 681/2804/699 698/2805/685
# 31 faces

g
v  -1.900000 33.880000 22.720000
v  19.060000 33.920000 22.720000
v  19.100000 36.520000 0.160000
v  -1.920000 36.480000 0.160000
v  -0.120000 31.440001 34.019999
v  17.320001 31.460000 34.019999
v  31.660000 26.420000 22.720000
v  34.020000 25.920000 0.160000
v  26.900000 23.920000 34.540000
v  23.740001 -1.119999 22.720000
v  -6.160000 -1.139999 22.720000
v  -7.699999 1.980000 0.160000
v  25.300001 2.020000 0.160000
v  16.280000 1.780001 34.019999
v  1.180000 1.740000 34.019999
v  -14.320000 6.960000 22.720000
v  -16.680000 10.060000 0.160000
v  -9.559999 8.340000 34.019999
v  -14.379999 26.360000 22.720000
v  -16.760000 25.860000 0.160000
v  -9.600000 23.860000 34.540000
v  31.720001 7.040000 22.720000
v  34.100000 10.140000 0.160000
v  26.940001 8.400001 34.019999
v  17.640000 33.300000 -10.540000
v  -0.440000 33.280001 -10.540000
v  30.480000 24.940000 -10.540000
v  -5.400000 6.040000 -10.540000
v  22.980000 6.060000 -10.540000
v  -13.139999 12.420000 -10.540000
v  -13.199999 24.880000 -10.540000
v  30.540001 12.480000 -10.540000
v  8.680000 19.280000 -16.640001
# 33 vertices

vt  0.869141 0.580392
vt  0.857422 0.600000
vt  0.878906 0.580392
vt  0.839844 0.580392
vt  0.802734 0.600000
vt  0.818359 0.580392
vt  0.847656 0.580392
vt  0.869141 0.580392
vt  0.857422 0.600000
vt  0.869141 0.580392
vt  0.878906 0.580392
vt  0.857422 0.600000
vt  0.894531 0.580392
vt  0.943359 0.580392
vt  0.917969 0.600000
vt  0.869141 0.580392
vt  0.847656 0.580392
vt  0.857422 0.600000
vt  0.765625 0.580392
vt  0.787109 0.580392
vt  0.802734 0.600000
vt  0.787109 0.580392
vt  0.818359 0.580392
vt  0.802734 0.600000
vt  0.820313 0.466667
vt  0.785156 0.466667
vt  0.820313 0.545098
vt  0.785156 0.545098
vt  0.785156 0.466667
vt  0.820313 0.466667
vt  0.787109 0.431373
vt  0.816406 0.431373
vt  0.841797 0.466667
vt  0.820313 0.466667
vt  0.845703 0.545098
vt  0.820313 0.545098
vt  0.820313 0.466667
vt  0.841797 0.466667
vt  0.816406 0.431373
vt  0.833984 0.427451
vt  0.890625 0.545098
vt  0.947266 0.545098
vt  0.892578 0.466667
vt  0.943359 0.466667
vt  0.931641 0.431373
vt  0.906250 0.431373
vt  0.943359 0.466667
vt  0.892578 0.466667
vt  0.876953 0.466667
vt  0.890625 0.466667
vt  0.873047 0.545098
vt  0.886719 0.545098
vt  0.876953 0.466667
vt  0.875000 0.431373
vt  0.890625 0.466667
vt  0.886719 0.431373
vt  0.763672 0.466667
vt  0.759766 0.545098
vt  0.785156 0.466667
vt  0.785156 0.545098
vt  0.785156 0.466667
vt  0.787109 0.431373
vt  0.763672 0.466667
vt  0.771484 0.427451
vt  0.845703 0.545098
vt  0.873047 0.545098
vt  0.843750 0.466667
vt  0.876953 0.466667
vt  0.875000 0.431373
vt  0.849609 0.427451
vt  0.876953 0.466667
vt  0.843750 0.466667
vt  0.873047 0.545098
vt  0.845703 0.545098
vt  0.876953 0.466667
vt  0.845703 0.466667
vt  0.876953 0.466667
vt  0.845703 0.466667
vt  0.875000 0.431373
vt  0.849609 0.427451
vt  0.873047 0.545098
vt  0.886719 0.545098
vt  0.876953 0.466667
vt  0.890625 0.466667
vt  0.886719 0.431373
vt  0.875000 0.431373
vt  0.890625 0.466667
vt  0.876953 0.466667
vt  0.869141 0.580392
vt  0.878906 0.580392
vt  0.873047 0.545098
vt  0.886719 0.545098
vt  0.869141 0.580392
vt  0.847656 0.580392
vt  0.873047 0.545098
vt  0.845703 0.545098
vt  0.847656 0.580392
vt  0.869141 0.580392
vt  0.845703 0.545098
vt  0.873047 0.545098
vt  0.765625 0.580392
vt  0.787109 0.580392
vt  0.759766 0.545098
vt  0.785156 0.545098
vt  0.878906 0.580392
vt  0.869141 0.580392
vt  0.886719 0.545098
vt  0.873047 0.545098
vt  0.894531 0.580392
vt  0.943359 0.580392
vt  0.890625 0.545098
vt  0.947266 0.545098
vt  0.818359 0.580392
vt  0.839844 0.580392
vt  0.820313 0.545098
vt  0.845703 0.545098
vt  0.787109 0.580392
vt  0.818359 0.580392
vt  0.785156 0.545098
vt  0.820313 0.545098
# 96 texture coordinates

vn  -0.253934 0.910281 0.154325
vn  -0.274745 0.911684 -0.100545
vn  0.245049 0.904436 0.196179
vn  0.269367 0.913555 -0.097505
vn  0.236163 0.882924 0.285267
vn  -0.248322 0.894849 0.233124
vn  0.798980 0.457362 0.262819
vn  0.834288 0.455024 -0.116913
vn  0.752449 0.432343 0.404284
vn  0.354245 -0.873103 0.170926
vn  0.350972 -0.861646 -0.227044
vn  -0.360091 -0.880585 0.110365
vn  -0.342086 -0.861178 -0.242243
vn  -0.338813 -0.839666 0.311923
vn  0.311221 -0.806697 0.411532
vn  -0.862815 -0.361260 0.206234
vn  -0.865621 -0.371314 -0.173498
vn  -0.812776 -0.340449 0.375056
vn  -0.810906 0.462506 0.212781
vn  -0.835925 0.451516 -0.120420
vn  -0.774195 0.447074 0.342788
vn  0.854397 -0.338111 0.269367
vn  0.871466 -0.364767 -0.156897
vn  0.775364 -0.297192 0.476769
vn  -0.217457 -0.613090 -0.702878
vn  0.000000 0.011224 -0.957748
vn  -0.563986 -0.257208 -0.730236
vn  0.199921 0.657984 -0.666402
vn  0.555802 0.303739 -0.718077
vn  0.571702 -0.254402 -0.724858
vn  0.224472 -0.615662 -0.698436
vn  -0.564922 0.305376 -0.710595
vn  -0.206234 0.664531 -0.657750
# 33 vertex normals

g Object_11
usemtl Material_0
s 1
f 734/2806/731 737/2807/730 732/2808/729
f 731/2809/733 737/2810/730 729/2811/732
f 731/2812/733 736/2813/734 737/2814/730
f 736/2815/734 733/2816/735 737/2817/730
f 733/2818/735 732/2819/729 737/2820/730
f 734/2821/731 735/2822/736 737/2823/730
f 735/2824/736 730/2825/737 737/2826/730
f 730/2827/737 729/2828/732 737/2829/730
f 705/2831/705 706/2830/707 707/2832/708 708/2833/706
f 706/2835/707 705/2834/705 709/2836/710 710/2837/709
f 706/2839/707 711/2838/711 712/2840/712 707/2841/708
f 711/2843/711 706/2842/707 710/2844/709 713/2845/713
f 716/2847/717 717/2846/715 714/2848/714 715/2849/716
f 718/2851/719 719/2850/718 715/2852/716 714/2853/714
f 715/2855/716 720/2854/720 721/2856/721 716/2857/717
f 722/2859/722 720/2858/720 715/2860/716 719/2861/718
f 724/2863/724 723/2862/723 705/2864/705 708/2865/706
f 709/2867/710 705/2866/705 723/2868/723 725/2869/725
f 727/2871/727 712/2870/712 711/2872/711 726/2873/726
f 713/2875/713 728/2874/728 726/2876/726 711/2877/711
f 724/2879/724 721/2878/721 720/2880/720 723/2881/723
f 723/2883/723 720/2882/720 722/2884/722 725/2885/725
f 717/2887/715 727/2886/727 726/2888/726 714/2889/714
f 728/2891/728 718/2890/719 714/2892/714 726/2893/726
f 733/2895/735 736/2894/734 727/2896/727 717/2897/715
f 735/2899/736 734/2898/731 721/2900/721 724/2901/724
f 736/2903/734 731/2902/733 712/2904/712 727/2905/727
f 730/2907/737 735/2906/736 724/2908/724 708/2909/706
f 734/2911/731 732/2910/729 716/2912/717 721/2913/721
f 732/2915/729 733/2914/735 717/2916/715 716/2917/717
f 731/2919/733 729/2918/732 707/2920/708 712/2921/712
f 729/2923/732 730/2922/737 708/2924/706 707/2925/708
# 32 faces

g
v  18.580000 28.840001 23.860000
v  17.240001 6.880001 21.540000
v  19.480000 3.120001 29.800000
v  28.480000 14.900001 47.360001
v  23.520000 17.580001 22.380000
v  24.040000 12.740001 77.699999
v  8.680000 18.340001 17.540000
v  21.160000 30.860001 32.100000
v  21.920000 30.160000 48.600000
v  18.940001 25.240001 78.800001
v  0.680000 -1.020000 76.539999
v  -4.500000 30.160000 48.600000
v  18.920000 0.000001 46.040000
v  -1.639999 0.020000 46.040000
v  -3.740000 30.880001 32.100000
v  -1.540000 25.240001 78.800001
v  16.620000 -1.039999 76.539999
v  -6.179999 17.580001 22.380000
v  -11.119999 14.900001 47.360001
v  -6.679999 12.740001 77.699999
v  -10.639999 16.360001 30.640000
v  27.980000 16.340001 30.640000
v  0.040000 6.880001 21.540000
v  -2.219999 3.140000 29.800000
v  -1.660000 28.840001 24.000000
# 25 vertices

vt  0.845703 0.403922
vt  0.824219 0.400000
vt  0.843750 0.419608
vt  0.824219 0.400000
vt  0.845703 0.403922
vt  0.843750 0.419608
vt  0.818359 0.400000
vt  0.802734 0.419608
vt  0.783203 0.400000
vt  0.863281 0.407843
vt  0.843750 0.419608
vt  0.863281 0.407843
vt  0.845703 0.403922
vt  0.863281 0.407843
vt  0.843750 0.419608
vt  0.845703 0.403922
vt  0.843750 0.419608
vt  0.863281 0.407843
vt  0.847656 0.376471
vt  0.869141 0.380392
vt  0.849609 0.317647
vt  0.875000 0.321569
vt  0.849609 0.317647
vt  0.875000 0.321569
vt  0.853516 0.215686
vt  0.876953 0.215686
vt  0.847656 0.376471
vt  0.849609 0.317647
vt  0.822266 0.372549
vt  0.822266 0.313725
vt  0.849609 0.317647
vt  0.853516 0.215686
vt  0.822266 0.313725
vt  0.832031 0.211765
vt  0.779297 0.313725
vt  0.824219 0.313725
vt  0.783203 0.211765
vt  0.820313 0.211765
vt  0.824219 0.313725
vt  0.779297 0.313725
vt  0.824219 0.372549
vt  0.779297 0.372549
vt  0.847656 0.376471
vt  0.822266 0.372549
vt  0.849609 0.317647
vt  0.822266 0.313725
vt  0.832031 0.211765
vt  0.853516 0.215686
vt  0.822266 0.313725
vt  0.849609 0.317647
vt  0.849609 0.317647
vt  0.853516 0.215686
vt  0.875000 0.321569
vt  0.876953 0.215686
vt  0.875000 0.321569
vt  0.876953 0.215686
vt  0.875000 0.321569
vt  0.876953 0.215686
vt  0.875000 0.321569
vt  0.869141 0.380392
vt  0.875000 0.321569
vt  0.869141 0.380392
vt  0.869141 0.380392
vt  0.847656 0.376471
vt  0.863281 0.407843
vt  0.845703 0.403922
vt  0.779297 0.372549
vt  0.783203 0.400000
vt  0.824219 0.372549
vt  0.818359 0.400000
vt  0.847656 0.376471
vt  0.845703 0.403922
vt  0.822266 0.372549
vt  0.824219 0.400000
vt  0.845703 0.403922
vt  0.847656 0.376471
vt  0.863281 0.407843
vt  0.869141 0.380392
vt  0.869141 0.380392
vt  0.863281 0.407843
vt  0.869141 0.380392
vt  0.863281 0.407843
vt  0.875000 0.321569
vt  0.869141 0.380392
vt  0.849609 0.317647
vt  0.847656 0.376471
vt  0.822266 0.372549
vt  0.824219 0.400000
vt  0.847656 0.376471
vt  0.845703 0.403922
# 72 texture coordinates

vn  0.953773 -0.074356 0.039049
vn  0.927351 -0.042556 -0.234994
vn  0.459934 -0.837328 -0.068043
vn  0.442631 -0.794070 -0.300699
vn  0.457362 -0.841303 0.005612
vn  0.946992 -0.088386 0.111067
vn  -0.000935 0.085580 -0.954007
vn  -0.317768 0.607945 -0.668038
vn  -0.603035 0.046297 -0.742629
vn  0.494540 0.804592 -0.157598
vn  0.519326 0.797344 0.106858
vn  0.521430 0.781677 0.183787
vn  0.614259 0.029930 -0.733977
vn  0.318002 0.609816 -0.666168
vn  -0.517923 0.798513 0.104520
vn  -0.520962 0.783314 0.178409
vn  -0.491267 0.805995 -0.161339
vn  -0.923142 -0.023850 -0.253700
vn  -0.954474 -0.070381 0.036944
vn  -0.947927 -0.084411 0.106390
vn  -0.462038 -0.836159 -0.068277
vn  -0.459466 -0.840368 0.006079
vn  -0.447775 -0.784250 -0.318938
vn  0.298829 -0.503893 -0.757594
vn  -0.298127 -0.485421 -0.769986
# 25 vertex normals

g Object_12
usemtl Material_0
s 1
f 755/2926/746 762/2927/745 744/2928/744
f 738/2929/751 742/2930/750 744/2931/744
f 738/2932/751 744/2933/744 762/2934/745
f 760/2935/762 744/2936/744 739/2937/761
f 742/2938/750 739/2939/761 744/2940/744
f 755/2941/746 744/2942/744 760/2943/762
f 740/2945/741 759/2944/739 741/2946/738 750/2947/740
f 750/2949/740 741/2948/738 743/2950/743 754/2951/742
f 741/2953/738 759/2952/739 745/2954/747 746/2955/748
f 743/2957/743 741/2956/738 746/2958/748 747/2959/749
f 746/2961/748 749/2960/752 753/2962/753 747/2963/749
f 749/2965/752 746/2964/748 745/2966/747 752/2967/754
f 752/2969/754 758/2968/755 756/2970/756 749/2971/752
f 757/2973/757 753/2972/753 749/2974/752 756/2975/756
f 757/2977/757 756/2976/756 751/2978/758 748/2979/759
f 748/2981/759 751/2980/758 750/2982/740 754/2983/742
f 740/2985/741 750/2984/740 751/2986/758 761/2987/760
f 759/2989/739 740/2988/741 739/2990/761 742/2991/750
f 762/2993/745 752/2992/754 745/2994/747 738/2995/751
f 755/2997/746 758/2996/755 752/2998/754 762/2999/745
f 758/3001/755 755/3000/746 760/3002/762 761/3003/760
f 739/3005/761 740/3004/741 761/3006/760 760/3007/762
f 761/3009/760 751/3008/758 756/3010/756 758/3011/755
f 738/3013/751 745/3012/747 759/3014/739 742/3015/750
# 24 faces

g
v  14.600000 -2.039999 127.079998
v  17.060000 -0.919999 76.560000
v  0.240001 -0.919999 76.560000
v  24.200001 12.720001 77.560000
v  18.500000 7.260001 127.419998
v  19.040000 25.080001 78.580000
v  8.680000 15.200001 127.619999
v  -1.639999 25.080001 78.580000
v  -3.540000 14.160001 68.099999
v  -6.840000 12.760001 77.560000
v  -1.160000 7.280001 127.419998
v  2.700000 -2.020000 127.079998
v  15.260000 3.340001 67.099999
v  2.020000 3.360001 67.099999
v  20.900001 14.120001 68.099999
v  16.840000 23.880001 69.139999
v  0.560000 23.880001 69.139999
# 17 vertices

vt  0.839844 0.172549
vt  0.820313 0.168627
vt  0.849609 0.007843
vt  0.839844 0.172549
vt  0.849609 0.007843
vt  0.820313 0.168627
vt  0.818359 0.168627
vt  0.785156 0.168627
vt  0.800781 0.007843
vt  0.800781 0.007843
vt  0.818359 0.007843
vt  0.818359 0.168627
vt  0.800781 0.007843
vt  0.785156 0.168627
vt  0.785156 0.007843
vt  0.863281 0.176471
vt  0.865234 0.007843
vt  0.839844 0.172549
vt  0.849609 0.007843
vt  0.863281 0.007843
vt  0.865234 0.007843
vt  0.863281 0.176471
vt  0.863281 0.176471
vt  0.839844 0.172549
vt  0.849609 0.007843
vt  0.863281 0.176471
vt  0.863281 0.007843
vt  0.837891 0.203922
vt  0.855469 0.207843
vt  0.839844 0.172549
vt  0.863281 0.176471
vt  0.863281 0.176471
vt  0.855469 0.207843
vt  0.863281 0.176471
vt  0.855469 0.207843
vt  0.820313 0.168627
vt  0.822266 0.200000
vt  0.839844 0.172549
vt  0.837891 0.203922
vt  0.785156 0.168627
vt  0.787109 0.200000
vt  0.818359 0.168627
vt  0.814453 0.200000
vt  0.863281 0.176471
vt  0.855469 0.207843
vt  0.839844 0.172549
vt  0.837891 0.203922
vt  0.839844 0.172549
vt  0.837891 0.203922
vt  0.820313 0.168627
vt  0.822266 0.200000
vt  0.822266 0.200000
vt  0.837891 0.203922
vt  0.822266 0.200000
vt  0.837891 0.203922
vt  0.855469 0.207843
vt  0.837891 0.203922
vt  0.855469 0.207843
vt  0.837891 0.203922
# 48 texture coordinates

vn  0.490331 -0.793836 -0.215119
vn  0.494774 -0.819791 0.005846
vn  0.949798 -0.031566 -0.116445
vn  0.909346 0.244815 0.172095
vn  0.544579 0.785652 0.054247
vn  -0.493371 -0.792901 -0.212781
vn  -0.497346 -0.818388 0.006079
vn  -0.950733 -0.027591 -0.112470
vn  -0.908878 0.248322 0.172095
vn  0.527977 0.053312 -0.797110
vn  0.347698 -0.511376 -0.731171
vn  -0.351205 -0.511609 -0.729534
vn  0.383239 0.644422 -0.595553
vn  -0.543176 0.786588 0.055183
vn  -0.383006 0.646527 -0.593682
vn  -0.531251 0.055417 -0.795005
vn  0.000234 0.915893 0.279421
# 17 vertex normals

g Object_13
usemtl Material_0
s 1
f 766/3016/765 768/3017/767 767/3018/766
f 772/3019/770 773/3020/771 770/3021/776
f 768/3022/767 770/3023/776 769/3024/779
f 769/3025/779 767/3026/766 768/3027/767
f 769/3028/779 770/3029/776 773/3030/771
f 763/3032/764 764/3031/763 766/3033/765 767/3034/766
f 763/3036/764 774/3035/769 765/3037/768 764/3038/763
f 773/3040/771 772/3039/770 765/3041/768 774/3042/769
f 775/3044/773 777/3043/772 766/3045/765 764/3046/763
f 775/3048/773 764/3047/763 765/3049/768 776/3050/774
f 778/3052/775 768/3051/767 766/3053/765 777/3054/772
f 779/3056/777 770/3055/776 768/3057/767 778/3058/775
f 776/3060/774 765/3059/768 772/3061/770 771/3062/778
f 771/3064/778 772/3063/770 770/3065/776 779/3066/777
f 771/3068/778 779/3067/777 778/3069/775 777/3070/772
f 777/3072/772 775/3071/773 776/3073/774 771/3074/778
# 16 faces

g
v  10.420000 -0.699999 166.059994
v  6.920000 -0.679999 166.059994
v  14.700000 -2.099999 127.019995
v  18.000000 7.440001 127.099995
v  12.060000 4.160001 166.139996
v  8.680000 13.180001 119.939994
v  8.700000 15.100001 127.199995
v  4.000000 1.120001 119.759995
v  8.680000 8.960001 166.159996
v  -0.660000 7.460001 127.099995
v  5.300000 4.160001 166.139996
v  2.600000 -2.099999 127.019995
v  13.320000 1.120001 119.759995
v  15.860000 8.020001 119.859994
v  1.480000 8.040001 119.859994
# 15 vertices

vt  0.908203 0.368627
vt  0.908203 0.368627
vt  0.898438 0.368627
vt  0.921875 0.207843
vt  0.914063 0.207843
vt  0.923828 0.345098
vt  0.908203 0.345098
vt  0.896484 0.345098
vt  0.906250 0.207843
vt  0.908203 0.345098
vt  0.914063 0.207843
vt  0.917969 0.368627
vt  0.908203 0.368627
vt  0.917969 0.368627
vt  0.908203 0.368627
vt  0.921875 0.207843
vt  0.921875 0.207843
vt  0.923828 0.345098
vt  0.923828 0.345098
vt  0.908203 0.345098
vt  0.914063 0.207843
vt  0.923828 0.345098
vt  0.921875 0.207843
vt  0.908203 0.368627
vt  0.917969 0.368627
vt  0.908203 0.345098
vt  0.923828 0.345098
vt  0.908203 0.368627
vt  0.908203 0.345098
vt  0.898438 0.368627
vt  0.896484 0.345098
vt  0.917969 0.368627
vt  0.917969 0.368627
vt  0.923828 0.345098
vt  0.923828 0.345098
vt  0.917969 0.368627
vt  0.908203 0.368627
vt  0.923828 0.345098
vt  0.908203 0.345098
vt  0.908203 0.368627
vt  0.898438 0.368627
vt  0.908203 0.345098
vt  0.896484 0.345098
vt  0.906250 0.207843
vt  0.896484 0.345098
vt  0.914063 0.207843
vt  0.908203 0.345098
# 36 texture coordinates

vn  0.552763 -0.764608 -0.163678
vn  0.551126 -0.778170 0.088386
vn  0.935768 0.199219 -0.037178
vn  0.936236 0.129071 0.153155
vn  -0.917997 0.269133 -0.046064
vn  0.060795 0.955176 0.027591
vn  -0.908645 0.256974 0.159469
vn  0.125330 0.921037 0.228915
vn  0.380901 -0.511142 -0.714570
vn  0.505998 0.159936 -0.797110
vn  -0.378797 -0.506933 -0.718778
vn  -0.502490 0.161807 -0.798980
vn  -0.553698 -0.763205 -0.168354
vn  -0.553230 -0.776767 0.088854
vn  0.000701 0.746370 -0.599761
# 15 vertex normals

g Object_14
usemtl Material_0
s 1
f 793/3075/789 794/3076/791 785/3077/794
f 784/3079/783 780/3078/781 782/3080/780 783/3081/782
f 788/3083/787 786/3082/785 789/3084/784 790/3085/786
f 793/3087/789 792/3086/788 787/3088/790 794/3089/791
f 780/3091/781 781/3090/793 791/3092/792 782/3093/780
f 790/3095/786 789/3094/784 791/3096/792 781/3097/793
f 792/3099/788 793/3098/789 783/3100/782 782/3101/780
f 783/3103/782 793/3102/789 785/3104/794 786/3105/785
f 787/3107/790 792/3106/788 782/3108/780 791/3109/792
f 794/3111/791 787/3110/790 791/3112/792 789/3113/784
f 785/3115/794 794/3114/791 789/3116/784 786/3117/785
f 786/3119/785 788/3118/787 784/3120/783 783/3121/782
# 12 faces

g
v  8.660000 8.860001 166.239994
v  8.680000 -1.499999 198.079994
v  11.940000 4.000001 166.159994
v  5.400000 4.000001 166.159994
v  8.680000 -0.659999 166.139994
v  8.680000 4.340001 163.539994
# 6 vertices

vt  0.914063 0.203922
vt  0.914063 0.215686
vt  0.921875 0.207843
vt  0.916016 0.207843
vt  0.908203 0.203922
vt  0.923828 0.105882
vt  0.923828 0.105882
vt  0.908203 0.203922
vt  0.914063 0.203922
vt  0.914063 0.203922
vt  0.921875 0.207843
vt  0.923828 0.105882
vt  0.923828 0.105882
vt  0.921875 0.207843
vt  0.916016 0.207843
vt  0.916016 0.207843
vt  0.921875 0.207843
vt  0.914063 0.215686
vt  0.914063 0.203922
vt  0.908203 0.203922
vt  0.914063 0.215686
vt  0.916016 0.207843
vt  0.914063 0.215686
vt  0.908203 0.203922
# 24 texture coordinates

vn  -0.000701 -0.752683 -0.592045
vn  -0.000234 0.018472 -0.957514
vn  -0.871700 -0.000935 -0.397035
vn  -0.008184 -0.167886 0.942549
vn  -0.000701 0.845044 -0.450347
vn  0.871466 0.000000 -0.397035
# 6 vertex normals

g Object_15
usemtl Material_0
s 1
f 798/3122/797 800/3123/796 799/3124/795
f 797/3125/800 795/3126/799 796/3127/798
f 796/3128/798 795/3129/799 798/3130/797
f 798/3131/797 799/3132/795 796/3133/798
f 796/3134/798 799/3135/795 797/3136/800
f 797/3137/800 799/3138/795 800/3139/796
f 798/3140/797 795/3141/799 800/3142/796
f 797/3143/800 800/3144/796 795/3145/799
# 8 faces

g
v  29.160000 -9.139999 27.439999
v  29.160000 20.660000 27.439999
v  29.160000 -5.000000 19.239999
v  29.160000 16.540000 17.199999
v  37.340000 -5.000000 27.439999
v  39.380000 16.540000 27.439999
v  29.160000 -5.000000 35.619999
v  29.160000 16.540000 37.659999
v  20.960000 -5.000000 27.439999
v  18.920000 16.540000 27.439999
# 10 vertices

vt  0.826172 0.827451
vt  0.851563 0.827451
vt  0.851563 0.803922
vt  0.851563 0.964706
vt  0.818359 0.964706
vt  0.851563 0.988235
vt  0.851563 0.827451
vt  0.876953 0.827451
vt  0.851563 0.803922
vt  0.884766 0.964706
vt  0.851563 0.964706
vt  0.851563 0.988235
vt  0.876953 0.827451
vt  0.851563 0.827451
vt  0.851563 0.803922
vt  0.851563 0.964706
vt  0.884766 0.964706
vt  0.851563 0.988235
vt  0.783203 0.827451
vt  0.810547 0.827451
vt  0.783203 0.803922
vt  0.816406 0.964706
vt  0.783203 0.964706
vt  0.783203 0.988235
vt  0.826172 0.827451
vt  0.851563 0.827451
vt  0.818359 0.964706
vt  0.851563 0.964706
vt  0.851563 0.827451
vt  0.876953 0.827451
vt  0.851563 0.964706
vt  0.884766 0.964706
vt  0.876953 0.827451
vt  0.851563 0.827451
vt  0.884766 0.964706
vt  0.851563 0.964706
vt  0.783203 0.827451
vt  0.810547 0.827451
vt  0.783203 0.964706
vt  0.816406 0.964706
# 36 texture coordinates

vn  0.000000 -0.957748 0.000000
vn  0.751514 -0.593448 0.000000
vn  0.000000 -0.593448 -0.751748
vn  0.000000 0.578951 -0.762738
vn  0.762504 0.578951 0.000000
vn  0.000000 0.957514 0.000000
vn  0.000000 -0.593448 0.751514
vn  0.000000 0.578951 0.762504
vn  -0.751748 -0.593448 0.000000
vn  -0.762738 0.578951 0.000000
# 10 vertex normals

g Object_16
usemtl Material_0
s 1
f 803/3146/803 805/3147/802 801/3148/801
f 806/3149/805 804/3150/804 802/3151/806
f 805/3152/802 807/3153/807 801/3154/801
f 808/3155/808 806/3156/805 802/3157/806
f 807/3158/807 809/3159/809 801/3160/801
f 810/3161/810 808/3162/808 802/3163/806
f 809/3164/809 803/3165/803 801/3166/801
f 804/3167/804 810/3168/810 802/3169/806
f 805/3171/802 803/3170/803 804/3172/804 806/3173/805
f 807/3175/807 805/3174/802 806/3176/805 808/3177/808
f 809/3179/809 807/3178/807 808/3180/808 810/3181/810
f 803/3183/803 809/3182/809 810/3184/810 804/3185/804
# 12 faces

g
v  39.139999 -7.680000 27.439999
v  29.160000 -3.000000 27.439999
v  29.160000 -32.080000 19.439999
v  29.160000 -7.680000 17.439999
v  21.160000 -32.080000 27.439999
v  19.160000 -7.680000 27.439999
v  29.160000 -32.080000 35.419999
v  29.160000 -7.680000 37.419998
v  37.140000 -32.080000 27.439999
# 9 vertices

vt  0.859375 0.733333
vt  0.830078 0.733333
vt  0.830078 0.682353
vt  0.830078 0.780392
vt  0.830078 0.733333
vt  0.859375 0.733333
vt  0.802734 0.729412
vt  0.830078 0.733333
vt  0.830078 0.780392
vt  0.830078 0.682353
vt  0.830078 0.733333
vt  0.802734 0.729412
vt  0.818359 0.647059
vt  0.791016 0.647059
vt  0.843750 0.647059
vt  0.818359 0.647059
vt  0.851563 0.776471
vt  0.818359 0.776471
vt  0.843750 0.647059
vt  0.818359 0.647059
vt  0.818359 0.776471
vt  0.785156 0.776471
vt  0.818359 0.647059
vt  0.791016 0.647059
vt  0.785156 0.776471
vt  0.818359 0.776471
vt  0.791016 0.647059
vt  0.818359 0.647059
vt  0.818359 0.776471
vt  0.851563 0.776471
vt  0.818359 0.647059
vt  0.843750 0.647059
# 27 texture coordinates

vn  0.000000 -0.593682 -0.751514
vn  -0.751514 -0.593682 0.000000
vn  0.751280 -0.593682 0.000000
vn  0.000000 -0.593682 0.751280
vn  0.000000 0.553230 -0.781677
vn  -0.781677 0.553230 0.000000
vn  0.000000 0.957514 0.000000
vn  0.000000 0.553230 0.781444
vn  0.781444 0.553230 0.000000
# 9 vertex normals

g Object_17
usemtl Material_0
s 1
f 816/3186/816 812/3187/817 814/3188/815
f 818/3189/818 812/3190/817 816/3191/816
f 811/3192/819 812/3193/817 818/3194/818
f 814/3195/815 812/3196/817 811/3197/819
f 817/3199/814 815/3198/812 813/3200/811 819/3201/813
f 816/3203/816 814/3202/815 813/3204/811 815/3205/812
f 818/3207/818 816/3206/816 815/3208/812 817/3209/814
f 811/3211/819 818/3210/818 817/3212/814 819/3213/813
f 814/3215/815 811/3214/819 819/3216/813 813/3217/811
# 9 faces

g
v  29.700000 -25.400000 29.579999
v  34.980000 -37.880000 -0.620001
v  29.160000 -33.540000 12.259998
v  29.160000 -27.320000 20.419999
v  40.220000 -37.800000 11.819999
v  35.220000 -34.440000 19.739999
v  36.140000 -30.020000 26.739999
v  29.160000 -37.780000 28.919999
v  29.160000 -35.340000 28.379999
v  29.160000 -31.840000 32.599998
v  18.099999 -37.800000 11.819999
v  23.100000 -34.440000 19.739999
v  22.220000 -30.020000 26.739999
v  22.940000 -37.620000 -0.060001
# 14 vertices

vt  0.925781 0.733333
vt  0.958984 0.796078
vt  0.958984 0.670588
vt  0.984375 0.956863
vt  0.982422 0.890196
vt  0.958984 0.925490
vt  0.943359 0.925490
vt  0.925781 0.929412
vt  0.929688 0.964706
vt  0.943359 0.925490
vt  0.929688 0.886275
vt  0.925781 0.929412
vt  0.919922 0.925490
vt  0.929688 0.964706
vt  0.925781 0.929412
vt  0.919922 0.925490
vt  0.925781 0.929412
vt  0.929688 0.886275
vt  0.984375 0.956863
vt  0.958984 0.988235
vt  0.958984 0.925490
vt  0.943359 0.960784
vt  0.958984 0.925490
vt  0.943359 0.960784
vt  0.943359 0.925490
vt  0.929688 0.964706
vt  0.925781 0.811765
vt  0.958984 0.811765
vt  0.927734 0.823529
vt  0.943359 0.827451
vt  0.958984 0.796078
vt  0.958984 0.670588
vt  0.982422 0.768627
vt  0.984375 0.701961
vt  0.927734 0.823529
vt  0.943359 0.827451
vt  0.919922 0.843137
vt  0.929688 0.854902
vt  0.958984 0.811765
vt  0.925781 0.811765
vt  0.943359 0.827451
vt  0.927734 0.823529
vt  0.919922 0.843137
vt  0.929688 0.854902
vt  0.927734 0.823529
vt  0.943359 0.827451
vt  0.943359 0.925490
vt  0.929688 0.886275
vt  0.958984 0.925490
vt  0.943359 0.890196
vt  0.958984 0.862745
vt  0.982422 0.890196
vt  0.943359 0.890196
vt  0.958984 0.925490
# 45 texture coordinates

vn  -0.002104 0.894381 -0.341619
vn  0.287371 0.792667 -0.453855
vn  0.910749 0.263287 0.133047
vn  0.646527 -0.672247 0.216288
vn  0.010288 0.876143 -0.386279
vn  0.858372 0.378797 0.190100
vn  -0.018472 -0.523067 0.801786
vn  0.008885 -0.621975 0.728131
vn  -0.863750 0.372483 0.179812
vn  -0.720181 -0.575210 0.260014
vn  -0.332032 0.791264 -0.424860
vn  -0.010288 -0.251128 0.924077
vn  -0.813478 0.447541 0.234293
vn  0.024785 0.862347 0.415507
# 14 vertex normals

g Object_18
usemtl Material_0
s 1
f 827/3218/827 830/3219/829 824/3220/823
f 821/3221/821 833/3222/830 822/3223/820
f 823/3224/824 820/3225/833 826/3226/825
f 823/3227/824 832/3228/832 820/3229/833
f 829/3230/831 826/3231/825 820/3232/833
f 829/3233/831 820/3234/833 832/3235/832
f 824/3237/823 821/3236/821 822/3238/820 825/3239/822
f 825/3241/822 822/3240/820 823/3242/824 826/3243/825
f 830/3245/829 827/3244/827 828/3246/826 831/3247/828
f 824/3249/823 830/3248/829 833/3250/830 821/3251/821
f 831/3253/828 828/3252/826 829/3254/831 832/3255/832
f 827/3257/827 824/3256/823 825/3258/822 828/3259/826
f 826/3261/825 829/3260/831 828/3262/826 825/3263/822
f 832/3265/832 823/3264/824 822/3266/820 831/3267/828
f 833/3269/830 830/3268/829 831/3270/828 822/3271/820
# 15 faces

g
v  -11.820000 -9.139999 27.439999
v  -11.820000 20.660000 27.439999
v  -11.820000 -5.000000 19.239999
v  -11.820000 16.540000 17.199999
v  -20.020000 -5.000000 27.439999
v  -22.059999 16.540000 27.439999
v  -11.820000 -5.000000 35.619999
v  -11.820000 16.540000 37.659999
v  -3.639999 -5.000000 27.439999
v  -1.599999 16.540000 27.439999
# 10 vertices

vt  0.824219 0.831373
vt  0.849609 0.803922
vt  0.849609 0.831373
vt  0.849609 0.968627
vt  0.849609 0.992157
vt  0.818359 0.968627
vt  0.849609 0.831373
vt  0.849609 0.803922
vt  0.875000 0.831373
vt  0.882813 0.968627
vt  0.849609 0.992157
vt  0.849609 0.968627
vt  0.875000 0.831373
vt  0.849609 0.803922
vt  0.849609 0.831373
vt  0.849609 0.968627
vt  0.849609 0.992157
vt  0.882813 0.968627
vt  0.785156 0.831373
vt  0.785156 0.803922
vt  0.808594 0.831373
vt  0.816406 0.968627
vt  0.785156 0.992157
vt  0.785156 0.968627
vt  0.849609 0.831373
vt  0.824219 0.831373
vt  0.849609 0.968627
vt  0.818359 0.968627
vt  0.875000 0.831373
vt  0.849609 0.831373
vt  0.882813 0.968627
vt  0.849609 0.968627
vt  0.849609 0.831373
vt  0.875000 0.831373
vt  0.849609 0.968627
vt  0.882813 0.968627
vt  0.808594 0.831373
vt  0.785156 0.831373
vt  0.816406 0.968627
vt  0.785156 0.968627
# 36 texture coordinates

vn  -0.751748 -0.593448 0.000000
vn  0.000000 -0.957748 0.000000
vn  0.000000 -0.593448 -0.751748
vn  0.000000 0.578951 -0.762738
vn  -0.762738 0.578951 0.000000
vn  0.000000 0.957514 0.000000
vn  0.000000 -0.593448 0.751514
vn  0.000000 0.578951 0.762504
vn  0.751514 -0.593448 0.000000
vn  0.762504 0.578951 0.000000
# 10 vertex normals

g Object_19
usemtl Material_0
s 1
f 836/3272/836 834/3273/835 838/3274/834
f 839/3275/838 835/3276/839 837/3277/837
f 838/3278/834 834/3279/835 840/3280/840
f 841/3281/841 835/3282/839 839/3283/838
f 840/3284/840 834/3285/835 842/3286/842
f 843/3287/843 835/3288/839 841/3289/841
f 842/3290/842 834/3291/835 836/3292/836
f 837/3293/837 835/3294/839 843/3295/843
f 836/3297/836 838/3296/834 839/3298/838 837/3299/837
f 838/3301/834 840/3300/840 841/3302/841 839/3303/838
f 840/3305/840 842/3304/842 843/3306/843 841/3307/841
f 842/3309/842 836/3308/836 837/3310/837 843/3311/843
# 12 faces

g
v  -21.820000 -7.680000 27.439999
v  -11.820000 -3.000000 27.439999
v  -11.820000 -32.080000 19.439999
v  -11.820000 -7.680000 17.439999
v  -3.840000 -32.080000 27.439999
v  -1.840000 -7.680000 27.439999
v  -11.820000 -32.080000 35.419999
v  -11.820000 -7.680000 37.419998
v  -19.820000 -32.080000 27.439999
# 9 vertices

vt  0.800781 0.709804
vt  0.828125 0.650980
vt  0.828125 0.709804
vt  0.828125 0.768627
vt  0.800781 0.709804
vt  0.828125 0.709804
vt  0.855469 0.709804
vt  0.828125 0.768627
vt  0.828125 0.709804
vt  0.828125 0.650980
vt  0.855469 0.709804
vt  0.828125 0.709804
vt  0.791016 0.647059
vt  0.818359 0.647059
vt  0.818359 0.647059
vt  0.843750 0.647059
vt  0.818359 0.780392
vt  0.849609 0.780392
vt  0.818359 0.647059
vt  0.843750 0.647059
vt  0.785156 0.780392
vt  0.818359 0.780392
vt  0.791016 0.647059
vt  0.818359 0.647059
vt  0.818359 0.780392
vt  0.785156 0.780392
vt  0.818359 0.647059
vt  0.791016 0.647059
vt  0.849609 0.780392
vt  0.882813 0.780392
vt  0.857422 0.647059
vt  0.882813 0.647059
# 27 texture coordinates

vn  0.751280 -0.593682 0.000000
vn  0.000000 -0.593682 -0.751514
vn  0.000000 -0.593682 0.751280
vn  -0.751514 -0.593682 0.000000
vn  0.000000 0.553230 -0.781677
vn  0.781444 0.553230 0.000000
vn  0.000000 0.957514 0.000000
vn  0.000000 0.553230 0.781444
vn  -0.781677 0.553230 0.000000
# 9 vertex normals

g Object_20
usemtl Material_0
s 1
f 849/3312/849 847/3313/848 845/3314/850
f 851/3315/851 849/3316/849 845/3317/850
f 844/3318/852 851/3319/851 845/3320/850
f 847/3321/848 844/3322/852 845/3323/850
f 848/3325/844 850/3324/846 852/3326/847 846/3327/845
f 847/3329/848 849/3328/849 848/3330/844 846/3331/845
f 849/3333/849 851/3332/851 850/3334/846 848/3335/844
f 851/3337/851 844/3336/852 852/3338/847 850/3339/846
f 844/3341/852 847/3340/848 846/3342/845 852/3343/847
# 9 faces

g
v  -12.380000 -25.400000 29.579999
v  -17.660000 -37.880000 -0.620001
v  -11.840000 -33.540000 12.259998
v  -11.840000 -27.320000 20.419999
v  -22.900000 -37.800000 11.819999
v  -17.900000 -34.440000 19.739999
v  -18.820000 -30.020000 26.739999
v  -11.840000 -37.780000 28.919999
v  -11.840000 -35.340000 28.379999
v  -11.840000 -31.840000 32.599998
v  -0.780000 -37.800000 11.819999
v  -5.780000 -34.440000 19.739999
v  -4.900000 -30.020000 26.739999
v  -5.620000 -37.620000 -0.060001
# 14 vertices

vt  0.927734 0.733333
vt  0.958984 0.674510
vt  0.958984 0.796078
vt  0.982422 0.960784
vt  0.958984 0.929412
vt  0.982422 0.894118
vt  0.943359 0.929412
vt  0.931641 0.968627
vt  0.925781 0.929412
vt  0.943359 0.929412
vt  0.925781 0.929412
vt  0.931641 0.890196
vt  0.919922 0.929412
vt  0.925781 0.929412
vt  0.931641 0.968627
vt  0.919922 0.929412
vt  0.931641 0.890196
vt  0.925781 0.929412
vt  0.958984 0.988235
vt  0.982422 0.960784
vt  0.945313 0.960784
vt  0.958984 0.929412
vt  0.945313 0.960784
vt  0.958984 0.929412
vt  0.931641 0.968627
vt  0.943359 0.929412
vt  0.958984 0.807843
vt  0.927734 0.807843
vt  0.945313 0.827451
vt  0.927734 0.819608
vt  0.958984 0.674510
vt  0.958984 0.796078
vt  0.982422 0.701961
vt  0.982422 0.772549
vt  0.945313 0.827451
vt  0.927734 0.819608
vt  0.931641 0.850980
vt  0.919922 0.839216
vt  0.927734 0.807843
vt  0.958984 0.807843
vt  0.927734 0.819608
vt  0.945313 0.827451
vt  0.927734 0.819608
vt  0.945313 0.827451
vt  0.919922 0.839216
vt  0.931641 0.850980
vt  0.945313 0.894118
vt  0.931641 0.890196
vt  0.958984 0.929412
vt  0.943359 0.929412
vt  0.958984 0.929412
vt  0.982422 0.894118
vt  0.945313 0.894118
vt  0.958984 0.866667
# 45 texture coordinates

vn  -0.320574 0.788458 -0.438422
vn  -0.007950 0.893914 -0.343489
vn  -0.683939 -0.634835 0.215821
vn  -0.905605 0.292983 0.106157
vn  -0.010522 0.876143 -0.386045
vn  -0.861412 0.382772 0.168822
vn  -0.004209 -0.614726 0.734211
vn  0.039283 -0.495709 0.818388
vn  0.718545 -0.587603 0.235462
vn  0.867491 0.384175 0.129305
vn  0.285033 0.803657 -0.435616
vn  0.025019 -0.213716 0.932962
vn  0.818388 0.454790 0.200622
vn  -0.025019 0.862347 0.415507
# 14 vertex normals

g Object_21
usemtl Material_0
s 1
f 860/3344/859 857/3345/855 863/3346/861
f 854/3347/853 855/3348/854 866/3349/863
f 856/3350/857 859/3351/858 853/3352/866
f 856/3353/857 853/3354/866 865/3355/865
f 862/3356/864 853/3357/866 859/3358/858
f 862/3359/864 865/3360/865 853/3361/866
f 854/3363/853 857/3362/855 858/3364/856 855/3365/854
f 855/3367/854 858/3366/856 859/3368/858 856/3369/857
f 860/3371/859 863/3370/861 864/3372/862 861/3373/860
f 863/3375/861 857/3374/855 854/3376/853 866/3377/863
f 861/3379/860 864/3378/862 865/3380/865 862/3381/864
f 857/3383/855 860/3382/859 861/3384/860 858/3385/856
f 858/3387/856 861/3386/860 862/3388/864 859/3389/858
f 865/3391/865 864/3390/862 855/3392/854 856/3393/857
f 866/3395/863 855/3394/854 864/3396/862 863/3397/861
# 15 faces

g
v  -0.160000 -1.760000 0.040000
v  0.020000 -1.760000 0.040000
v  -0.160000 -1.760000 -0.140000
v  0.020000 -1.760000 -0.140000
# 4 vertices

vt  0.089844 0.980392
vt  0.089844 0.960784
vt  0.082031 0.980392
vt  0.082031 0.960784
# 3 texture coordinates

vn  0.000000 0.957514 0.000000
vn  0.000000 0.957514 0.000000
vn  0.000000 0.957514 0.000000
vn  0.000000 0.957514 0.000000
# 4 vertex normals

g Object_22
usemtl Material_0
s 1
f 870/3399/867 869/3398/869 867/3400/870 868/3401/868
# 1 faces

g
