mtllib em023_emdui.mtl
usemtl main
o part_00
v 0.003000 -0.058000 0.370000
v 0.739000 0.077000 0.445000
v 2.299000 -0.063000 0.103000
v 0.003000 -0.554000 0.850000
v 0.739000 -0.520000 0.970000
v 2.299000 -0.660000 0.845000
v 0.003000 -1.227000 0.853000
v 0.739000 -1.286000 0.973000
v 2.299000 -1.202000 0.848000
v 0.003000 -1.827000 0.076000
v 0.739000 -1.894000 0.123000
v 2.299000 -1.867000 0.074000
v 0.003000 -1.829000 -0.938000
v 0.739000 -1.896000 -0.985000
v 2.299000 -1.868000 -0.936000
v 0.003000 -1.231000 -1.720000
v 0.739000 -1.292000 -1.840000
v 2.299000 -1.274000 -1.715000
v 0.003000 -0.558000 -1.723000
v 0.739000 -0.526000 -1.843000
v 2.299000 -0.664000 -1.718000
v 0.003000 -0.060000 -1.253000
v 0.739000 0.075000 -1.330000
v 2.299000 -0.064000 -0.982000
v 2.299000 -1.597000 -1.490000
v 0.739000 -1.638000 -1.593000
v 0.003000 -1.555000 -1.494000
v 0.003000 -1.552000 0.631000
v 0.739000 -1.634000 0.730000
v 2.299000 -1.560000 0.627000
v 2.873000 -0.243000 0.011000
v 2.873000 -0.733000 0.625000
v 2.873000 -1.177000 0.628000
v 2.873000 -1.722000 -0.014000
v 2.873000 -1.724000 -0.850000
v 2.873000 -1.236000 -1.495000
v 2.873000 -0.736000 -1.498000
v 2.873000 -0.244000 -0.888000
v 2.873000 -1.501000 -1.308000
v 2.873000 -1.471000 0.444000
v 3.145000 -0.985000 -0.435000
vn -0.142400 -0.243400 -0.769200
vn -0.039800 -0.249200 -0.779400
vn -0.135800 0.296800 -0.751400
vn -0.024600 0.291000 -0.765400
vn 0.181800 -0.244200 -0.760600
vn 0.194000 0.381200 -0.698600
vn -0.167400 0.738800 0.312000
vn 0.006000 0.731000 0.369600
vn -0.157800 0.302400 0.744800
vn -0.035400 0.298800 0.762000
vn 0.194400 0.387400 0.695000
vn -0.043400 -0.629400 -0.522400
vn 0.156600 -0.612400 -0.521000
vn -0.138400 -0.626800 -0.509000
vn 0.015200 0.728000 -0.375200
vn 0.199000 0.749200 -0.265000
vn 0.199600 0.750000 0.262000
vn -0.145800 0.739800 -0.320400
vn -0.142600 -0.240000 0.770200
vn -0.036800 -0.232600 0.784600
vn 0.182400 -0.216800 0.768600
vn -0.033800 -0.799400 0.175800
vn 0.129000 -0.788200 0.182400
vn -0.036600 -0.799800 -0.173000
vn 0.125800 -0.788800 -0.181600
vn -0.104000 -0.791200 0.185000
vn -0.102000 -0.796800 -0.161000
vn -0.138800 -0.612400 0.526200
vn -0.038200 -0.620400 0.533600
vn 0.162800 -0.595800 0.538200
vn 0.596000 -0.429400 -0.362600
vn 0.818600 -0.030800 0.001800
vn 0.619200 -0.163800 -0.510800
vn 0.616600 -0.147600 0.518600
vn 0.595000 -0.410200 0.385600
vn 0.567600 -0.576200 -0.130200
vn 0.593000 0.534600 0.183600
vn 0.626800 0.235600 0.471800
vn 0.569200 -0.571000 0.145000
vn 0.626800 0.231600 -0.474000
vn 0.592400 0.534400 -0.185800
vt 0.611328 0.933594
vt 0.617188 0.785156
vt 0.582031 0.933594
vt 0.587891 0.785156
vt 0.617188 0.785156
vt 0.582031 0.933594
vt 0.644531 0.730469
vt 0.632813 0.703125
vt 0.656250 0.730469
vt 0.621094 0.730469
vt 0.632813 0.703125
vt 0.597656 0.730469
vt 0.611328 0.933594
vt 0.582031 0.933594
vt 0.617188 0.785156
vt 0.587891 0.785156
vt 0.582031 0.933594
vt 0.617188 0.785156
vt 0.621094 0.730469
vt 0.640625 0.730469
vt 0.632813 0.703125
vt 0.677734 0.730469
vt 0.718750 0.703125
vt 0.699219 0.730469
vt 0.699219 0.730469
vt 0.718750 0.703125
vt 0.738281 0.730469
vt 0.701172 0.730469
vt 0.720703 0.703125
vt 0.679688 0.730469
vt 0.656250 0.730469
vt 0.632813 0.703125
vt 0.640625 0.730469
vt 0.644531 0.730469
vt 0.621094 0.730469
vt 0.632813 0.703125
vt 0.519531 0.730469
vt 0.541016 0.703125
vt 0.562500 0.730469
vt 0.597656 0.730469
vt 0.632813 0.703125
vt 0.621094 0.730469
s 1
f 5/1/10 6/2/11 2/3/8
f 24/4/16 21/5/6 23/6/15
f 36/7/33 41/8/32 39/9/31
f 32/10/38 41/11/32 31/12/37
f 20/13/4 23/14/15 21/15/6
f 3/16/17 2/17/8 6/18/11
f 32/19/38 33/20/34 41/21/32
f 39/22/31 41/23/32 35/24/36
f 35/25/36 41/26/32 34/27/39
f 34/28/39 41/29/32 40/30/35
f 40/31/35 41/32/32 33/33/34
f 36/34/33 37/35/40 41/36/32
f 31/37/37 41/38/32 38/39/41
f 38/40/41 41/41/32 37/42/40
vt 0.611328 1.000000
vt 0.611328 0.933594
vt 0.646484 0.933594
vt 0.644531 1.000000
vt 0.617188 0.785156
vt 0.646484 0.785156
vt 0.646484 0.933594
vt 0.611328 0.933594
vt 0.587891 1.000000
vt 0.611328 1.000000
vt 0.611328 0.933594
vt 0.582031 0.933594
vt 0.662109 0.933594
vt 0.646484 0.933594
vt 0.646484 0.785156
vt 0.660156 0.785156
vt 0.662109 0.933594
vt 0.660156 1.000000
vt 0.644531 1.000000
vt 0.646484 0.933594
vt 0.515625 0.785156
vt 0.566406 0.785156
vt 0.583984 0.933594
vt 0.500000 0.933594
vt 0.580078 1.000000
vt 0.501953 1.000000
vt 0.500000 0.933594
vt 0.583984 0.933594
vt 0.611328 1.000000
vt 0.644531 1.000000
vt 0.646484 0.933594
vt 0.611328 0.933594
vt 0.642578 0.785156
vt 0.617188 0.785156
vt 0.611328 0.933594
vt 0.646484 0.933594
vt 0.695313 0.785156
vt 0.742188 0.785156
vt 0.746094 0.933594
vt 0.693359 0.933594
vt 0.693359 0.933594
vt 0.746094 0.933594
vt 0.744141 1.000000
vt 0.695313 1.000000
vt 0.611328 0.933594
vt 0.611328 1.000000
vt 0.587891 1.000000
vt 0.582031 0.933594
vt 0.666016 0.933594
vt 0.669922 1.000000
vt 0.695313 1.000000
vt 0.693359 0.933594
vt 0.666016 0.933594
vt 0.693359 0.933594
vt 0.697266 0.785156
vt 0.669922 0.785156
vt 0.642578 0.785156
vt 0.660156 0.785156
vt 0.656250 0.730469
vt 0.640625 0.730469
vt 0.695313 0.785156
vt 0.669922 0.785156
vt 0.677734 0.730469
vt 0.699219 0.730469
vt 0.679688 0.730469
vt 0.669922 0.785156
vt 0.697266 0.785156
vt 0.701172 0.730469
vt 0.621094 0.730469
vt 0.617188 0.785156
vt 0.587891 0.785156
vt 0.597656 0.730469
vt 0.738281 0.730469
vt 0.742188 0.785156
vt 0.695313 0.785156
vt 0.699219 0.730469
vt 0.621094 0.730469
vt 0.617188 0.785156
vt 0.642578 0.785156
vt 0.640625 0.730469
vt 0.519531 0.730469
vt 0.562500 0.730469
vt 0.566406 0.785156
vt 0.515625 0.785156
vt 0.644531 0.730469
vt 0.656250 0.730469
vt 0.660156 0.785156
vt 0.646484 0.785156
vt 0.664063 0.933594
vt 0.693359 0.933594
vt 0.695313 1.000000
vt 0.669922 1.000000
vt 0.669922 0.785156
vt 0.695313 0.785156
vt 0.693359 0.933594
vt 0.664063 0.933594
vt 0.660156 0.785156
vt 0.642578 0.785156
vt 0.646484 0.933594
vt 0.662109 0.933594
vt 0.644531 1.000000
vt 0.660156 1.000000
vt 0.662109 0.933594
vt 0.646484 0.933594
vt 0.621094 0.730469
vt 0.644531 0.730469
vt 0.646484 0.785156
vt 0.617188 0.785156
vt 0.587891 0.785156
vt 0.617188 0.785156
vt 0.621094 0.730469
vt 0.597656 0.730469
s 1
f 19/43/3 20/44/4 17/45/2 16/46/1
f 21/47/6 18/48/5 17/49/2 20/50/4
f 1/51/7 4/52/9 5/53/10 2/54/8
f 26/55/12 17/56/2 18/57/5 25/58/13
f 26/59/12 27/60/14 16/61/1 17/62/2
f 3/63/17 24/64/16 23/65/15 2/66/8
f 22/67/18 1/68/7 2/69/8 23/70/15
f 4/71/9 7/72/19 8/73/20 5/74/10
f 9/75/21 6/76/11 5/77/10 8/78/20
f 15/79/25 12/80/23 11/81/22 14/82/24
f 14/83/24 11/84/22 10/85/26 13/86/27
f 20/87/4 19/88/3 22/89/18 23/90/15
f 29/91/29 28/92/28 10/93/26 11/94/22
f 29/95/29 11/96/22 12/97/23 30/98/30
f 9/99/21 30/100/30 40/101/35 33/102/34
f 15/103/25 25/104/13 39/105/31 35/106/36
f 40/107/35 30/108/30 12/109/23 34/110/39
f 37/111/40 21/112/6 24/113/16 38/114/41
f 34/115/39 12/116/23 15/117/25 35/118/36
f 32/119/38 6/120/11 9/121/21 33/122/34
f 31/123/37 38/124/41 24/125/16 3/126/17
f 36/127/33 39/128/31 25/129/13 18/130/5
f 26/131/12 14/132/24 13/133/27 27/134/14
f 25/135/13 15/136/25 14/137/24 26/138/12
f 30/139/30 9/140/21 8/141/20 29/142/29
f 7/143/19 28/144/28 29/145/29 8/146/20
f 37/147/40 36/148/33 18/149/5 21/150/6
f 3/151/17 6/152/11 32/153/38 31/154/37
o part_01
v 3.106000 -1.758000 0.036000
v 3.106000 -1.760000 -0.899000
v 3.794000 -1.625000 -0.769000
v 3.794000 -1.624000 -0.096000
v 2.308000 -1.865000 0.074000
v 2.308000 -1.866000 -0.936000
v 3.106000 -1.210000 -1.609000
v 3.808000 -1.160000 -1.436000
v 2.308000 -1.275000 -1.703000
v 3.106000 -0.078000 -0.926000
v 3.106000 -0.077000 0.048000
v 4.012000 -0.182000 -0.101000
v 4.012000 -0.183000 -0.774000
v 2.308000 -0.064000 -0.965000
v 2.308000 -0.063000 0.087000
v 3.106000 -0.627000 0.739000
v 3.837000 -0.705000 0.566000
v 2.308000 -0.659000 0.833000
v 3.106000 -1.206000 0.742000
v 3.808000 -1.158000 0.569000
v 2.308000 -1.203000 0.836000
v 3.106000 -0.631000 -1.612000
v 3.837000 -0.707000 -1.439000
v 2.308000 -0.662000 -1.706000
v 2.308000 -1.599000 -1.492000
v 3.106000 -1.513000 -1.413000
v 3.801000 -1.421000 -1.256000
v 2.308000 -1.563000 0.629000
v 3.106000 -1.511000 0.550000
v 3.801000 -1.420000 0.391000
v 2.308000 -0.308000 0.640000
v 3.106000 -0.299000 0.560000
v 3.925000 -0.387000 0.367000
v 3.925000 -0.389000 -1.242000
v 3.106000 -0.302000 -1.436000
v 2.308000 -0.311000 -1.517000
v 3.713000 -0.705000 0.777000
v 3.559000 -0.112000 -0.859000
v 3.540000 -0.208000 0.791000
v 3.559000 -0.111000 -0.017000
v 3.457000 -1.188000 -1.543000
v 3.801000 -0.212000 0.535000
v 3.454000 -1.477000 -1.351000
v 3.713000 -0.707000 -1.650000
v 3.457000 -1.185000 0.676000
v 3.450000 -1.707000 -0.842000
v 3.454000 -1.475000 0.487000
v 3.450000 -1.706000 -0.021000
v 4.229000 -1.418000 -0.709000
v 4.229000 -1.417000 -0.157000
v 4.242000 -1.125000 -1.256000
v 4.447000 -0.508000 -0.161000
v 4.447000 -0.509000 -0.713000
v 4.272000 -0.838000 0.386000
v 4.242000 -1.123000 0.388000
v 4.272000 -0.839000 -1.258000
v 4.236000 -1.289000 -1.108000
v 4.236000 -1.288000 0.242000
v 4.360000 -0.637000 0.222000
v 4.360000 -0.639000 -1.096000
v 4.450000 -0.981000 -0.435000
v 3.540000 -0.210000 -1.669000
v 3.801000 -0.214000 -1.411000
vn 0.174600 -0.782600 -0.167200
vn 0.176400 -0.782000 0.168800
vn 0.284600 -0.752400 -0.154400
vn 0.279800 -0.753800 0.157200
vn 0.130400 -0.789800 -0.173800
vn 0.113800 -0.791200 -0.179200
vn 0.116200 -0.789200 0.186600
vn 0.099800 -0.787600 0.201800
vn 0.150000 -0.273200 -0.757600
vn 0.199400 -0.606000 -0.513800
vn 0.389800 -0.261400 -0.671400
vn 0.296200 -0.589400 -0.485800
vn 0.144800 -0.610400 -0.527000
vn 0.118200 -0.609400 -0.534600
vn 0.056200 0.811000 0.101000
vn 0.056200 0.810800 -0.102600
vn 0.430200 0.681200 0.148200
vn 0.425000 0.684000 -0.150400
vn 0.052000 0.800600 0.165600
vn 0.019600 0.802000 0.166200
vn 0.052600 0.799800 -0.169400
vn 0.020200 0.800800 -0.171200
vn 0.397800 -0.049000 0.714400
vn -0.001000 0.561400 0.596600
vn 0.540400 0.511800 0.342400
vn -0.094200 0.670000 0.461800
vn 0.048400 0.605000 0.550200
vn 0.203000 -0.602800 0.516400
vn 0.284600 -0.590400 0.491400
vn 0.122400 -0.603000 0.540800
vn 0.093600 -0.593800 0.556600
vn 0.130000 -0.225600 0.776800
vn 0.100400 -0.224000 0.781600
vn -0.038400 0.091400 -0.813200
vn 0.085000 0.195800 -0.791000
vn 0.137600 -0.233400 -0.773000
vn 0.110000 -0.233000 -0.777600
vn 0.151600 -0.265200 0.760200
vn 0.383400 -0.256200 0.677000
vn -0.038000 0.100600 0.812200
vn 0.084400 0.205600 0.788400
vn 0.538200 0.511800 -0.345600
vn -0.001200 0.558400 -0.599400
vn -0.094200 0.666800 -0.466600
vn 0.049600 0.598400 -0.557200
vn 0.612800 -0.443000 -0.315000
vn 0.800000 -0.176200 0.000200
vn 0.628600 -0.203200 -0.484400
vn 0.700600 0.176400 0.386000
vn 0.642200 0.008200 0.508400
vn 0.395800 -0.054000 -0.715200
vn 0.576000 -0.573400 0.103000
vn 0.586000 -0.564000 -0.098600
vn 0.734400 0.333800 -0.142800
vn 0.737400 0.327800 0.140400
vn 0.610200 0.322200 0.441400
vn 0.558400 0.082000 0.593800
vn 0.596200 -0.456200 0.328000
vn 0.552000 0.082400 -0.599600
vn 0.639800 0.006200 -0.511600
vn 0.620800 -0.202400 0.494800
vn 0.598400 0.331800 -0.450600
vn 0.694600 0.184000 -0.393400
vt 0.589844 0.546875
vt 0.589844 0.574219
vt 0.615234 0.554688
vt 0.638672 0.542969
vt 0.615234 0.554688
vt 0.638672 0.582031
vt 0.589844 0.574219
vt 0.548828 0.570313
vt 0.576172 0.546875
vt 0.636719 0.500000
vt 0.628906 0.476563
vt 0.644531 0.500000
vt 0.621094 0.496094
vt 0.628906 0.476563
vt 0.611328 0.488281
vt 0.593750 0.617188
vt 0.589844 0.574219
vt 0.611328 0.617188
vt 0.550781 0.617188
vt 0.578125 0.617188
vt 0.548828 0.570313
vt 0.589844 0.546875
vt 0.615234 0.554688
vt 0.589844 0.574219
vt 0.621094 0.496094
vt 0.636719 0.500000
vt 0.628906 0.476563
vt 0.681641 0.500000
vt 0.716797 0.476563
vt 0.703125 0.500000
vt 0.703125 0.500000
vt 0.716797 0.476563
vt 0.732422 0.500000
vt 0.703125 0.500000
vt 0.718750 0.476563
vt 0.683594 0.500000
vt 0.644531 0.500000
vt 0.628906 0.476563
vt 0.636719 0.500000
vt 0.636719 0.500000
vt 0.621094 0.496094
vt 0.628906 0.476563
vt 0.621094 0.496094
vt 0.611328 0.488281
vt 0.628906 0.476563
vt 0.611328 0.488281
vt 0.605469 0.476563
vt 0.628906 0.476563
vt 0.541016 0.476563
vt 0.511719 0.476563
vt 0.527344 0.476563
vt 0.605469 0.476563
vt 0.611328 0.488281
vt 0.628906 0.476563
vt 0.568359 0.531250
vt 0.542969 0.523438
vt 0.576172 0.546875
vt 0.638672 0.542969
vt 0.615234 0.554688
vt 0.615234 0.542969
vt 0.615234 0.542969
vt 0.615234 0.554688
vt 0.638672 0.542969
vt 0.550781 0.617188
vt 0.548828 0.570313
vt 0.578125 0.617188
vt 0.640625 0.617188
vt 0.638672 0.582031
vt 0.611328 0.617188
vt 0.611328 0.617188
vt 0.615234 0.554688
vt 0.640625 0.582031
vt 0.568359 0.531250
vt 0.576172 0.546875
vt 0.542969 0.523438
vt 0.640625 0.617188
vt 0.611328 0.617188
vt 0.640625 0.582031
vt 0.589844 0.574219
vt 0.576172 0.546875
vt 0.548828 0.570313
vt 0.638672 0.542969
vt 0.640625 0.582031
vt 0.615234 0.554688
vt 0.589844 0.574219
vt 0.578125 0.617188
vt 0.548828 0.570313
vt 0.542969 0.523438
vt 0.576172 0.546875
vt 0.548828 0.570313
vt 0.615234 0.554688
vt 0.611328 0.617188
vt 0.589844 0.574219
vt 0.542969 0.523438
vt 0.548828 0.570313
vt 0.576172 0.546875
vt 0.589844 0.574219
vt 0.548828 0.570313
vt 0.578125 0.617188
vt 0.593750 0.617188
vt 0.611328 0.617188
vt 0.589844 0.574219
vt 0.638672 0.582031
vt 0.615234 0.554688
vt 0.611328 0.617188
vt 0.615234 0.554688
vt 0.589844 0.574219
vt 0.611328 0.617188
s 1
f 83/155/66 80/156/65 78/157/64
f 61/158/80 78/159/64 86/160/79
f 103/161/84 79/162/57 104/163/83
f 92/164/89 102/165/88 98/166/87
f 95/167/91 102/168/88 100/169/90
f 76/170/85 103/171/84 63/172/75
f 52/173/60 73/174/67 81/175/56
f 104/176/83 85/177/92 103/178/84
f 95/179/91 96/180/102 102/181/88
f 98/182/87 102/183/88 90/184/94
f 90/185/94 102/186/88 91/187/93
f 91/188/93 102/189/88 99/190/99
f 99/191/99 102/192/88 96/193/102
f 92/194/89 97/195/101 102/196/88
f 97/197/101 101/198/104 102/199/88
f 101/200/104 94/201/95 102/202/88
f 94/203/95 93/204/96 102/205/88
f 93/206/96 100/207/90 102/208/88
f 74/209/97 53/210/58 83/211/66
f 49/212/52 85/213/92 64/214/100
f 58/215/98 78/216/64 61/217/80
f 51/218/62 79/219/57 76/220/85
f 60/221/73 86/222/79 57/223/81
f 63/224/75 85/225/92 82/226/50
f 75/227/103 104/228/83 54/229/59
f 48/230/77 63/231/75 82/232/50
f 80/233/65 83/234/66 81/235/56
f 49/236/52 82/237/50 85/238/92
f 103/239/84 76/240/85 79/241/57
f 54/242/59 104/243/83 79/244/57
f 85/245/92 63/246/75 103/247/84
f 53/248/58 81/249/56 83/250/66
f 80/251/65 81/252/56 73/253/67
f 73/254/67 57/255/81 80/256/65
f 86/257/79 78/258/64 57/259/81
f 78/260/64 80/261/65 57/262/81
vt 0.695313 0.582031
vt 0.701172 0.546875
vt 0.734375 0.546875
vt 0.738281 0.582031
vt 0.693359 0.617188
vt 0.742188 0.617188
vt 0.744141 0.699219
vt 0.691406 0.699219
vt 0.640625 0.582031
vt 0.638672 0.542969
vt 0.652344 0.546875
vt 0.654297 0.582031
vt 0.666016 0.617188
vt 0.693359 0.617188
vt 0.691406 0.699219
vt 0.662109 0.699219
vt 0.503906 0.570313
vt 0.509766 0.523438
vt 0.542969 0.523438
vt 0.548828 0.570313
vt 0.501953 0.617188
vt 0.550781 0.617188
vt 0.554688 0.699219
vt 0.500000 0.699219
vt 0.582031 0.699219
vt 0.578125 0.617188
vt 0.550781 0.617188
vt 0.554688 0.699219
vt 0.675781 0.546875
vt 0.669922 0.582031
vt 0.697266 0.582031
vt 0.701172 0.546875
vt 0.656250 0.617188
vt 0.640625 0.617188
vt 0.640625 0.699219
vt 0.660156 0.699219
vt 0.611328 0.617188
vt 0.640625 0.617188
vt 0.644531 0.699219
vt 0.613281 0.699219
vt 0.640625 0.617188
vt 0.611328 0.617188
vt 0.613281 0.699219
vt 0.640625 0.699219
vt 0.593750 0.617188
vt 0.611328 0.617188
vt 0.613281 0.699219
vt 0.593750 0.699219
vt 0.550781 0.617188
vt 0.578125 0.617188
vt 0.582031 0.699219
vt 0.554688 0.699219
vt 0.640625 0.617188
vt 0.656250 0.617188
vt 0.662109 0.699219
vt 0.644531 0.699219
vt 0.669922 0.582031
vt 0.695313 0.582031
vt 0.693359 0.617188
vt 0.666016 0.617188
vt 0.667969 0.617188
vt 0.664063 0.699219
vt 0.691406 0.699219
vt 0.693359 0.617188
vt 0.656250 0.617188
vt 0.654297 0.582031
vt 0.638672 0.582031
vt 0.640625 0.617188
vt 0.611328 0.617188
vt 0.593750 0.617188
vt 0.593750 0.699219
vt 0.613281 0.699219
vt 0.669922 0.582031
vt 0.667969 0.617188
vt 0.693359 0.617188
vt 0.697266 0.582031
vt 0.654297 0.582031
vt 0.652344 0.546875
vt 0.638672 0.542969
vt 0.638672 0.582031
vt 0.501953 0.617188
vt 0.503906 0.570313
vt 0.548828 0.570313
vt 0.550781 0.617188
vt 0.640625 0.582031
vt 0.654297 0.582031
vt 0.656250 0.617188
vt 0.640625 0.617188
vt 0.669922 0.582031
vt 0.675781 0.546875
vt 0.701172 0.546875
vt 0.695313 0.582031
vt 0.738281 0.582031
vt 0.742188 0.617188
vt 0.693359 0.617188
vt 0.695313 0.582031
vt 0.734375 0.546875
vt 0.701172 0.546875
vt 0.703125 0.500000
vt 0.732422 0.500000
vt 0.652344 0.546875
vt 0.638672 0.542969
vt 0.636719 0.500000
vt 0.644531 0.500000
vt 0.542969 0.523438
vt 0.509766 0.523438
vt 0.511719 0.476563
vt 0.541016 0.476563
vt 0.611328 0.488281
vt 0.597656 0.531250
vt 0.615234 0.542969
vt 0.621094 0.496094
vt 0.683594 0.500000
vt 0.675781 0.546875
vt 0.701172 0.546875
vt 0.703125 0.500000
vt 0.636719 0.500000
vt 0.638672 0.542969
vt 0.615234 0.542969
vt 0.621094 0.496094
vt 0.621094 0.496094
vt 0.615234 0.542969
vt 0.638672 0.542969
vt 0.636719 0.500000
vt 0.560547 0.488281
vt 0.568359 0.531250
vt 0.542969 0.523438
vt 0.541016 0.476563
vt 0.701172 0.546875
vt 0.675781 0.546875
vt 0.681641 0.500000
vt 0.703125 0.500000
vt 0.636719 0.500000
vt 0.638672 0.542969
vt 0.652344 0.546875
vt 0.644531 0.500000
vt 0.541016 0.476563
vt 0.542969 0.523438
vt 0.568359 0.531250
vt 0.560547 0.488281
vt 0.621094 0.496094
vt 0.615234 0.542969
vt 0.597656 0.531250
vt 0.611328 0.488281
vt 0.589844 0.546875
vt 0.615234 0.554688
vt 0.615234 0.542969
vt 0.597656 0.531250
vt 0.615234 0.554688
vt 0.589844 0.546875
vt 0.597656 0.531250
vt 0.615234 0.542969
s 1
f 87/263/42 44/264/44 45/265/45 89/266/43
f 43/267/46 42/268/48 46/269/49 47/270/47
f 82/271/50 49/272/52 68/273/53 84/274/51
f 67/275/54 43/276/46 47/277/47 66/278/55
f 81/279/56 53/280/58 54/281/59 79/282/57
f 52/283/60 51/284/62 55/285/63 56/286/61
f 72/287/68 73/288/67 52/289/60 56/290/61
f 71/291/70 88/292/69 89/293/43 45/294/45
f 70/295/71 60/296/73 62/297/74 69/298/72
f 63/299/75 48/300/77 50/301/78 65/302/76
f 60/303/73 57/304/81 59/305/82 62/306/74
f 76/307/85 63/308/75 65/309/76 77/310/86
f 51/311/62 76/312/85 77/313/86 55/314/63
f 48/315/77 67/316/54 66/317/55 50/318/78
f 84/319/51 87/320/42 43/321/46 67/322/54
f 70/323/71 69/324/72 46/325/49 42/326/48
f 70/327/71 88/328/69 86/329/79 60/330/73
f 57/331/81 73/332/67 72/333/68 59/334/82
f 88/335/69 70/336/71 42/337/48 89/338/43
f 88/339/69 71/340/70 61/341/80 86/342/79
f 52/343/60 81/344/56 79/345/57 51/346/62
f 82/347/50 84/348/51 67/349/54 48/350/77
f 84/351/51 68/352/53 44/353/44 87/354/42
f 89/355/43 42/356/48 43/357/46 87/358/42
f 45/359/45 44/360/44 90/361/94 91/362/93
f 68/363/53 49/364/52 92/365/89 98/366/87
f 54/367/59 53/368/58 93/369/96 94/370/95
f 100/371/90 74/372/97 58/373/98 95/374/91
f 99/375/99 71/376/70 45/377/45 91/378/93
f 92/379/89 49/380/52 64/381/100 97/382/101
f 95/383/91 58/384/98 61/385/80 96/386/102
f 101/387/104 75/388/103 54/389/59 94/390/95
f 44/391/44 68/392/53 98/393/87 90/394/94
f 96/395/102 61/396/80 71/397/70 99/398/99
f 93/399/96 53/400/58 74/401/97 100/402/90
f 97/403/101 64/404/100 75/405/103 101/406/104
f 83/407/66 78/408/64 58/409/98 74/410/97
f 85/411/92 104/412/83 75/413/103 64/414/100
o part_02
v 3.326000 0.849000 -1.586000
v 3.326000 -0.835000 -1.586000
v 3.621000 0.720000 -1.586000
v 3.695000 -0.664000 -1.586000
v 3.326000 0.760000 -1.291000
v 3.326000 -0.664000 -1.217000
v 3.031000 0.720000 -1.586000
v 2.957000 -0.664000 -1.586000
v 3.643000 -0.455000 -1.289000
v 3.326000 -0.664000 -1.955000
v 3.534000 0.760000 -1.391000
v 3.190000 0.632000 -1.682000
v 3.586000 -0.664000 -1.342000
v 3.066000 -0.664000 -1.830000
v 3.066000 -0.664000 -1.342000
v 3.586000 -0.664000 -1.830000
v 3.462000 0.632000 -1.682000
v 3.118000 0.760000 -1.391000
v 3.706000 0.568000 -1.586000
v 3.326000 0.252000 -1.966000
v 3.326000 -0.455000 -2.036000
v 3.326000 -0.455000 -1.136000
v 3.009000 -0.455000 -1.883000
v 3.058000 0.329000 -1.838000
v 3.594000 0.329000 -1.838000
v 2.876000 -0.455000 -1.586000
v 2.946000 0.568000 -1.586000
v 3.776000 -0.455000 -1.586000
v 3.009000 -0.455000 -1.289000
v 3.058000 0.608000 -1.334000
v 3.594000 0.608000 -1.334000
v 3.643000 -0.455000 -1.883000
v 3.326000 0.608000 -1.206000
vn 0.403600 0.638800 0.316600
vn 0.000000 0.762000 -0.300600
vn 0.459800 0.548000 -0.399200
vn 0.000000 -0.125200 0.809600
vn 0.582000 -0.121200 0.563600
vn 0.000000 -0.568600 0.589800
vn 0.429800 -0.558000 0.418400
vn 0.000000 -0.819200 0.000000
vn -0.406600 0.635600 0.319200
vn 0.000000 0.646000 0.503800
vn -0.810200 -0.120400 -0.016600
vn -0.582200 -0.120600 0.563600
vn -0.590800 -0.567600 0.000000
vn -0.429800 -0.558000 0.418400
vn -0.111600 0.421800 -0.693400
vn -0.463000 0.545600 -0.399000
vn 0.000600 -0.113400 -0.811400
vn -0.568200 -0.109200 -0.580000
vn 0.000000 -0.568600 -0.589800
vn -0.429800 -0.558000 -0.418400
vn 0.809400 -0.125600 -0.012600
vn 0.570800 -0.116200 -0.576000
vn 0.590800 -0.567600 0.000000
vn 0.429800 -0.558000 -0.418400
vn 0.111600 0.421800 -0.693400
vn -0.422600 0.278000 -0.644400
vn 0.000000 0.234000 0.785000
vn -0.575000 0.226600 0.537600
vn 0.781400 0.226200 -0.096200
vn 0.574000 0.231000 0.537000
vn 0.000400 0.322000 -0.753200
vn 0.426400 0.273400 -0.643800
vn -0.781000 0.227000 -0.098400
vt 0.783203 0.820313
vt 0.783203 0.808594
vt 0.794922 0.820313
vt 0.818359 0.972656
vt 0.818359 0.988281
vt 0.802734 0.972656
vt 0.818359 0.820313
vt 0.818359 0.808594
vt 0.828125 0.820313
vt 0.851563 0.972656
vt 0.851563 0.988281
vt 0.837891 0.972656
vt 0.867188 0.820313
vt 0.882813 0.808594
vt 0.875000 0.832031
vt 0.882813 0.972656
vt 0.882813 0.988281
vt 0.869141 0.972656
vt 0.783203 0.972656
vt 0.783203 0.988281
vt 0.769531 0.972656
vt 0.875000 0.832031
vt 0.882813 0.808594
vt 0.890625 0.832031
vt 0.875000 0.832031
vt 0.867188 0.863281
vt 0.867188 0.820313
vt 0.851563 0.972656
vt 0.863281 0.972656
vt 0.851563 0.988281
vt 0.818359 0.972656
vt 0.832031 0.972656
vt 0.818359 0.988281
vt 0.849609 0.820313
vt 0.839844 0.820313
vt 0.849609 0.808594
vt 0.818359 0.820313
vt 0.806641 0.820313
vt 0.818359 0.808594
vt 0.783203 0.972656
vt 0.796875 0.972656
vt 0.783203 0.988281
vt 0.882813 0.972656
vt 0.898438 0.972656
vt 0.882813 0.988281
vt 0.900391 0.820313
vt 0.890625 0.832031
vt 0.882813 0.808594
vt 0.867188 0.863281
vt 0.875000 0.832031
vt 0.882813 0.871094
vt 0.890625 0.832031
vt 0.900391 0.820313
vt 0.898438 0.863281
vt 0.849609 0.839844
vt 0.849609 0.820313
vt 0.865234 0.863281
vt 0.783203 0.839844
vt 0.769531 0.863281
vt 0.783203 0.820313
vt 0.898438 0.863281
vt 0.882813 0.871094
vt 0.890625 0.832031
vt 0.890625 0.832031
vt 0.882813 0.871094
vt 0.875000 0.832031
s 1
f 107/415/107 105/416/106 115/417/105
f 110/418/110 106/419/112 117/420/111
f 109/421/114 105/422/106 122/423/113
f 112/424/117 106/425/112 119/426/118
f 111/427/120 105/428/106 116/429/119
f 114/430/123 106/431/112 118/432/124
f 108/433/127 106/434/112 120/435/128
f 116/436/119 105/437/106 121/438/129
f 116/439/119 128/440/130 111/441/120
f 112/442/117 118/443/124 106/444/112
f 110/445/110 119/446/118 106/447/112
f 111/448/120 122/449/113 105/450/106
f 109/451/114 115/452/105 105/453/106
f 108/454/127 117/455/111 106/456/112
f 114/457/123 120/458/128 106/459/112
f 107/460/107 121/461/129 105/462/106
f 128/463/130 116/464/119 124/465/135
f 121/466/129 107/467/107 129/468/136
f 131/469/137 111/470/120 128/471/130
f 123/472/133 129/473/136 107/474/107
f 129/475/136 124/476/135 121/477/129
f 121/478/129 124/479/135 116/480/119
vt 0.802734 0.972656
vt 0.798828 0.949219
vt 0.818359 0.949219
vt 0.818359 0.972656
vt 0.837891 0.972656
vt 0.833984 0.949219
vt 0.849609 0.949219
vt 0.851563 0.972656
vt 0.869141 0.972656
vt 0.865234 0.949219
vt 0.882813 0.949219
vt 0.882813 0.972656
vt 0.769531 0.972656
vt 0.767578 0.949219
vt 0.783203 0.949219
vt 0.783203 0.972656
vt 0.818359 0.835938
vt 0.818359 0.820313
vt 0.828125 0.820313
vt 0.832031 0.835938
vt 0.783203 0.839844
vt 0.783203 0.820313
vt 0.794922 0.820313
vt 0.796875 0.835938
vt 0.849609 0.949219
vt 0.867188 0.949219
vt 0.863281 0.972656
vt 0.851563 0.972656
vt 0.882813 0.949219
vt 0.900391 0.949219
vt 0.898438 0.972656
vt 0.882813 0.972656
vt 0.783203 0.949219
vt 0.800781 0.949219
vt 0.796875 0.972656
vt 0.783203 0.972656
vt 0.802734 0.835938
vt 0.806641 0.820313
vt 0.818359 0.820313
vt 0.818359 0.835938
vt 0.818359 0.949219
vt 0.835938 0.949219
vt 0.832031 0.972656
vt 0.818359 0.972656
vt 0.835938 0.835938
vt 0.839844 0.820313
vt 0.849609 0.820313
vt 0.849609 0.839844
vt 0.849609 0.839844
vt 0.865234 0.863281
vt 0.867188 0.949219
vt 0.849609 0.949219
vt 0.882813 0.871094
vt 0.882813 0.949219
vt 0.865234 0.949219
vt 0.867188 0.863281
vt 0.898438 0.863281
vt 0.900391 0.949219
vt 0.882813 0.949219
vt 0.882813 0.871094
vt 0.767578 0.949219
vt 0.769531 0.863281
vt 0.783203 0.839844
vt 0.783203 0.949219
vt 0.783203 0.949219
vt 0.783203 0.839844
vt 0.796875 0.835938
vt 0.800781 0.949219
vt 0.798828 0.949219
vt 0.802734 0.835938
vt 0.818359 0.835938
vt 0.818359 0.949219
vt 0.818359 0.835938
vt 0.832031 0.835938
vt 0.835938 0.949219
vt 0.818359 0.949219
vt 0.835938 0.835938
vt 0.849609 0.839844
vt 0.849609 0.949219
vt 0.833984 0.949219
s 1
f 117/481/111 113/482/109 126/483/108 110/484/110
f 119/485/118 133/486/116 130/487/115 112/488/117
f 118/489/124 127/490/122 125/491/121 114/492/123
f 120/493/128 136/494/126 132/495/125 108/496/127
f 137/497/131 109/498/114 122/499/113 134/500/132
f 123/501/133 107/502/107 115/503/105 135/504/134
f 130/505/115 127/506/122 118/507/124 112/508/117
f 125/509/121 136/510/126 120/511/128 114/512/123
f 132/513/125 113/514/109 117/515/111 108/516/127
f 135/517/134 115/518/105 109/519/114 137/520/131
f 126/521/108 133/522/116 119/523/118 110/524/110
f 134/525/132 122/526/113 111/527/120 131/528/137
f 131/529/137 128/530/130 127/531/122 130/532/115
f 124/533/135 125/534/121 127/535/122 128/536/130
f 129/537/136 136/538/126 125/539/121 124/540/135
f 136/541/126 129/542/136 123/543/133 132/544/125
f 132/545/125 123/546/133 135/547/134 113/548/109
f 113/549/109 135/550/134 137/551/131 126/552/108
f 137/553/131 134/554/132 133/555/116 126/556/108
f 134/557/132 131/558/137 130/559/115 133/560/116
o part_03
v 3.326000 1.822000 -1.300000
v 3.612000 1.822000 -1.586000
v 3.326000 2.003000 -1.586000
v 3.777000 1.555000 -1.586000
v 3.326000 1.555000 -1.135000
v 3.326000 0.627000 -1.228000
v 3.684000 0.627000 -1.586000
v 3.326000 0.393000 -1.586000
v 3.040000 1.822000 -1.586000
v 2.875000 1.555000 -1.586000
v 2.968000 0.627000 -1.586000
v 3.326000 1.822000 -1.872000
v 3.326000 1.555000 -2.037000
v 3.326000 0.627000 -1.944000
v 3.559000 0.627000 -1.819000
v 3.093000 0.627000 -1.353000
v 3.559000 0.627000 -1.353000
v 3.093000 0.627000 -1.819000
v 3.033000 1.555000 -1.293000
v 3.619000 1.555000 -1.293000
v 3.619000 1.555000 -1.879000
v 3.033000 1.555000 -1.879000
v 3.512000 1.822000 -1.772000
v 3.140000 1.822000 -1.772000
v 3.140000 1.822000 -1.400000
v 3.512000 1.822000 -1.400000
vn 0.426200 0.554800 0.426200
vn 0.000000 0.819200 0.000000
vn 0.578800 0.579600 0.000000
vn 0.566200 0.173600 0.566200
vn 0.500400 -0.412800 0.500400
vn 0.000000 0.188000 0.797400
vn 0.000000 -0.439000 0.691600
vn 0.797400 0.188000 0.000000
vn 0.000000 -0.819200 0.000000
vn -0.426200 0.554800 0.426200
vn 0.000000 0.579600 0.578800
vn -0.566200 0.173600 0.566200
vn -0.500400 -0.412800 0.500400
vn -0.797400 0.188000 0.000000
vn -0.691600 -0.439000 0.000000
vn -0.426200 0.554800 -0.426200
vn -0.578800 0.579600 0.000000
vn -0.566200 0.173600 -0.566200
vn -0.500400 -0.412800 -0.500400
vn 0.000000 0.188000 -0.797400
vn 0.000000 -0.439000 -0.691600
vn 0.426200 0.554800 -0.426200
vn 0.000000 0.579600 -0.578800
vn 0.566200 0.173600 -0.566200
vn 0.500400 -0.412800 -0.500400
vn 0.691600 -0.439000 0.000000
vt 0.849609 0.648438
vt 0.849609 0.628906
vt 0.839844 0.648438
vt 0.818359 0.777344
vt 0.818359 0.800781
vt 0.832031 0.777344
vt 0.818359 0.648438
vt 0.818359 0.628906
vt 0.808594 0.648438
vt 0.785156 0.777344
vt 0.785156 0.800781
vt 0.798828 0.777344
vt 0.785156 0.648438
vt 0.785156 0.628906
vt 0.773438 0.648438
vt 0.882813 0.777344
vt 0.882813 0.800781
vt 0.896484 0.777344
vt 0.882813 0.648438
vt 0.882813 0.628906
vt 0.873047 0.648438
vt 0.851563 0.777344
vt 0.851563 0.800781
vt 0.863281 0.777344
vt 0.882813 0.777344
vt 0.869141 0.777344
vt 0.882813 0.800781
vt 0.849609 0.648438
vt 0.861328 0.648438
vt 0.849609 0.628906
vt 0.785156 0.648438
vt 0.794922 0.648438
vt 0.785156 0.628906
vt 0.818359 0.777344
vt 0.804688 0.777344
vt 0.818359 0.800781
vt 0.851563 0.777344
vt 0.837891 0.777344
vt 0.851563 0.800781
vt 0.818359 0.648438
vt 0.828125 0.648438
vt 0.818359 0.628906
vt 0.882813 0.648438
vt 0.894531 0.648438
vt 0.882813 0.628906
vt 0.785156 0.777344
vt 0.771484 0.777344
vt 0.785156 0.800781
s 1
f 139/561/140 140/562/139 163/563/138
f 143/564/144 145/565/146 154/566/142
f 138/567/148 140/568/139 162/569/147
f 148/570/152 145/571/146 153/572/150
f 146/573/154 140/574/139 161/575/153
f 151/576/158 145/577/146 155/578/156
f 149/579/160 140/580/139 160/581/159
f 144/582/163 145/583/146 152/584/162
f 151/585/158 152/586/162 145/587/146
f 139/588/140 160/589/159 140/590/139
f 146/591/154 162/592/147 140/593/139
f 143/594/144 153/595/150 145/596/146
f 144/597/163 154/598/142 145/599/146
f 138/600/148 163/601/138 140/602/139
f 149/603/160 161/604/153 140/605/139
f 148/606/152 155/607/156 145/608/146
vt 0.818359 0.777344
vt 0.832031 0.777344
vt 0.835938 0.675781
vt 0.818359 0.675781
vt 0.839844 0.648438
vt 0.833984 0.675781
vt 0.849609 0.675781
vt 0.849609 0.648438
vt 0.785156 0.777344
vt 0.798828 0.777344
vt 0.800781 0.675781
vt 0.785156 0.675781
vt 0.808594 0.648438
vt 0.800781 0.675781
vt 0.818359 0.675781
vt 0.818359 0.648438
vt 0.882813 0.777344
vt 0.896484 0.777344
vt 0.900391 0.675781
vt 0.882813 0.675781
vt 0.773438 0.648438
vt 0.767578 0.675781
vt 0.785156 0.675781
vt 0.785156 0.648438
vt 0.851563 0.777344
vt 0.863281 0.777344
vt 0.867188 0.675781
vt 0.849609 0.675781
vt 0.873047 0.648438
vt 0.867188 0.675781
vt 0.882813 0.675781
vt 0.882813 0.648438
vt 0.867188 0.675781
vt 0.869141 0.777344
vt 0.882813 0.777344
vt 0.882813 0.675781
vt 0.867188 0.675781
vt 0.861328 0.648438
vt 0.849609 0.648438
vt 0.849609 0.675781
vt 0.800781 0.675781
vt 0.794922 0.648438
vt 0.785156 0.648438
vt 0.785156 0.675781
vt 0.800781 0.675781
vt 0.804688 0.777344
vt 0.818359 0.777344
vt 0.818359 0.675781
vt 0.833984 0.675781
vt 0.837891 0.777344
vt 0.851563 0.777344
vt 0.849609 0.675781
vt 0.835938 0.675781
vt 0.828125 0.648438
vt 0.818359 0.648438
vt 0.818359 0.675781
vt 0.900391 0.675781
vt 0.894531 0.648438
vt 0.882813 0.648438
vt 0.882813 0.675781
vt 0.767578 0.675781
vt 0.771484 0.777344
vt 0.785156 0.777344
vt 0.785156 0.675781
s 1
f 143/609/144 154/610/142 157/611/141 142/612/143
f 163/613/138 157/614/141 141/615/145 139/616/140
f 148/617/152 153/618/150 156/619/149 147/620/151
f 162/621/147 156/622/149 142/623/143 138/624/148
f 151/625/158 155/626/156 159/627/155 150/628/157
f 161/629/153 159/630/155 147/631/151 146/632/154
f 144/633/163 152/634/162 158/635/161 141/636/145
f 160/637/159 158/638/161 150/639/157 149/640/160
f 158/641/161 152/642/162 151/643/158 150/644/157
f 158/645/161 160/646/159 139/647/140 141/648/145
f 156/649/149 162/650/147 146/651/154 147/652/151
f 156/653/149 153/654/150 143/655/144 142/656/143
f 157/657/141 154/658/142 144/659/163 141/660/145
f 157/661/141 163/662/138 138/663/148 142/664/143
f 159/665/155 161/666/153 149/667/160 150/668/157
f 159/669/155 155/670/156 148/671/152 147/672/151
o part_04
v 3.182000 1.942000 -1.372000
v 4.210000 2.088000 -1.281000
v 3.801000 1.875000 -1.586000
v 3.595000 1.581000 -1.586000
v 3.823000 2.087000 -2.124000
v 3.427000 1.919000 -1.854000
v 3.278000 1.717000 -1.935000
v 2.966000 2.086000 -1.586000
v 2.994000 1.964000 -1.586000
v 2.984000 1.808000 -1.586000
v 3.823000 2.087000 -1.047000
v 3.427000 1.919000 -1.317000
v 3.278000 1.717000 -1.238000
v 4.193000 2.088000 -1.883000
v 4.276000 2.088000 -1.582000
v 3.931000 2.088000 -1.907000
v 4.113000 2.088000 -1.698000
v 4.122000 2.088000 -1.466000
v 3.940000 2.088000 -1.261000
v 3.650000 1.897000 -1.786000
v 3.650000 1.897000 -1.387000
v 3.152000 2.086000 -1.371000
v 3.152000 2.086000 -1.802000
v 3.182000 1.942000 -1.801000
v 3.393000 1.665000 -1.267000
v 3.393000 1.665000 -1.907000
vn 0.651400 0.265600 0.420000
vn 0.641600 0.270400 -0.431600
vn 0.631000 -0.522000 -0.020800
vn 0.036800 -0.239600 -0.782600
vn 0.224800 0.330400 -0.715200
vn -0.077800 0.552400 -0.599800
vn 0.440600 -0.132400 -0.677800
vn 0.319200 -0.538800 -0.528000
vn -0.188400 0.213400 -0.768200
vn -0.415200 0.072800 0.702400
vn -0.305400 0.564000 0.509600
vn 0.080800 -0.232200 0.781400
vn 0.036800 0.544200 0.611200
vn -0.183200 0.211200 0.770000
vn -0.371800 0.547800 -0.482400
vn -0.745400 0.339800 0.002600
vn -0.459200 0.059200 -0.675800
vn -0.817800 -0.047400 0.004000
vn -0.815600 0.077400 0.005000
vn 0.316000 -0.547400 0.521200
vn 0.468000 -0.672200 -0.006400
vn 0.446000 -0.145600 0.671400
vn 0.677800 -0.460000 -0.005400
vn 0.216000 0.327000 0.719400
vn 0.373600 -0.470000 -0.557200
vn 0.361000 -0.479200 0.557800
vt 0.986328 0.734375
vt 0.978516 0.722656
vt 0.978516 0.750000
vt 0.960938 0.984375
vt 0.966797 0.960938
vt 0.939453 0.957031
vt 0.939453 0.828125
vt 0.925781 0.828125
vt 0.931641 0.851563
vt 0.914063 0.734375
vt 0.923828 0.757813
vt 0.923828 0.710938
vt 0.960938 0.925781
vt 0.978516 0.914063
vt 0.951172 0.906250
vt 0.939453 0.957031
vt 0.966797 0.960938
vt 0.951172 0.949219
vt 0.960938 0.867188
vt 0.939453 0.898438
vt 0.968750 0.890625
vt 0.978516 0.914063
vt 0.960938 0.925781
vt 0.986328 0.925781
vt 0.986328 0.925781
vt 0.960938 0.925781
vt 0.978516 0.937500
vt 0.982422 0.960938
vt 0.951172 0.949219
vt 0.966797 0.960938
vt 0.982422 0.960938
vt 0.978516 0.937500
vt 0.951172 0.949219
vt 0.951172 0.949219
vt 0.978516 0.937500
vt 0.960938 0.925781
vt 0.939453 0.898438
vt 0.951172 0.906250
vt 0.968750 0.890625
vt 0.968750 0.890625
vt 0.951172 0.906250
vt 0.982422 0.894531
vt 0.982422 0.894531
vt 0.951172 0.906250
vt 0.978516 0.914063
vt 0.982422 0.703125
vt 0.966797 0.699219
vt 0.978516 0.722656
vt 0.982422 0.769531
vt 0.978516 0.750000
vt 0.968750 0.773438
vt 0.939453 0.828125
vt 0.931641 0.851563
vt 0.925781 0.828125
s 1
f 178/673/166 180/674/165 181/675/164
f 168/676/169 179/677/168 169/678/167
f 175/679/175 164/680/173 176/681/177
f 171/682/179 185/683/174 186/684/178
f 166/685/184 181/686/164 184/687/183
f 169/688/167 179/689/168 183/690/171
f 174/691/176 175/692/175 182/693/187
f 181/694/164 166/695/184 178/696/166
f 178/697/166 166/698/184 180/699/165
f 177/700/188 183/701/171 179/702/168
f 177/703/188 180/704/165 183/705/171
f 183/706/171 180/707/165 166/708/184
f 175/709/175 184/710/183 182/711/187
f 182/712/187 184/713/183 165/714/189
f 165/715/189 184/716/183 181/717/164
f 177/718/188 179/719/168 180/720/165
f 165/721/189 181/722/164 182/723/187
f 169/724/167 170/725/172 187/726/180
vt 0.937500 0.859375
vt 0.931641 0.851563
vt 0.939453 0.828125
vt 0.951172 0.832031
vt 0.925781 0.828125
vt 0.939453 0.828125
vt 0.960938 0.812500
vt 0.923828 0.812500
vt 0.925781 0.828125
vt 0.914063 0.824219
vt 0.914063 0.812500
vt 0.923828 0.812500
vt 0.931641 0.851563
vt 0.914063 0.843750
vt 0.914063 0.824219
vt 0.925781 0.828125
vt 0.937500 0.890625
vt 0.949219 0.925781
vt 0.960938 0.925781
vt 0.951172 0.906250
vt 0.968750 0.773438
vt 0.966797 0.699219
vt 0.960938 0.675781
vt 0.960938 0.796875
vt 0.978516 0.722656
vt 0.966797 0.699219
vt 0.968750 0.773438
vt 0.978516 0.750000
vt 0.923828 0.710938
vt 0.923828 0.757813
vt 0.960938 0.796875
vt 0.960938 0.675781
vt 0.925781 0.828125
vt 0.923828 0.812500
vt 0.960938 0.812500
vt 0.939453 0.828125
vt 0.923828 0.812500
vt 0.914063 0.812500
vt 0.914063 0.824219
vt 0.925781 0.828125
vt 0.925781 0.828125
vt 0.914063 0.824219
vt 0.914063 0.843750
vt 0.931641 0.851563
vt 0.951172 0.832031
vt 0.939453 0.828125
vt 0.931641 0.851563
vt 0.937500 0.859375
vt 0.949219 0.925781
vt 0.937500 0.960938
vt 0.951172 0.949219
vt 0.960938 0.925781
s 1
f 189/727/170 170/728/172 169/729/167 183/730/171
f 164/731/173 175/732/175 174/733/176 185/734/174
f 187/735/180 172/736/181 171/737/179 186/738/178
f 170/739/172 173/740/182 172/741/181 187/742/180
f 188/743/185 167/744/186 166/745/184 184/746/183
f 182/747/187 179/748/168 168/749/169 174/750/176
f 180/751/165 179/752/168 182/753/187 181/754/164
f 186/755/178 185/756/174 174/757/176 168/758/169
f 187/759/180 186/760/178 168/761/169 169/762/167
f 185/763/174 171/764/179 172/765/181 164/766/173
f 164/767/173 172/768/181 173/769/182 176/770/177
f 184/771/183 175/772/175 176/773/177 188/774/185
f 167/775/186 189/776/170 183/777/171 166/778/184
o part_05
v 4.274000 -1.637000 -0.022000
v 4.274000 -1.638000 -0.842000
v 4.934000 -1.632000 -0.657000
v 4.934000 -1.631000 -0.209000
v 3.687000 -1.623000 -0.041000
v 3.687000 -1.624000 -0.823000
v 4.322000 -1.273000 -1.359000
v 4.920000 -1.326000 -1.154000
v 3.734000 -1.169000 -1.428000
v 4.489000 0.021000 -0.853000
v 4.490000 0.023000 -0.024000
v 5.168000 -0.173000 -0.210000
v 5.168000 -0.174000 -0.663000
v 3.903000 -0.153000 -0.834000
v 3.903000 -0.151000 -0.043000
v 4.395000 -0.762000 0.461000
v 4.952000 -0.986000 0.262000
v 3.801000 -0.627000 0.528000
v 4.322000 -1.270000 0.491000
v 4.920000 -1.324000 0.286000
v 3.734000 -1.166000 0.561000
v 4.394000 -0.766000 -1.333000
v 4.952000 -0.988000 -1.134000
v 3.801000 -0.630000 -1.401000
v 4.927000 -1.522000 -0.977000
v 4.829000 -0.075000 -0.117000
v 4.674000 -0.874000 0.362000
v 4.829000 -0.076000 -0.758000
v 4.621000 -1.297000 0.388000
v 4.673000 -0.877000 -1.234000
v 4.604000 -1.634000 -0.116000
v 4.621000 -1.300000 -1.256000
v 4.604000 -1.635000 -0.749000
v 5.060000 -0.566000 0.093000
v 4.751000 -0.461000 0.203000
v 4.442000 -0.356000 0.314000
v 3.852000 -0.375000 0.341000
v 3.711000 -1.438000 0.368000
v 4.298000 -1.497000 0.339000
v 4.613000 -1.508000 0.225000
v 4.927000 -1.520000 0.110000
v 5.060000 -0.567000 -0.966000
v 4.751000 -0.463000 -1.077000
v 4.442000 -0.358000 -1.189000
v 3.852000 -0.377000 -1.216000
v 3.710000 -1.440000 -1.232000
v 4.298000 -1.499000 -1.204000
v 4.612000 -1.510000 -1.090000
v 5.060000 -0.566000 -0.172000
v 4.952000 -0.987000 0.000000
v 5.060000 -0.567000 -0.701000
v 4.952000 -0.988000 -0.872000
v 4.920000 -1.324000 -0.074000
v 4.920000 -1.325000 -0.794000
v 4.397000 -0.957000 -0.436000
vn 0.610600 -0.536800 0.100200
vn 0.608800 -0.539600 -0.096400
vn 0.042600 -0.805000 0.146200
vn 0.039800 -0.806600 -0.137800
vn -0.000200 -0.806000 -0.146000
vn -0.041400 -0.804200 -0.150600
vn 0.002000 -0.803000 0.162400
vn -0.039600 -0.799200 0.175200
vn 0.477600 -0.539200 -0.390200
vn 0.146400 -0.653000 -0.472400
vn 0.054800 -0.650200 -0.495400
vn -0.040800 -0.646600 -0.501400
vn 0.327400 0.668000 0.342800
vn 0.324800 0.678400 -0.324600
vn 0.747600 0.255800 0.216600
vn 0.746000 0.267600 -0.207400
vn -0.016600 0.762200 0.300000
vn -0.234400 0.774000 -0.130000
vn 0.033600 0.738200 -0.353600
vn 0.702800 0.055800 0.417200
vn 0.347200 0.314800 0.671800
vn -0.066000 0.590800 0.563600
vn -0.232600 0.761600 0.192600
vn 0.475000 -0.547000 0.382400
vn 0.144200 -0.659400 0.464200
vn 0.670000 -0.175400 0.437400
vn 0.253200 -0.261800 0.733800
vn 0.056200 -0.641400 0.506600
vn -0.037000 -0.622600 0.531000
vn 0.153800 -0.239200 0.768200
vn 0.046800 -0.222400 0.787000
vn 0.303800 0.108000 -0.753000
vn 0.253600 -0.248400 -0.738200
vn 0.679400 -0.021600 -0.457200
vn 0.669400 -0.168200 -0.441200
vn 0.184600 0.131800 -0.787200
vn 0.063600 0.150600 -0.802800
vn 0.149400 -0.241000 -0.768600
vn 0.043400 -0.239600 -0.782200
vn 0.304800 0.117400 0.751200
vn 0.678400 -0.015800 0.459000
vn 0.218400 0.134400 0.778000
vn 0.090200 0.268600 0.768600
vn 0.706000 0.064400 -0.410600
vn 0.350800 0.329400 -0.663000
vn 0.190400 0.386200 -0.697000
vn -0.063400 0.530400 -0.621000
vn 0.178000 0.400400 0.692200
vn 0.725400 -0.154200 -0.348000
vn 0.786800 0.174400 -0.146800
vn 0.716000 -0.376200 -0.130200
vn 0.726000 -0.151800 0.348000
vn 0.716000 -0.376000 0.131000
vn 0.787000 0.175600 0.144400
vn 0.803600 -0.159200 -0.000400
vt 0.556641 0.367188
vt 0.554688 0.445313
vt 0.500000 0.367188
vt 0.556641 0.445313
vt 0.583984 0.453125
vt 0.556641 0.367188
vt 0.580078 0.371094
vt 0.582031 0.453125
vt 0.556641 0.367188
vt 0.583984 0.453125
vt 0.601563 0.460938
vt 0.582031 0.371094
vt 0.597656 0.136719
vt 0.597656 0.171875
vt 0.570313 0.179688
vt 0.611328 0.378906
vt 0.582031 0.371094
vt 0.601563 0.460938
vt 0.554688 0.445313
vt 0.556641 0.367188
vt 0.582031 0.453125
vt 0.580078 0.371094
vt 0.556641 0.367188
vt 0.583984 0.453125
vt 0.500000 0.445313
vt 0.500000 0.367188
vt 0.554688 0.445313
vt 0.597656 0.281250
vt 0.570313 0.238281
vt 0.597656 0.246094
vt 0.626953 0.148438
vt 0.625000 0.207031
vt 0.597656 0.171875
vt 0.626953 0.269531
vt 0.625000 0.207031
vt 0.650391 0.257813
vt 0.626953 0.148438
vt 0.650391 0.156250
vt 0.625000 0.207031
vt 0.650391 0.257813
vt 0.625000 0.207031
vt 0.650391 0.156250
vt 0.626953 0.269531
vt 0.597656 0.246094
vt 0.625000 0.207031
vt 0.597656 0.246094
vt 0.597656 0.171875
vt 0.625000 0.207031
s 1
f 199/779/208 203/780/207 200/781/206
f 204/782/212 226/783/211 200/784/206
f 233/785/235 234/786/236 199/787/208
f 226/788/211 207/789/232 225/790/237
f 223/791/209 238/792/240 201/793/204
f 205/794/231 225/795/237 207/796/232
f 203/797/207 199/798/208 234/799/236
f 225/800/237 200/801/206 226/802/211
f 204/803/212 200/804/206 203/805/207
f 231/806/233 202/807/205 240/808/242
f 239/809/238 244/810/244 238/811/240
f 241/812/241 244/813/244 243/814/243
f 239/815/238 242/816/239 244/817/244
f 243/818/243 244/819/244 242/820/239
f 241/821/241 240/822/242 244/823/244
f 240/824/242 238/825/240 244/826/244
vt 0.695313 0.347656
vt 0.701172 0.300781
vt 0.732422 0.300781
vt 0.738281 0.347656
vt 0.744141 0.472656
vt 0.689453 0.472656
vt 0.689453 0.394531
vt 0.746094 0.394531
vt 0.695313 0.347656
vt 0.671875 0.347656
vt 0.679688 0.300781
vt 0.701172 0.300781
vt 0.689453 0.472656
vt 0.662109 0.472656
vt 0.664063 0.390625
vt 0.689453 0.394531
vt 0.542969 0.273438
vt 0.548828 0.320313
vt 0.505859 0.320313
vt 0.511719 0.273438
vt 0.562500 0.320313
vt 0.589844 0.328125
vt 0.595703 0.289063
vt 0.570313 0.273438
vt 0.650391 0.347656
vt 0.664063 0.347656
vt 0.664063 0.304688
vt 0.650391 0.304688
vt 0.640625 0.468750
vt 0.658203 0.472656
vt 0.662109 0.390625
vt 0.646484 0.386719
vt 0.648438 0.347656
vt 0.619141 0.339844
vt 0.626953 0.300781
vt 0.650391 0.304688
vt 0.601563 0.460938
vt 0.611328 0.378906
vt 0.646484 0.390625
vt 0.638672 0.472656
vt 0.625000 0.300781
vt 0.617188 0.339844
vt 0.648438 0.347656
vt 0.650391 0.304688
vt 0.601563 0.460938
vt 0.638672 0.472656
vt 0.646484 0.390625
vt 0.611328 0.378906
vt 0.619141 0.339844
vt 0.589844 0.332031
vt 0.597656 0.289063
vt 0.626953 0.300781
vt 0.582031 0.371094
vt 0.611328 0.378906
vt 0.601563 0.460938
vt 0.583984 0.453125
vt 0.626953 0.148438
vt 0.626953 0.113281
vt 0.650391 0.109375
vt 0.650391 0.156250
vt 0.664063 0.390625
vt 0.648438 0.386719
vt 0.650391 0.347656
vt 0.664063 0.347656
vt 0.738281 0.347656
vt 0.746094 0.394531
vt 0.689453 0.394531
vt 0.695313 0.347656
vt 0.695313 0.347656
vt 0.671875 0.347656
vt 0.664063 0.390625
vt 0.689453 0.394531
vt 0.646484 0.390625
vt 0.648438 0.347656
vt 0.617188 0.339844
vt 0.611328 0.378906
vt 0.589844 0.328125
vt 0.582031 0.371094
vt 0.611328 0.378906
vt 0.617188 0.339844
vt 0.505859 0.320313
vt 0.548828 0.320313
vt 0.556641 0.367188
vt 0.500000 0.367188
vt 0.589844 0.332031
vt 0.582031 0.371094
vt 0.556641 0.367188
vt 0.562500 0.320313
vt 0.619141 0.339844
vt 0.648438 0.347656
vt 0.646484 0.390625
vt 0.611328 0.378906
vt 0.679688 0.300781
vt 0.671875 0.347656
vt 0.695313 0.347656
vt 0.701172 0.300781
vt 0.662109 0.390625
vt 0.664063 0.347656
vt 0.650391 0.347656
vt 0.646484 0.386719
vt 0.662109 0.472656
vt 0.689453 0.472656
vt 0.689453 0.394531
vt 0.664063 0.390625
vt 0.554688 0.367188
vt 0.582031 0.371094
vt 0.589844 0.328125
vt 0.562500 0.320313
vt 0.589844 0.328125
vt 0.617188 0.339844
vt 0.625000 0.300781
vt 0.595703 0.289063
vt 0.589844 0.332031
vt 0.562500 0.320313
vt 0.570313 0.273438
vt 0.597656 0.289063
vt 0.611328 0.378906
vt 0.582031 0.371094
vt 0.589844 0.332031
vt 0.619141 0.339844
vt 0.648438 0.386719
vt 0.664063 0.390625
vt 0.660156 0.472656
vt 0.640625 0.468750
vt 0.664063 0.390625
vt 0.671875 0.347656
vt 0.695313 0.347656
vt 0.689453 0.394531
vt 0.664063 0.304688
vt 0.664063 0.347656
vt 0.650391 0.347656
vt 0.650391 0.304688
vt 0.626953 0.269531
vt 0.626953 0.304688
vt 0.597656 0.281250
vt 0.597656 0.246094
vt 0.626953 0.269531
vt 0.650391 0.257813
vt 0.650391 0.308594
vt 0.626953 0.304688
vt 0.626953 0.113281
vt 0.626953 0.148438
vt 0.597656 0.171875
vt 0.597656 0.136719
vt 0.570313 0.179688
vt 0.597656 0.171875
vt 0.597656 0.246094
vt 0.570313 0.238281
vt 0.664063 0.132813
vt 0.671875 0.175781
vt 0.650391 0.156250
vt 0.650391 0.109375
vt 0.650391 0.308594
vt 0.650391 0.257813
vt 0.671875 0.238281
vt 0.664063 0.285156
vt 0.650391 0.257813
vt 0.650391 0.156250
vt 0.671875 0.175781
vt 0.671875 0.238281
s 1
f 222/827/193 192/828/191 193/829/190 220/830/192
f 194/831/197 195/832/195 191/833/194 190/834/196
f 222/835/193 237/836/199 214/837/198 192/838/191
f 195/839/195 235/840/201 236/841/200 191/842/194
f 202/843/205 217/844/203 215/845/202 201/846/204
f 215/847/202 224/848/210 223/849/209 201/850/204
f 218/851/216 229/852/214 230/853/213 209/854/215
f 210/855/220 227/856/218 228/857/217 208/858/219
f 221/859/222 219/860/221 212/861/223 197/862/224
f 213/863/226 211/864/225 196/865/227 198/866/228
f 206/867/230 216/868/229 218/869/216 209/870/215
f 207/871/232 210/872/220 208/873/219 205/874/231
f 219/875/221 232/876/234 231/877/233 212/878/223
f 233/879/235 211/880/225 213/881/226 234/882/236
f 239/883/238 206/884/230 209/885/215 242/886/239
f 236/887/200 196/888/227 221/889/222 237/890/199
f 220/891/192 190/892/196 191/893/194 222/894/193
f 220/895/192 229/896/214 228/897/217 190/898/196
f 208/899/219 218/900/216 216/901/229 205/902/231
f 224/903/210 225/904/237 205/905/231 216/906/229
f 215/907/202 217/908/203 199/909/208 200/910/206
f 232/911/234 233/912/235 199/913/208 217/914/203
f 219/915/221 221/916/222 196/917/227 211/918/225
f 230/919/213 229/920/214 220/921/192 193/922/190
f 228/923/217 229/924/214 218/925/216 208/926/219
f 227/927/218 194/928/197 190/929/196 228/930/217
f 200/931/206 225/932/237 224/933/210 215/934/202
f 224/935/210 216/936/229 206/937/230 223/938/209
f 232/939/234 217/940/203 202/941/205 231/942/233
f 211/943/225 233/944/235 232/945/234 219/946/221
f 196/947/227 236/948/200 235/949/201 198/950/228
f 236/951/200 237/952/199 222/953/193 191/954/194
f 214/955/198 237/956/199 221/957/222 197/958/224
f 241/959/241 212/960/223 231/961/233 240/962/242
f 241/963/241 243/964/243 197/965/224 212/966/223
f 206/967/230 239/968/238 238/969/240 223/970/209
f 201/971/204 238/972/240 240/973/242 202/974/205
f 230/975/213 193/976/190 242/977/239 209/978/215
f 197/979/224 243/980/243 192/981/191 214/982/198
f 243/983/243 242/984/239 193/985/190 192/986/191
o part_06
v 8.346000 -0.473000 -0.533000
v 4.432000 -0.609000 -0.068000
v 8.077000 -0.274000 -0.275000
v 4.455000 -1.112000 0.017000
v 8.156000 -0.451000 -0.100000
v 4.456000 -1.114000 -0.886000
v 8.156000 -0.454000 -0.769000
v 4.432000 -0.609000 -0.805000
v 8.078000 -0.275000 -0.595000
v 5.548000 -0.965000 -1.386000
v 6.589000 -0.676000 -1.197000
v 5.751000 -0.353000 -1.033000
v 6.310000 -0.379000 -0.856000
v 5.751000 -0.351000 0.156000
v 6.310000 -0.378000 -0.018000
v 5.548000 -0.963000 0.516000
v 6.589000 -0.674000 0.328000
v 7.839000 -0.584000 -0.044000
v 7.657000 -0.280000 -0.262000
v 7.657000 -0.281000 -0.609000
v 7.840000 -0.587000 -0.825000
v 4.797000 -0.911000 0.419000
v 4.798000 -0.914000 -1.289000
v 4.932000 -0.392000 -0.949000
v 4.932000 -0.391000 0.073000
v 8.346000 -0.472000 -0.336000
v 4.820000 -1.047000 -0.435000
v 5.565000 -1.060000 -0.435000
v 6.418000 -0.980000 -0.435000
v 7.870000 -0.460000 -0.434000
v 8.142000 -0.390000 -0.434000
v 4.680000 -0.985000 -1.150000
v 4.680000 -0.985000 0.279000
v 5.433000 -1.045000 -1.267000
v 5.430000 -1.045000 0.284000
v 6.525000 -0.764000 -1.020000
v 6.525000 -0.764000 0.150000
v 7.721000 -0.646000 -0.734000
v 7.721000 -0.646000 -0.135000
v 8.182000 -0.515000 -0.627000
v 8.182000 -0.514000 -0.241000
v 7.366000 -0.513000 -0.899000
v 7.366000 -0.510000 0.030000
v 6.842000 -0.721000 -1.104000
v 6.842000 -0.718000 0.235000
v 7.163000 -0.824000 -0.434000
v 6.794000 -0.923000 -0.435000
v 7.292000 -0.617000 -0.079000
v 6.795000 -0.799000 0.079000
v 7.292000 -0.617000 -0.791000
v 6.795000 -0.799000 -0.949000
v 5.711000 -0.127000 -0.438000
v 4.986000 -0.007000 -0.438000
v 4.521000 -0.100000 -0.437000
v 6.505000 0.000000 -0.437000
v 7.657000 -0.281000 -0.435000
v 7.878000 -0.838000 -0.046000
v 7.818000 -0.521000 -0.139000
v 7.689000 -0.584000 -0.057000
v 7.708000 -0.613000 -0.178000
v 7.875000 -0.838000 -0.830000
v 7.821000 -0.522000 -0.726000
v 7.710000 -0.614000 -0.686000
v 7.690000 -0.582000 -0.807000
v 8.321000 -0.647000 -0.143000
v 8.269000 -0.400000 -0.242000
v 8.139000 -0.462000 -0.162000
v 8.158000 -0.491000 -0.323000
v 8.317000 -0.647000 -0.732000
v 8.271000 -0.401000 -0.622000
v 8.160000 -0.492000 -0.542000
v 8.140000 -0.460000 -0.702000
v 7.152000 -0.872000 0.055000
v 7.042000 -0.638000 0.020000
v 7.144000 -0.617000 0.080000
v 7.144000 -0.617000 -0.040000
v 7.152000 -0.872000 -0.925000
v 7.042000 -0.638000 -0.891000
v 7.144000 -0.617000 -0.831000
v 7.144000 -0.617000 -0.951000
v 6.829000 -0.995000 0.127000
v 6.720000 -0.761000 0.092000
v 6.822000 -0.741000 0.152000
v 6.822000 -0.741000 0.032000
v 6.829000 -0.995000 -0.994000
v 6.720000 -0.761000 -0.959000
v 6.822000 -0.741000 -0.899000
v 6.822000 -0.741000 -1.019000
v 6.568000 -0.957000 0.257000
v 6.438000 -0.734000 0.222000
v 6.538000 -0.704000 0.282000
v 6.538000 -0.704000 0.162000
v 6.568000 -0.957000 -1.126000
v 6.438000 -0.734000 -1.091000
v 6.538000 -0.704000 -1.031000
v 6.538000 -0.704000 -1.151000
v 8.370000 -0.382000 -0.540000
v 8.370000 -0.382000 -0.329000
v 4.761000 -1.078000 -0.885000
v 5.495000 -1.030000 -0.959000
v 6.431000 -0.901000 -0.852000
v 6.832000 -0.834000 -0.794000
v 7.228000 -0.723000 -0.686000
v 7.247000 -0.595000 -0.175000
v 7.228000 -0.723000 -0.183000
v 6.848000 -0.769000 -0.050000
v 6.431000 -0.901000 -0.018000
v 6.832000 -0.834000 -0.076000
v 5.493000 -1.030000 0.018000
v 4.761000 -1.078000 0.015000
v 4.710000 -0.967000 -0.971000
v 5.453000 -0.973000 -1.040000
v 6.419000 -0.758000 -0.874000
v 6.848000 -0.769000 -0.820000
v 7.247000 -0.595000 -0.694000
v 4.710000 -0.967000 0.100000
v 5.450000 -0.973000 0.088000
v 6.419000 -0.758000 0.004000
v 6.983000 -0.330000 -0.704000
v 6.983000 -0.330000 -0.789000
v 6.983000 -0.329000 -0.083000
v 7.062000 -0.095000 -0.436000
v 6.983000 -0.329000 -0.169000
v 5.681000 -1.003000 0.251000
v 5.808000 -0.919000 0.469000
v 5.809000 -0.921000 -1.339000
v 5.683000 -1.003000 -1.205000
v 7.001000 -0.698000 -1.025000
v 6.947000 -0.782000 -0.888000
v 7.924000 -0.613000 -0.691000
v 7.971000 -0.553000 -0.811000
v 7.477000 -0.601000 -0.757000
v 7.574000 -0.519000 -0.855000
v 7.477000 -0.601000 -0.112000
v 7.574000 -0.516000 -0.014000
v 7.924000 -0.612000 -0.178000
v 7.970000 -0.550000 -0.057000
v 7.000000 -0.695000 0.155000
v 6.947000 -0.782000 0.018000
v 6.336000 -0.784000 0.193000
v 6.393000 -0.694000 0.387000
v 6.394000 -0.697000 -1.256000
v 6.337000 -0.783000 -1.086000
v 7.517000 -0.642000 -0.434000
v 7.693000 -0.508000 -0.434000
v 7.527000 -0.591000 -0.560000
v 7.537000 -0.528000 -0.564000
v 7.527000 -0.591000 -0.309000
v 7.537000 -0.528000 -0.305000
v 5.936000 -0.866000 -0.966000
v 5.935000 -0.866000 0.054000
v 5.962000 -0.978000 0.022000
v 5.991000 -1.033000 -0.435000
v 5.963000 -0.978000 -0.929000
v 5.342000 -0.372000 -0.991000
v 5.341000 -0.371000 0.115000
v 5.348000 -0.016000 -0.438000
v 6.030000 -0.366000 -0.998000
v 6.030000 -0.364000 0.122000
v 5.909000 -0.123000 -0.438000
v 5.056000 -1.021000 -1.232000
v 5.081000 -0.976000 -1.023000
v 5.173000 -0.946000 -1.365000
v 5.128000 -1.061000 -0.937000
v 5.193000 -1.060000 -0.435000
v 5.080000 -0.977000 0.110000
v 5.127000 -1.061000 0.030000
v 5.055000 -1.022000 0.303000
v 5.173000 -0.944000 0.495000
vn 0.675800 0.323600 0.331200
vn 0.675800 0.321400 -0.333200
vn 0.392800 -0.708400 0.122600
vn 0.392000 -0.709600 -0.117600
vn 0.127400 0.770200 -0.248200
vn 0.032000 0.818600 -0.001800
vn 0.054600 0.662600 -0.478800
vn 0.277000 -0.350000 -0.687000
vn 0.481400 -0.105600 -0.654200
vn 0.256800 -0.359200 0.690000
vn 0.040000 0.659200 0.484600
vn 0.458000 -0.120600 0.668400
vn 0.110000 0.769800 0.257600
vn -0.104800 -0.208400 0.785400
vn -0.042200 0.587400 0.569600
vn 0.073200 -0.269600 0.770200
vn 0.034400 0.598800 0.558000
vn 0.045600 0.818000 0.000000
vn 0.037400 0.598600 -0.558000
vn 0.138600 0.807400 0.004000
vn -0.087200 0.585600 -0.566200
vn -0.144600 -0.135400 -0.794800
vn 0.039800 -0.218200 -0.788600
vn 0.146600 0.658800 0.464200
vn 0.267000 0.065400 0.771800
vn 0.248200 -0.073200 0.777200
vn 0.052400 0.669200 0.469600
vn 0.043600 0.761200 0.299800
vn 0.250400 0.056600 -0.778000
vn 0.145800 0.657000 -0.467200
vn 0.258000 -0.071400 -0.774200
vn 0.194400 -0.280400 0.744800
vn -0.066400 0.816400 0.004200
vn 0.104600 0.659600 0.474400
vn 0.190200 -0.262200 -0.752400
vn -0.474800 0.347200 0.570200
vn -0.408000 0.092800 0.704200
vn -0.636400 0.057000 0.512600
vn -0.330800 0.749400 0.000000
vn -0.191800 0.567200 0.559200
vn -0.397600 0.111200 -0.707600
vn -0.475600 0.343400 -0.571800
vn -0.636000 0.052200 -0.513600
vn -0.063000 -0.812400 0.084800
vn -0.108200 -0.806200 0.096800
vn 0.198000 -0.792200 -0.065600
vn 0.052800 -0.817200 -0.019200
vn 0.066600 -0.811800 0.086800
vn 0.046000 -0.811400 0.102600
vn 0.252200 -0.776200 -0.069800
vn 0.119400 -0.124800 0.800800
vn 0.056000 -0.815400 0.054400
vn 0.279800 -0.769800 0.016400
vn -0.071200 -0.799600 -0.162800
vn 0.060200 -0.814400 -0.064200
vn 0.229800 0.207200 -0.758600
vn 0.201600 -0.782800 -0.132800
vn 0.055200 -0.803000 -0.152600
vn 0.147400 -0.063000 -0.803400
vn -0.018600 -0.810200 -0.120000
vn 0.096400 -0.125600 -0.803800
vn -0.008200 -0.817000 -0.059200
vn 0.273200 -0.772200 -0.012000
vn -0.028800 -0.788600 -0.220000
vn 0.083200 -0.741600 -0.337800
vn 0.160000 -0.761600 -0.255800
vn 0.446400 -0.686800 -0.002800
vn 0.478400 -0.431200 -0.506400
vn 0.333800 -0.747800 -0.020000
vn 0.350400 -0.520800 -0.526400
vn 0.324000 -0.752400 -0.000400
vn 0.196000 -0.792400 0.069800
vn 0.162400 -0.803000 -0.000600
vn -0.029600 -0.818600 0.001400
vn -0.010400 -0.784600 0.235400
vn -0.055800 -0.785800 0.224400
vn 0.143400 -0.783000 0.193000
vn 0.200800 -0.785000 0.121200
vn 0.149000 -0.619400 0.515200
vn 0.235800 -0.575200 0.533400
vn 0.141000 -0.807000 -0.006600
vn 0.214600 -0.790200 -0.025000
vn -0.037800 -0.808200 0.128800
vn 0.133600 -0.054000 0.806400
vn 0.295400 -0.701200 0.303400
vn 0.190600 -0.796400 0.019400
vn 0.318800 -0.673400 0.340400
vn 0.170600 -0.764400 -0.240000
vn 0.056600 -0.805800 -0.136800
vn 0.235800 -0.784600 0.004200
vn 0.340400 -0.186400 -0.721400
vn 0.363600 -0.473600 0.560800
vn 0.346800 -0.179600 0.720000
vn 0.235000 -0.784800 0.006800
vn 0.115800 0.811000 0.000000
vn 0.125200 0.657000 -0.473000
vn -0.098000 0.813400 0.000400
vn -0.212400 0.561400 -0.557600
vn 0.054800 0.665600 -0.474400
vn 0.039000 0.760800 -0.301400
vn -0.238600 -0.523800 -0.583000
vn 0.071400 -0.816000 0.010600
vn 0.805600 0.148000 -0.013200
vn -0.335800 -0.218400 0.714600
vn -0.353600 -0.191200 -0.713800
vn 0.076200 -0.814600 -0.041000
vn 0.807400 0.138400 -0.002200
vn -0.230400 -0.538000 0.573200
vn -0.039600 -0.636000 -0.514800
vn 0.416000 -0.664200 0.238400
vn 0.788200 0.203000 0.092200
vn -0.310400 -0.232400 0.721600
vn -0.334200 -0.200600 -0.720600
vn 0.398200 -0.664800 -0.265800
vn 0.789200 0.194200 -0.103400
vn -0.040000 -0.651000 0.495800
vn 0.163200 -0.801400 0.048200
vn 0.440800 -0.229400 -0.651200
vn -0.742800 -0.344800 0.019400
vn 0.414600 -0.058200 0.704000
vn 0.163200 -0.801400 -0.048200
vn 0.414600 -0.058200 -0.704000
vn -0.742800 -0.344800 -0.019400
vn 0.440800 -0.229400 0.651200
vn 0.163200 -0.801400 0.048200
vn 0.440800 -0.229400 -0.651200
vn -0.742800 -0.344800 0.019400
vn 0.414600 -0.058200 0.704000
vn 0.163200 -0.801400 -0.048200
vn 0.414600 -0.058200 -0.704000
vn -0.742800 -0.344800 -0.019400
vn 0.440800 -0.229400 0.651200
vn 0.234600 -0.783400 0.048200
vn 0.459800 -0.188800 -0.651200
vn -0.708800 -0.410200 0.019400
vn 0.418200 -0.020600 0.704000
vn 0.234600 -0.783400 -0.048200
vn 0.418200 -0.020600 -0.704000
vn -0.708800 -0.410200 -0.019400
vn 0.459800 -0.188800 0.651200
vn 0.184000 0.798200 0.000600
vn 0.019000 -0.819000 0.000000
vn -0.009000 -0.760600 -0.304200
vn 0.004200 -0.819200 0.004400
vn -0.043000 -0.762000 -0.297800
vn 0.241200 -0.565600 -0.541200
vn 0.190000 -0.572400 -0.554400
vn 0.332200 -0.699600 -0.266800
vn 0.053600 -0.756200 -0.310400
vn 0.019400 -0.751200 0.326000
vn 0.052600 -0.817600 0.000000
vn 0.058600 -0.745400 0.334600
vn 0.156000 -0.776400 0.209800
vn 0.003600 -0.754600 0.318800
vn 0.307000 -0.695800 -0.304600
vn 0.074400 -0.739000 0.345400
vn 0.105000 -0.609200 0.537400
vn 0.216600 -0.713000 -0.340200
vn 0.153000 -0.617600 -0.516000
vn 0.228400 0.213600 0.757200
vn 0.098000 -0.813400 0.003800
vn 0.253000 0.071800 -0.775800
vn 0.222200 0.081000 0.784400
vn 0.205600 -0.792800 0.015000
vn 0.230400 -0.786200 0.006800
vn 0.155400 -0.735200 0.326000
vn 0.488000 -0.423800 0.503400
vn -0.027000 -0.789200 -0.218000
vn -0.093000 -0.793000 -0.183200
vt 0.279297 0.402344
vt 0.263672 0.402344
vt 0.279297 0.320313
vt 0.457031 0.273438
vt 0.457031 0.269531
vt 0.433594 0.308594
vt 0.263672 0.761719
vt 0.318359 0.753906
vt 0.263672 0.832031
vt 0.351563 0.597656
vt 0.353516 0.554688
vt 0.322266 0.652344
vt 0.351563 0.597656
vt 0.324219 0.652344
vt 0.353516 0.554688
vt 0.376953 0.792969
vt 0.373047 0.742188
vt 0.320313 0.753906
vt 0.376953 0.792969
vt 0.320313 0.753906
vt 0.373047 0.742188
vt 0.390625 0.996094
vt 0.373047 0.929688
vt 0.345703 1.000000
vt 0.298828 1.000000
vt 0.312500 0.906250
vt 0.263672 0.984375
vt 0.378906 0.996094
vt 0.333984 1.000000
vt 0.361328 0.933594
vt 0.312500 0.320313
vt 0.324219 0.269531
vt 0.330078 0.304688
vt 0.433594 0.308594
vt 0.447266 0.300781
vt 0.457031 0.273438
vt 0.433594 0.304688
vt 0.447266 0.300781
vt 0.429688 0.343750
vt 0.410156 0.609375
vt 0.423828 0.628906
vt 0.404297 0.644531
vt 0.433594 0.304688
vt 0.457031 0.273438
vt 0.447266 0.300781
vt 0.447266 0.300781
vt 0.466797 0.308594
vt 0.457031 0.273438
vt 0.457031 0.273438
vt 0.466797 0.308594
vt 0.476563 0.273438
vt 0.466797 0.308594
vt 0.447266 0.300781
vt 0.457031 0.273438
vt 0.410156 0.609375
vt 0.406250 0.644531
vt 0.423828 0.628906
vt 0.416016 0.562500
vt 0.423828 0.535156
vt 0.429688 0.550781
vt 0.302734 0.652344
vt 0.314453 0.703125
vt 0.263672 0.613281
vt 0.296875 1.000000
vt 0.263672 0.984375
vt 0.312500 0.906250
vt 0.281250 0.402344
vt 0.279297 0.320313
vt 0.265625 0.402344
vt 0.279297 0.320313
vt 0.263672 0.402344
vt 0.250000 0.320313
vt 0.302734 0.652344
vt 0.289063 0.527344
vt 0.296875 0.527344
vt 0.033203 0.843750
vt 0.037109 0.949219
vt 0.025391 0.867188
vt 0.052734 0.867188
vt 0.037109 0.949219
vt 0.033203 0.843750
vt 0.025391 0.867188
vt 0.037109 0.949219
vt 0.052734 0.867188
vt 0.052734 0.843750
vt 0.039063 0.949219
vt 0.025391 0.863281
vt 0.048828 0.871094
vt 0.039063 0.949219
vt 0.052734 0.843750
vt 0.025391 0.863281
vt 0.039063 0.949219
vt 0.048828 0.871094
vt 0.027344 0.851563
vt 0.039063 0.949219
vt 0.025391 0.843750
vt 0.052734 0.851563
vt 0.039063 0.949219
vt 0.027344 0.851563
vt 0.025391 0.843750
vt 0.039063 0.949219
vt 0.052734 0.851563
vt 0.050781 0.847656
vt 0.039063 0.949219
vt 0.025391 0.851563
vt 0.052734 0.843750
vt 0.039063 0.949219
vt 0.050781 0.847656
vt 0.025391 0.851563
vt 0.039063 0.949219
vt 0.052734 0.843750
vt 0.044922 0.855469
vt 0.025391 0.843750
vt 0.035156 0.949219
vt 0.052734 0.855469
vt 0.044922 0.855469
vt 0.035156 0.949219
vt 0.025391 0.843750
vt 0.052734 0.855469
vt 0.035156 0.949219
vt 0.031250 0.843750
vt 0.025391 0.847656
vt 0.033203 0.949219
vt 0.052734 0.843750
vt 0.031250 0.843750
vt 0.033203 0.949219
vt 0.025391 0.847656
vt 0.052734 0.843750
vt 0.033203 0.949219
vt 0.044922 0.851563
vt 0.025391 0.843750
vt 0.039063 0.949219
vt 0.052734 0.855469
vt 0.044922 0.851563
vt 0.039063 0.949219
vt 0.025391 0.843750
vt 0.052734 0.855469
vt 0.039063 0.949219
vt 0.031250 0.847656
vt 0.025391 0.847656
vt 0.033203 0.949219
vt 0.052734 0.843750
vt 0.031250 0.847656
vt 0.033203 0.949219
vt 0.025391 0.847656
vt 0.052734 0.843750
vt 0.033203 0.949219
vt 0.042969 0.843750
vt 0.025391 0.843750
vt 0.044922 0.949219
vt 0.052734 0.847656
vt 0.042969 0.843750
vt 0.044922 0.949219
vt 0.025391 0.843750
vt 0.052734 0.847656
vt 0.044922 0.949219
vt 0.033203 0.847656
vt 0.025391 0.847656
vt 0.033203 0.949219
vt 0.052734 0.843750
vt 0.033203 0.847656
vt 0.033203 0.949219
vt 0.025391 0.847656
vt 0.052734 0.843750
vt 0.033203 0.949219
vt 0.324219 0.906250
vt 0.373047 0.929688
vt 0.345703 1.000000
vt 0.324219 0.906250
vt 0.345703 1.000000
vt 0.373047 0.929688
vt 0.457031 0.273438
vt 0.433594 0.304688
vt 0.457031 0.269531
vt 0.312500 0.320313
vt 0.330078 0.308594
vt 0.324219 0.269531
vt 0.341797 0.367188
vt 0.335938 0.417969
vt 0.314453 0.402344
vt 0.263672 0.402344
vt 0.289063 0.527344
vt 0.263672 0.511719
vt 0.416016 0.562500
vt 0.429688 0.550781
vt 0.423828 0.535156
vt 0.423828 0.804688
vt 0.423828 0.714844
vt 0.416016 0.812500
vt 0.341797 0.367188
vt 0.314453 0.402344
vt 0.335938 0.417969
vt 0.351563 0.597656
vt 0.351563 0.636719
vt 0.324219 0.652344
vt 0.351563 0.597656
vt 0.322266 0.652344
vt 0.351563 0.636719
vt 0.314453 0.402344
vt 0.335938 0.453125
vt 0.318359 0.527344
vt 0.265625 0.402344
vt 0.263672 0.511719
vt 0.289063 0.527344
vt 0.302734 0.652344
vt 0.296875 0.527344
vt 0.289063 0.527344
vt 0.314453 0.402344
vt 0.318359 0.527344
vt 0.335938 0.453125
vt 0.318359 0.527344
vt 0.322266 0.652344
vt 0.353516 0.554688
vt 0.318359 0.527344
vt 0.353516 0.554688
vt 0.324219 0.652344
vt 0.353516 0.554688
vt 0.351563 0.523438
vt 0.318359 0.527344
vt 0.353516 0.554688
vt 0.318359 0.527344
vt 0.351563 0.523438
vt 0.433594 0.308594
vt 0.429688 0.343750
vt 0.447266 0.300781
vt 0.441406 0.351563
vt 0.429688 0.343750
vt 0.447266 0.300781
vt 0.441406 0.351563
vt 0.447266 0.300781
vt 0.429688 0.343750
vt 0.466797 0.429688
vt 0.455078 0.425781
vt 0.466797 0.394531
vt 0.466797 0.429688
vt 0.466797 0.394531
vt 0.455078 0.425781
vt 0.455078 0.425781
vt 0.466797 0.394531
vt 0.453125 0.425781
vt 0.455078 0.425781
vt 0.453125 0.425781
vt 0.466797 0.394531
vt 0.406250 0.644531
vt 0.400391 0.765625
vt 0.423828 0.628906
vt 0.416016 0.800781
vt 0.408203 0.808594
vt 0.419922 0.714844
vt 0.404297 0.644531
vt 0.423828 0.628906
vt 0.392578 0.765625
vt 0.419922 0.718750
vt 0.423828 0.628906
vt 0.400391 0.765625
vt 0.416016 0.718750
vt 0.392578 0.765625
vt 0.423828 0.628906
vt 0.419922 0.718750
vt 0.416016 0.812500
vt 0.423828 0.714844
vt 0.416016 0.718750
vt 0.419922 0.714844
vt 0.408203 0.808594
vt 0.324219 0.652344
vt 0.351563 0.636719
vt 0.322266 0.703125
vt 0.322266 0.652344
vt 0.322266 0.703125
vt 0.351563 0.636719
vt 0.335938 0.453125
vt 0.318359 0.527344
vt 0.351563 0.523438
vt 0.335938 0.453125
vt 0.351563 0.523438
vt 0.318359 0.527344
vt 0.335938 0.453125
vt 0.335938 0.417969
vt 0.314453 0.402344
vt 0.341797 0.367188
vt 0.339844 0.343750
vt 0.314453 0.402344
vt 0.335938 0.453125
vt 0.314453 0.402344
vt 0.335938 0.417969
vt 0.341797 0.367188
vt 0.314453 0.402344
vt 0.339844 0.343750
vt 0.263672 0.894531
vt 0.263672 0.984375
vt 0.312500 0.906250
vt 0.263672 0.894531
vt 0.312500 0.906250
vt 0.263672 0.984375
vt 0.263672 0.761719
vt 0.263672 0.832031
vt 0.320313 0.753906
vt 0.373047 0.742188
vt 0.351563 0.636719
vt 0.320313 0.753906
vt 0.373047 0.742188
vt 0.320313 0.753906
vt 0.351563 0.636719
vt 0.302734 0.652344
vt 0.263672 0.613281
vt 0.316406 0.703125
vt 0.322266 0.703125
vt 0.351563 0.636719
vt 0.320313 0.753906
vt 0.322266 0.703125
vt 0.320313 0.753906
vt 0.351563 0.636719
vt 0.263672 0.722656
vt 0.316406 0.703125
vt 0.263672 0.613281
vt 0.263672 0.722656
vt 0.263672 0.613281
vt 0.314453 0.703125
vt 0.314453 0.832031
vt 0.263672 0.832031
vt 0.318359 0.753906
vt 0.316406 0.832031
vt 0.320313 0.753906
vt 0.263672 0.832031
s 1
f 264/987/251 300/988/250 253/989/249
f 270/990/247 342/991/245 249/992/256
f 296/993/264 256/994/263 401/995/262
f 261/996/270 289/997/269 259/998/268
f 255/999/275 257/1000/274 288/1001/273
f 260/1002/260 369/1003/276 258/1004/261
f 254/1005/267 256/1006/263 370/1007/279
f 248/1008/282 266/1009/281 246/1010/280
f 246/1011/280 269/1012/284 298/1013/283
f 250/1014/287 252/1015/286 267/1016/285
f 253/1017/249 341/1018/246 251/1019/253
f 249/1020/256 285/1021/297 270/1022/247
f 251/1023/253 284/1024/307 375/1025/252
f 280/1026/302 357/1027/310 387/1028/301
f 251/1029/253 245/1030/248 284/1031/307
f 285/1032/297 275/1033/318 270/1034/247
f 270/1035/247 275/1036/318 245/1037/248
f 275/1038/318 284/1039/307 245/1040/248
f 281/1041/293 384/1042/322 362/1043/321
f 295/1044/333 373/1045/334 358/1046/332
f 257/1047/274 402/1048/340 299/1049/339
f 252/1050/286 298/1051/283 268/1052/342
f 263/1053/255 247/1054/257 300/1055/250
f 253/1056/249 300/1057/250 247/1058/257
f 257/1059/274 363/1060/344 364/1061/343
f 302/1062/347 301/1063/346 304/1064/345
f 303/1065/348 301/1066/346 302/1067/347
f 304/1068/345 301/1069/346 303/1070/348
f 306/1071/351 305/1072/350 308/1073/349
f 307/1074/352 305/1075/350 306/1076/351
f 308/1077/349 305/1078/350 307/1079/352
f 310/1080/355 309/1081/354 312/1082/353
f 311/1083/356 309/1084/354 310/1085/355
f 312/1086/353 309/1087/354 311/1088/356
f 314/1089/359 313/1090/358 316/1091/357
f 315/1092/360 313/1093/358 314/1094/359
f 316/1095/357 313/1096/358 315/1097/360
f 318/1098/363 320/1099/362 317/1100/361
f 319/1101/364 318/1102/363 317/1103/361
f 320/1104/362 319/1105/364 317/1106/361
f 322/1107/367 324/1108/366 321/1109/365
f 323/1110/368 322/1111/367 321/1112/365
f 324/1113/366 323/1114/368 321/1115/365
f 326/1116/371 328/1117/370 325/1118/369
f 327/1119/372 326/1120/371 325/1121/369
f 328/1122/370 327/1123/372 325/1124/369
f 330/1125/375 332/1126/374 329/1127/373
f 331/1128/376 330/1129/375 329/1130/373
f 332/1131/374 331/1132/376 329/1133/373
f 334/1134/379 336/1135/378 333/1136/377
f 335/1137/380 334/1138/379 333/1139/377
f 336/1140/378 335/1141/380 333/1142/377
f 338/1143/383 340/1144/382 337/1145/381
f 339/1146/384 338/1147/383 337/1148/381
f 340/1149/382 339/1150/384 337/1151/381
f 268/1152/342 267/1153/285 252/1154/286
f 269/1155/284 246/1156/280 266/1157/281
f 245/1158/248 251/1159/253 341/1160/246
f 247/1161/257 249/1162/256 342/1163/245
f 265/1164/305 377/1165/303 264/1166/251
f 300/1167/250 363/1168/344 366/1169/385
f 293/1170/292 350/1171/397 383/1172/338
f 353/1173/396 396/1174/401 361/1175/400
f 262/1176/295 263/1177/255 379/1178/328
f 255/1179/275 386/1180/300 257/1181/274
f 261/1182/270 259/1183/268 385/1184/404
f 264/1185/251 286/1186/406 364/1187/343
f 300/1188/250 366/1189/385 367/1190/272
f 259/1191/268 365/1192/271 367/1193/272
f 263/1194/255 365/1195/271 287/1196/407
f 365/1197/271 259/1198/268 289/1199/269
f 364/1200/343 288/1201/273 257/1202/274
f 289/1203/269 382/1204/337 365/1205/271
f 288/1206/273 364/1207/343 372/1208/335
f 249/1209/256 381/1210/254 285/1211/297
f 374/1212/316 375/1213/252 284/1214/307
f 380/1215/294 285/1216/297 381/1217/254
f 388/1218/311 390/1219/312 389/1220/315
f 388/1221/311 389/1222/315 392/1223/411
f 392/1224/411 389/1225/315 393/1226/329
f 390/1227/312 391/1228/399 389/1229/315
f 384/1230/322 368/1231/290 362/1232/321
f 344/1233/393 356/1234/309 398/1235/403
f 387/1236/301 357/1237/310 371/1238/408
f 395/1239/410 362/1240/321 368/1241/290
f 394/1242/402 371/1243/408 357/1244/310
f 395/1245/410 361/1246/400 396/1247/401
f 394/1248/402 398/1249/403 356/1250/309
f 257/1251/274 386/1252/300 402/1253/340
f 259/1254/268 403/1255/278 385/1256/404
f 287/1257/407 365/1258/271 382/1259/337
f 286/1260/406 372/1261/335 364/1262/343
f 287/1263/407 379/1264/328 263/1265/255
f 262/1266/295 381/1267/254 263/1268/255
f 286/1269/406 264/1270/251 377/1271/303
f 265/1272/305 264/1273/251 375/1274/252
f 297/1275/341 298/1276/283 269/1277/284
f 297/1278/341 268/1279/342 298/1280/283
f 296/1281/264 401/1282/262 258/1283/261
f 369/1284/276 385/1285/404 258/1286/261
f 370/1287/279 256/1288/263 386/1289/300
f 259/1290/268 299/1291/339 403/1292/278
f 402/1293/340 386/1294/300 256/1295/263
f 403/1296/278 258/1297/261 385/1298/404
f 404/1299/277 403/1300/278 299/1301/339
f 404/1302/277 299/1303/339 402/1304/340
f 399/1305/265 401/1306/262 256/1307/263
f 400/1308/259 258/1309/261 401/1310/262
vt 0.457031 0.269531
vt 0.457031 0.273438
vt 0.476563 0.273438
vt 0.476563 0.269531
vt 0.339844 0.343750
vt 0.314453 0.402344
vt 0.312500 0.320313
vt 0.330078 0.304688
vt 0.339844 0.343750
vt 0.330078 0.308594
vt 0.312500 0.320313
vt 0.314453 0.402344
vt 0.375000 0.859375
vt 0.376953 0.792969
vt 0.320313 0.753906
vt 0.322266 0.832031
vt 0.322266 0.832031
vt 0.320313 0.753906
vt 0.376953 0.792969
vt 0.375000 0.859375
vt 0.296875 0.527344
vt 0.281250 0.402344
vt 0.265625 0.402344
vt 0.289063 0.527344
vt 0.263672 0.722656
vt 0.263672 0.761719
vt 0.320313 0.753906
vt 0.316406 0.703125
vt 0.396484 0.882813
vt 0.376953 0.859375
vt 0.384766 0.929688
vt 0.398438 0.953125
vt 0.400391 0.765625
vt 0.380859 0.742188
vt 0.375000 0.792969
vt 0.396484 0.816406
vt 0.416016 0.562500
vt 0.402344 0.554688
vt 0.394531 0.597656
vt 0.410156 0.609375
vt 0.429688 0.343750
vt 0.429688 0.367188
vt 0.437500 0.390625
vt 0.441406 0.351563
vt 0.376953 0.859375
vt 0.375000 0.792969
vt 0.386719 0.812500
vt 0.390625 0.882813
vt 0.410156 0.609375
vt 0.404297 0.644531
vt 0.386719 0.636719
vt 0.394531 0.597656
vt 0.437500 0.390625
vt 0.435547 0.433594
vt 0.425781 0.417969
vt 0.429688 0.367188
vt 0.408203 0.808594
vt 0.410156 0.878906
vt 0.390625 0.882813
vt 0.386719 0.812500
vt 0.466797 0.429688
vt 0.466797 0.492188
vt 0.443359 0.480469
vt 0.455078 0.425781
vt 0.466797 0.359375
vt 0.466797 0.394531
vt 0.437500 0.390625
vt 0.441406 0.351563
vt 0.396484 0.882813
vt 0.398438 0.953125
vt 0.416016 0.949219
vt 0.414063 0.878906
vt 0.431641 0.554688
vt 0.425781 0.628906
vt 0.466797 0.628906
vt 0.466797 0.562500
vt 0.437500 0.390625
vt 0.466797 0.394531
vt 0.466797 0.359375
vt 0.441406 0.351563
vt 0.435547 0.433594
vt 0.437500 0.390625
vt 0.429688 0.367188
vt 0.425781 0.417969
vt 0.435547 0.433594
vt 0.433594 0.468750
vt 0.441406 0.476563
vt 0.453125 0.425781
vt 0.423828 0.628906
vt 0.410156 0.609375
vt 0.416016 0.562500
vt 0.429688 0.550781
vt 0.394531 0.597656
vt 0.402344 0.554688
vt 0.416016 0.562500
vt 0.410156 0.609375
vt 0.410156 0.523438
vt 0.423828 0.535156
vt 0.416016 0.562500
vt 0.402344 0.554688
vt 0.443359 0.480469
vt 0.431641 0.554688
vt 0.466797 0.562500
vt 0.466797 0.492188
vt 0.416016 0.562500
vt 0.423828 0.535156
vt 0.410156 0.523438
vt 0.402344 0.554688
vt 0.263672 0.832031
vt 0.263672 0.894531
vt 0.312500 0.906250
vt 0.316406 0.832031
vt 0.255859 0.246094
vt 0.277344 0.246094
vt 0.283203 0.269531
vt 0.250000 0.269531
vt 0.302734 0.652344
vt 0.289063 0.527344
vt 0.263672 0.511719
vt 0.263672 0.613281
vt 0.417969 0.867188
vt 0.466797 0.859375
vt 0.466797 0.925781
vt 0.423828 0.937500
vt 0.466797 0.628906
vt 0.425781 0.628906
vt 0.431641 0.554688
vt 0.466797 0.562500
vt 0.443359 0.480469
vt 0.466797 0.492188
vt 0.466797 0.562500
vt 0.431641 0.554688
vt 0.443359 0.480469
vt 0.431641 0.554688
vt 0.429688 0.550781
vt 0.441406 0.476563
vt 0.431641 0.554688
vt 0.425781 0.628906
vt 0.423828 0.628906
vt 0.429688 0.550781
vt 0.410156 0.878906
vt 0.408203 0.808594
vt 0.416016 0.800781
vt 0.417969 0.867188
vt 0.466797 0.859375
vt 0.466797 0.789063
vt 0.423828 0.804688
vt 0.421875 0.867188
vt 0.429688 0.550781
vt 0.416016 0.562500
vt 0.410156 0.609375
vt 0.423828 0.628906
vt 0.443359 0.480469
vt 0.441406 0.476563
vt 0.429688 0.550781
vt 0.431641 0.554688
vt 0.425781 0.628906
vt 0.431641 0.554688
vt 0.429688 0.550781
vt 0.423828 0.628906
vt 0.421875 0.867188
vt 0.414063 0.878906
vt 0.416016 0.949219
vt 0.423828 0.937500
vt 0.453125 0.425781
vt 0.455078 0.425781
vt 0.443359 0.480469
vt 0.441406 0.476563
vt 0.419922 0.714844
vt 0.416016 0.718750
vt 0.423828 0.628906
vt 0.425781 0.628906
vt 0.466797 0.710938
vt 0.466797 0.789063
vt 0.416016 0.800781
vt 0.419922 0.714844
vt 0.425781 0.628906
vt 0.423828 0.714844
vt 0.466797 0.710938
vt 0.466797 0.628906
vt 0.279297 0.402344
vt 0.296875 0.527344
vt 0.289063 0.527344
vt 0.263672 0.402344
vt 0.263672 0.613281
vt 0.263672 0.511719
vt 0.289063 0.527344
vt 0.302734 0.652344
vt 0.392578 0.765625
vt 0.386719 0.812500
vt 0.375000 0.792969
vt 0.380859 0.742188
vt 0.406250 0.644531
vt 0.410156 0.609375
vt 0.394531 0.597656
vt 0.386719 0.636719
vt 0.386719 0.636719
vt 0.380859 0.742188
vt 0.400391 0.765625
vt 0.406250 0.644531
vt 0.380859 0.742188
vt 0.386719 0.636719
vt 0.404297 0.644531
vt 0.392578 0.765625
vt 0.410156 0.523438
vt 0.421875 0.453125
vt 0.433594 0.468750
vt 0.423828 0.535156
vt 0.423828 0.535156
vt 0.433594 0.468750
vt 0.421875 0.453125
vt 0.410156 0.523438
vt 0.433594 0.468750
vt 0.435547 0.433594
vt 0.425781 0.417969
vt 0.421875 0.453125
vt 0.425781 0.417969
vt 0.435547 0.433594
vt 0.433594 0.468750
vt 0.421875 0.453125
vt 0.429688 0.367188
vt 0.429688 0.343750
vt 0.441406 0.351563
vt 0.437500 0.390625
vt 0.416016 0.812500
vt 0.419922 0.718750
vt 0.400391 0.765625
vt 0.396484 0.816406
vt 0.392578 0.765625
vt 0.416016 0.718750
vt 0.408203 0.808594
vt 0.386719 0.812500
vt 0.429688 0.550781
vt 0.423828 0.535156
vt 0.433594 0.468750
vt 0.441406 0.476563
vt 0.433594 0.468750
vt 0.423828 0.535156
vt 0.429688 0.550781
vt 0.441406 0.476563
vt 0.466797 0.359375
vt 0.441406 0.351563
vt 0.447266 0.300781
vt 0.466797 0.308594
vt 0.447266 0.300781
vt 0.441406 0.351563
vt 0.466797 0.359375
vt 0.466797 0.308594
vt 0.443359 0.480469
vt 0.455078 0.425781
vt 0.453125 0.425781
vt 0.441406 0.476563
vt 0.455078 0.425781
vt 0.443359 0.480469
vt 0.466797 0.492188
vt 0.466797 0.429688
vt 0.453125 0.425781
vt 0.441406 0.476563
vt 0.433594 0.468750
vt 0.435547 0.433594
vt 0.466797 0.394531
vt 0.453125 0.425781
vt 0.435547 0.433594
vt 0.437500 0.390625
vt 0.437500 0.390625
vt 0.435547 0.433594
vt 0.453125 0.425781
vt 0.466797 0.394531
vt 0.423828 0.714844
vt 0.425781 0.628906
vt 0.423828 0.628906
vt 0.419922 0.718750
vt 0.423828 0.714844
vt 0.423828 0.804688
vt 0.466797 0.789063
vt 0.466797 0.710938
vt 0.466797 0.710938
vt 0.419922 0.714844
vt 0.425781 0.628906
vt 0.466797 0.628906
vt 0.376953 0.859375
vt 0.396484 0.882813
vt 0.396484 0.816406
vt 0.375000 0.792969
vt 0.396484 0.882813
vt 0.414063 0.878906
vt 0.416016 0.812500
vt 0.396484 0.816406
vt 0.421875 0.867188
vt 0.423828 0.804688
vt 0.416016 0.812500
vt 0.414063 0.878906
vt 0.421875 0.867188
vt 0.423828 0.937500
vt 0.466797 0.925781
vt 0.466797 0.859375
vt 0.466797 0.859375
vt 0.417969 0.867188
vt 0.416016 0.800781
vt 0.466797 0.789063
vt 0.416016 0.949219
vt 0.410156 0.878906
vt 0.417969 0.867188
vt 0.423828 0.937500
vt 0.410156 0.878906
vt 0.416016 0.949219
vt 0.398438 0.953125
vt 0.390625 0.882813
vt 0.384766 0.929688
vt 0.376953 0.859375
vt 0.390625 0.882813
vt 0.398438 0.953125
vt 0.324219 0.906250
vt 0.322266 0.832031
vt 0.375000 0.859375
vt 0.373047 0.929688
vt 0.263672 0.832031
vt 0.314453 0.832031
vt 0.312500 0.906250
vt 0.263672 0.894531
vt 0.373047 0.929688
vt 0.375000 0.859375
vt 0.322266 0.832031
vt 0.324219 0.906250
vt 0.263672 0.722656
vt 0.314453 0.703125
vt 0.318359 0.753906
vt 0.263672 0.761719
s 1
f 342/1311/245 270/1312/247 245/1313/248 341/1314/246
f 375/1315/252 264/1316/251 253/1317/249 251/1318/253
f 381/1319/254 249/1320/256 247/1321/257 263/1322/255
f 413/1323/258 260/1324/260 258/1325/261 400/1326/259
f 399/1327/265 256/1328/263 254/1329/267 407/1330/266
f 365/1331/271 263/1332/255 300/1333/250 367/1334/272
f 404/1335/277 296/1336/264 258/1337/261 403/1338/278
f 412/1339/288 413/1340/258 266/1341/281 277/1342/289
f 368/1343/290 369/1344/276 260/1345/260 279/1346/291
f 293/1347/292 289/1348/269 261/1349/270 281/1350/293
f 381/1351/254 262/1352/295 283/1353/296 380/1354/294
f 407/1355/266 254/1356/267 278/1357/299 405/1358/298
f 280/1359/302 387/1360/301 386/1361/300 255/1362/275
f 282/1363/306 376/1364/304 377/1365/303 265/1366/305
f 356/1367/309 406/1368/308 405/1369/298 278/1370/299
f 388/1371/311 290/1372/313 347/1373/314 390/1374/312
f 274/1375/317 389/1376/315 282/1377/306 374/1378/316
f 412/1379/288 277/1380/289 360/1381/320 410/1382/319
f 352/1383/324 351/1384/323 273/1385/325 291/1386/326
f 283/1387/296 389/1388/315 274/1389/317 380/1390/294
f 378/1391/327 283/1392/296 262/1393/295 379/1394/328
f 378/1395/327 292/1396/330 348/1397/331 393/1398/329
f 357/1399/310 280/1400/302 295/1401/333 358/1402/332
f 255/1403/275 288/1404/273 295/1405/333 280/1406/302
f 372/1407/335 373/1408/334 295/1409/333 288/1410/273
f 349/1411/336 352/1412/324 291/1413/326 290/1414/313
f 293/1415/292 383/1416/338 382/1417/337 289/1418/269
f 401/1419/262 297/1420/341 269/1421/284 400/1422/259
f 342/1423/245 341/1424/246 253/1425/249 247/1426/257
f 259/1427/268 367/1428/272 366/1429/385 299/1430/339
f 408/1431/387 409/1432/386 271/1433/388 343/1434/389
f 273/1435/325 345/1436/391 346/1437/390 291/1438/326
f 347/1439/314 290/1440/313 291/1441/326 346/1442/390
f 347/1443/314 346/1444/390 358/1445/332 359/1446/392
f 346/1447/390 345/1448/391 357/1449/310 358/1450/332
f 406/1451/308 356/1452/309 344/1453/393 408/1454/387
f 409/1455/386 272/1456/395 353/1457/396 411/1458/394
f 350/1459/397 293/1460/292 281/1461/293 362/1462/321
f 349/1463/336 348/1464/331 350/1465/397 352/1466/324
f 351/1467/323 352/1468/324 350/1469/397 362/1470/321
f 411/1471/394 410/1472/319 360/1473/320 354/1474/398
f 391/1475/399 390/1476/312 347/1477/314 359/1478/392
f 398/1479/403 394/1480/402 357/1481/310 345/1482/391
f 397/1483/405 272/1484/395 344/1485/393 398/1486/403
f 351/1487/323 396/1488/401 397/1489/405 273/1490/325
f 264/1491/251 364/1492/343 363/1493/344 300/1494/250
f 299/1495/339 366/1496/385 363/1497/344 257/1498/274
f 371/1499/408 278/1500/299 254/1501/267 370/1502/279
f 384/1503/322 281/1504/293 261/1505/270 385/1506/404
f 385/1507/404 369/1508/276 368/1509/290 384/1510/322
f 370/1511/279 386/1512/300 387/1513/301 371/1514/408
f 372/1515/335 286/1516/406 294/1517/409 373/1518/334
f 383/1519/338 292/1520/330 287/1521/407 382/1522/337
f 292/1523/330 378/1524/327 379/1525/328 287/1526/407
f 377/1527/303 376/1528/304 294/1529/409 286/1530/406
f 265/1531/305 375/1532/252 374/1533/316 282/1534/306
f 361/1535/400 395/1536/410 368/1537/290 279/1538/291
f 371/1539/408 394/1540/402 356/1541/309 278/1542/299
f 358/1543/332 373/1544/334 294/1545/409 359/1546/392
f 292/1547/330 383/1548/338 350/1549/397 348/1550/331
f 274/1551/317 374/1552/316 284/1553/307 275/1554/318
f 285/1555/297 380/1556/294 274/1557/317 275/1558/318
f 349/1559/336 392/1560/411 393/1561/329 348/1562/331
f 392/1563/411 349/1564/336 290/1565/313 388/1566/311
f 391/1567/399 359/1568/392 294/1569/409 376/1570/304
f 389/1571/315 391/1572/399 376/1573/304 282/1574/306
f 283/1575/296 378/1576/327 393/1577/329 389/1578/315
f 396/1579/401 351/1580/323 362/1581/321 395/1582/410
f 396/1583/401 353/1584/396 272/1585/395 397/1586/405
f 397/1587/405 398/1588/403 345/1589/391 273/1590/325
f 413/1591/258 412/1592/288 279/1593/291 260/1594/260
f 412/1595/288 410/1596/319 361/1597/400 279/1598/291
f 411/1599/394 353/1600/396 361/1601/400 410/1602/319
f 411/1603/394 354/1604/398 271/1605/388 409/1606/386
f 409/1607/386 408/1608/387 344/1609/393 272/1610/395
f 355/1611/412 406/1612/308 408/1613/387 343/1614/389
f 406/1615/308 355/1616/412 276/1617/413 405/1618/298
f 267/1619/285 407/1620/266 405/1621/298 276/1622/413
f 268/1623/342 399/1624/265 407/1625/266 267/1626/285
f 401/1627/262 399/1628/265 268/1629/342 297/1630/341
f 266/1631/281 413/1632/258 400/1633/259 269/1634/284
f 404/1635/277 402/1636/340 256/1637/263 296/1638/264
o part_07
v 8.403000 -0.675000 -0.554000
v 4.415000 -1.187000 0.016000
v 8.006000 -0.656000 0.016000
v 4.505000 -1.462000 0.017000
v 8.115000 -0.895000 0.017000
v 4.795000 -1.674000 -0.109000
v 8.154000 -1.157000 -0.212000
v 4.795000 -1.675000 -0.756000
v 8.155000 -1.157000 -0.655000
v 4.505000 -1.465000 -0.886000
v 8.115000 -0.897000 -0.886000
v 4.416000 -1.189000 -0.887000
v 8.006000 -0.658000 -0.887000
v 6.152000 -1.787000 0.089000
v 6.152000 -1.790000 -0.951000
v 6.705000 -1.362000 -0.117000
v 6.705000 -1.363000 -0.748000
v 5.833000 -1.276000 -1.384000
v 6.328000 -1.126000 -1.278000
v 5.832000 -1.272000 0.517000
v 6.327000 -1.124000 0.410000
v 5.461000 -1.096000 -1.387000
v 6.588000 -0.826000 -1.198000
v 5.461000 -1.093000 0.514000
v 6.588000 -0.824000 0.326000
v 7.790000 -0.943000 -0.058000
v 7.860000 -1.098000 -0.200000
v 7.760000 -0.747000 -0.138000
v 7.860000 -1.099000 -0.667000
v 7.790000 -0.943000 -0.811000
v 7.761000 -0.749000 -0.733000
v 5.149000 -1.750000 -0.046000
v 4.863000 -1.281000 0.419000
v 5.149000 -1.752000 -0.817000
v 4.709000 -1.004000 0.416000
v 4.864000 -1.286000 -1.286000
v 4.710000 -1.007000 -1.289000
v 5.871000 -1.764000 -0.104000
v 5.871000 -1.766000 -0.756000
v 8.402000 -0.674000 -0.316000
v 8.394000 -0.840000 -0.264000
v 8.394000 -0.840000 -0.604000
v 5.955000 -1.483000 -1.143000
v 5.998000 -1.570000 -1.151000
v 5.748000 -1.523000 -1.134000
v 5.762000 -1.614000 -1.143000
v 6.329000 -1.495000 -0.864000
v 6.245000 -1.638000 -0.823000
v 5.514000 -1.761000 -0.873000
v 5.499000 -1.656000 -0.961000
v 5.513000 -1.759000 0.013000
v 5.499000 -1.654000 0.100000
v 6.245000 -1.637000 -0.038000
v 6.329000 -1.493000 0.001000
v 5.705000 -1.834000 -0.981000
v 5.704000 -1.831000 0.120000
v 7.377000 -0.691000 -0.972000
v 7.377000 -0.689000 0.100000
v 6.984000 -0.842000 -1.085000
v 6.984000 -0.840000 0.213000
v 7.059000 -1.034000 -1.011000
v 7.059000 -1.033000 0.143000
v 6.268000 -1.418000 0.213000
v 6.268000 -1.421000 -1.077000
v 7.240000 -0.351000 -0.031000
v 7.237000 -0.749000 -0.031000
v 7.377000 -0.730000 0.017000
v 7.377000 -0.730000 -0.113000
v 7.240000 -0.351000 -0.848000
v 7.237000 -0.749000 -0.848000
v 7.377000 -0.730000 -0.766000
v 7.377000 -0.730000 -0.896000
v 8.222000 -0.440000 -0.230000
v 8.215000 -0.684000 -0.265000
v 8.317000 -0.676000 -0.253000
v 8.317000 -0.676000 -0.325000
v 8.222000 -0.440000 -0.642000
v 8.215000 -0.684000 -0.607000
v 8.317000 -0.676000 -0.547000
v 8.317000 -0.676000 -0.619000
v 7.904000 -0.372000 -0.760000
v 7.973000 -0.706000 -0.760000
v 8.106000 -0.687000 -0.677000
v 8.106000 -0.687000 -0.793000
v 7.904000 -0.372000 -0.117000
v 7.973000 -0.706000 -0.117000
v 8.106000 -0.687000 -0.083000
v 8.106000 -0.687000 -0.199000
v 6.530000 -0.618000 0.223000
v 6.454000 -0.865000 0.188000
v 6.558000 -0.871000 0.248000
v 6.558000 -0.871000 0.128000
v 6.530000 -0.618000 -1.095000
v 6.454000 -0.865000 -1.060000
v 6.558000 -0.871000 -1.000000
v 6.558000 -0.871000 -1.120000
v 6.781000 -0.638000 0.102000
v 6.728000 -0.890000 0.068000
v 6.832000 -0.887000 0.128000
v 6.832000 -0.887000 0.008000
v 6.781000 -0.638000 -0.969000
v 6.728000 -0.890000 -0.934000
v 6.832000 -0.887000 -0.874000
v 6.832000 -0.887000 -0.994000
v 7.493000 -0.543000 -0.092000
v 7.486000 -0.764000 -0.127000
v 7.588000 -0.779000 -0.067000
v 7.588000 -0.779000 -0.187000
v 7.493000 -0.543000 -0.763000
v 7.486000 -0.764000 -0.728000
v 7.588000 -0.779000 -0.668000
v 7.588000 -0.779000 -0.788000
v 7.692000 -0.515000 -0.144000
v 7.684000 -0.773000 -0.179000
v 7.786000 -0.751000 -0.119000
v 7.786000 -0.751000 -0.239000
v 7.692000 -0.515000 -0.717000
v 7.684000 -0.773000 -0.682000
v 7.786000 -0.751000 -0.622000
v 7.786000 -0.751000 -0.742000
v 7.860000 -0.491000 -0.160000
v 7.853000 -0.749000 -0.170000
v 7.954000 -0.707000 -0.126000
v 7.954000 -0.707000 -0.238000
v 7.860000 -0.491000 -0.713000
v 7.853000 -0.749000 -0.703000
v 7.954000 -0.707000 -0.636000
v 7.954000 -0.707000 -0.747000
v 5.197000 -1.627000 -1.185000
v 5.196000 -1.623000 0.321000
v 8.013000 -1.184000 -0.180000
v 8.013000 -1.184000 -0.686000
v 8.321000 -0.973000 -0.238000
v 8.321000 -0.973000 -0.630000
v 7.791000 -1.175000 -0.257000
v 7.791000 -1.175000 -0.607000
v 6.721000 -1.457000 -0.186000
v 6.721000 -1.457000 -0.676000
v 4.709000 -1.184000 -0.436000
v 5.461000 -1.205000 -0.436000
v 6.508000 -1.069000 -0.436000
v 6.876000 -0.993000 -0.436000
v 7.282000 -0.905000 -0.436000
v 4.709000 -1.006000 -1.100000
v 4.709000 -1.005000 0.226000
v 5.461000 -1.094000 0.302000
v 5.461000 -1.095000 -1.176000
v 6.588000 -0.824000 0.093000
v 6.588000 -0.825000 -0.966000
v 6.984000 -0.841000 -0.011000
v 6.984000 -0.842000 -0.862000
v 7.377000 -0.690000 -0.101000
v 7.377000 -0.691000 -0.770000
v 7.718000 -0.825000 -0.435000
v 7.761000 -0.749000 -0.614000
v 7.761000 -0.748000 -0.257000
v 8.006000 -0.768000 -0.436000
v 8.006000 -0.656000 -0.210000
v 8.006000 -0.657000 -0.661000
v 8.278000 -0.666000 -0.495000
v 8.278000 -0.665000 -0.376000
v 6.029000 -1.683000 0.264000
v 5.777000 -1.723000 0.253000
v 5.777000 -1.726000 -1.115000
v 6.029000 -1.686000 -1.125000
v 5.998000 -1.568000 0.289000
v 5.955000 -1.479000 0.278000
v 5.761000 -1.612000 0.281000
v 5.747000 -1.519000 0.270000
v 5.723000 -1.080000 -1.421000
v 5.723000 -1.078000 0.334000
v 5.723000 -1.079000 -1.208000
v 5.723000 -1.077000 0.549000
v 5.444000 -1.318000 -1.360000
v 5.444000 -1.313000 0.492000
v 5.448000 -1.477000 -1.285000
v 5.447000 -1.473000 0.419000
v 5.928000 -1.865000 0.130000
v 5.928000 -1.867000 -0.991000
v 6.301000 -0.858000 0.437000
v 6.301000 -0.859000 0.214000
v 6.301000 -0.859000 -1.087000
v 6.301000 -0.860000 -1.310000
v 6.789000 -0.866000 -1.142000
v 6.789000 -0.865000 -0.914000
v 6.789000 -0.865000 0.041000
v 6.788000 -0.864000 0.270000
v 7.188000 -0.725000 -0.056000
v 7.188000 -0.724000 0.139000
v 7.188000 -0.726000 -1.011000
v 7.188000 -0.726000 -0.816000
v 7.546000 -0.749000 -0.019000
v 7.547000 -0.749000 -0.179000
v 7.547000 -0.751000 -0.692000
v 7.547000 -0.751000 -0.852000
v 5.985000 -1.137000 -0.436000
v 7.333000 -1.000000 -0.921000
v 7.333000 -0.999000 0.052000
v 7.305000 -1.199000 -0.166000
v 7.279000 -1.285000 -0.635000
v 7.279000 -1.285000 -0.228000
v 7.306000 -1.199000 -0.699000
v 8.212000 -0.662000 -0.040000
v 8.351000 -0.672000 -0.698000
v 8.212000 -0.664000 -0.831000
v 8.351000 -0.671000 -0.173000
vn 0.260800 0.056800 0.774600
vn 0.322800 -0.311800 0.685400
vn -0.245000 -0.083000 0.777400
vn -0.190200 -0.408200 0.684200
vn -0.100000 0.524400 0.621400
vn 0.126400 -0.376800 0.716400
vn -0.061800 0.533800 0.618200
vn -0.083200 -0.236800 0.779800
vn -0.059200 -0.241600 -0.780600
vn -0.036400 0.530400 -0.623400
vn -0.276200 -0.322800 -0.700400
vn -0.274000 0.232800 -0.736200
vn 0.077000 -0.771800 -0.263400
vn -0.188800 -0.413800 -0.681200
vn -0.334400 -0.739600 -0.110800
vn -0.218200 -0.591200 0.523400
vn 0.014200 -0.741600 0.347600
vn -0.087200 -0.776600 0.245600
vn 0.306200 -0.370200 0.663400
vn 0.240400 0.396400 0.675400
vn 0.021400 0.526800 0.627000
vn 0.229000 -0.312000 -0.722000
vn 0.392200 0.355600 -0.625200
vn -0.152000 0.612000 -0.522800
vn 0.010200 -0.138200 -0.807400
vn -0.047600 -0.666800 -0.473400
vn 0.419400 -0.629000 -0.315200
vn -0.002400 -0.132600 0.808400
vn -0.152200 0.615600 0.518600
vn 0.229400 -0.299600 0.727200
vn -0.046000 -0.663800 0.478000
vn 0.420200 -0.627200 0.318200
vn 0.443000 -0.688000 -0.038000
vn 0.299400 -0.680200 -0.344600
vn 0.533800 -0.349200 -0.514200
vn 0.281000 -0.550400 -0.537800
vn -0.402400 -0.498200 -0.511000
vn -0.079800 -0.672000 -0.461600
vn -0.505200 -0.284000 -0.578800
vn 0.288200 0.365800 0.674000
vn -0.059200 0.796200 -0.183200
vn 0.385200 0.274400 -0.669000
vn -0.814600 0.019600 -0.084000
vn -0.085600 -0.668000 0.466400
vn -0.417000 -0.499600 0.497600
vn -0.297200 -0.320400 0.692800
vn -0.302800 0.239600 0.722600
vn -0.544200 -0.297600 0.535200
vn 0.322800 -0.317800 -0.682600
vn 0.521600 -0.628800 -0.061000
vn 0.261600 -0.281800 -0.723400
vn -0.039800 0.513800 -0.636800
vn 0.289600 -0.381400 -0.664600
vn 0.002800 0.511200 -0.640200
vn 0.179400 -0.553000 0.577200
vn 0.205200 -0.713600 0.346200
vn 0.287200 -0.545600 0.539200
vn 0.296200 -0.677600 0.352400
vn 0.534600 -0.346800 0.514800
vn 0.521200 -0.628800 0.062000
vn 0.443200 -0.687800 0.041400
vn 0.069600 -0.799000 -0.166800
vn -0.238800 -0.750600 0.225000
vn -0.237800 -0.752200 -0.220400
vn -0.085000 -0.778000 -0.241800
vn 0.070000 -0.798600 0.168600
vn 0.016200 -0.743400 -0.344000
vn 0.747400 -0.165200 -0.292000
vn 0.748400 -0.153000 0.296000
vn 0.467200 0.668600 -0.076000
vn 0.466600 0.669600 0.072000
vn 0.636200 0.352000 0.377400
vn 0.647200 -0.413800 0.284600
vn 0.647200 -0.415600 -0.282200
vn -0.058200 -0.492800 -0.651800
vn -0.066400 -0.484800 0.657000
vn -0.165800 0.781600 0.180600
vn -0.100200 0.808200 0.088400
vn -0.211000 0.791600 -0.002200
vn -0.154800 0.781600 0.190600
vn -0.131200 0.686200 -0.427600
vn -0.064800 0.807600 -0.121600
vn -0.259000 0.756800 -0.177200
vn -0.070600 0.524400 -0.625400
vn -0.177000 0.797600 0.059200
vn 0.006800 0.817800 0.047800
vn 0.059400 0.814800 0.059200
vn 0.274400 -0.586000 -0.502400
vn 0.270600 -0.204800 -0.745600
vn 0.223800 -0.430600 -0.660000
vn 0.263000 0.043600 -0.774600
vn -0.216200 -0.595400 -0.519400
vn 0.076800 -0.771600 0.264200
vn -0.016400 -0.468600 0.671800
vn -0.334000 -0.739600 0.111600
vn 0.329600 0.487000 0.570200
vn 0.009400 0.788200 -0.222800
vn -0.132200 0.688600 0.423600
vn -0.155400 0.780200 -0.195600
vn -0.311800 0.731200 0.197800
vn -0.258600 0.757400 0.174800
vn 0.185600 -0.559600 -0.568800
vn 0.331400 0.482200 -0.573400
vn 0.266800 -0.270600 0.725600
vn 0.069800 -0.531400 -0.619400
vn 0.140600 -0.379000 -0.712400
vn 0.063400 -0.527200 0.623800
vn 0.347000 0.274600 -0.689400
vn 0.236600 0.762400 0.184000
vn -0.815000 0.007400 0.081600
vn 0.427400 0.237400 0.657200
vn 0.429000 0.236800 -0.656400
vn 0.244400 0.759400 -0.186200
vn -0.815000 0.007400 -0.083400
vn 0.347000 0.274600 0.689400
vn 0.318600 0.387200 -0.647800
vn 0.511200 0.600800 0.221200
vn -0.799600 -0.001800 0.178000
vn 0.517800 0.147200 0.617600
vn 0.519200 0.146800 -0.616400
vn 0.515400 0.597400 -0.220800
vn -0.799200 -0.002000 -0.179600
vn 0.318600 0.387200 0.647800
vn 0.398400 0.323000 -0.638800
vn 0.183800 0.763200 -0.234000
vn -0.793000 -0.163200 -0.124800
vn 0.267000 0.351400 0.690200
vn 0.267000 0.351400 -0.690200
vn 0.174000 0.766000 0.232600
vn -0.793400 -0.163400 0.122600
vn 0.396200 0.323200 0.640000
vn 0.404600 0.288800 -0.651200
vn 0.049800 0.816200 0.048200
vn -0.783600 0.237800 0.019400
vn 0.402600 0.115400 0.704000
vn 0.402600 0.115400 -0.704000
vn 0.049800 0.816200 -0.048200
vn -0.783600 0.237800 -0.019400
vn 0.404600 0.288800 0.651200
vn 0.377000 0.324000 -0.651200
vn -0.023800 0.817400 0.048200
vn -0.801800 0.166400 0.019400
vn 0.390600 0.151200 0.704000
vn 0.390600 0.151200 -0.704000
vn -0.023800 0.817400 -0.048200
vn -0.801800 0.166400 -0.019400
vn 0.377000 0.324000 0.651200
vn 0.330000 0.389000 -0.641000
vn -0.146600 0.805600 -0.027000
vn -0.818600 0.028200 -0.011000
vn 0.344800 0.214400 0.711400
vn 0.344800 0.214400 -0.711400
vn -0.146600 0.805600 0.027000
vn -0.818600 0.028200 0.011000
vn 0.330000 0.389000 0.641000
vn 0.312800 0.386200 -0.651200
vn -0.169600 0.800000 0.048200
vn -0.818800 0.020200 0.019400
vn 0.357200 0.218600 0.704000
vn 0.357200 0.218600 -0.704000
vn -0.169600 0.800000 -0.048200
vn -0.818800 0.020200 -0.019400
vn 0.313000 0.386200 0.651200
vn 0.286200 0.367800 -0.673800
vn -0.070400 0.795000 0.184600
vn -0.814600 0.019400 0.084200
vn 0.384000 0.274000 0.669800
vn 0.222200 -0.424800 0.664200
vn 0.002000 -0.718200 -0.394000
vn 0.007000 -0.715200 0.399400
vn 0.205000 -0.717000 -0.339000
vn 0.274000 -0.585000 0.503800
vn 0.267800 -0.195000 0.749200
vn -0.015200 -0.476400 -0.666200
vn 0.242400 0.388000 -0.679600
vn 0.212400 0.563200 -0.555800
vn 0.034400 0.562200 0.595000
vn -0.226000 0.780800 -0.101800
vn 0.210400 0.568600 0.551000
vn -0.072600 0.806800 -0.121400
vn 0.004000 0.812000 0.108000
vn 0.019000 0.810200 0.119000
vn -0.021400 0.529200 0.625000
vn -0.312200 0.730200 -0.200600
vn 0.289600 0.501600 0.579200
vn -0.017200 0.788000 -0.223000
vn 0.011000 0.789400 0.218800
vn 0.291800 0.496400 -0.582800
vn -0.015800 0.789000 0.219800
vn -0.162400 0.782200 -0.181000
vn -0.143400 0.806600 -0.002200
vn -0.207200 0.792600 -0.001200
vn -0.122000 0.810000 -0.008400
vn -0.183400 0.798400 0.003200
vn -0.025400 0.818200 -0.029400
vn 0.059800 0.809600 -0.109200
vn -0.009000 0.815200 -0.079800
vn 0.023000 0.817400 -0.047600
vn -0.192400 0.793400 -0.067200
vn 0.382600 0.380000 0.616800
vn -0.097000 0.808400 -0.090200
vn 0.645600 0.328600 -0.382400
vn -0.243400 -0.096600 -0.776200
vn -0.204000 0.785600 0.111200
vn 0.041600 0.556600 -0.599600
vn -0.089200 0.814400 -0.000600
vt 0.179688 0.246094
vt 0.167969 0.261719
vt 0.183594 0.289063
vt 0.169922 0.867188
vt 0.164063 0.796875
vt 0.156250 0.800781
vt 0.085938 0.484375
vt 0.087891 0.445313
vt 0.103516 0.500000
vt 0.068359 0.671875
vt 0.068359 0.714844
vt 0.091797 0.695313
vt 0.091797 0.695313
vt 0.095703 0.632813
vt 0.068359 0.671875
vt 0.115234 0.703125
vt 0.117188 0.675781
vt 0.091797 0.695313
vt 0.091797 0.695313
vt 0.068359 0.671875
vt 0.093750 0.632813
vt 0.115234 0.703125
vt 0.091797 0.695313
vt 0.117188 0.675781
vt 0.126953 0.093750
vt 0.160156 0.156250
vt 0.144531 0.023438
vt 0.050781 0.863281
vt 0.033203 0.957031
vt 0.041016 0.855469
vt 0.041016 0.855469
vt 0.033203 0.957031
vt 0.023438 0.851563
vt 0.023438 0.851563
vt 0.033203 0.957031
vt 0.050781 0.863281
vt 0.126953 0.093750
vt 0.144531 0.023438
vt 0.160156 0.156250
vt 0.173828 0.332031
vt 0.166016 0.308594
vt 0.146484 0.363281
vt 0.173828 0.332031
vt 0.146484 0.363281
vt 0.166016 0.308594
vt 0.175781 0.730469
vt 0.167969 0.664063
vt 0.156250 0.679688
vt 0.156250 0.679688
vt 0.173828 0.730469
vt 0.152344 0.722656
vt 0.216797 0.214844
vt 0.230469 0.214844
vt 0.222656 0.246094
vt 0.115234 0.703125
vt 0.097656 0.730469
vt 0.091797 0.695313
vt 0.115234 0.703125
vt 0.091797 0.695313
vt 0.097656 0.730469
vt 0.095703 0.632813
vt 0.091797 0.695313
vt 0.109375 0.648438
vt 0.093750 0.632813
vt 0.109375 0.648438
vt 0.091797 0.695313
vt 0.009766 0.671875
vt 0.013672 0.722656
vt 0.029297 0.671875
vt 0.111328 0.363281
vt 0.103516 0.500000
vt 0.140625 0.351563
vt 0.146484 0.363281
vt 0.154297 0.300781
vt 0.146484 0.292969
vt 0.167969 0.867188
vt 0.156250 0.800781
vt 0.164063 0.796875
vt 0.156250 0.679688
vt 0.154297 0.722656
vt 0.175781 0.730469
vt 0.156250 0.800781
vt 0.134766 0.855469
vt 0.169922 0.867188
vt 0.162109 0.210938
vt 0.158203 0.257813
vt 0.148438 0.257813
vt 0.173828 0.730469
vt 0.156250 0.679688
vt 0.167969 0.664063
vt 0.164063 0.796875
vt 0.156250 0.800781
vt 0.173828 0.730469
vt 0.164063 0.796875
vt 0.175781 0.730469
vt 0.156250 0.800781
vt 0.179688 0.246094
vt 0.167969 0.261719
vt 0.162109 0.210938
vt 0.166016 0.648438
vt 0.156250 0.679688
vt 0.167969 0.664063
vt 0.166016 0.648438
vt 0.167969 0.664063
vt 0.156250 0.679688
vt 0.076172 0.628906
vt 0.095703 0.632813
vt 0.076172 0.589844
vt 0.076172 0.628906
vt 0.076172 0.589844
vt 0.093750 0.632813
vt 0.126953 0.273438
vt 0.146484 0.292969
vt 0.146484 0.199219
vt 0.023438 0.859375
vt 0.037109 0.957031
vt 0.050781 0.855469
vt 0.037109 0.851563
vt 0.037109 0.957031
vt 0.023438 0.859375
vt 0.050781 0.855469
vt 0.037109 0.957031
vt 0.037109 0.851563
vt 0.050781 0.855469
vt 0.033203 0.957031
vt 0.023438 0.851563
vt 0.023438 0.851563
vt 0.033203 0.957031
vt 0.050781 0.855469
vt 0.023438 0.851563
vt 0.033203 0.957031
vt 0.023438 0.851563
vt 0.046875 0.851563
vt 0.033203 0.957031
vt 0.023438 0.867188
vt 0.050781 0.875000
vt 0.033203 0.957031
vt 0.046875 0.851563
vt 0.023438 0.867188
vt 0.033203 0.957031
vt 0.050781 0.875000
vt 0.050781 0.855469
vt 0.037109 0.957031
vt 0.039063 0.867188
vt 0.023438 0.855469
vt 0.037109 0.957031
vt 0.050781 0.855469
vt 0.039063 0.867188
vt 0.037109 0.957031
vt 0.023438 0.855469
vt 0.050781 0.867188
vt 0.033203 0.957031
vt 0.033203 0.871094
vt 0.023438 0.851563
vt 0.033203 0.957031
vt 0.050781 0.867188
vt 0.033203 0.871094
vt 0.033203 0.957031
vt 0.023438 0.851563
vt 0.023438 0.863281
vt 0.035156 0.957031
vt 0.050781 0.851563
vt 0.039063 0.863281
vt 0.035156 0.957031
vt 0.023438 0.863281
vt 0.050781 0.851563
vt 0.035156 0.957031
vt 0.039063 0.863281
vt 0.023438 0.863281
vt 0.035156 0.957031
vt 0.050781 0.859375
vt 0.035156 0.851563
vt 0.035156 0.957031
vt 0.023438 0.863281
vt 0.050781 0.859375
vt 0.035156 0.957031
vt 0.035156 0.851563
vt 0.050781 0.855469
vt 0.037109 0.957031
vt 0.042969 0.855469
vt 0.023438 0.851563
vt 0.037109 0.957031
vt 0.050781 0.855469
vt 0.042969 0.855469
vt 0.037109 0.957031
vt 0.023438 0.851563
vt 0.023438 0.863281
vt 0.035156 0.957031
vt 0.050781 0.859375
vt 0.035156 0.855469
vt 0.035156 0.957031
vt 0.023438 0.863281
vt 0.050781 0.859375
vt 0.035156 0.957031
vt 0.035156 0.855469
vt 0.050781 0.855469
vt 0.037109 0.957031
vt 0.023438 0.859375
vt 0.029297 0.851563
vt 0.037109 0.957031
vt 0.050781 0.855469
vt 0.023438 0.859375
vt 0.037109 0.957031
vt 0.029297 0.851563
vt 0.023438 0.871094
vt 0.035156 0.957031
vt 0.050781 0.855469
vt 0.033203 0.855469
vt 0.035156 0.957031
vt 0.023438 0.871094
vt 0.050781 0.855469
vt 0.035156 0.957031
vt 0.033203 0.855469
vt 0.039063 0.871094
vt 0.035156 0.957031
vt 0.050781 0.863281
vt 0.023438 0.851563
vt 0.035156 0.957031
vt 0.039063 0.871094
vt 0.050781 0.863281
vt 0.035156 0.957031
vt 0.023438 0.851563
vt 0.023438 0.859375
vt 0.035156 0.957031
vt 0.050781 0.855469
vt 0.035156 0.855469
vt 0.035156 0.957031
vt 0.023438 0.859375
vt 0.050781 0.855469
vt 0.035156 0.957031
vt 0.035156 0.855469
vt 0.029297 0.855469
vt 0.033203 0.957031
vt 0.050781 0.859375
vt 0.023438 0.851563
vt 0.033203 0.957031
vt 0.029297 0.855469
vt 0.050781 0.859375
vt 0.033203 0.957031
vt 0.023438 0.851563
vt 0.023438 0.855469
vt 0.037109 0.957031
vt 0.050781 0.863281
vt 0.039063 0.859375
vt 0.037109 0.957031
vt 0.023438 0.855469
vt 0.050781 0.863281
vt 0.037109 0.957031
vt 0.039063 0.859375
vt 0.125000 0.273438
vt 0.146484 0.199219
vt 0.146484 0.292969
vt 0.126953 0.273438
vt 0.146484 0.199219
vt 0.130859 0.199219
vt 0.156250 0.800781
vt 0.167969 0.867188
vt 0.134766 0.855469
vt 0.167969 0.867188
vt 0.173828 0.933594
vt 0.134766 0.855469
vt 0.169922 0.867188
vt 0.134766 0.855469
vt 0.175781 0.933594
vt 0.183594 0.363281
vt 0.181641 0.335938
vt 0.189453 0.378906
vt 0.109375 0.648438
vt 0.091797 0.695313
vt 0.117188 0.675781
vt 0.109375 0.648438
vt 0.117188 0.675781
vt 0.091797 0.695313
vt 0.085938 0.746094
vt 0.097656 0.730469
vt 0.091797 0.695313
vt 0.085938 0.746094
vt 0.091797 0.695313
vt 0.097656 0.730469
vt 0.076172 0.628906
vt 0.068359 0.671875
vt 0.095703 0.632813
vt 0.076172 0.628906
vt 0.093750 0.632813
vt 0.068359 0.671875
vt 0.183594 0.363281
vt 0.189453 0.378906
vt 0.183594 0.335938
vt 0.111328 0.363281
vt 0.125000 0.273438
vt 0.140625 0.351563
vt 0.111328 0.363281
vt 0.140625 0.351563
vt 0.126953 0.273438
vt 0.156250 0.800781
vt 0.134766 0.855469
vt 0.140625 0.753906
vt 0.156250 0.800781
vt 0.140625 0.753906
vt 0.134766 0.855469
vt 0.083984 0.410156
vt 0.087891 0.445313
vt 0.111328 0.363281
vt 0.025391 0.628906
vt 0.009766 0.621094
vt 0.009766 0.671875
vt 0.025391 0.628906
vt 0.031250 0.589844
vt 0.009766 0.621094
vt 0.039063 0.558594
vt 0.042969 0.523438
vt 0.009766 0.542969
vt 0.048828 0.484375
vt 0.052734 0.445313
vt 0.009766 0.464844
vt 0.048828 0.484375
vt 0.009766 0.464844
vt 0.052734 0.445313
vt 0.041016 0.558594
vt 0.009766 0.542969
vt 0.044922 0.523438
vt 0.041016 0.558594
vt 0.033203 0.589844
vt 0.009766 0.542969
vt 0.025391 0.628906
vt 0.009766 0.671875
vt 0.009766 0.621094
vt 0.009766 0.671875
vt 0.015625 0.722656
vt 0.003906 0.722656
vt 0.009766 0.464844
vt 0.009766 0.542969
vt 0.048828 0.484375
vt 0.009766 0.464844
vt 0.048828 0.484375
vt 0.009766 0.542969
vt 0.009766 0.671875
vt 0.029297 0.671875
vt 0.025391 0.628906
vt 0.009766 0.671875
vt 0.031250 0.671875
vt 0.015625 0.722656
vt 0.009766 0.671875
vt 0.025391 0.628906
vt 0.031250 0.671875
vt 0.179688 0.246094
vt 0.162109 0.210938
vt 0.167969 0.261719
vt 0.173828 0.332031
vt 0.166016 0.308594
vt 0.181641 0.289063
vt 0.162109 0.210938
vt 0.150391 0.257813
vt 0.158203 0.257813
vt 0.166016 0.648438
vt 0.138672 0.718750
vt 0.144531 0.660156
vt 0.162109 0.210938
vt 0.158203 0.257813
vt 0.167969 0.261719
vt 0.146484 0.363281
vt 0.166016 0.308594
vt 0.154297 0.300781
vt 0.146484 0.363281
vt 0.154297 0.300781
vt 0.166016 0.308594
vt 0.146484 0.363281
vt 0.146484 0.292969
vt 0.154297 0.300781
vt 0.166016 0.648438
vt 0.146484 0.660156
vt 0.138672 0.718750
vt 0.162109 0.210938
vt 0.167969 0.261719
vt 0.158203 0.257813
vt 0.083984 0.410156
vt 0.087891 0.359375
vt 0.111328 0.363281
vt 0.083984 0.410156
vt 0.111328 0.363281
vt 0.087891 0.359375
vt 0.125000 0.273438
vt 0.130859 0.199219
vt 0.146484 0.199219
vt 0.126953 0.273438
vt 0.140625 0.351563
vt 0.146484 0.292969
vt 0.125000 0.273438
vt 0.146484 0.292969
vt 0.140625 0.351563
vt 0.154297 0.765625
vt 0.175781 0.730469
vt 0.154297 0.722656
vt 0.154297 0.765625
vt 0.152344 0.722656
vt 0.173828 0.730469
vt 0.173828 0.332031
vt 0.183594 0.289063
vt 0.166016 0.308594
vt 0.167969 0.261719
vt 0.166016 0.308594
vt 0.183594 0.289063
vt 0.179688 0.246094
vt 0.181641 0.289063
vt 0.167969 0.261719
vt 0.166016 0.308594
vt 0.167969 0.261719
vt 0.181641 0.289063
vt 0.154297 0.765625
vt 0.156250 0.800781
vt 0.175781 0.730469
vt 0.154297 0.765625
vt 0.173828 0.730469
vt 0.156250 0.800781
vt 0.111328 0.363281
vt 0.140625 0.351563
vt 0.103516 0.500000
vt 0.080078 0.250000
vt 0.070313 0.359375
vt 0.009766 0.300781
vt 0.080078 0.250000
vt 0.009766 0.300781
vt 0.070313 0.359375
vt 0.083984 0.410156
vt 0.111328 0.363281
vt 0.087891 0.445313
vt 0.085938 0.484375
vt 0.103516 0.500000
vt 0.087891 0.445313
vt 0.111328 0.363281
vt 0.087891 0.445313
vt 0.103516 0.500000
vt 0.111328 0.363281
vt 0.103516 0.500000
vt 0.087891 0.445313
vt 0.048828 0.484375
vt 0.044922 0.523438
vt 0.009766 0.542969
vt 0.048828 0.484375
vt 0.009766 0.542969
vt 0.042969 0.523438
vt 0.025391 0.628906
vt 0.009766 0.621094
vt 0.033203 0.589844
vt 0.039063 0.558594
vt 0.009766 0.542969
vt 0.031250 0.589844
vt 0.009766 0.621094
vt 0.009766 0.542969
vt 0.033203 0.589844
vt 0.009766 0.621094
vt 0.031250 0.589844
vt 0.009766 0.542969
vt 0.070313 0.558594
vt 0.099609 0.550781
vt 0.074219 0.523438
vt 0.070313 0.558594
vt 0.074219 0.523438
vt 0.099609 0.550781
vt 0.070313 0.558594
vt 0.076172 0.589844
vt 0.099609 0.550781
vt 0.099609 0.550781
vt 0.076172 0.589844
vt 0.095703 0.632813
vt 0.070313 0.558594
vt 0.099609 0.550781
vt 0.076172 0.589844
vt 0.099609 0.550781
vt 0.093750 0.632813
vt 0.076172 0.589844
vt 0.193359 0.214844
vt 0.187500 0.246094
vt 0.177734 0.214844
vt 0.068359 0.671875
vt 0.091797 0.695313
vt 0.068359 0.714844
vt 0.175781 0.933594
vt 0.134766 0.855469
vt 0.164063 0.988281
vt 0.173828 0.933594
vt 0.162109 0.988281
vt 0.134766 0.855469
vt 0.150391 0.257813
vt 0.146484 0.199219
vt 0.146484 0.292969
vt 0.148438 0.257813
vt 0.146484 0.292969
vt 0.146484 0.199219
vt 0.146484 0.199219
vt 0.150391 0.257813
vt 0.160156 0.156250
vt 0.146484 0.199219
vt 0.160156 0.156250
vt 0.148438 0.257813
s 1
f 468/1639/428 577/1640/427 592/1641/426
f 445/1642/431 464/1643/430 465/1644/429
f 473/1645/434 600/1646/433 475/1647/432
f 426/1648/437 618/1649/436 424/1650/435
f 424/1651/435 443/1652/438 426/1653/437
f 422/1654/440 545/1655/439 424/1656/435
f 418/1657/443 416/1658/442 439/1659/441
f 420/1660/445 418/1661/443 544/1662/444
f 449/1663/424 542/1664/451 423/1665/450
f 541/1666/455 538/1667/454 540/1668/453
f 540/1669/453 538/1670/454 539/1671/456
f 539/1672/456 538/1673/454 541/1674/455
f 446/1675/459 417/1676/458 543/1677/457
f 428/1678/463 578/1679/462 460/1680/448
f 427/1681/473 467/1682/472 575/1683/415
f 451/1684/475 466/1685/474 427/1686/473
f 428/1687/463 452/1688/479 592/1689/426
f 453/1690/484 619/1691/485 454/1692/482
f 420/1693/445 546/1694/486 418/1695/443
f 422/1696/440 424/1697/435 547/1698/487
f 443/1699/438 424/1700/435 442/1701/488
f 439/1702/441 440/1703/489 418/1704/443
f 570/1705/492 573/1706/491 572/1707/490
f 432/1708/502 474/1709/466 477/1710/501
f 460/1711/448 457/1712/504 456/1713/503
f 447/1714/478 463/1715/505 462/1716/480
f 427/1717/473 591/1718/506 451/1719/475
f 465/1720/429 543/1721/457 445/1722/431
f 465/1723/429 581/1724/416 582/1725/507
f 452/1726/479 428/1727/463 461/1728/446
f 462/1729/480 463/1730/505 452/1731/479
f 464/1732/430 451/1733/475 465/1734/429
f 469/1735/508 576/1736/417 465/1737/429
f 467/1738/472 427/1739/473 466/1740/474
f 460/1741/448 461/1742/446 428/1743/463
f 444/1744/494 443/1745/438 608/1746/516
f 441/1747/511 605/1748/509 439/1749/441
f 431/1750/519 456/1751/503 589/1752/518
f 479/1753/523 478/1754/522 481/1755/521
f 480/1756/524 478/1757/522 479/1758/523
f 481/1759/521 478/1760/522 480/1761/524
f 483/1762/527 482/1763/526 485/1764/525
f 484/1765/528 482/1766/526 483/1767/527
f 485/1768/525 482/1769/526 484/1770/528
f 487/1771/531 486/1772/530 489/1773/529
f 488/1774/532 486/1775/530 487/1776/531
f 489/1777/529 486/1778/530 488/1779/532
f 491/1780/535 490/1781/534 493/1782/533
f 492/1783/536 490/1784/534 491/1785/535
f 493/1786/533 490/1787/534 492/1788/536
f 495/1789/539 494/1790/538 497/1791/537
f 496/1792/540 494/1793/538 495/1794/539
f 497/1795/537 494/1796/538 496/1797/540
f 499/1798/543 498/1799/542 501/1800/541
f 500/1801/544 498/1802/542 499/1803/543
f 501/1804/541 498/1805/542 500/1806/544
f 503/1807/547 502/1808/546 505/1809/545
f 504/1810/548 502/1811/546 503/1812/547
f 505/1813/545 502/1814/546 504/1815/548
f 507/1816/551 506/1817/550 509/1818/549
f 508/1819/552 506/1820/550 507/1821/551
f 509/1822/549 506/1823/550 508/1824/552
f 511/1825/555 510/1826/554 513/1827/553
f 512/1828/556 510/1829/554 511/1830/555
f 513/1831/553 510/1832/554 512/1833/556
f 515/1834/559 514/1835/558 517/1836/557
f 516/1837/560 514/1838/558 515/1839/559
f 517/1840/557 514/1841/558 516/1842/560
f 519/1843/563 518/1844/562 521/1845/561
f 520/1846/564 518/1847/562 519/1848/563
f 521/1849/561 518/1850/562 520/1851/564
f 523/1852/567 522/1853/566 525/1854/565
f 524/1855/568 522/1856/566 523/1857/567
f 525/1858/565 522/1859/566 524/1860/568
f 527/1861/571 526/1862/570 529/1863/569
f 528/1864/572 526/1865/570 527/1866/571
f 529/1867/569 526/1868/570 528/1869/572
f 531/1870/575 530/1871/574 533/1872/573
f 532/1873/576 530/1874/574 531/1875/575
f 533/1876/573 530/1877/574 532/1878/576
f 535/1879/579 534/1880/578 537/1881/577
f 536/1882/580 534/1883/578 535/1884/579
f 537/1885/577 534/1886/578 536/1887/580
f 433/1888/419 590/1889/520 580/1890/581
f 431/1891/519 589/1892/518 587/1893/422
f 463/1894/505 447/1895/478 542/1896/451
f 447/1897/478 421/1898/477 542/1899/451
f 445/1900/431 543/1901/457 419/1902/476
f 442/1903/488 545/1904/439 549/1905/582
f 442/1906/488 424/1907/435 545/1908/439
f 440/1909/489 544/1910/444 418/1911/443
f 455/1912/481 547/1913/487 424/1914/435
f 454/1915/482 418/1916/443 546/1917/486
f 444/1918/494 426/1919/437 443/1920/438
f 441/1921/511 439/1922/441 416/1923/442
f 440/1924/489 548/1925/583 544/1926/444
f 434/1927/586 433/1928/419 476/1929/585
f 432/1930/502 477/1931/501 431/1932/519
f 463/1933/505 542/1934/451 458/1935/587
f 465/1936/429 582/1937/507 543/1938/457
f 436/1939/589 597/1940/588 432/1941/502
f 568/1942/493 567/1943/604 570/1944/492
f 568/1945/493 607/1946/600 567/1947/604
f 566/1948/602 604/1949/513 556/1950/605
f 564/1951/514 598/1952/594 555/1953/606
f 563/1954/496 555/1955/606 599/1956/495
f 565/1957/599 556/1958/605 601/1959/597
f 565/1960/599 606/1961/510 556/1962/605
f 569/1963/512 570/1964/492 567/1965/604
f 570/1966/492 574/1967/614 573/1968/491
f 555/1969/606 556/1970/605 564/1971/514
f 555/1972/606 563/1973/496 556/1974/605
f 570/1975/492 572/1976/490 568/1977/493
f 570/1978/492 571/1979/603 574/1980/614
f 570/1981/492 569/1982/512 571/1983/603
f 468/1984/428 463/1985/505 577/1986/427
f 427/1987/473 575/1988/415 591/1989/506
f 463/1990/505 458/1991/587 459/1992/616
f 460/1993/448 456/1994/503 477/1995/501
f 463/1996/505 459/1997/616 577/1998/427
f 460/1999/448 578/2000/462 457/2001/504
f 467/2002/472 579/2003/414 575/2004/415
f 467/2005/472 580/2006/581 579/2007/414
f 467/2008/472 476/2009/585 580/2010/581
f 465/2011/429 576/2012/417 581/2013/416
f 438/2014/592 593/2015/590 434/2016/586
f 436/2017/589 432/2018/502 596/2019/618
f 433/2020/419 588/2021/421 590/2022/520
f 431/2023/519 477/2024/501 456/2025/503
f 433/2026/419 580/2027/581 476/2028/585
f 469/2029/508 451/2030/475 591/2031/506
f 468/2032/428 592/2033/426 452/2034/479
f 428/2035/463 592/2036/426 578/2037/462
f 577/2038/427 578/2039/462 592/2040/426
f 469/2041/508 591/2042/506 576/2043/417
f 575/2044/415 576/2045/417 591/2046/506
f 469/2047/508 465/2048/429 451/2049/475
f 468/2050/428 452/2051/479 463/2052/505
f 434/2053/586 476/2054/585 475/2055/432
f 584/2056/612 594/2057/591 609/2058/607
f 585/2059/498 609/2060/607 595/2061/617
f 438/2062/592 434/2063/586 600/2064/433
f 472/2065/467 474/2066/466 597/2067/588
f 432/2068/502 597/2069/588 474/2070/466
f 434/2071/586 475/2072/432 600/2073/433
f 563/2074/496 601/2075/597 556/2076/605
f 564/2077/514 556/2078/605 604/2079/513
f 569/2080/512 567/2081/604 606/2082/510
f 566/2083/602 556/2084/605 607/2085/600
f 567/2086/604 556/2087/605 606/2088/510
f 567/2089/604 607/2090/600 556/2091/605
f 470/2092/601 610/2093/464 603/2094/465
f 471/2095/598 602/2096/596 611/2097/517
f 470/2098/601 608/2099/516 610/2100/464
f 610/2101/464 608/2102/516 443/2103/438
f 471/2104/598 611/2105/517 605/2106/509
f 611/2107/517 439/2108/441 605/2109/509
f 414/2110/483 455/2111/481 617/2112/615
f 416/2113/442 418/2114/443 616/2115/613
f 419/2116/476 543/2117/457 417/2118/458
f 421/2119/477 423/2120/450 542/2121/451
f 458/2122/587 589/2123/518 456/2124/503
f 582/2125/507 580/2126/581 590/2127/520
f 589/2128/518 458/2129/587 542/2130/451
f 590/2131/520 543/2132/457 582/2133/507
vt 0.154297 0.300781
vt 0.158203 0.257813
vt 0.167969 0.261719
vt 0.166016 0.308594
vt 0.107422 0.250000
vt 0.109375 0.203125
vt 0.130859 0.199219
vt 0.125000 0.273438
vt 0.101563 0.062500
vt 0.109375 0.203125
vt 0.130859 0.199219
vt 0.126953 0.093750
vt 0.226563 0.308594
vt 0.228516 0.335938
vt 0.181641 0.335938
vt 0.185547 0.308594
vt 0.167969 0.664063
vt 0.166016 0.648438
vt 0.175781 0.578125
vt 0.183594 0.574219
vt 0.126953 0.093750
vt 0.144531 0.023438
vt 0.119141 0.007813
vt 0.101563 0.062500
vt 0.101563 0.062500
vt 0.117188 0.007813
vt 0.144531 0.023438
vt 0.126953 0.093750
vt 0.085938 0.484375
vt 0.074219 0.523438
vt 0.099609 0.550781
vt 0.103516 0.500000
vt 0.183594 0.574219
vt 0.187500 0.472656
vt 0.181641 0.464844
vt 0.177734 0.578125
vt 0.167969 0.867188
vt 0.242188 0.867188
vt 0.236328 0.933594
vt 0.173828 0.933594
vt 0.164063 0.796875
vt 0.248047 0.796875
vt 0.242188 0.867188
vt 0.167969 0.867188
vt 0.222656 0.246094
vt 0.187500 0.246094
vt 0.193359 0.214844
vt 0.216797 0.214844
vt 0.025391 0.628906
vt 0.029297 0.671875
vt 0.050781 0.671875
vt 0.037109 0.628906
vt 0.074219 0.445313
vt 0.070313 0.484375
vt 0.048828 0.484375
vt 0.052734 0.445313
vt 0.099609 0.250000
vt 0.097656 0.203125
vt 0.078125 0.203125
vt 0.080078 0.250000
vt 0.078125 0.203125
vt 0.097656 0.203125
vt 0.087891 0.062500
vt 0.070313 0.062500
vt 0.185547 0.308594
vt 0.187500 0.281250
vt 0.224609 0.281250
vt 0.226563 0.308594
vt 0.248047 0.796875
vt 0.164063 0.796875
vt 0.173828 0.730469
vt 0.236328 0.730469
vt 0.167969 0.664063
vt 0.244141 0.664063
vt 0.236328 0.730469
vt 0.173828 0.730469
vt 0.048828 0.589844
vt 0.037109 0.628906
vt 0.025391 0.628906
vt 0.033203 0.589844
vt 0.042969 0.523438
vt 0.062500 0.523438
vt 0.068359 0.484375
vt 0.048828 0.484375
vt 0.179688 0.464844
vt 0.160156 0.460938
vt 0.169922 0.378906
vt 0.183594 0.363281
vt 0.181641 0.464844
vt 0.183594 0.363281
vt 0.171875 0.378906
vt 0.160156 0.460938
vt 0.160156 0.156250
vt 0.146484 0.199219
vt 0.130859 0.199219
vt 0.126953 0.093750
vt 0.222656 0.246094
vt 0.224609 0.265625
vt 0.185547 0.265625
vt 0.187500 0.246094
vt 0.222656 0.378906
vt 0.189453 0.378906
vt 0.181641 0.335938
vt 0.228516 0.335938
vt 0.179688 0.464844
vt 0.183594 0.363281
vt 0.189453 0.378906
vt 0.185547 0.472656
vt 0.177734 0.578125
vt 0.166016 0.648438
vt 0.167969 0.664063
vt 0.183594 0.574219
vt 0.183594 0.574219
vt 0.228516 0.574219
vt 0.244141 0.664063
vt 0.167969 0.664063
vt 0.224609 0.472656
vt 0.185547 0.472656
vt 0.189453 0.378906
vt 0.222656 0.378906
vt 0.150391 0.511719
vt 0.146484 0.660156
vt 0.166016 0.648438
vt 0.177734 0.578125
vt 0.070313 0.359375
vt 0.089844 0.359375
vt 0.080078 0.410156
vt 0.058594 0.410156
vt 0.058594 0.410156
vt 0.052734 0.445313
vt 0.074219 0.445313
vt 0.080078 0.410156
vt 0.044922 0.523438
vt 0.062500 0.523438
vt 0.058594 0.558594
vt 0.041016 0.558594
vt 0.031250 0.589844
vt 0.046875 0.589844
vt 0.058594 0.558594
vt 0.039063 0.558594
vt 0.031250 0.671875
vt 0.025391 0.628906
vt 0.037109 0.628906
vt 0.050781 0.671875
vt 0.009766 0.203125
vt 0.009766 0.300781
vt 0.080078 0.250000
vt 0.078125 0.203125
vt 0.097656 0.203125
vt 0.078125 0.203125
vt 0.070313 0.062500
vt 0.087891 0.062500
vt 0.078125 0.203125
vt 0.009766 0.203125
vt 0.009766 0.062500
vt 0.070313 0.062500
vt 0.070313 0.062500
vt 0.009766 0.062500
vt 0.009766 0.203125
vt 0.078125 0.203125
vt 0.078125 0.203125
vt 0.080078 0.250000
vt 0.009766 0.300781
vt 0.009766 0.203125
vt 0.050781 0.671875
vt 0.046875 0.714844
vt 0.035156 0.738281
vt 0.021484 0.750000
vt 0.019531 0.750000
vt 0.033203 0.738281
vt 0.044922 0.714844
vt 0.050781 0.671875
vt 0.003906 0.722656
vt 0.015625 0.722656
vt 0.021484 0.750000
vt 0.000000 0.750000
vt 0.167969 0.261719
vt 0.158203 0.257813
vt 0.154297 0.300781
vt 0.166016 0.308594
vt 0.158203 0.257813
vt 0.150391 0.257813
vt 0.146484 0.292969
vt 0.154297 0.300781
vt 0.146484 0.292969
vt 0.148438 0.257813
vt 0.158203 0.257813
vt 0.154297 0.300781
vt 0.080078 0.250000
vt 0.078125 0.203125
vt 0.097656 0.203125
vt 0.101563 0.250000
vt 0.070313 0.359375
vt 0.058594 0.410156
vt 0.080078 0.410156
vt 0.089844 0.359375
vt 0.109375 0.203125
vt 0.101563 0.062500
vt 0.126953 0.093750
vt 0.130859 0.199219
vt 0.126953 0.273438
vt 0.130859 0.199219
vt 0.109375 0.203125
vt 0.107422 0.250000
vt 0.130859 0.199219
vt 0.146484 0.199219
vt 0.160156 0.156250
vt 0.126953 0.093750
vt 0.009766 0.300781
vt 0.070313 0.359375
vt 0.058594 0.410156
vt 0.009766 0.394531
vt 0.031250 0.589844
vt 0.025391 0.628906
vt 0.037109 0.628906
vt 0.046875 0.589844
vt 0.058594 0.558594
vt 0.048828 0.589844
vt 0.033203 0.589844
vt 0.041016 0.558594
vt 0.080078 0.410156
vt 0.074219 0.445313
vt 0.052734 0.445313
vt 0.058594 0.410156
vt 0.052734 0.445313
vt 0.048828 0.484375
vt 0.068359 0.484375
vt 0.074219 0.445313
vt 0.089844 0.359375
vt 0.099609 0.250000
vt 0.080078 0.250000
vt 0.070313 0.359375
vt 0.070313 0.359375
vt 0.080078 0.250000
vt 0.101563 0.250000
vt 0.089844 0.359375
vt 0.062500 0.523438
vt 0.044922 0.523438
vt 0.048828 0.484375
vt 0.070313 0.484375
vt 0.062500 0.523438
vt 0.042969 0.523438
vt 0.039063 0.558594
vt 0.058594 0.558594
vt 0.144531 0.660156
vt 0.150391 0.511719
vt 0.175781 0.578125
vt 0.166016 0.648438
vt 0.087891 0.359375
vt 0.107422 0.250000
vt 0.125000 0.273438
vt 0.111328 0.363281
vt 0.087891 0.359375
vt 0.111328 0.363281
vt 0.126953 0.273438
vt 0.107422 0.250000
vt 0.070313 0.359375
vt 0.009766 0.300781
vt 0.009766 0.394531
vt 0.058594 0.410156
vt 0.058594 0.410156
vt 0.052734 0.445313
vt 0.009766 0.464844
vt 0.009766 0.394531
vt 0.009766 0.464844
vt 0.052734 0.445313
vt 0.058594 0.410156
vt 0.009766 0.394531
vt 0.181641 0.464844
vt 0.160156 0.460938
vt 0.150391 0.511719
vt 0.177734 0.578125
vt 0.187500 0.472656
vt 0.189453 0.378906
vt 0.183594 0.363281
vt 0.181641 0.464844
vt 0.224609 0.472656
vt 0.228516 0.574219
vt 0.183594 0.574219
vt 0.185547 0.472656
vt 0.185547 0.472656
vt 0.183594 0.574219
vt 0.175781 0.578125
vt 0.179688 0.464844
vt 0.179688 0.464844
vt 0.175781 0.578125
vt 0.150391 0.511719
vt 0.160156 0.460938
vt 0.099609 0.550781
vt 0.074219 0.523438
vt 0.085938 0.484375
vt 0.103516 0.500000
vt 0.070313 0.738281
vt 0.085938 0.746094
vt 0.091797 0.695313
vt 0.068359 0.714844
vt 0.068359 0.714844
vt 0.091797 0.695313
vt 0.085938 0.746094
vt 0.068359 0.738281
vt 0.019531 0.750000
vt 0.050781 0.671875
vt 0.029297 0.671875
vt 0.013672 0.722656
vt 0.050781 0.671875
vt 0.021484 0.750000
vt 0.015625 0.722656
vt 0.031250 0.671875
s 1
f 579/2134/414 581/2135/416 576/2136/417 575/2137/415
f 586/2138/418 437/2139/420 588/2140/421 433/2141/419
f 450/2142/425 435/2143/423 587/2144/422 449/2145/424
f 420/2146/445 544/2147/444 545/2148/439 422/2149/440
f 461/2150/446 460/2151/448 430/2152/449 551/2153/447
f 449/2154/424 423/2155/450 425/2156/452 450/2157/425
f 448/2158/460 415/2159/461 417/2160/458 446/2161/459
f 472/2162/467 603/2163/465 610/2164/464 474/2165/466
f 550/2166/471 614/2167/469 612/2168/468 429/2169/470
f 447/2170/478 445/2171/431 419/2172/476 421/2173/477
f 462/2174/480 464/2175/430 445/2176/431 447/2177/478
f 454/2178/482 455/2179/481 414/2180/483 453/2181/484
f 568/2182/493 572/2183/490 426/2184/437 444/2185/494
f 600/2186/433 473/2187/434 563/2188/496 599/2189/495
f 583/2190/497 435/2191/423 560/2192/499 585/2193/498
f 560/2194/499 435/2195/423 450/2196/425 557/2197/500
f 422/2198/440 547/2199/487 546/2200/486 420/2201/445
f 464/2202/430 462/2203/480 452/2204/479 451/2205/475
f 461/2206/446 466/2207/474 451/2208/475 452/2209/479
f 605/2210/509 441/2211/511 569/2212/512 606/2213/510
f 604/2214/513 603/2215/465 472/2216/467 564/2217/514
f 615/2218/515 610/2219/464 443/2220/438 442/2221/488
f 612/2222/468 440/2223/489 439/2224/441 611/2225/517
f 543/2226/457 590/2227/520 588/2228/421 446/2229/459
f 454/2230/482 546/2231/486 547/2232/487 455/2233/481
f 548/2234/583 549/2235/582 545/2236/439 544/2237/444
f 615/2238/515 442/2239/488 549/2240/582 613/2241/584
f 429/2242/470 467/2243/472 466/2244/474 550/2245/471
f 551/2246/447 550/2247/471 466/2248/474 461/2249/446
f 614/2250/469 613/2251/584 549/2252/582 548/2253/583
f 475/2254/432 476/2255/585 467/2256/472 429/2257/470
f 594/2258/591 593/2259/590 438/2260/592 561/2261/593
f 562/2262/595 598/2263/594 597/2264/588 436/2265/589
f 601/2266/597 602/2267/596 471/2268/598 565/2269/599
f 607/2270/600 608/2271/516 470/2272/601 566/2273/602
f 571/2274/603 569/2275/512 441/2276/511 416/2277/442
f 553/2278/608 609/2279/607 585/2280/498 560/2281/499
f 437/2282/420 559/2283/610 558/2284/609 448/2285/460
f 559/2286/610 553/2287/608 552/2288/611 558/2289/609
f 557/2290/500 552/2291/611 553/2292/608 560/2293/499
f 559/2294/610 584/2295/612 609/2296/607 553/2297/608
f 416/2298/442 616/2299/613 619/2300/485 453/2301/484
f 414/2302/483 617/2303/615 618/2304/436 426/2305/437
f 573/2306/491 574/2307/614 453/2308/484 414/2309/483
f 577/2310/427 459/2311/616 457/2312/504 578/2313/462
f 459/2314/616 458/2315/587 456/2316/503 457/2317/504
f 580/2318/581 582/2319/507 581/2320/416 579/2321/414
f 584/2322/612 559/2323/610 437/2324/420 586/2325/418
f 595/2326/617 562/2327/595 436/2328/589 596/2329/618
f 437/2330/420 448/2331/460 446/2332/459 588/2333/421
f 431/2334/519 587/2335/422 435/2336/423 583/2337/497
f 587/2338/422 589/2339/518 542/2340/451 449/2341/424
f 609/2342/607 594/2343/591 561/2344/593 554/2345/619
f 607/2346/600 568/2347/493 444/2348/494 608/2349/516
f 471/2350/598 605/2351/509 606/2352/510 565/2353/599
f 438/2354/592 600/2355/433 599/2356/495 561/2357/593
f 598/2358/594 564/2359/514 472/2360/467 597/2361/588
f 596/2362/618 583/2363/497 585/2364/498 595/2365/617
f 594/2366/591 584/2367/612 586/2368/418 593/2369/590
f 602/2370/596 601/2371/597 563/2372/496 473/2373/434
f 603/2374/465 604/2375/513 566/2376/602 470/2377/601
f 477/2378/501 474/2379/466 430/2380/449 460/2381/448
f 593/2382/590 586/2383/418 433/2384/419 434/2385/586
f 596/2386/618 432/2387/502 431/2388/519 583/2389/497
f 595/2390/617 609/2391/607 554/2392/619 562/2393/595
f 561/2394/593 599/2395/495 555/2396/606 554/2397/619
f 555/2398/606 598/2399/594 562/2400/595 554/2401/619
f 612/2402/468 611/2403/517 475/2404/432 429/2405/470
f 614/2406/469 548/2407/583 440/2408/489 612/2409/468
f 614/2410/469 550/2411/471 551/2412/447 613/2413/584
f 613/2414/584 551/2415/447 430/2416/449 615/2417/515
f 615/2418/515 430/2419/449 474/2420/466 610/2421/464
f 611/2422/517 602/2423/596 473/2424/434 475/2425/432
f 617/2426/615 455/2427/481 424/2428/435 618/2429/436
f 616/2430/613 418/2431/443 454/2432/482 619/2433/485
f 414/2434/483 426/2435/437 572/2436/490 573/2437/491
f 416/2438/442 453/2439/484 574/2440/614 571/2441/603
o part_08
v 3.326000 0.849000 0.716000
v 3.326000 -0.835000 0.716000
v 3.621000 0.720000 0.716000
v 3.695000 -0.664000 0.716000
v 3.326000 0.760000 0.421000
v 3.326000 -0.664000 0.347000
v 3.031000 0.720000 0.716000
v 2.957000 -0.664000 0.716000
v 3.643000 -0.455000 0.419000
v 3.326000 -0.664000 1.085000
v 3.534000 0.760000 0.521000
v 3.190000 0.632000 0.812000
v 3.586000 -0.664000 0.472000
v 3.066000 -0.664000 0.960000
v 3.066000 -0.664000 0.472000
v 3.586000 -0.664000 0.960000
v 3.462000 0.632000 0.812000
v 3.118000 0.760000 0.521000
v 3.706000 0.568000 0.716000
v 3.326000 0.252000 1.096000
v 3.326000 -0.455000 1.166000
v 3.326000 -0.455000 0.266000
v 3.009000 -0.455000 1.013000
v 3.058000 0.329000 0.968000
v 3.594000 0.329000 0.968000
v 2.876000 -0.455000 0.716000
v 2.946000 0.568000 0.716000
v 3.776000 -0.455000 0.716000
v 3.009000 -0.455000 0.419000
v 3.058000 0.608000 0.464000
v 3.594000 0.608000 0.464000
v 3.643000 -0.455000 1.013000
v 3.326000 0.608000 0.336000
vn 0.000000 0.762000 0.300600
vn 0.406600 0.635600 -0.319200
vn 0.463000 0.545600 0.399000
vn 0.582200 -0.120600 -0.563600
vn 0.000000 -0.125200 -0.809600
vn 0.429800 -0.558000 -0.418400
vn 0.000000 -0.568600 -0.589800
vn 0.000000 -0.819200 0.000000
vn -0.403600 0.638800 -0.316600
vn 0.000000 0.646000 -0.503800
vn -0.582000 -0.121200 -0.563600
vn -0.809400 -0.125600 0.012600
vn -0.429800 -0.558000 -0.418400
vn -0.590800 -0.567600 0.000000
vn -0.111600 0.421800 0.693400
vn -0.459800 0.548000 0.399200
vn -0.570800 -0.116200 0.576000
vn -0.000600 -0.113400 0.811400
vn -0.429800 -0.558000 0.418400
vn 0.000000 -0.568600 0.589800
vn 0.568200 -0.109200 0.580000
vn 0.810200 -0.120400 0.016600
vn 0.429800 -0.558000 0.418400
vn 0.590800 -0.567600 0.000000
vn 0.111600 0.421800 0.693400
vn -0.426400 0.273400 0.643800
vn -0.574000 0.231000 -0.537000
vn 0.000000 0.234000 -0.785000
vn 0.575000 0.226600 -0.537600
vn 0.781000 0.227000 0.098400
vn -0.000400 0.322000 0.753200
vn 0.422600 0.278000 0.644400
vn -0.781400 0.226200 0.096200
vt 0.783203 0.824219
vt 0.794922 0.820313
vt 0.783203 0.808594
vt 0.816406 0.972656
vt 0.802734 0.972656
vt 0.816406 0.988281
vt 0.816406 0.820313
vt 0.830078 0.820313
vt 0.816406 0.808594
vt 0.851563 0.972656
vt 0.837891 0.972656
vt 0.851563 0.988281
vt 0.867188 0.824219
vt 0.875000 0.832031
vt 0.882813 0.808594
vt 0.882813 0.972656
vt 0.869141 0.972656
vt 0.882813 0.988281
vt 0.785156 0.972656
vt 0.771484 0.972656
vt 0.785156 0.988281
vt 0.875000 0.832031
vt 0.890625 0.832031
vt 0.882813 0.808594
vt 0.875000 0.832031
vt 0.867188 0.824219
vt 0.867188 0.863281
vt 0.851563 0.972656
vt 0.851563 0.988281
vt 0.865234 0.972656
vt 0.816406 0.972656
vt 0.816406 0.988281
vt 0.832031 0.972656
vt 0.851563 0.824219
vt 0.851563 0.808594
vt 0.839844 0.820313
vt 0.816406 0.820313
vt 0.816406 0.808594
vt 0.806641 0.820313
vt 0.785156 0.972656
vt 0.785156 0.988281
vt 0.798828 0.972656
vt 0.882813 0.972656
vt 0.882813 0.988281
vt 0.898438 0.972656
vt 0.900391 0.824219
vt 0.882813 0.808594
vt 0.890625 0.832031
vt 0.867188 0.863281
vt 0.882813 0.875000
vt 0.875000 0.832031
vt 0.890625 0.832031
vt 0.898438 0.863281
vt 0.900391 0.824219
vt 0.851563 0.839844
vt 0.865234 0.863281
vt 0.851563 0.824219
vt 0.783203 0.839844
vt 0.783203 0.824219
vt 0.769531 0.863281
vt 0.898438 0.863281
vt 0.890625 0.832031
vt 0.882813 0.875000
vt 0.890625 0.832031
vt 0.875000 0.832031
vt 0.882813 0.875000
s 1
f 622/2442/622 630/2443/621 620/2444/620
f 625/2445/626 632/2446/625 621/2447/627
f 624/2448/629 637/2449/628 620/2450/620
f 627/2451/633 634/2452/632 621/2453/627
f 626/2454/635 631/2455/634 620/2456/620
f 629/2457/639 633/2458/638 621/2459/627
f 623/2460/643 635/2461/642 621/2462/627
f 631/2463/634 636/2464/644 620/2465/620
f 631/2466/634 626/2467/635 643/2468/645
f 627/2469/633 621/2470/627 633/2471/638
f 625/2472/626 621/2473/627 634/2474/632
f 626/2475/635 620/2476/620 637/2477/628
f 624/2478/629 620/2479/620 630/2480/621
f 623/2481/643 621/2482/627 632/2483/625
f 629/2484/639 621/2485/627 635/2486/642
f 622/2487/622 620/2488/620 636/2489/644
f 643/2490/645 639/2491/650 631/2492/634
f 636/2493/644 644/2494/651 622/2495/622
f 646/2496/652 643/2497/645 626/2498/635
f 638/2499/649 622/2500/622 644/2501/651
f 644/2502/651 636/2503/644 639/2504/650
f 636/2505/644 631/2506/634 639/2507/650
vt 0.816406 0.949219
vt 0.798828 0.949219
vt 0.802734 0.972656
vt 0.816406 0.972656
vt 0.851563 0.949219
vt 0.833984 0.949219
vt 0.837891 0.972656
vt 0.851563 0.972656
vt 0.882813 0.949219
vt 0.865234 0.949219
vt 0.869141 0.972656
vt 0.882813 0.972656
vt 0.783203 0.949219
vt 0.767578 0.949219
vt 0.771484 0.972656
vt 0.785156 0.972656
vt 0.832031 0.835938
vt 0.830078 0.820313
vt 0.816406 0.820313
vt 0.816406 0.835938
vt 0.798828 0.835938
vt 0.794922 0.820313
vt 0.783203 0.824219
vt 0.783203 0.839844
vt 0.865234 0.972656
vt 0.869141 0.949219
vt 0.851563 0.949219
vt 0.851563 0.972656
vt 0.898438 0.972656
vt 0.900391 0.949219
vt 0.882813 0.949219
vt 0.882813 0.972656
vt 0.798828 0.972656
vt 0.800781 0.949219
vt 0.783203 0.949219
vt 0.785156 0.972656
vt 0.816406 0.835938
vt 0.816406 0.820313
vt 0.806641 0.820313
vt 0.802734 0.835938
vt 0.832031 0.972656
vt 0.835938 0.949219
vt 0.816406 0.949219
vt 0.816406 0.972656
vt 0.851563 0.839844
vt 0.851563 0.824219
vt 0.839844 0.820313
vt 0.837891 0.835938
vt 0.869141 0.949219
vt 0.865234 0.863281
vt 0.851563 0.839844
vt 0.851563 0.949219
vt 0.882813 0.949219
vt 0.882813 0.875000
vt 0.867188 0.863281
vt 0.865234 0.949219
vt 0.882813 0.875000
vt 0.882813 0.949219
vt 0.900391 0.949219
vt 0.898438 0.863281
vt 0.783203 0.839844
vt 0.769531 0.863281
vt 0.767578 0.949219
vt 0.783203 0.949219
vt 0.798828 0.835938
vt 0.783203 0.839844
vt 0.783203 0.949219
vt 0.800781 0.949219
vt 0.816406 0.835938
vt 0.802734 0.835938
vt 0.798828 0.949219
vt 0.816406 0.949219
vt 0.835938 0.949219
vt 0.832031 0.835938
vt 0.816406 0.835938
vt 0.816406 0.949219
vt 0.851563 0.949219
vt 0.851563 0.839844
vt 0.837891 0.835938
vt 0.833984 0.949219
s 1
f 641/2508/624 628/2509/623 632/2510/625 625/2511/626
f 645/2512/631 648/2513/630 634/2514/632 627/2515/633
f 640/2516/637 642/2517/636 633/2518/638 629/2519/639
f 647/2520/641 651/2521/640 635/2522/642 623/2523/643
f 649/2524/646 637/2525/628 624/2526/629 652/2527/647
f 650/2528/648 630/2529/621 622/2530/622 638/2531/649
f 633/2532/638 642/2533/636 645/2534/631 627/2535/633
f 635/2536/642 651/2537/640 640/2538/637 629/2539/639
f 632/2540/625 628/2541/623 647/2542/641 623/2543/643
f 652/2544/647 624/2545/629 630/2546/621 650/2547/648
f 634/2548/632 648/2549/630 641/2550/624 625/2551/626
f 646/2552/652 626/2553/635 637/2554/628 649/2555/646
f 642/2556/636 643/2557/645 646/2558/652 645/2559/631
f 640/2560/637 639/2561/650 643/2562/645 642/2563/636
f 639/2564/650 640/2565/637 651/2566/640 644/2567/651
f 638/2568/649 644/2569/651 651/2570/640 647/2571/641
f 650/2572/648 638/2573/649 647/2574/641 628/2575/623
f 652/2576/647 650/2577/648 628/2578/623 641/2579/624
f 648/2580/630 649/2581/646 652/2582/647 641/2583/624
f 645/2584/631 646/2585/652 649/2586/646 648/2587/630
o part_09
v 3.326000 1.822000 0.430000
v 3.612000 1.822000 0.716000
v 3.326000 2.003000 0.716000
v 3.777000 1.555000 0.716000
v 3.326000 1.555000 0.265000
v 3.326000 0.627000 0.358000
v 3.684000 0.627000 0.716000
v 3.326000 0.393000 0.716000
v 3.040000 1.822000 0.716000
v 2.875000 1.555000 0.716000
v 2.968000 0.627000 0.716000
v 3.326000 1.822000 1.002000
v 3.326000 1.555000 1.167000
v 3.326000 0.627000 1.074000
v 3.559000 0.627000 0.949000
v 3.093000 0.627000 0.483000
v 3.559000 0.627000 0.483000
v 3.093000 0.627000 0.949000
v 3.033000 1.555000 0.423000
v 3.619000 1.555000 0.423000
v 3.619000 1.555000 1.009000
v 3.033000 1.555000 1.009000
v 3.512000 1.822000 0.902000
v 3.140000 1.822000 0.902000
v 3.140000 1.822000 0.530000
v 3.512000 1.822000 0.530000
vn 0.000000 0.819200 0.000000
vn 0.426200 0.554800 -0.426200
vn 0.578800 0.579600 0.000000
vn 0.500400 -0.412800 -0.500400
vn 0.566200 0.173600 -0.566200
vn 0.000000 -0.439000 -0.691600
vn 0.000000 0.188000 -0.797400
vn 0.797400 0.188000 0.000000
vn 0.000000 -0.819200 0.000000
vn -0.426200 0.554800 -0.426200
vn 0.000000 0.579600 -0.578800
vn -0.500400 -0.412800 -0.500400
vn -0.566200 0.173600 -0.566200
vn -0.691600 -0.439000 0.000000
vn -0.797400 0.188000 0.000000
vn -0.426200 0.554800 0.426200
vn -0.578800 0.579600 0.000000
vn -0.500400 -0.412800 0.500400
vn -0.566200 0.173600 0.566200
vn 0.000000 -0.439000 0.691600
vn 0.000000 0.188000 0.797400
vn 0.426200 0.554800 0.426200
vn 0.000000 0.579600 0.578800
vn 0.500400 -0.412800 0.500400
vn 0.566200 0.173600 0.566200
vn 0.691600 -0.439000 0.000000
vt 0.851563 0.644531
vt 0.839844 0.644531
vt 0.851563 0.625000
vt 0.818359 0.777344
vt 0.832031 0.777344
vt 0.818359 0.800781
vt 0.818359 0.644531
vt 0.808594 0.644531
vt 0.818359 0.625000
vt 0.785156 0.777344
vt 0.796875 0.777344
vt 0.785156 0.800781
vt 0.785156 0.644531
vt 0.773438 0.644531
vt 0.785156 0.625000
vt 0.882813 0.777344
vt 0.896484 0.777344
vt 0.882813 0.800781
vt 0.882813 0.644531
vt 0.873047 0.644531
vt 0.882813 0.625000
vt 0.849609 0.777344
vt 0.863281 0.777344
vt 0.849609 0.800781
vt 0.882813 0.777344
vt 0.882813 0.800781
vt 0.869141 0.777344
vt 0.851563 0.644531
vt 0.851563 0.625000
vt 0.861328 0.644531
vt 0.785156 0.644531
vt 0.785156 0.625000
vt 0.794922 0.644531
vt 0.818359 0.777344
vt 0.818359 0.800781
vt 0.804688 0.777344
vt 0.849609 0.777344
vt 0.849609 0.800781
vt 0.837891 0.777344
vt 0.818359 0.644531
vt 0.818359 0.625000
vt 0.828125 0.644531
vt 0.882813 0.644531
vt 0.882813 0.625000
vt 0.894531 0.644531
vt 0.785156 0.777344
vt 0.785156 0.800781
vt 0.771484 0.777344
s 1
f 654/2588/655 678/2589/654 655/2590/653
f 658/2591/658 669/2592/656 660/2593/661
f 653/2594/663 677/2595/662 655/2596/653
f 663/2597/666 668/2598/664 660/2599/661
f 661/2600/669 676/2601/668 655/2602/653
f 666/2603/672 670/2604/670 660/2605/661
f 664/2606/675 675/2607/674 655/2608/653
f 659/2609/678 667/2610/676 660/2611/661
f 666/2612/672 660/2613/661 667/2614/676
f 654/2615/655 655/2616/653 675/2617/674
f 661/2618/669 655/2619/653 677/2620/662
f 658/2621/658 660/2622/661 668/2623/664
f 659/2624/678 660/2625/661 669/2626/656
f 653/2627/663 655/2628/653 678/2629/654
f 664/2630/675 655/2631/653 676/2632/668
f 663/2633/666 660/2634/661 670/2635/670
vt 0.835938 0.675781
vt 0.832031 0.777344
vt 0.818359 0.777344
vt 0.818359 0.675781
vt 0.833984 0.675781
vt 0.839844 0.644531
vt 0.851563 0.644531
vt 0.851563 0.675781
vt 0.800781 0.675781
vt 0.796875 0.777344
vt 0.785156 0.777344
vt 0.785156 0.675781
vt 0.802734 0.675781
vt 0.808594 0.644531
vt 0.818359 0.644531
vt 0.818359 0.675781
vt 0.900391 0.675781
vt 0.896484 0.777344
vt 0.882813 0.777344
vt 0.882813 0.675781
vt 0.767578 0.675781
vt 0.773438 0.644531
vt 0.785156 0.644531
vt 0.785156 0.675781
vt 0.867188 0.675781
vt 0.863281 0.777344
vt 0.849609 0.777344
vt 0.851563 0.675781
vt 0.867188 0.675781
vt 0.873047 0.644531
vt 0.882813 0.644531
vt 0.882813 0.675781
vt 0.882813 0.777344
vt 0.869141 0.777344
vt 0.867188 0.675781
vt 0.882813 0.675781
vt 0.861328 0.644531
vt 0.867188 0.675781
vt 0.851563 0.675781
vt 0.851563 0.644531
vt 0.794922 0.644531
vt 0.800781 0.675781
vt 0.785156 0.675781
vt 0.785156 0.644531
vt 0.818359 0.777344
vt 0.804688 0.777344
vt 0.802734 0.675781
vt 0.818359 0.675781
vt 0.849609 0.777344
vt 0.837891 0.777344
vt 0.833984 0.675781
vt 0.851563 0.675781
vt 0.828125 0.644531
vt 0.835938 0.675781
vt 0.818359 0.675781
vt 0.818359 0.644531
vt 0.894531 0.644531
vt 0.900391 0.675781
vt 0.882813 0.675781
vt 0.882813 0.644531
vt 0.785156 0.777344
vt 0.771484 0.777344
vt 0.767578 0.675781
vt 0.785156 0.675781
s 1
f 672/2636/657 669/2637/656 658/2638/658 657/2639/659
f 672/2640/657 678/2641/654 654/2642/655 656/2643/660
f 671/2644/665 668/2645/664 663/2646/666 662/2647/667
f 671/2648/665 677/2649/662 653/2650/663 657/2651/659
f 674/2652/671 670/2653/670 666/2654/672 665/2655/673
f 674/2656/671 676/2657/668 661/2658/669 662/2659/667
f 673/2660/677 667/2661/676 659/2662/678 656/2663/660
f 673/2664/677 675/2665/674 664/2666/675 665/2667/673
f 666/2668/672 667/2669/676 673/2670/677 665/2671/673
f 675/2672/674 673/2673/677 656/2674/660 654/2675/655
f 677/2676/662 671/2677/665 662/2678/667 661/2679/669
f 658/2680/658 668/2681/664 671/2682/665 657/2683/659
f 659/2684/678 669/2685/656 672/2686/657 656/2687/660
f 678/2688/654 672/2689/657 657/2690/659 653/2691/663
f 676/2692/668 674/2693/671 665/2694/673 664/2695/675
f 663/2696/666 670/2697/670 674/2698/671 662/2699/667
o part_10
v 3.182000 1.942000 0.502000
v 4.210000 2.088000 0.411000
v 3.801000 1.875000 0.716000
v 3.595000 1.581000 0.716000
v 3.823000 2.087000 1.254000
v 3.427000 1.919000 0.984000
v 3.278000 1.717000 1.065000
v 2.966000 2.086000 0.716000
v 2.994000 1.964000 0.716000
v 2.984000 1.808000 0.716000
v 3.823000 2.087000 0.177000
v 3.427000 1.919000 0.447000
v 3.278000 1.717000 0.368000
v 4.193000 2.088000 1.013000
v 4.276000 2.088000 0.712000
v 3.931000 2.088000 1.037000
v 4.113000 2.088000 0.828000
v 4.122000 2.088000 0.596000
v 3.940000 2.088000 0.391000
v 3.650000 1.897000 0.916000
v 3.650000 1.897000 0.517000
v 3.152000 2.086000 0.501000
v 3.152000 2.086000 0.932000
v 3.182000 1.942000 0.931000
v 3.393000 1.665000 0.397000
v 3.393000 1.665000 1.037000
vn 0.641800 0.270200 0.431400
vn 0.651600 0.265400 -0.419600
vn 0.631000 -0.522000 0.020800
vn 0.223600 0.330600 0.715400
vn 0.083800 -0.227000 0.782600
vn 0.041400 0.546200 0.609200
vn 0.320600 -0.541200 0.524800
vn 0.446200 -0.141600 0.672400
vn -0.183400 0.213000 0.769600
vn -0.371800 0.548000 -0.482200
vn -0.460000 0.060200 -0.675200
vn -0.084400 0.549800 -0.601400
vn 0.035200 -0.245600 -0.780800
vn -0.187400 0.210200 -0.769200
vn -0.304400 0.564200 0.510000
vn -0.745400 0.339600 0.000800
vn -0.414000 0.071800 0.703200
vn -0.817800 -0.047800 0.002600
vn -0.815600 0.076800 0.004200
vn 0.315200 -0.545600 -0.523600
vn 0.468000 -0.672400 0.002400
vn 0.442000 -0.139200 -0.675400
vn 0.677600 -0.460400 -0.006800
vn 0.214800 0.327200 -0.719600
vn 0.373600 -0.470000 0.557200
vn 0.361000 -0.479200 -0.557800
vt 0.986328 0.738281
vt 0.978516 0.750000
vt 0.976563 0.722656
vt 0.960938 0.988281
vt 0.937500 0.957031
vt 0.966797 0.964844
vt 0.937500 0.828125
vt 0.929688 0.851563
vt 0.923828 0.824219
vt 0.912109 0.734375
vt 0.921875 0.710938
vt 0.921875 0.761719
vt 0.958984 0.929688
vt 0.951172 0.906250
vt 0.978516 0.914063
vt 0.937500 0.957031
vt 0.951172 0.949219
vt 0.966797 0.964844
vt 0.960938 0.863281
vt 0.966797 0.890625
vt 0.937500 0.894531
vt 0.978516 0.914063
vt 0.986328 0.925781
vt 0.958984 0.929688
vt 0.986328 0.925781
vt 0.976563 0.941406
vt 0.958984 0.929688
vt 0.982422 0.960938
vt 0.966797 0.964844
vt 0.951172 0.949219
vt 0.982422 0.960938
vt 0.951172 0.949219
vt 0.976563 0.941406
vt 0.951172 0.949219
vt 0.958984 0.929688
vt 0.976563 0.941406
vt 0.937500 0.894531
vt 0.966797 0.890625
vt 0.951172 0.906250
vt 0.966797 0.890625
vt 0.982422 0.890625
vt 0.951172 0.906250
vt 0.982422 0.890625
vt 0.978516 0.914063
vt 0.951172 0.906250
vt 0.982422 0.703125
vt 0.976563 0.722656
vt 0.966797 0.699219
vt 0.982422 0.773438
vt 0.966797 0.773438
vt 0.978516 0.750000
vt 0.937500 0.828125
vt 0.923828 0.824219
vt 0.929688 0.851563
s 1
f 693/2700/681 696/2701/680 695/2702/679
f 683/2703/684 684/2704/683 694/2705/682
f 690/2706/691 691/2707/692 679/2708/689
f 686/2709/694 701/2710/693 700/2711/688
f 681/2712/699 699/2713/698 696/2714/680
f 684/2715/683 698/2716/685 694/2717/682
f 689/2718/690 697/2719/702 690/2720/691
f 696/2721/680 693/2722/681 681/2723/699
f 693/2724/681 695/2725/679 681/2726/699
f 692/2727/703 694/2728/682 698/2729/685
f 692/2730/703 698/2731/685 695/2732/679
f 698/2733/685 681/2734/699 695/2735/679
f 690/2736/691 697/2737/702 699/2738/698
f 697/2739/702 680/2740/704 699/2741/698
f 680/2742/704 696/2743/680 699/2744/698
f 692/2745/703 695/2746/679 694/2747/682
f 680/2748/704 697/2749/702 696/2750/680
f 684/2751/683 702/2752/695 685/2753/687
vt 0.929688 0.851563
vt 0.935547 0.859375
vt 0.951172 0.832031
vt 0.937500 0.828125
vt 0.937500 0.828125
vt 0.923828 0.824219
vt 0.921875 0.808594
vt 0.960938 0.808594
vt 0.921875 0.808594
vt 0.912109 0.808594
vt 0.912109 0.824219
vt 0.923828 0.824219
vt 0.923828 0.824219
vt 0.912109 0.824219
vt 0.912109 0.843750
vt 0.929688 0.851563
vt 0.947266 0.929688
vt 0.935547 0.890625
vt 0.951172 0.906250
vt 0.958984 0.929688
vt 0.960938 0.675781
vt 0.966797 0.699219
vt 0.966797 0.773438
vt 0.960938 0.800781
vt 0.966797 0.773438
vt 0.966797 0.699219
vt 0.976563 0.722656
vt 0.978516 0.750000
vt 0.921875 0.761719
vt 0.921875 0.710938
vt 0.960938 0.675781
vt 0.960938 0.800781
vt 0.923828 0.824219
vt 0.937500 0.828125
vt 0.960938 0.808594
vt 0.921875 0.808594
vt 0.923828 0.824219
vt 0.912109 0.824219
vt 0.912109 0.808594
vt 0.921875 0.808594
vt 0.929688 0.851563
vt 0.912109 0.843750
vt 0.912109 0.824219
vt 0.923828 0.824219
vt 0.935547 0.859375
vt 0.929688 0.851563
vt 0.937500 0.828125
vt 0.951172 0.832031
vt 0.935547 0.964844
vt 0.947266 0.929688
vt 0.958984 0.929688
vt 0.951172 0.949219
s 1
f 685/2754/687 704/2755/686 698/2756/685 684/2757/683
f 690/2758/691 679/2759/689 700/2760/688 689/2761/690
f 701/2762/693 686/2763/694 687/2764/696 702/2765/695
f 702/2766/695 687/2767/696 688/2768/697 685/2769/687
f 682/2770/701 703/2771/700 699/2772/698 681/2773/699
f 683/2774/684 694/2775/682 697/2776/702 689/2777/690
f 697/2778/702 694/2779/682 695/2780/679 696/2781/680
f 700/2782/688 701/2783/693 683/2784/684 689/2785/690
f 702/2786/695 684/2787/683 683/2788/684 701/2789/693
f 679/2790/689 687/2791/696 686/2792/694 700/2793/688
f 691/2794/692 688/2795/697 687/2796/696 679/2797/689
f 703/2798/700 691/2799/692 690/2800/691 699/2801/698
f 704/2802/686 682/2803/701 681/2804/699 698/2805/685
o part_11
v -1.138000 -1.696000 0.094000
v -1.138000 -1.698000 -0.955000
v -0.009000 -1.828000 -0.957000
v -0.009000 -1.826000 0.095000
v -1.703000 -1.574000 0.005000
v -1.703000 -1.575000 -0.868000
v -1.138000 -1.323000 -1.585000
v -0.009000 -1.298000 -1.703000
v -1.729000 -1.198000 -1.347000
v -1.138000 0.055000 -1.189000
v -1.138000 0.056000 0.307000
v -0.009000 -0.100000 0.384000
v -0.009000 -0.102000 -1.267000
v -1.703000 -0.090000 -0.816000
v -1.703000 -0.088000 -0.060000
v -1.138000 -0.349000 0.715000
v -0.009000 -0.504000 0.833000
v -1.703000 -0.418000 0.477000
v -1.138000 -1.320000 0.718000
v -0.009000 -1.295000 0.837000
v -1.729000 -1.195000 0.479000
v -1.138000 -0.353000 -1.588000
v -0.009000 -0.508000 -1.707000
v -1.703000 -0.421000 -1.349000
v 0.526000 -1.667000 -0.884000
v 0.526000 -1.666000 0.021000
v 0.526000 -1.249000 -1.526000
v 0.526000 -0.303000 0.269000
v 0.526000 -0.304000 -1.151000
v 0.526000 -0.622000 0.656000
v 0.526000 -1.246000 0.659000
v 0.526000 -0.625000 -1.529000
v 0.831000 -0.965000 -0.435000
vn -0.132200 -0.778800 0.217200
vn 0.086000 -0.780000 0.235000
vn -0.168000 -0.773800 -0.209800
vn 0.083400 -0.781600 -0.230600
vn -0.244200 -0.755400 -0.202200
vn -0.199600 -0.765600 0.212400
vn -0.225000 -0.391400 -0.683600
vn 0.100000 -0.389400 -0.713800
vn -0.346000 -0.370000 -0.643800
vn -0.146400 0.746800 -0.303200
vn 0.194200 0.737000 -0.300400
vn -0.094600 0.753200 0.308000
vn 0.207200 0.736600 0.292600
vn -0.267000 0.718200 0.289800
vn -0.352200 0.690000 -0.266400
vn -0.176600 0.309000 0.738000
vn 0.148400 0.317600 0.740400
vn -0.321000 0.291200 0.695200
vn -0.182200 -0.395800 0.693600
vn 0.103000 -0.386400 0.715000
vn -0.293400 -0.382600 0.662200
vn -0.230600 0.289200 -0.731000
vn 0.134200 0.312000 -0.745600
vn -0.408000 0.254200 -0.663400
vn 0.601200 0.524400 0.186000
vn 0.819200 -0.009800 0.000000
vn 0.624600 0.220000 0.482400
vn 0.570000 -0.563000 -0.171200
vn 0.614200 -0.260000 -0.475600
vn 0.620000 0.217600 -0.489200
vn 0.597400 0.526600 -0.192200
vn 0.607800 -0.261400 0.483200
vn 0.562600 -0.568600 0.176400
vt 0.869141 0.582031
vt 0.857422 0.601563
vt 0.878906 0.582031
vt 0.839844 0.582031
vt 0.802734 0.601563
vt 0.818359 0.582031
vt 0.847656 0.582031
vt 0.869141 0.582031
vt 0.857422 0.601563
vt 0.869141 0.582031
vt 0.878906 0.582031
vt 0.857422 0.601563
vt 0.894531 0.582031
vt 0.943359 0.582031
vt 0.917969 0.601563
vt 0.869141 0.582031
vt 0.847656 0.582031
vt 0.857422 0.601563
vt 0.765625 0.582031
vt 0.787109 0.582031
vt 0.802734 0.601563
vt 0.787109 0.582031
vt 0.818359 0.582031
vt 0.802734 0.601563
s 1
f 734/2806/731 737/2807/730 732/2808/729
f 731/2809/733 737/2810/730 729/2811/732
f 731/2812/733 736/2813/734 737/2814/730
f 736/2815/734 733/2816/735 737/2817/730
f 733/2818/735 732/2819/729 737/2820/730
f 734/2821/731 735/2822/736 737/2823/730
f 735/2824/736 730/2825/737 737/2826/730
f 730/2827/737 729/2828/732 737/2829/730
vt 0.785156 0.468750
vt 0.820313 0.468750
vt 0.820313 0.546875
vt 0.785156 0.546875
vt 0.820313 0.468750
vt 0.785156 0.468750
vt 0.787109 0.433594
vt 0.816406 0.433594
vt 0.820313 0.468750
vt 0.841797 0.468750
vt 0.845703 0.546875
vt 0.820313 0.546875
vt 0.841797 0.468750
vt 0.820313 0.468750
vt 0.816406 0.433594
vt 0.833984 0.429688
vt 0.947266 0.546875
vt 0.890625 0.546875
vt 0.892578 0.468750
vt 0.943359 0.468750
vt 0.906250 0.433594
vt 0.931641 0.433594
vt 0.943359 0.468750
vt 0.892578 0.468750
vt 0.890625 0.468750
vt 0.876953 0.468750
vt 0.873047 0.546875
vt 0.886719 0.546875
vt 0.875000 0.433594
vt 0.876953 0.468750
vt 0.890625 0.468750
vt 0.886719 0.433594
vt 0.759766 0.546875
vt 0.763672 0.468750
vt 0.785156 0.468750
vt 0.785156 0.546875
vt 0.787109 0.433594
vt 0.785156 0.468750
vt 0.763672 0.468750
vt 0.771484 0.429688
vt 0.873047 0.546875
vt 0.845703 0.546875
vt 0.843750 0.468750
vt 0.876953 0.468750
vt 0.849609 0.429688
vt 0.875000 0.433594
vt 0.876953 0.468750
vt 0.843750 0.468750
vt 0.845703 0.546875
vt 0.873047 0.546875
vt 0.876953 0.468750
vt 0.845703 0.468750
vt 0.845703 0.468750
vt 0.876953 0.468750
vt 0.875000 0.433594
vt 0.849609 0.429688
vt 0.886719 0.546875
vt 0.873047 0.546875
vt 0.876953 0.468750
vt 0.890625 0.468750
vt 0.875000 0.433594
vt 0.886719 0.433594
vt 0.890625 0.468750
vt 0.876953 0.468750
vt 0.878906 0.582031
vt 0.869141 0.582031
vt 0.873047 0.546875
vt 0.886719 0.546875
vt 0.847656 0.582031
vt 0.869141 0.582031
vt 0.873047 0.546875
vt 0.845703 0.546875
vt 0.869141 0.582031
vt 0.847656 0.582031
vt 0.845703 0.546875
vt 0.873047 0.546875
vt 0.787109 0.582031
vt 0.765625 0.582031
vt 0.759766 0.546875
vt 0.785156 0.546875
vt 0.869141 0.582031
vt 0.878906 0.582031
vt 0.886719 0.546875
vt 0.873047 0.546875
vt 0.943359 0.582031
vt 0.894531 0.582031
vt 0.890625 0.546875
vt 0.947266 0.546875
vt 0.839844 0.582031
vt 0.818359 0.582031
vt 0.820313 0.546875
vt 0.845703 0.546875
vt 0.818359 0.582031
vt 0.787109 0.582031
vt 0.785156 0.546875
vt 0.820313 0.546875
s 1
f 705/2830/705 706/2831/707 707/2832/708 708/2833/706
f 706/2834/707 705/2835/705 709/2836/710 710/2837/709
f 706/2838/707 711/2839/711 712/2840/712 707/2841/708
f 711/2842/711 706/2843/707 710/2844/709 713/2845/713
f 716/2846/717 717/2847/715 714/2848/714 715/2849/716
f 718/2850/719 719/2851/718 715/2852/716 714/2853/714
f 715/2854/716 720/2855/720 721/2856/721 716/2857/717
f 722/2858/722 720/2859/720 715/2860/716 719/2861/718
f 724/2862/724 723/2863/723 705/2864/705 708/2865/706
f 709/2866/710 705/2867/705 723/2868/723 725/2869/725
f 727/2870/727 712/2871/712 711/2872/711 726/2873/726
f 713/2874/713 728/2875/728 726/2876/726 711/2877/711
f 724/2878/724 721/2879/721 720/2880/720 723/2881/723
f 723/2882/723 720/2883/720 722/2884/722 725/2885/725
f 717/2886/715 727/2887/727 726/2888/726 714/2889/714
f 728/2890/728 718/2891/719 714/2892/714 726/2893/726
f 733/2894/735 736/2895/734 727/2896/727 717/2897/715
f 735/2898/736 734/2899/731 721/2900/721 724/2901/724
f 736/2902/734 731/2903/733 712/2904/712 727/2905/727
f 730/2906/737 735/2907/736 724/2908/724 708/2909/706
f 734/2910/731 732/2911/729 716/2912/717 721/2913/721
f 732/2914/729 733/2915/735 717/2916/715 716/2917/717
f 731/2918/733 729/2919/732 707/2920/708 712/2921/712
f 729/2922/732 730/2923/737 708/2924/706 707/2925/708
o part_12
v -1.195000 -1.444000 -0.931000
v -1.079000 -0.345000 -0.864000
v -1.492000 -0.157000 -0.976000
v -2.371000 -0.747000 -1.426000
v -1.121000 -0.881000 -1.178000
v -3.888000 -0.638000 -1.204000
v -0.879000 -0.919000 -0.435000
v -1.608000 -1.545000 -1.060000
v -2.433000 -1.510000 -1.098000
v -3.943000 -1.264000 -0.949000
v -3.830000 0.050000 -0.035000
v -2.433000 -1.510000 0.224000
v -2.305000 -0.001000 -0.948000
v -2.305000 -0.002000 0.081000
v -1.608000 -1.546000 0.186000
v -3.943000 -1.264000 0.076000
v -3.830000 0.051000 -0.833000
v -1.121000 -0.881000 0.308000
v -2.371000 -0.747000 0.555000
v -3.888000 -0.638000 0.333000
v -1.534000 -0.820000 0.531000
v -1.534000 -0.819000 -1.401000
v -1.079000 -0.345000 -0.003000
v -1.492000 -0.158000 0.110000
v -1.202000 -1.444000 0.082000
vn -0.033600 0.063600 -0.816000
vn 0.201000 0.036400 -0.793400
vn 0.058200 0.716200 -0.393600
vn 0.257200 0.679200 -0.378800
vn -0.005000 0.719600 -0.391400
vn -0.095200 0.075600 -0.810200
vn 0.816000 -0.073400 0.000800
vn 0.571400 -0.520200 0.271800
vn 0.635200 -0.039800 0.515800
vn 0.134800 -0.688400 -0.423200
vn -0.091600 -0.682200 -0.444400
vn -0.157400 -0.668800 -0.446200
vn 0.627800 -0.025800 -0.525600
vn 0.569800 -0.521800 -0.272200
vn -0.089600 -0.683200 0.443000
vn -0.152800 -0.670200 0.445600
vn 0.138000 -0.689600 0.420200
vn 0.217000 0.020400 0.789600
vn -0.031800 0.060200 0.816400
vn -0.091200 0.072200 0.810800
vn 0.058400 0.715200 0.395200
vn -0.005400 0.718800 0.393000
vn 0.272800 0.670800 0.383000
vn 0.648000 0.431000 -0.255800
vn 0.658600 0.415200 0.255000
vt 0.845703 0.406250
vt 0.824219 0.402344
vt 0.843750 0.421875
vt 0.824219 0.402344
vt 0.845703 0.406250
vt 0.843750 0.421875
vt 0.818359 0.402344
vt 0.802734 0.421875
vt 0.783203 0.402344
vt 0.863281 0.410156
vt 0.843750 0.421875
vt 0.863281 0.410156
vt 0.845703 0.406250
vt 0.863281 0.410156
vt 0.843750 0.421875
vt 0.845703 0.406250
vt 0.843750 0.421875
vt 0.863281 0.410156
s 1
f 755/2926/746 762/2927/745 744/2928/744
f 738/2929/751 742/2930/750 744/2931/744
f 738/2932/751 744/2933/744 762/2934/745
f 760/2935/762 744/2936/744 739/2937/761
f 742/2938/750 739/2939/761 744/2940/744
f 755/2941/746 744/2942/744 760/2943/762
vt 0.869141 0.382813
vt 0.847656 0.378906
vt 0.849609 0.320313
vt 0.875000 0.324219
vt 0.875000 0.324219
vt 0.849609 0.320313
vt 0.853516 0.218750
vt 0.876953 0.218750
vt 0.849609 0.320313
vt 0.847656 0.378906
vt 0.822266 0.375000
vt 0.822266 0.316406
vt 0.853516 0.218750
vt 0.849609 0.320313
vt 0.822266 0.316406
vt 0.832031 0.214844
vt 0.824219 0.316406
vt 0.779297 0.316406
vt 0.783203 0.214844
vt 0.820313 0.214844
vt 0.779297 0.316406
vt 0.824219 0.316406
vt 0.824219 0.375000
vt 0.779297 0.375000
vt 0.822266 0.375000
vt 0.847656 0.378906
vt 0.849609 0.320313
vt 0.822266 0.316406
vt 0.853516 0.218750
vt 0.832031 0.214844
vt 0.822266 0.316406
vt 0.849609 0.320313
vt 0.853516 0.218750
vt 0.849609 0.320313
vt 0.875000 0.324219
vt 0.876953 0.218750
vt 0.876953 0.218750
vt 0.875000 0.324219
vt 0.875000 0.324219
vt 0.876953 0.218750
vt 0.869141 0.382813
vt 0.875000 0.324219
vt 0.875000 0.324219
vt 0.869141 0.382813
vt 0.847656 0.378906
vt 0.869141 0.382813
vt 0.863281 0.410156
vt 0.845703 0.406250
vt 0.783203 0.402344
vt 0.779297 0.375000
vt 0.824219 0.375000
vt 0.818359 0.402344
vt 0.845703 0.406250
vt 0.847656 0.378906
vt 0.822266 0.375000
vt 0.824219 0.402344
vt 0.847656 0.378906
vt 0.845703 0.406250
vt 0.863281 0.410156
vt 0.869141 0.382813
vt 0.863281 0.410156
vt 0.869141 0.382813
vt 0.869141 0.382813
vt 0.863281 0.410156
vt 0.869141 0.382813
vt 0.875000 0.324219
vt 0.849609 0.320313
vt 0.847656 0.378906
vt 0.824219 0.402344
vt 0.822266 0.375000
vt 0.847656 0.378906
vt 0.845703 0.406250
s 1
f 740/2944/741 759/2945/739 741/2946/738 750/2947/740
f 750/2948/740 741/2949/738 743/2950/743 754/2951/742
f 741/2952/738 759/2953/739 745/2954/747 746/2955/748
f 743/2956/743 741/2957/738 746/2958/748 747/2959/749
f 746/2960/748 749/2961/752 753/2962/753 747/2963/749
f 749/2964/752 746/2965/748 745/2966/747 752/2967/754
f 752/2968/754 758/2969/755 756/2970/756 749/2971/752
f 757/2972/757 753/2973/753 749/2974/752 756/2975/756
f 757/2976/757 756/2977/756 751/2978/758 748/2979/759
f 748/2980/759 751/2981/758 750/2982/740 754/2983/742
f 740/2984/741 750/2985/740 751/2986/758 761/2987/760
f 759/2988/739 740/2989/741 739/2990/761 742/2991/750
f 762/2992/745 752/2993/754 745/2994/747 738/2995/751
f 755/2996/746 758/2997/755 752/2998/754 762/2999/745
f 758/3000/755 755/3001/746 760/3002/762 761/3003/760
f 739/3004/761 740/3005/741 761/3006/760 760/3007/762
f 761/3008/760 751/3009/758 756/3010/756 758/3011/755
f 738/3012/751 745/3013/747 759/3014/739 742/3015/750
o part_13
v -6.358000 0.101000 -0.732000
v -3.831000 0.045000 -0.855000
v -3.831000 0.045000 -0.013000
v -3.881000 -0.638000 -1.212000
v -6.375000 -0.364000 -0.927000
v -3.933000 -1.256000 -0.954000
v -6.385000 -0.762000 -0.436000
v -3.933000 -1.256000 0.081000
v -3.408000 -0.710000 0.176000
v -3.881000 -0.640000 0.341000
v -6.375000 -0.365000 0.057000
v -6.358000 0.100000 -0.136000
v -3.358000 -0.168000 -0.765000
v -3.358000 -0.169000 -0.102000
v -3.408000 -0.708000 -1.047000
v -3.460000 -1.196000 -0.844000
v -3.460000 -1.196000 -0.029000
vn 0.184000 0.679000 -0.419600
vn -0.005200 0.701200 -0.423400
vn 0.099600 0.027000 -0.812600
vn -0.147400 -0.209600 -0.778000
vn -0.046600 -0.672200 -0.466000
vn 0.182000 0.678200 0.422000
vn -0.005400 0.700000 0.425400
vn 0.096200 0.023600 0.813200
vn -0.147400 -0.212600 0.777400
vn 0.681800 -0.045800 -0.451800
vn 0.625400 0.437400 -0.297600
vn 0.624000 0.437600 0.300400
vn 0.509400 -0.551400 -0.328000
vn -0.047400 -0.673000 0.464600
vn 0.507800 -0.553200 0.327600
vn 0.680000 -0.047600 0.454400
vn -0.239200 -0.783600 -0.000400
vt 0.839844 0.175781
vt 0.820313 0.171875
vt 0.849609 0.011719
vt 0.839844 0.175781
vt 0.849609 0.011719
vt 0.820313 0.171875
vt 0.818359 0.171875
vt 0.785156 0.171875
vt 0.800781 0.011719
vt 0.800781 0.011719
vt 0.818359 0.011719
vt 0.818359 0.171875
vt 0.800781 0.011719
vt 0.785156 0.171875
vt 0.785156 0.011719
s 1
f 766/3016/765 768/3017/767 767/3018/766
f 772/3019/770 773/3020/771 770/3021/776
f 768/3022/767 770/3023/776 769/3024/779
f 769/3025/779 767/3026/766 768/3027/767
f 769/3028/779 770/3029/776 773/3030/771
vt 0.865234 0.011719
vt 0.863281 0.179688
vt 0.839844 0.175781
vt 0.849609 0.011719
vt 0.865234 0.011719
vt 0.863281 0.011719
vt 0.863281 0.179688
vt 0.863281 0.179688
vt 0.849609 0.011719
vt 0.839844 0.175781
vt 0.863281 0.179688
vt 0.863281 0.011719
vt 0.855469 0.210938
vt 0.837891 0.207031
vt 0.839844 0.175781
vt 0.863281 0.179688
vt 0.855469 0.210938
vt 0.863281 0.179688
vt 0.863281 0.179688
vt 0.855469 0.210938
vt 0.822266 0.203125
vt 0.820313 0.171875
vt 0.839844 0.175781
vt 0.837891 0.207031
vt 0.787109 0.203125
vt 0.785156 0.171875
vt 0.818359 0.171875
vt 0.814453 0.203125
vt 0.855469 0.210938
vt 0.863281 0.179688
vt 0.839844 0.175781
vt 0.837891 0.207031
vt 0.837891 0.207031
vt 0.839844 0.175781
vt 0.820313 0.171875
vt 0.822266 0.203125
vt 0.837891 0.207031
vt 0.822266 0.203125
vt 0.822266 0.203125
vt 0.837891 0.207031
vt 0.837891 0.207031
vt 0.855469 0.210938
vt 0.855469 0.210938
vt 0.837891 0.207031
s 1
f 763/3031/764 764/3032/763 766/3033/765 767/3034/766
f 763/3035/764 774/3036/769 765/3037/768 764/3038/763
f 773/3039/771 772/3040/770 765/3041/768 774/3042/769
f 775/3043/773 777/3044/772 766/3045/765 764/3046/763
f 775/3047/773 764/3048/763 765/3049/768 776/3050/774
f 778/3051/775 768/3052/767 766/3053/765 777/3054/772
f 779/3055/777 770/3056/776 768/3057/767 778/3058/775
f 776/3059/774 765/3060/768 772/3061/770 771/3062/778
f 771/3063/778 772/3064/770 770/3065/776 779/3066/777
f 771/3067/778 779/3068/777 778/3069/775 777/3070/772
f 777/3071/772 775/3072/773 776/3073/774 771/3074/778
o part_14
v -8.308000 0.034000 -0.523000
v -8.308000 0.033000 -0.347000
v -6.355000 0.104000 -0.737000
v -6.359000 -0.374000 -0.902000
v -8.312000 -0.209000 -0.605000
v -6.001000 -0.661000 -0.436000
v -6.364000 -0.757000 -0.437000
v -5.992000 -0.057000 -0.201000
v -8.313000 -0.450000 -0.435000
v -6.359000 -0.375000 0.032000
v -8.312000 -0.209000 -0.266000
v -6.355000 0.104000 -0.131000
v -5.992000 -0.057000 -0.668000
v -5.997000 -0.403000 -0.795000
v -5.997000 -0.404000 -0.075000
vn 0.140000 0.654000 -0.473000
vn -0.075800 0.665600 -0.471600
vn 0.031800 -0.170600 -0.800600
vn -0.131200 -0.110600 -0.801000
vn 0.039400 -0.230400 0.785200
vn -0.023800 -0.817200 -0.052200
vn -0.136600 -0.220000 0.777200
vn -0.196000 -0.788000 -0.107400
vn 0.611200 0.437200 -0.326000
vn 0.681800 -0.137000 -0.433000
vn 0.614800 0.433600 0.324000
vn 0.683400 -0.138600 0.429800
vn 0.144000 0.652800 0.473600
vn -0.076200 0.664400 0.473200
vn 0.513000 -0.638600 -0.000800
vt 0.908203 0.371094
vt 0.908203 0.371094
vt 0.898438 0.371094
s 1
f 793/3075/789 794/3076/791 785/3077/794
vt 0.914063 0.210938
vt 0.921875 0.210938
vt 0.923828 0.347656
vt 0.908203 0.347656
vt 0.906250 0.210938
vt 0.896484 0.347656
vt 0.908203 0.347656
vt 0.914063 0.210938
vt 0.908203 0.371094
vt 0.917969 0.371094
vt 0.917969 0.371094
vt 0.908203 0.371094
vt 0.921875 0.210938
vt 0.921875 0.210938
vt 0.923828 0.347656
vt 0.923828 0.347656
vt 0.914063 0.210938
vt 0.908203 0.347656
vt 0.923828 0.347656
vt 0.921875 0.210938
vt 0.917969 0.371094
vt 0.908203 0.371094
vt 0.908203 0.347656
vt 0.923828 0.347656
vt 0.908203 0.347656
vt 0.908203 0.371094
vt 0.898438 0.371094
vt 0.896484 0.347656
vt 0.917969 0.371094
vt 0.917969 0.371094
vt 0.923828 0.347656
vt 0.923828 0.347656
vt 0.908203 0.371094
vt 0.917969 0.371094
vt 0.923828 0.347656
vt 0.908203 0.347656
vt 0.898438 0.371094
vt 0.908203 0.371094
vt 0.908203 0.347656
vt 0.896484 0.347656
vt 0.896484 0.347656
vt 0.906250 0.210938
vt 0.914063 0.210938
vt 0.908203 0.347656
s 1
f 784/3078/783 780/3079/781 782/3080/780 783/3081/782
f 788/3082/787 786/3083/785 789/3084/784 790/3085/786
f 793/3086/789 792/3087/788 787/3088/790 794/3089/791
f 780/3090/781 781/3091/793 791/3092/792 782/3093/780
f 790/3094/786 789/3095/784 791/3096/792 781/3097/793
f 792/3098/788 793/3099/789 783/3100/782 782/3101/780
f 783/3102/782 793/3103/789 785/3104/794 786/3105/785
f 787/3106/790 792/3107/788 782/3108/780 791/3109/792
f 794/3110/791 787/3111/790 791/3112/792 789/3113/784
f 785/3114/794 794/3115/791 789/3116/784 786/3117/785
f 786/3118/785 788/3119/787 784/3120/783 783/3121/782
o part_15
v -8.317000 -0.445000 -0.434000
v -9.910000 0.074000 -0.435000
v -8.313000 -0.201000 -0.599000
v -8.313000 -0.201000 -0.271000
v -8.312000 0.032000 -0.435000
v -8.182000 -0.218000 -0.435000
vn 0.506400 0.643800 0.000600
vn 0.819000 -0.016000 0.000200
vn 0.339600 0.000800 0.745600
vn -0.806400 0.143600 0.007000
vn 0.385200 -0.723000 0.000600
vn 0.339600 0.000000 -0.745600
vt 0.914063 0.207031
vt 0.914063 0.218750
vt 0.921875 0.210938
vt 0.916016 0.210938
vt 0.908203 0.207031
vt 0.923828 0.109375
vt 0.923828 0.109375
vt 0.908203 0.207031
vt 0.914063 0.207031
vt 0.914063 0.207031
vt 0.921875 0.210938
vt 0.923828 0.109375
vt 0.923828 0.109375
vt 0.921875 0.210938
vt 0.916016 0.210938
vt 0.916016 0.210938
vt 0.921875 0.210938
vt 0.914063 0.218750
vt 0.914063 0.207031
vt 0.908203 0.207031
vt 0.914063 0.218750
vt 0.916016 0.210938
vt 0.914063 0.218750
vt 0.908203 0.207031
s 1
f 798/3122/797 800/3123/796 799/3124/795
f 797/3125/800 795/3126/799 796/3127/798
f 796/3128/798 795/3129/799 798/3130/797
f 798/3131/797 799/3132/795 796/3133/798
f 796/3134/798 799/3135/795 797/3136/800
f 797/3137/800 799/3138/795 800/3139/796
f 798/3140/797 795/3141/799 800/3142/796
f 797/3143/800 800/3144/796 795/3145/799
s 1
o part_16
v -1.374000 0.456000 -1.460000
v -1.374000 -1.035000 -1.460000
v -0.964000 0.249000 -1.460000
v -0.862000 -0.829000 -1.460000
v -1.374000 0.249000 -1.870000
v -1.374000 -0.829000 -1.972000
v -1.784000 0.249000 -1.460000
v -1.886000 -0.829000 -1.460000
v -1.374000 0.249000 -1.050000
v -1.374000 -0.829000 -0.948000
vn 0.000000 0.819200 0.000000
vn 0.000000 0.507600 -0.643000
vn 0.643000 0.507600 0.000000
vn 0.652400 -0.495400 0.000000
vn 0.000000 -0.495400 -0.652400
vn 0.000000 -0.819200 0.000000
vn -0.643000 0.507600 0.000000
vn -0.652400 -0.495400 0.000000
vn 0.000000 0.507600 0.643000
vn 0.000000 -0.495400 0.652400
vt 0.826172 0.828125
vt 0.851563 0.828125
vt 0.851563 0.804688
vt 0.851563 0.964844
vt 0.818359 0.964844
vt 0.851563 0.988281
vt 0.851563 0.828125
vt 0.876953 0.828125
vt 0.851563 0.804688
vt 0.884766 0.964844
vt 0.851563 0.964844
vt 0.851563 0.988281
vt 0.876953 0.828125
vt 0.851563 0.828125
vt 0.851563 0.804688
vt 0.851563 0.964844
vt 0.884766 0.964844
vt 0.851563 0.988281
vt 0.783203 0.828125
vt 0.810547 0.828125
vt 0.783203 0.804688
vt 0.816406 0.964844
vt 0.783203 0.964844
vt 0.783203 0.988281
s 1
f 803/3146/803 805/3147/802 801/3148/801
f 806/3149/805 804/3150/804 802/3151/806
f 805/3152/802 807/3153/807 801/3154/801
f 808/3155/808 806/3156/805 802/3157/806
f 807/3158/807 809/3159/809 801/3160/801
f 810/3161/810 808/3162/808 802/3163/806
f 809/3164/809 803/3165/803 801/3166/801
f 804/3167/804 810/3168/810 802/3169/806
vt 0.851563 0.828125
vt 0.826172 0.828125
vt 0.818359 0.964844
vt 0.851563 0.964844
vt 0.876953 0.828125
vt 0.851563 0.828125
vt 0.851563 0.964844
vt 0.884766 0.964844
vt 0.851563 0.828125
vt 0.876953 0.828125
vt 0.884766 0.964844
vt 0.851563 0.964844
vt 0.810547 0.828125
vt 0.783203 0.828125
vt 0.783203 0.964844
vt 0.816406 0.964844
s 1
f 805/3170/802 803/3171/803 804/3172/804 806/3173/805
f 807/3174/807 805/3175/802 806/3176/805 808/3177/808
f 809/3178/809 807/3179/807 808/3180/808 810/3181/810
f 803/3182/803 809/3183/809 810/3184/810 804/3185/804
o part_17
v -1.374000 0.382000 -1.960000
v -1.374000 0.148000 -1.460000
v -0.974000 1.603000 -1.460000
v -0.874000 0.382000 -1.460000
v -1.374000 1.603000 -1.060000
v -1.374000 0.382000 -0.960000
v -1.774000 1.603000 -1.460000
v -1.874000 0.382000 -1.460000
v -1.374000 1.603000 -1.860000
vn 0.642800 0.507800 0.000000
vn 0.000000 0.507800 0.642800
vn 0.000000 0.507800 -0.642800
vn -0.642800 0.507800 0.000000
vn 0.668600 -0.473400 0.000000
vn 0.000000 -0.473400 0.668600
vn 0.000000 -0.819200 0.000000
vn -0.668600 -0.473400 0.000000
vn 0.000000 -0.473400 -0.668600
vt 0.859375 0.734375
vt 0.830078 0.734375
vt 0.830078 0.683594
vt 0.830078 0.781250
vt 0.830078 0.734375
vt 0.859375 0.734375
vt 0.802734 0.730469
vt 0.830078 0.734375
vt 0.830078 0.781250
vt 0.830078 0.683594
vt 0.830078 0.734375
vt 0.802734 0.730469
s 1
f 816/3186/816 812/3187/817 814/3188/815
f 818/3189/818 812/3190/817 816/3191/816
f 811/3192/819 812/3193/817 818/3194/818
f 814/3195/815 812/3196/817 811/3197/819
vt 0.791016 0.648438
vt 0.818359 0.648438
vt 0.843750 0.648438
vt 0.818359 0.648438
vt 0.818359 0.777344
vt 0.851563 0.777344
vt 0.843750 0.648438
vt 0.818359 0.648438
vt 0.785156 0.777344
vt 0.818359 0.777344
vt 0.818359 0.648438
vt 0.791016 0.648438
vt 0.818359 0.777344
vt 0.785156 0.777344
vt 0.791016 0.648438
vt 0.818359 0.648438
vt 0.851563 0.777344
vt 0.818359 0.777344
vt 0.818359 0.648438
vt 0.843750 0.648438
s 1
f 817/3198/814 815/3199/812 813/3200/811 819/3201/813
f 816/3202/816 814/3203/815 813/3204/811 815/3205/812
f 818/3206/818 816/3207/816 815/3208/812 817/3209/814
f 811/3210/819 818/3211/818 817/3212/814 819/3213/813
f 814/3214/815 811/3215/819 819/3216/813 813/3217/811
o part_18
v -1.482000 1.268000 -1.488000
v 0.029000 1.893000 -1.752000
v -0.615000 1.676000 -1.461000
v -1.023000 1.364000 -1.461000
v -0.593000 1.889000 -2.014000
v -0.989000 1.721000 -1.764000
v -1.339000 1.500000 -1.810000
v -1.449000 1.888000 -1.461000
v -1.422000 1.766000 -1.461000
v -1.633000 1.591000 -1.461000
v -0.593000 1.889000 -0.907000
v -0.989000 1.721000 -1.157000
v -1.339000 1.500000 -1.113000
v 0.001000 1.880000 -1.149000
vn 0.292200 -0.765200 0.001800
vn 0.388200 -0.678200 -0.246000
vn -0.114000 -0.225400 -0.779200
vn -0.185200 0.575000 -0.553200
vn 0.330400 -0.749600 -0.009000
vn -0.162800 -0.324200 -0.734400
vn -0.686000 0.447400 0.015800
vn -0.623000 0.532000 -0.007800
vn -0.154000 -0.318800 0.738800
vn -0.222600 0.492000 0.616000
vn 0.363400 -0.677000 0.284000
vn -0.790600 0.214800 0.008800
vn -0.200600 -0.383000 0.695800
vn -0.355600 -0.737800 -0.021400
vt 0.925781 0.734375
vt 0.958984 0.796875
vt 0.958984 0.671875
vt 0.984375 0.957031
vt 0.982422 0.890625
vt 0.958984 0.925781
vt 0.943359 0.925781
vt 0.925781 0.929688
vt 0.929688 0.964844
vt 0.943359 0.925781
vt 0.929688 0.886719
vt 0.925781 0.929688
vt 0.919922 0.925781
vt 0.929688 0.964844
vt 0.925781 0.929688
vt 0.919922 0.925781
vt 0.925781 0.929688
vt 0.929688 0.886719
s 1
f 827/3218/827 830/3219/829 824/3220/823
f 821/3221/821 833/3222/830 822/3223/820
f 823/3224/824 820/3225/833 826/3226/825
f 823/3227/824 832/3228/832 820/3229/833
f 829/3230/831 826/3231/825 820/3232/833
f 829/3233/831 820/3234/833 832/3235/832
vt 0.958984 0.988281
vt 0.984375 0.957031
vt 0.958984 0.925781
vt 0.943359 0.960938
vt 0.943359 0.960938
vt 0.958984 0.925781
vt 0.943359 0.925781
vt 0.929688 0.964844
vt 0.958984 0.812500
vt 0.925781 0.812500
vt 0.927734 0.824219
vt 0.943359 0.828125
vt 0.958984 0.671875
vt 0.958984 0.796875
vt 0.982422 0.769531
vt 0.984375 0.703125
vt 0.943359 0.828125
vt 0.927734 0.824219
vt 0.919922 0.843750
vt 0.929688 0.855469
vt 0.925781 0.812500
vt 0.958984 0.812500
vt 0.943359 0.828125
vt 0.927734 0.824219
vt 0.929688 0.855469
vt 0.919922 0.843750
vt 0.927734 0.824219
vt 0.943359 0.828125
vt 0.929688 0.886719
vt 0.943359 0.925781
vt 0.958984 0.925781
vt 0.943359 0.890625
vt 0.982422 0.890625
vt 0.958984 0.863281
vt 0.943359 0.890625
vt 0.958984 0.925781
s 1
f 824/3236/823 821/3237/821 822/3238/820 825/3239/822
f 825/3240/822 822/3241/820 823/3242/824 826/3243/825
f 830/3244/829 827/3245/827 828/3246/826 831/3247/828
f 824/3248/823 830/3249/829 833/3250/830 821/3251/821
f 831/3252/828 828/3253/826 829/3254/831 832/3255/832
f 827/3256/827 824/3257/823 825/3258/822 828/3259/826
f 826/3260/825 829/3261/831 828/3262/826 825/3263/822
f 832/3264/832 823/3265/824 822/3266/820 831/3267/828
f 833/3268/830 830/3269/829 831/3270/828 822/3271/820
o part_19
v -1.374000 0.456000 0.590000
v -1.374000 -1.035000 0.590000
v -0.964000 0.249000 0.590000
v -0.862000 -0.829000 0.590000
v -1.374000 0.249000 1.000000
v -1.374000 -0.829000 1.102000
v -1.784000 0.249000 0.590000
v -1.886000 -0.829000 0.590000
v -1.374000 0.249000 0.180000
v -1.374000 -0.829000 0.078000
vn 0.000000 0.507600 0.643000
vn 0.000000 0.819200 0.000000
vn 0.643000 0.507600 0.000000
vn 0.652400 -0.495400 0.000000
vn 0.000000 -0.495400 0.652400
vn 0.000000 -0.819200 0.000000
vn -0.643000 0.507600 0.000000
vn -0.652400 -0.495400 0.000000
vn 0.000000 0.507600 -0.643000
vn 0.000000 -0.495400 -0.652400
vt 0.824219 0.832031
vt 0.849609 0.804688
vt 0.849609 0.832031
vt 0.849609 0.968750
vt 0.849609 0.992188
vt 0.818359 0.968750
vt 0.849609 0.832031
vt 0.849609 0.804688
vt 0.875000 0.832031
vt 0.882813 0.968750
vt 0.849609 0.992188
vt 0.849609 0.968750
vt 0.875000 0.832031
vt 0.849609 0.804688
vt 0.849609 0.832031
vt 0.849609 0.968750
vt 0.849609 0.992188
vt 0.882813 0.968750
vt 0.785156 0.832031
vt 0.785156 0.804688
vt 0.808594 0.832031
vt 0.816406 0.968750
vt 0.785156 0.992188
vt 0.785156 0.968750
s 1
f 836/3272/836 834/3273/835 838/3274/834
f 839/3275/838 835/3276/839 837/3277/837
f 838/3278/834 834/3279/835 840/3280/840
f 841/3281/841 835/3282/839 839/3283/838
f 840/3284/840 834/3285/835 842/3286/842
f 843/3287/843 835/3288/839 841/3289/841
f 842/3290/842 834/3291/835 836/3292/836
f 837/3293/837 835/3294/839 843/3295/843
vt 0.824219 0.832031
vt 0.849609 0.832031
vt 0.849609 0.968750
vt 0.818359 0.968750
vt 0.849609 0.832031
vt 0.875000 0.832031
vt 0.882813 0.968750
vt 0.849609 0.968750
vt 0.875000 0.832031
vt 0.849609 0.832031
vt 0.849609 0.968750
vt 0.882813 0.968750
vt 0.785156 0.832031
vt 0.808594 0.832031
vt 0.816406 0.968750
vt 0.785156 0.968750
s 1
f 836/3296/836 838/3297/834 839/3298/838 837/3299/837
f 838/3300/834 840/3301/840 841/3302/841 839/3303/838
f 840/3304/840 842/3305/842 843/3306/843 841/3307/841
f 842/3308/842 836/3309/836 837/3310/837 843/3311/843
o part_20
v -1.374000 0.382000 1.090000
v -1.374000 0.148000 0.590000
v -0.974000 1.603000 0.590000
v -0.874000 0.382000 0.590000
v -1.374000 1.603000 0.190000
v -1.374000 0.382000 0.090000
v -1.774000 1.603000 0.590000
v -1.874000 0.382000 0.590000
v -1.374000 1.603000 0.990000
vn 0.000000 0.507800 -0.642800
vn 0.642800 0.507800 0.000000
vn -0.642800 0.507800 0.000000
vn 0.000000 0.507800 0.642800
vn 0.668600 -0.473400 0.000000
vn 0.000000 -0.473400 -0.668600
vn 0.000000 -0.819200 0.000000
vn -0.668600 -0.473400 0.000000
vn 0.000000 -0.473400 0.668600
vt 0.800781 0.710938
vt 0.828125 0.652344
vt 0.828125 0.710938
vt 0.828125 0.769531
vt 0.800781 0.710938
vt 0.828125 0.710938
vt 0.855469 0.710938
vt 0.828125 0.769531
vt 0.828125 0.710938
vt 0.828125 0.652344
vt 0.855469 0.710938
vt 0.828125 0.710938
s 1
f 849/3312/849 847/3313/848 845/3314/850
f 851/3315/851 849/3316/849 845/3317/850
f 844/3318/852 851/3319/851 845/3320/850
f 847/3321/848 844/3322/852 845/3323/850
vt 0.818359 0.648438
vt 0.791016 0.648438
vt 0.818359 0.648438
vt 0.843750 0.648438
vt 0.849609 0.781250
vt 0.818359 0.781250
vt 0.818359 0.648438
vt 0.843750 0.648438
vt 0.818359 0.781250
vt 0.785156 0.781250
vt 0.791016 0.648438
vt 0.818359 0.648438
vt 0.785156 0.781250
vt 0.818359 0.781250
vt 0.818359 0.648438
vt 0.791016 0.648438
vt 0.882813 0.781250
vt 0.849609 0.781250
vt 0.857422 0.648438
vt 0.882813 0.648438
s 1
f 848/3324/844 850/3325/846 852/3326/847 846/3327/845
f 847/3328/848 849/3329/849 848/3330/844 846/3331/845
f 849/3332/849 851/3333/851 850/3334/846 848/3335/844
f 851/3336/851 844/3337/852 852/3338/847 850/3339/846
f 844/3340/852 847/3341/848 846/3342/845 852/3343/847
o part_21
v -1.482000 1.268000 0.618000
v 0.029000 1.893000 0.882000
v -0.615000 1.676000 0.591000
v -1.023000 1.364000 0.591000
v -0.593000 1.889000 1.144000
v -0.989000 1.721000 0.894000
v -1.339000 1.500000 0.940000
v -1.449000 1.888000 0.591000
v -1.422000 1.766000 0.591000
v -1.633000 1.591000 0.591000
v -0.593000 1.889000 0.037000
v -0.989000 1.721000 0.287000
v -1.339000 1.500000 0.243000
v 0.001000 1.880000 0.279000
vn 0.375000 -0.674600 0.274200
vn 0.293800 -0.764800 0.006800
vn -0.184800 0.543000 0.585000
vn -0.091000 -0.250800 0.774600
vn 0.330200 -0.749600 0.009000
vn -0.144600 -0.327600 0.736800
vn -0.628200 0.525800 0.003600
vn -0.700200 0.424000 -0.033800
vn -0.201600 0.502600 -0.614800
vn -0.110800 -0.328800 -0.742200
vn 0.372600 -0.687600 -0.244000
vn -0.798200 0.182800 -0.021600
vn -0.171800 -0.389200 -0.700200
vn -0.355600 -0.737800 0.021400
vt 0.927734 0.734375
vt 0.958984 0.675781
vt 0.958984 0.796875
vt 0.982422 0.960938
vt 0.958984 0.929688
vt 0.982422 0.894531
vt 0.943359 0.929688
vt 0.931641 0.968750
vt 0.925781 0.929688
vt 0.943359 0.929688
vt 0.925781 0.929688
vt 0.931641 0.890625
vt 0.919922 0.929688
vt 0.925781 0.929688
vt 0.931641 0.968750
vt 0.919922 0.929688
vt 0.931641 0.890625
vt 0.925781 0.929688
s 1
f 860/3344/859 857/3345/855 863/3346/861
f 854/3347/853 855/3348/854 866/3349/863
f 856/3350/857 859/3351/858 853/3352/866
f 856/3353/857 853/3354/866 865/3355/865
f 862/3356/864 853/3357/866 859/3358/858
f 862/3359/864 865/3360/865 853/3361/866
vt 0.982422 0.960938
vt 0.958984 0.988281
vt 0.945313 0.960938
vt 0.958984 0.929688
vt 0.958984 0.929688
vt 0.945313 0.960938
vt 0.931641 0.968750
vt 0.943359 0.929688
vt 0.927734 0.808594
vt 0.958984 0.808594
vt 0.945313 0.828125
vt 0.927734 0.820313
vt 0.958984 0.796875
vt 0.958984 0.675781
vt 0.982422 0.703125
vt 0.982422 0.773438
vt 0.927734 0.820313
vt 0.945313 0.828125
vt 0.931641 0.851563
vt 0.919922 0.839844
vt 0.958984 0.808594
vt 0.927734 0.808594
vt 0.927734 0.820313
vt 0.945313 0.828125
vt 0.945313 0.828125
vt 0.927734 0.820313
vt 0.919922 0.839844
vt 0.931641 0.851563
vt 0.931641 0.890625
vt 0.945313 0.894531
vt 0.958984 0.929688
vt 0.943359 0.929688
vt 0.982422 0.894531
vt 0.958984 0.929688
vt 0.945313 0.894531
vt 0.958984 0.867188
s 1
f 854/3362/853 857/3363/855 858/3364/856 855/3365/854
f 855/3366/854 858/3367/856 859/3368/858 856/3369/857
f 860/3370/859 863/3371/861 864/3372/862 861/3373/860
f 863/3374/861 857/3375/855 854/3376/853 866/3377/863
f 861/3378/860 864/3379/862 865/3380/865 862/3381/864
f 857/3382/855 860/3383/859 861/3384/860 858/3385/856
f 858/3386/856 861/3387/860 862/3388/864 859/3389/858
f 865/3390/865 864/3391/862 855/3392/854 856/3393/857
f 866/3394/863 855/3395/854 864/3396/862 863/3397/861
o part_22
v -0.005000 0.000000 0.005000
v -0.005000 0.000000 -0.005000
v 0.005000 0.000000 0.005000
v 0.005000 0.000000 -0.005000
vn 0.000000 -0.819200 0.000000
vn 0.000000 -0.819200 0.000000
vn 0.000000 -0.819200 0.000000
vn 0.000000 -0.819200 0.000000
s 1
vt 0.089844 0.960938
vt 0.089844 0.980469
vt 0.082031 0.980469
vt 0.082031 0.960938
s 1
f 870/3398/867 869/3399/869 867/3400/870 868/3401/868
