<?xml version="1.0" encoding="utf-8"?>
<COLLADA xmlns="http://www.collada.org/2005/11/COLLADASchema" version="1.4.1">
  <asset>
    <contributor>
      <author>Blender User</author>
      <authoring_tool>Blender 2.78.0 commit date:2017-02-24, commit time:14:33, hash:e92f235283</authoring_tool>
    </contributor>
    <created>2024-03-06T19:31:50</created>
    <modified>2024-03-06T19:31:50</modified>
    <unit name="meter" meter="1"/>
    <up_axis>Z_UP</up_axis>
  </asset>
  <library_images>
    <image id="cs_boss_png" name="cs_boss_png">
      <init_from>cs_boss.png</init_from>
    </image>
  </library_images>
  <library_effects>
    <effect id="cs_boss_body_m-effect">
      <profile_COMMON>
        <newparam sid="cs_boss_png-surface">
          <surface type="2D">
            <init_from>cs_boss_png</init_from>
          </surface>
        </newparam>
        <newparam sid="cs_boss_png-sampler">
          <sampler2D>
            <source>cs_boss_png-surface</source>
          </sampler2D>
        </newparam>
        <technique sid="common">
          <phong>
            <emission>
              <color sid="emission">0 0 0 1</color>
            </emission>
            <ambient>
              <color sid="ambient">0 0 0 1</color>
            </ambient>
            <diffuse>
              <texture texture="cs_boss_png-sampler" texcoord="cs_boss-mesh-map-0"/>
            </diffuse>
            <specular>
              <color sid="specular">0.25 0.25 0.25 1</color>
            </specular>
            <shininess>
              <float sid="shininess">50</float>
            </shininess>
            <transparent opaque="A_ONE">
              <texture texture="cs_boss_png-sampler" texcoord="cs_boss-mesh-map-0"/>
            </transparent>
            <index_of_refraction>
              <float sid="index_of_refraction">1</float>
            </index_of_refraction>
          </phong>
        </technique>
      </profile_COMMON>
    </effect>
  </library_effects>
  <library_materials>
    <material id="cs_boss_body_m-material" name="cs_boss_body_m">
      <instance_effect url="#cs_boss_body_m-effect"/>
    </material>
  </library_materials>
  <library_geometries>
    <geometry id="cs_boss-mesh" name="cs_boss">
      <mesh>
        <source id="cs_boss-mesh-positions">
          <float_array id="cs_boss-mesh-positions-array" count="2700">0.04792118 348.7644 848.3612 0.03983783 341.3038 756.629 0.07580357 269.3032 1059.584 0.0671519 295.0317 995.1163 0.03460144 205.136 565.8703 0.08221048 244.7431 1101.819 0.1066757 -7.559121 1104.576 276.2917 262.9476 722.983 153.9334 328.2948 745.4639 371.9472 137.9326 813.8983 218.3917 35.25984 812.4888 396.5536 35.27693 721.9255 250.3407 162.7931 1001.563 348.153 35.27228 912.2578 272.8908 184.7367 942.2584 302.9945 221.9221 824.5568 139.869 250.2912 1035.522 104.7791 178.0133 559.1585 406.1608 36.08652 652.3927 102.7304 286.4839 661.1831 215.7939 37.36052 551.8107 356.1628 106.5942 880.5025 389.8589 108.0406 746.9328 278.858 35.26564 986.5064 195.2722 112.0618 551.8127 293.9955 165.1288 615.7344 165.2489 272.9866 973.0754 365.1778 171.7595 691.2285 339.9869 35.3623 943.6418 351.0334 132.5584 902.3017 415.0777 35.36951 694.8284 372.2868 171.5219 812.6161 393.7921 124.9932 732.2197 231.2615 36.80501 1025.173 203.7536 142.3665 1037.453 131.9003 212.1006 1077.697 215.8144 227.8439 640.1707 0.11277 -339.8608 835.809 0.06584203 -134.5972 551.8314 0.09561771 -307.1471 689.7044 0.1210307 -221.7168 1040.074 0.1187714 -270.7318 967.5061 0.1218049 -177.3373 1092.526 149.7535 -335.7285 743.324 371.8076 -72.05492 814.4953 275.433 -112.5016 959.6717 236.6979 -109.6896 1004.97 129.1722 -249.2913 957.3765 297.9704 -173.8526 902.1413 236.2267 -283.5703 693.4777 104.4131 -110.9291 551.0303 113.7692 -268.5294 658.3812 202.2531 -193.7462 609.1884 355.958 -35.47478 881.0161 389.2044 -38.3325 749.4328 343.7459 -132.034 666.8949 0.05182451 37.87286 578.1636 186.9042 -50.21392 549.4357 260.9912 -97.54515 585.3752 114.0634 -201.4837 1019.037 350.8969 -60.1693 902.8809 371.6832 -103.7044 814.9721 394.8204 -59.19576 728.4406 115.0168 -159.8658 1058.808 196.6786 -102.5805 1027.998 297.4481 37.9014 583.3814 0.03472954 304.6244 666.6934 159.5887 308.3918 841.1931 0.1253722 -0.612547 1306.441 20.65501 14.72731 1303.74 0.137349 20.49827 1452.414 30.48953 45.57486 1447.998 0.1315737 70.10334 1441.81 0.1218397 29.73151 1299.956 0.1355223 48.30493 1461.177 0.1200085 130.6444 1381.779 0.1131371 165.1899 1344.687 31.75234 148.4706 1362.385 0.116503 158.45 1373.038 0.07732045 192.9592 999.0544 0.1111167 -159.3801 999.0545 0.09373635 162.4085 1139.646 0.1207609 -121.6806 1137.298 0.1221299 -110.1283 1163.123 0.1231675 44.38123 1328.45 0.1273356 -104.223 1223.299 0.1105051 110.1073 1262.165 0.1318076 -32.2891 1341.856 0.1526635 -42.75809 1548.817 0.124239 -96.04089 1199.198 0.1539263 -107.4257 1497.315 0.135998 -118.1525 1299.679 0.1314226 -131.199 1238.932 0.1481884 -144.8619 1400.058 121.4945 138.5563 999.0428 162.998 17.60793 999.0388 112.9094 -103.3493 999.0436 98.14849 118.1614 1134.556 132.0179 17.56002 1133.261 84.77957 -69.35445 1133.265 77.14453 -60.2383 1159.338 54.09801 78.81594 1269.824 59.64718 -63.71249 1202.704 45.94472 -72.7369 1194.607 79.68267 104.2564 1202.604 43.04626 9.653203 1323.839 73.65103 11.70498 1281.99 59.70009 -64.58805 1217.13 53.28094 -58.9518 1202.938 41.93136 -65.36589 1194.969 44.92407 -73.4654 1223.422 52.52795 -59.53221 1217.366 31.46692 -79.87022 1216.328 28.81844 -73.27024 1217.549 31.32325 -77.9718 1201.8 28.94599 -71.15074 1202.288 27.17643 -84.10664 1198.125 26.34744 -87.90505 1155.425 102.278 17.00212 1222.448 36.43619 -80.02041 1296.788 58.12082 -43.17129 1290.88 41.7223 -66.20215 1223.782 0.1045864 182.9113 1273.265 0.09947144 191.9197 1228.948 29.73907 188.2661 1251.493 0.1010683 199.9795 1253.655 360.0721 -51.03659 745.73 293.8145 -45.77207 817.2156 315.0725 78.96364 751.1419 360.0705 23.96229 709.1008 262.5762 23.96577 818.3438 360.0753 -78.24954 815.9037 360.0724 103.9635 747.7517 440.078 -16.03279 873.1296 440.0787 23.96766 887.5749 440.0781 78.96723 873.6398 360.0802 23.96876 920.1195 360.0784 -51.03231 885.192 360.0787 103.9677 886.8981 440.0757 100.0542 819.5537 440.073 78.96379 761.4835 440.0724 23.96344 749.8321 440.0729 -16.03618 762.4588 440.0754 -47.47618 817.8035 525.0781 -66.03274 878.4715 525.0728 -66.03631 762.082 525.0707 23.96218 712.4868 525.0729 123.9636 759.6353 525.0786 123.9674 884.3698 525.0806 23.96885 930.0775 315.0787 78.96779 886.4808 296.1702 103.688 819.9848 360.0758 132.1267 820.4556 285.0786 23.96784 887.0471 315.0785 -21.03223 886.1408 315.0722 -21.03651 746.3637 285.0723 23.96362 749.1439 610.0822 23.9698 964.7832 547.5581 23.96988 964.8427 610.0791 -101.0322 898.7941 547.5517 -101.0321 899.0045 610.0794 153.9678 900.134 547.5632 153.8035 900.3526 547.5612 153.944 743.6882 610.0723 153.963 744.1471 547.5557 23.96128 684.0025 610.0694 23.96122 684.9898 610.072 -101.0369 745.2596 547.5494 -101.0368 746.2481 830.0711 -81.03786 724.5968 929.0033 -78.48059 819.1228 900.0717 88.96228 731.7517 830.069 23.96066 676.1596 973.8853 23.9649 820.6137 830.0753 -121.4188 817.3905 830.0715 128.9622 727.2699 720.0781 -21.03316 873.1299 720.0787 23.96729 887.5749 720.0781 73.96686 873.6396 830.0817 23.96921 955.1989 830.0795 -81.03221 909.0133 830.0799 128.9679 911.2692 720.0757 100.0374 819.5534 720.0729 73.96343 761.4834 720.0724 23.96307 749.832 720.0729 -21.03655 762.4588 720.0754 -47.49306 817.8032 630.0781 -71.03288 878.4703 630.0728 -71.03644 762.0808 630.187 23.96204 712.4855 630.0729 123.9635 759.634 630.0787 123.9673 884.3686 630.1885 23.96871 930.0764 900.0798 88.96776 910.7154 925.6371 119.1571 822.785 830.0759 156.7706 823.4095 940.0798 23.96773 911.4635 900.0796 -46.03226 910.2658 900.0712 -46.03792 725.434 940.0714 23.96214 729.1082 1420.071 23.94816 1017.754 1285.073 23.95149 953.5565 1420.066 -156.0549 917.926 1285.069 -111.0506 886.1257 1420.08 198.9451 918.2572 1285.079 158.9494 885.8281 1285.082 158.9446 729.746 1420.085 198.9383 695.9695 1285.078 23.94256 662.0131 1420.08 23.93533 599.2032 1420.071 -156.0616 698.2816 1285.072 -111.0553 731.4924 1085.071 -71.04341 863.6669 1087.072 23.95816 917.5264 1085.078 128.957 876.2166 1085.081 128.9529 743.4247 1087.071 23.95118 689.9895 1085.073 -71.04701 746.8158 1000.07 -84.88234 884.0134 1000.073 -84.60871 738.9969 1000.078 23.95409 673.3264 1000.081 138.9562 742.765 1000.078 138.9609 895.4242 1000.073 23.9623 941.1393 835.0714 23.97114 1018.355 975.3895 23.96492 995.0748 835.0661 -146.0308 954.2736 975.0673 -121.0368 939.3884 835.08 198.9684 928.3253 975.0797 183.9625 915.2624 975.0835 183.9565 720.8847 835.0844 198.9616 708.3576 975.3863 23.95365 627.4907 835.0795 23.95848 605.5513 835.0715 -146.0396 669.556 975.0722 -121.0445 686.9304 975.0739 -41.04234 757.7922 835.0731 -66.03704 751.9421 1184.385 -80.24005 861.5121 1184.385 -80.30914 740.3311 1184.385 23.9471 681.4461 1185.081 133.9489 742.4695 1185.079 133.9527 865.5731 1184.387 23.95446 921.3197 835.0705 -66.03302 882.8019 975.0717 -41.03877 874.5432 835.0756 23.96455 803.51 1420.075 23.94205 818.2684 1425.073 -71.06113 721.2265 1339.423 -64.02271 809.0427 1375.079 83.94124 734.406 1425.228 23.93761 680.0338 1299.474 23.94665 814.0131 1425.196 -108.4978 805.8557 1425.081 123.9392 731.3673 1475.071 -46.05797 888.1749 1475.073 23.94272 910.7341 1475.077 98.94222 894.1848 1425.223 23.94554 938.8341 1425.07 -71.0558 894.9323 1425.078 123.9444 901.9441 1475.08 133.9399 819.6359 1475.08 98.93743 738.1116 1475.077 23.93682 718.1656 1475.074 -46.06272 733.0214 1470.071 -91.06021 809.0158 1375.076 83.94631 899.9562 1342.461 110.5518 819.7047 1425.251 149.3199 824.3211 1335.074 23.94784 898.2734 1375.071 -36.05384 894.8388 1375.075 -36.0591 723.2866 1335.077 23.94265 729.1437 1664.618 210.8337 829.7235 1711.064 218.9803 916.5303 1733.572 -126.7802 867.5192 1750.469 -112.3916 948.2162 1657.329 -162.3112 806.9956 1690.794 -110.4994 810.8078 1628.382 -200.552 712.3574 1756.951 20.26827 989.9375 1725.107 182.7362 964.983 1652.601 184.2686 786.2053 1662.868 115.0352 756.4959 1669.492 191.4053 732.9783 1659.186 129.2827 689.473 1651.853 49.97991 738.4497 1637.113 -26.19363 739.1881 1658.204 47.19544 661.668 1661.76 -29.88385 674.5487 1653.969 -98.5619 763.5441 1665.213 -107.6848 720.1879 1614.008 -116.7989 647.6907 1819.386 -124.1184 705.8269 1802.594 -75.76055 717.8116 1815.488 -113.3063 651.4392 1785.289 -58.36323 662.0537 1646.894 6.423759 826.0933 1813.72 -113.2425 716.963 1803.563 56.49908 712.6881 1778.827 211.6508 758.9337 1747.932 -118.4609 795.6593 1715.896 220.2445 839.9857 1529.896 203.1684 808.6008 1740.053 -192.5462 712.629 1728.297 -169.2699 631.3641 1715.624 -107.5342 630.8624 1736.884 -123.7761 725.4323 1632.91 -77.97057 705.3521 1629.209 3.949275 693.2321 1632.115 85.52645 705.2501 1636.814 157.4686 743.6937 1821.249 -84.5503 683.1043 1530.253 -73.96497 906.8326 1526.609 120.1632 909.2941 1543.596 151.4239 719.7473 1540.769 -156.2811 687.3639 1577.366 -159.7964 795.1466 1867.069 -128.5017 808.1856 1867.358 46.57959 810.4845 1834.39 200.659 833.5727 1575.72 202.3657 890.0689 1787.166 133.3746 728.8231 1839.616 138.0437 818.2879 1741.484 117.8875 981.5258 1800.982 -37.41558 713.4609 1869.235 -43.58575 806.9395 1759.832 -61.01573 978.4368 0.0133807 141.502 281.0018 0.02367866 347.5335 594.393 0.02908539 325.7067 628.9341 0.02951264 226.0743 533.7549 0.01953494 110.6512 314.311 0.04894578 34.6442 544.9227 211.6088 255.4509 530.4486 111.1915 320.012 567.6079 127.2835 4.269137 211.8945 212.6943 246.1366 562.6317 89.37329 157.6909 425.1138 68.31437 202.7663 503.4229 62.26822 122.5045 347.3924 301.319 20.52965 496.6117 112.2884 274.7689 535.6589 106.2654 87.32695 212.3481 57.18822 69.37863 142.9881 170.5118 198.226 417.4953 256.0997 14.15798 486.3654 151.4534 83.94807 402.5028 330.8056 29.11021 543.7134 115.696 4.588474 304.4306 241.7797 51.59465 467.3778 264.4802 94.21274 483.1771 113.6924 61.65409 341.8953 133.3824 133.5299 292.847 115.5887 306.7205 604.2626 320.6369 112.1688 520.2399 332.566 26.10347 516.0017 323.2531 111.9752 544.3594 233.9908 209.3993 490.6348 94.11447 7.794675 140.0402 0.07381772 -241.986 527.5919 0.04333335 -125.9438 325.8232 0.03885436 -125.1378 279.934 0.09582358 -353.967 645.0304 0.09634447 -391.3252 613.103 212.2265 -195.6986 572.5166 197.8406 -175.2799 577.2775 117.1423 -335.8567 602.4836 129.0831 -256.6605 507.5967 88.61048 -166.692 430.7375 67.84506 -208.5247 502.6254 62.35627 -134.6619 355.6033 187.0967 -176.0405 408.812 149.6908 -68.93665 399.1438 105.8248 -74.8499 208.0252 57.24989 -56.51479 143.2882 221.3851 -206.4026 555.3688 62.38304 5.975727 525.7843 91.99099 -74.62266 411.1559 91.56784 81.02656 410.8524 79.20556 -47.76485 487.949 86.29132 51.75392 491.4682 64.88803 -55.58026 340.7358 65.71453 57.42474 338.3207 225.0951 -35.68385 469.8125 261.3409 -77.69824 482.8537 118.3792 -49.34315 338.661 111.506 -311.7885 616.0062 135.6932 -131.0821 295.7447 323.2695 -54.88207 548.7334 0.02921772 6.462331 311.0684 0.02122771 -75.49352 145.8143 0.004411458 97.88216 143.8742 0.009604275 10.54978 110.6781 325.1975 -62.70335 524.9962 0.08479434 -336.2994 547.7143 255.6379 -142.5424 510.8385 0.007693648 134.519 214.7294 0.03122866 -111.9327 213.638 149.3973 -177.9514 418.7775 115.5093 -134.8485 310.4111 195.5075 -124.8804 404.415 152.3583 -99.35874 304.4389 97.54401 -248.0657 502.8789 144.2578 105.5229 310.681 179.6433 146.2832 410.6788 92.43786 144.6239 312.7445 128.8943 192.0613 414.5696 90.3972 259.2654 513.0548 0.02515566 308.1123 570.3701 144.0039 0.01381129 159.2044 0.01414567 0 147.4742 182.4216 0.017497 85.21298 225.0048 0.02158188 49.97842 225 0.02158188 -0.02158188 -0.01394486 195.3805 50 1.13233e-4 160.0615 161.242 -0.00962907 187.8357 87.44858 163.6078 136.4928 86.56547 224.986 195.4021 49.97842 120.0015 236.8364 252.7174 225.0048 195.4021 245.6831 98.27655 151.8265 157.6551 136.4883 121.6571 155.7704 200.0113 171.7172 289.4459 104.3952 211.4604 285.9483 -0.01874083 195.3805 1.79762e-6 224.9813 195.4021 -0.0215801 104.3604 176.5321 84.43847 61.76681 159.1271 158.6173 46.7678 137.8594 172.5665 143.5378 68.82831 157.5469 230.0146 94.75202 246.9207 205.0189 88.82901 286.1311 144.3855 34.53039 158.6814 120.0139 23.694 168.878 180.6696 69.94666 86.91368 61.49555 159.2588 218.6574 78.61296 178.6004 205.5572 146.0804 127.0763 192.3565 168.2265 53.18592 203.3046 140.1673 40.00293 215.405 171.7505 149.7834 286.0469 0.0235368 -195.3805 50 0.03081929 -160.0615 161.242 0.02640515 -187.8357 87.44858 163.634 -136.4614 86.56547 225.0235 -195.359 49.97842 120.047 -236.8134 252.7174 225.0423 -195.359 245.6831 98.30567 -151.8077 157.6551 136.5116 -121.631 155.7704 200.0442 -171.6789 289.4459 104.4358 -211.4404 285.9483 0.01874083 -195.3805 -1.79762e-6 225.0187 -195.359 -0.02158373 104.3942 -176.5121 84.43847 61.79734 -159.1153 158.6173 46.79425 -137.8504 172.5665 143.551 -68.80077 157.5469 230.0328 -94.7079 246.9207 205.036 -88.78968 286.1311 144.3921 -34.50269 158.6814 120.0185 -23.67098 168.878 180.6831 -69.91201 86.91367 61.5261 -159.247 218.6574 78.64723 -178.5854 205.5572 146.1048 -127.0483 192.3565 168.2367 -53.15365 203.3046 140.175 -39.97604 215.405 171.7792 -149.7504 286.0469 -276.2035 262.8946 723.036 -153.8534 328.2653 745.4935 -371.8175 137.8612 813.9696 -218.2426 35.21796 812.5307 -396.4219 35.20087 722.0015 -250.1798 162.7451 1001.611 -347.9848 35.20551 912.3245 -272.7454 184.6843 942.3107 -302.8789 221.864 824.6149 -139.7183 250.2644 1035.549 -104.706 177.9933 559.1786 -406.0426 36.00861 652.4705 -102.6585 286.4642 661.2028 -215.6952 37.31913 551.8521 -356.0143 106.5259 880.5708 -389.7364 107.9658 747.0076 -278.6755 35.21216 986.5599 -195.1878 112.0243 551.8501 -293.909 165.0724 615.7908 -165.1146 272.9548 973.1071 -365.0781 171.6895 691.2985 -339.8127 35.2971 943.707 -350.8857 132.491 902.369 -414.9512 35.28989 694.9081 -372.1639 171.4505 812.6875 -393.6756 124.9176 732.2952 -231.0719 36.76066 1025.217 -203.5819 142.3274 1037.492 -131.7342 212.0753 1077.722 -215.7353 227.8026 640.212 -149.5465 -335.7572 743.3527 -371.6375 -72.12622 814.5666 -275.2273 -112.5544 959.7246 -236.4841 -109.735 1005.016 -128.9407 -249.3161 957.4013 -297.764 -173.9097 902.1985 -236.0393 -283.6156 693.523 -104.2861 -110.9491 551.0504 -113.5914 -268.5512 658.403 -202.099 -193.785 609.2272 -355.7821 -35.54305 881.0843 -389.0533 -38.40715 749.5074 -343.5926 -132.0999 666.9609 -186.7891 -50.24975 549.4716 -260.8601 -97.59519 585.4252 -113.8293 -201.5056 1019.059 -350.7122 -60.23661 902.9483 -371.507 -103.7757 815.0433 -394.6693 -59.27149 728.5164 -114.783 -159.8878 1058.83 -196.4617 -102.6183 1028.036 -297.3435 37.84435 583.4385 -159.4865 308.3612 841.2237 -20.40772 14.72337 1303.744 -30.22048 45.56904 1448.004 -31.51946 148.4646 1362.391 -121.3294 138.5331 999.0661 -162.8097 17.57668 999.0701 -112.698 -103.3709 999.0653 -97.95349 118.1426 1134.575 -131.8038 17.53472 1133.286 -84.54885 -69.37068 1133.281 -76.91056 -60.25307 1159.353 -53.86952 78.80558 1269.835 -59.40423 -63.72391 1202.715 -45.70159 -72.74568 1194.616 -79.47196 104.2411 1202.619 -42.79415 9.644969 1323.848 -73.40733 11.69087 1282.005 -59.4542 -64.59946 1217.141 -53.03886 -58.962 1202.948 -41.68958 -65.37392 1194.977 -44.67528 -73.47399 1223.431 -52.28298 -59.54226 1217.376 -31.21825 -79.87623 1216.334 -28.57081 -73.27574 1217.555 -31.07774 -77.97778 1201.806 -28.7017 -71.15627 1202.294 -26.93045 -84.11183 1198.13 -26.10892 -87.9101 1155.43 -102.0467 16.98252 1222.468 -36.17206 -80.02737 1296.795 -57.86489 -43.18241 1290.891 -41.47483 -66.21013 1223.791 -29.53509 188.2605 1251.498 -359.9109 -51.10654 745.8003 -293.6475 -45.82759 817.2794 -314.9375 78.90298 751.2062 -359.9283 23.89191 709.1702 -262.4234 23.91666 818.4038 -359.9017 -78.31863 815.9743 -359.9428 103.8936 747.8201 -439.9117 -16.11758 873.2073 -439.9192 23.88303 887.652 -439.9312 78.88245 873.7163 -359.9175 23.90091 920.1889 -359.9038 -51.10058 885.2623 -359.9357 103.8995 886.9665 -439.9383 99.96881 819.63 -439.9369 78.87766 761.5599 -439.9262 23.87716 749.9092 -439.9173 -16.12231 762.5364 -439.908 -47.56164 817.8815 -524.9011 -66.13488 878.5579 -524.9071 -66.13985 762.1685 -524.9281 23.85805 712.5722 -524.9463 123.8601 759.7195 -524.94 123.8654 884.4539 -524.9171 23.86733 930.1629 -314.9306 78.90876 886.5452 -296.0335 103.632 820.0471 -359.9449 132.0577 820.5237 -284.9192 23.91496 887.1093 -314.91 -21.09127 886.2064 -314.9171 -21.09723 746.4293 -284.9262 23.90908 749.2061 -609.9152 23.85129 964.8767 -547.3911 23.86418 964.9302 -609.8928 -101.1515 898.889 -547.3655 -101.1386 899.0935 -609.9453 153.8485 900.226 -547.4291 153.697 900.4385 -547.4423 153.8356 743.7741 -609.9533 153.8419 744.2391 -547.4158 23.8522 684.09 -609.9295 23.83936 685.0833 -609.9006 -101.1581 745.3546 -547.3779 -101.1451 746.337 -829.9058 -81.20431 724.7128 -928.8295 -78.66616 819.2484 -899.9406 88.78159 731.8725 -829.9299 23.79364 676.2744 -973.7322 23.77016 820.7424 -829.8928 -121.5842 817.507 -829.949 128.7958 727.3834 -719.9107 -21.17529 873.2346 -719.9191 23.82533 887.6791 -719.9302 73.82474 873.7432 -829.9157 23.80554 955.3137 -829.8964 -81.19643 909.1293 -829.9396 128.8037 911.3828 -719.9383 99.89459 819.6566 -719.9359 73.81996 761.587 -719.9262 23.81945 749.9362 -719.9163 -21.18001 762.5635 -719.908 -47.63585 817.9083 -629.9 -71.15651 878.567 -629.906 -71.16149 762.1774 -630.0444 23.83639 712.5809 -629.9463 123.8384 759.7283 -629.94 123.8437 884.4629 -630.025 23.84567 930.1719 -899.9314 88.78923 910.8362 -925.5034 118.9722 822.9079 -829.9498 156.6054 823.5227 -939.9179 23.781 911.5889 -899.9036 -46.21081 910.3881 -899.913 -46.21868 725.5565 -939.9273 23.77323 729.2337 -1419.923 23.66812 1017.857 -1284.922 23.69747 953.6623 -1419.88 -156.3361 918.0311 -1284.89 -111.3054 886.233 -1419.964 198.6639 918.358 -1284.954 158.6946 885.9323 -1284.954 158.6879 729.8502 -1419.964 198.6544 696.0703 -1284.922 23.68503 662.1188 -1419.922 23.65027 599.3061 -1419.879 -156.3455 698.3867 -1284.89 -111.312 731.5998 -1084.9 -71.25882 863.7781 -1086.921 23.743 917.6364 -1084.947 128.7417 876.3253 -1084.947 128.736 743.5334 -1086.915 23.7333 690.0994 -1084.9 -71.26381 746.9271 -999.8965 -85.08064 884.1265 -999.8963 -84.80874 739.11 -999.9221 23.75326 673.4382 -999.9495 138.7562 742.8754 -999.9497 138.7627 895.5346 -999.9224 23.76469 941.2511 -834.9226 23.8072 1018.471 -975.2401 23.77285 995.1871 -834.882 -146.1955 954.3909 -974.8881 -121.2294 939.5025 -834.9641 198.8033 928.4385 -974.9604 183.7695 915.3728 -974.9601 183.7612 720.9951 -834.9636 198.794 708.4708 -975.2291 23.75717 627.6031 -834.9219 23.7896 605.6666 -834.8816 -146.2077 669.6734 -974.8875 -121.2402 687.0444 -974.9067 -41.23719 757.9053 -834.9007 -66.20417 752.0585 -1184.212 -80.4752 861.6212 -1184.209 -80.54574 740.4401 -1184.229 23.7098 681.554 -1184.948 133.7122 742.5761 -1184.948 133.7175 865.6796 -1184.236 23.72003 921.4276 -834.9011 -66.19858 882.9183 -974.9069 -41.23221 874.6563 -834.9222 23.79804 803.6253 -1419.922 23.65961 818.3713 -1424.899 -71.34572 721.3305 -1339.252 -64.28925 809.1484 -1374.936 83.66673 734.5091 -1425.072 23.65249 680.1365 -1299.321 23.68809 814.1186 -1425.017 -108.7814 805.96 -1424.946 123.6547 731.4689 -1474.906 -46.35048 888.2775 -1474.922 23.65048 910.8357 -1474.94 98.64978 894.2856 -1425.073 23.66353 938.9368 -1424.9 -71.33832 895.0362 -1424.946 123.662 902.0457 -1474.948 133.6466 819.7363 -1474.94 98.64311 738.2124 -1474.922 23.64227 718.2673 -1474.905 -46.35711 733.124 -1469.895 -91.35268 809.119 -1374.937 83.6738 900.0593 -1342.325 110.2848 819.8082 -1425.123 149.0366 824.4223 -1334.922 23.68323 898.3781 -1374.908 -36.32643 894.9433 -1374.908 -36.33374 723.3911 -1334.922 23.67601 729.2484 -1664.502 210.5029 829.8189 -1710.951 218.6412 916.6247 -1733.39 -127.1243 867.6173 -1750.292 -112.738 948.3137 -1657.138 -162.6408 807.0957 -1690.614 -110.8357 810.9066 -1628.182 -200.8772 707.7807 -1756.8 19.92103 990.0333 -1724.988 182.395 965.0775 -1652.479 183.9396 786.3013 -1662.732 114.7038 756.5926 -1669.37 191.0724 733.0739 -1659.051 128.9513 689.5696 -1651.704 49.65052 738.5474 -1636.949 -26.52009 739.2871 -1658.052 46.86386 661.7655 -1661.593 -30.21597 674.6471 -1653.791 -98.89141 763.6436 -1665.031 -108.017 720.2872 -1613.823 -117.1219 647.7912 -1819.201 -124.4814 705.9232 -1802.419 -76.12011 717.9075 -1815.304 -113.6692 651.5354 -1785.117 -58.72003 662.1498 -1646.737 6.0964 826.1916 -1813.538 -113.2313 717.0592 -1807.033 56.13877 721.3189 -1778.71 211.2964 759.0267 -1747.75 -118.8087 795.757 -1715.782 219.9036 840.0799 -1529.779 202.8641 808.6992 -1739.855 -192.8934 712.7277 -1737.493 -169.6179 631.4627 -1715.441 -107.8775 630.9606 -1736.7 -124.1225 725.5302 -1632.734 -78.2966 705.4516 -1629.049 3.623834 693.3307 -1631.972 85.20057 705.3477 -1636.686 157.1423 743.7904 -1821.071 -84.91397 683.2 -1530.082 -74.26822 906.9343 -1526.476 119.8607 909.3934 -1543.466 151.1157 719.8461 -1531.858 -153.1629 687.4663 -1577.176 -160.1104 795.2483 -1862.936 -133.2894 808.2811 -1865.574 46.20869 810.5776 -1834.272 200.2945 833.6647 -1575.604 202.0533 890.1663 -1790.652 133.0178 737.4534 -1837.85 137.6784 818.3806 -1741.353 117.5432 981.6207 -1804.434 -37.77537 722.093 -1867.433 -43.95707 807.0338 -1759.665 -61.36369 978.5335 -211.556 255.4103 530.4892 -111.144 319.9907 567.6293 -127.2437 4.244724 211.9189 -212.6336 246.0958 562.6724 -89.32199 157.6737 425.1309 -68.25669 202.7532 503.436 -62.22508 122.4925 347.4043 -301.2276 20.47186 496.6695 -112.2384 274.7474 535.6805 -106.2414 87.30658 212.3684 -57.17409 69.36766 142.9991 -170.4697 198.1933 417.528 -256.0091 14.10886 486.4145 -151.3922 83.91901 402.5318 -330.7068 29.04676 543.7769 -115.6385 4.566285 304.4528 -241.6999 51.54829 467.4241 -264.4056 94.16201 483.2278 -113.6386 61.63228 341.9171 -133.3518 133.5043 292.8726 -115.5316 306.6984 604.2847 -320.5586 112.1073 520.3015 -332.472 26.03968 516.0654 -323.1701 111.9132 544.4214 -233.9369 209.3544 490.6797 -94.0891 7.776623 140.0582 -212.0791 -195.7393 572.5573 -197.6962 -175.3178 577.3155 -116.9623 -335.8792 602.5061 -128.9365 -256.6852 507.6214 -88.49587 -166.709 430.7545 -67.70863 -208.5377 502.6384 -62.26222 -134.6738 355.6152 -186.9845 -176.0764 408.8479 -149.601 -68.96535 399.1725 -105.7706 -74.8702 208.0455 -57.21156 -56.52576 143.2992 -221.239 -206.4451 555.4112 -62.28332 5.963769 525.7962 -91.89779 -74.6403 411.1735 -91.50457 81.00899 410.87 -79.10279 -47.78003 487.9642 -86.20697 51.73738 491.4848 -64.81201 -55.59271 340.7482 -65.66063 57.41213 338.3333 -224.9981 -35.72703 469.8556 -261.2334 -77.74837 482.9038 -118.3048 -49.36585 338.6837 -111.328 -311.8099 616.0276 -135.6113 -131.1081 295.7708 -323.1537 -54.94408 548.7954 -325.0847 -62.76572 525.0585 -255.5126 -142.5915 510.8876 -149.2828 -177.98 418.8061 -115.4239 -134.8706 310.4332 -195.4059 -124.9179 404.4525 -152.2808 -99.38794 304.4682 -97.39994 -248.0843 502.8975 -144.2184 105.4952 310.7087 -179.5926 146.2487 410.7133 -92.4056 144.6061 312.7623 -128.8516 192.0366 414.5943 -90.34851 259.2481 513.0721 -143.9734 -0.01381129 159.232 -182.4052 -0.017497 85.24797 -224.9952 -0.02158188 50.02158 -225 -0.02158188 0.02158188 -163.6174 136.4614 86.59686 -225.0139 195.359 50.02158 -119.9985 236.8134 252.7404 -224.9952 195.359 245.7262 -98.27542 151.8077 157.6739 -136.4817 121.631 155.7966 -199.9887 171.6789 289.4843 -104.3809 211.4404 285.9683 -225.0187 195.359 0.02158373 -104.378 176.5121 84.45849 -61.76691 159.1153 158.6291 -46.76114 137.8505 172.5755 -143.5208 68.80078 157.5744 -229.9854 94.7079 246.9648 -204.9811 88.78968 286.1705 -144.3616 34.50269 158.7091 -119.9861 23.67098 168.9011 -180.6664 69.91201 86.94834 -61.48415 159.2471 218.6692 -78.60779 178.5854 205.5723 -146.0679 127.0483 192.3846 -168.1977 53.15364 203.3368 -140.1337 39.97604 215.4319 -171.7244 149.7504 286.0798 -163.5912 -136.4928 86.59686 -224.9765 -195.4021 50.02158 -119.953 -236.8364 252.7404 -224.9577 -195.4021 245.7262 -98.2463 -151.8265 157.6739 -136.4584 -121.6571 155.7966 -199.9558 -171.7172 289.4843 -104.3403 -211.4604 285.9683 -224.9813 -195.4021 0.0215801 -104.3442 -176.5321 84.45849 -61.73638 -159.1271 158.6291 -46.73469 -137.8594 172.5755 -143.5076 -68.82831 157.5744 -229.9672 -94.75202 246.9648 -204.964 -88.82901 286.1705 -144.355 -34.53039 158.7091 -119.9815 -23.694 168.9011 -180.653 -69.94666 86.94833 -61.4536 -159.2588 218.6692 -78.57353 -178.6004 205.5723 -146.0435 -127.0763 192.3846 -168.1875 -53.18592 203.3368 -140.126 -40.00293 215.4319 -171.6956 -149.7834 286.0798 1616.471 -182.1287 655.1871 -1615.273 -182.4543 665.2868 14.49654 62.04317 1277.545 0.1143423 75.22246 1267.285 -14.26336 62.04041 1277.548 0.1194045 47.99332 1292.831 16.27373 98.10137 1224.54 0.1062912 100.0942 1208.221 -16.05763 98.09827 1224.543 0.1101258 92.87914 1240.983 0.1055483 -347.1767 753.2044 1889.759 -88.58401 807.5631 1895.161 1.495863 808.7126 1880.351 92.31061 814.3867 1850.435 169.3508 825.9306 1817.162 9.540653 696.2543 1810.254 94.93576 703.9354 1790.441 172.5122 735.4683 1814.796 -76.3093 706.8021 -1850.311 168.983 826.0226 -1880.211 91.93678 814.4791 -1895.003 1.119031 808.8057 -1887.707 -87.85496 807.6573 -1814.62 -78.21046 706.8977 -1817.003 9.177945 696.3489 -1790.316 172.1552 735.5616 -1810.113 94.57452 704.0292</float_array>
          <technique_common>
            <accessor source="#cs_boss-mesh-positions-array" count="900" stride="3">
              <param name="X" type="float"/>
              <param name="Y" type="float"/>
              <param name="Z" type="float"/>
            </accessor>
          </technique_common>
        </source>
        <source id="cs_boss-mesh-normals">
          <float_array id="cs_boss-mesh-normals-array" count="2700">0.8026224 0.03396773 0.5955196 0.4967942 0.7827607 0.3748083 0.9635118 0.01309257 -0.2673454 0.9483671 0.079351 -0.3070886 0.3546661 0.895928 -0.2674416 0.8426691 0.09180212 -0.530548 0.6164257 -0.111639 -0.7794589 0.7605493 -0.5025058 -0.4111605 0.8867115 -0.3381858 -0.3152352 0.774943 -0.6183797 0.1306526 0.6949872 -0.1464014 0.7039599 0.5361589 -0.2074991 0.8182162 0.1761888 0.1095648 0.9782399 0.3766102 -0.09027653 0.9219626 9.15583e-5 0.00125128 0.9999993 9.15562e-5 -0.2812607 0.9596315 -0.3764181 -0.090366 0.9220322 -0.6086806 -0.7716242 0.1846734 -0.5359781 -0.2075915 0.8183112 -0.7747935 -0.6185346 0.1308057 -0.694833 -0.1465537 0.7040804 -0.8866991 -0.3383642 -0.3150782 -0.8864368 0.004577875 -0.4628271 -0.6165516 -0.1117618 -0.7793418 -0.4320977 -0.001068174 -0.9018262 -0.2118955 0.3781343 -0.9011742 -0.1306538 0.01577854 -0.9913026 -0.8472201 -0.3860711 0.3649212 -0.2629831 -0.5792221 0.771584 -0.7705129 -0.4074895 0.4901655 -0.3910464 -0.6740232 0.626718 0.1261035 -0.9183397 0.375167 -0.3807302 -0.8690719 0.3158458 0.08462882 -0.8766855 -0.4735615 -0.4641391 -0.8726413 -0.1518951 -0.4985042 -0.6826278 -0.534334 -0.8127087 -0.362116 0.4564829 -0.8838276 -0.4355964 0.1706007 3.05197e-5 0.4599617 0.8879388 3.0519e-5 0.3311306 0.943585 0.8839411 -0.4354241 0.1704523 1.22075e-4 -0.7382794 0.6744951 9.15574e-5 -0.9807634 0.1952005 9.1557e-5 -0.9993146 -0.03701955 3.05188e-5 -0.8703053 -0.4925127 3.05193e-5 -0.9353864 -0.3536273 0.8247545 -0.4856542 -0.2896896 0.7707024 -0.4073098 0.4900169 0.8453989 -0.1994775 -0.4954892 0.8473702 -0.3858869 0.3647674 0.9946755 0.007446587 0.102788 0.9606346 -0.2778109 0.001525878 0.835552 0.02023416 -0.5490387 0.7509818 -0.4900441 -0.442587 0.9142256 -0.3636333 0.17878 0.5263722 -0.7754125 -0.348809 0.6649909 -0.5922628 0.4549857 0.2995122 -0.9462071 -0.1224112 0.3710499 -0.7691701 0.5202877 9.15569e-5 -0.9499031 0.3125448 1.22076e-4 -0.8586835 0.5125061 -0.3707838 -0.769249 0.5203608 1.22077e-4 -0.7848929 0.6196314 -0.402981 -0.6577588 0.6363645 1.22075e-4 -0.4415771 0.8972234 -0.431786 -0.3782553 0.8188309 9.15564e-5 -0.04858589 0.9988191 -0.4238187 -0.2128401 0.8803845 -0.5040269 -0.02014273 0.8634532 -0.5923253 -0.3672734 0.7171201 -0.6069332 -0.0418722 0.7936491 -0.6420931 -0.3618659 0.6758473 -0.800845 7.62971e-4 0.5988713 -0.8655633 -0.1883053 0.4640489 0.7183033 0.5703455 0.39843 -0.09552448 0.5982031 0.7956306 -0.05627697 0.9983981 0.005859613 -0.06683707 0.7503454 0.6576585 -0.09863805 -0.005340814 0.995109 0.5155326 0.5285338 0.6744467 0.7510161 0.01425242 0.66013 0.6809468 0.7322803 0.008789539 0.9996681 0.02575767 4.27261e-4 0.7718248 0.03582924 -0.6348251 0.6960912 -0.7179433 0.003814935 0.5241123 -0.5259435 -0.6698431 -0.09531241 -0.7352761 -0.6710326 -0.07605242 0.0155645 -0.9969825 -0.1630947 -0.5885328 -0.7918518 -0.1673986 -0.02295053 -0.9856222 0.7071319 -0.598056 -0.3772184 0.661321 -0.009705066 -0.7500404 0.4328246 -0.7661259 -0.4750939 0.4171046 -0.007416129 -0.9088283 -0.3902801 -0.009857714 -0.9206434 -0.4135068 0.7679586 -0.4891337 -0.6836856 0.603909 -0.409717 0.6835206 0.6040471 -0.4097889 0.3901917 -0.009796738 -0.9206815 0.4132882 0.7680411 -0.489189 -0.4171915 -0.007507562 -0.9087876 -0.4327076 -0.7662263 -0.4750383 -0.6613847 -0.009857714 -0.7499822 -0.7070378 -0.5982064 -0.377156 0.1673045 -0.02295017 -0.9856382 0.1631274 -0.5885099 -0.7918621 0.07596135 0.01556456 -0.9969893 0.09540313 -0.7352697 -0.6710267 -0.524078 -0.5260617 -0.6697773 -0.6959362 -0.7180933 0.00387597 -0.7718994 0.03564673 -0.6347447 -0.9996736 0.02554422 5.18819e-4 -0.6811043 0.732133 0.008850634 -0.7509458 0.01409965 0.6602134 -0.5155693 0.5284487 0.6744853 0.09872871 -0.005310237 0.9951003 0.06674569 0.7503784 0.6576302 0.0954948 0.5982391 0.7956073 0.056064 0.9984102 0.005829155 -0.7183927 0.5701912 0.3984898 -0.002990841 -0.9999952 8.8506e-4 -0.0147711 -0.5985664 0.800937 0.7189989 -0.5888655 0.3691587 -0.01034587 -0.05230933 0.9985774 0.002746701 -0.02929848 0.999567 0.01605331 0.6271793 0.7787095 0.01590055 0.7313646 0.6818013 0.03097665 0.9994929 0.007385551 0.01693779 0.9997263 0.01614427 0.03085452 0.7514352 -0.6590851 0.703345 0.7107917 0.009003102 0.5586295 0.5354041 -0.6334633 0.7895926 -0.007263541 -0.6135885 0.00866729 -0.01001006 -0.9999124 0.5496301 -0.5188663 -0.6547401 0.01709073 -0.7496125 -0.6616562 0.7109519 -0.7032305 0.003784418 0.04080402 -0.9991651 -0.002075254 0.02279758 -0.747439 0.6639392 -0.4371286 -0.7711933 -0.4627953 -0.6522791 -0.01724314 -0.7577827 -0.7004405 -0.5984461 -0.388903 0.09399986 -0.04605382 -0.9945065 0.07651221 -0.5829215 -0.8089181 -0.008758783 -0.01001006 -0.9999116 -0.01699918 -0.7496137 -0.6616572 -0.549585 -0.5189745 -0.6546922 -0.7108 -0.7033838 0.003845453 -0.7896591 -0.007416188 -0.6135011 -0.999946 -0.01037633 6.10374e-4 -0.703498 0.7106395 0.009064197 -0.7673184 -0.02850508 0.6406325 -0.5270092 0.5182806 0.6735329 -0.002655148 -0.02929848 0.9995673 -0.01599204 0.7313636 0.6818003 -0.01608347 0.6271641 0.7787212 -0.03115957 0.9994872 0.007385492 -0.6958843 0.5896751 0.4099128 0.9455407 0.3212434 0.05249273 0.7526063 0.6011695 -0.2686616 0.4679877 0.5039398 -0.7259699 0.3147457 0.6985567 -0.6426147 0.07284772 0.351665 -0.9332872 0.1648641 0.7848289 -0.5973806 -1.22078e-4 0.403438 -0.9150069 -1.22079e-4 0.8440521 -0.5362612 -0.1651085 0.7847998 -0.5973512 -9.15585e-5 0.9695744 -0.244797 -0.2938355 0.9353418 -0.1969686 -6.10387e-5 0.986996 0.1607455 -0.3842035 0.9011036 0.200998 -0.440914 0.8162723 0.3732219 -0.6300977 0.7473827 0.210704 -0.6876036 0.55814 0.4644147 -0.8130857 0.31581 0.4890356 0.8128619 -0.3619638 0.4563307 0.5919763 0.112676 0.7980403 0.8573418 0.07773208 0.5088446 0.5950043 0.5699785 0.5666519 0.9371109 -0.05533057 0.3446185 0.673659 0.6303517 0.3857982 0.7193681 0.6415136 0.2664021 -6.10375e-5 0.9590207 0.2833359 -6.10374e-5 0.9759568 0.2179644 -0.7194304 0.6413927 0.2665247 -0.7214206 0.6549186 0.2250205 -0.9584095 -0.08938926 0.2710366 -0.9676911 -0.04715156 0.2476908 -0.6965952 -0.6291788 0.3448032 -0.7067457 -0.6463776 0.2875875 1.22075e-4 -0.9137285 0.4063253 9.15578e-5 -0.9647752 0.2630761 0.5701217 0.3954015 0.7201521 0.427759 0.4252869 0.7975923 3.05192e-5 0.3786828 0.9255266 -9.15584e-5 0.9916082 -0.1292805 -0.4276945 0.4251919 0.7976774 -0.2833419 0.9036788 -0.3210639 -0.5168448 0.797653 -0.3108393 -0.05414146 0.7154974 -0.6965144 -0.6154525 0.5785852 -0.5352172 -0.4287034 0.6846375 -0.5894786 -0.8147321 0.02169889 -0.5794315 -0.6181398 0.6304696 -0.4694798 -0.9786682 -0.1337058 -0.155985 -0.9605272 0.001617491 -0.2781814 -0.7765981 -0.05987912 0.6271443 -0.4968817 0.7826628 0.3748968 -0.4962754 -0.5357064 0.683176 0.1007459 -0.7306752 0.6752512 0.1199994 -0.607169 0.7854591 0.111151 -0.02603286 0.9934626 -0.7227573 -0.5915244 0.3573806 -0.7203135 -0.02087509 0.6933345 -0.4464035 -0.01132255 0.8947602 -0.4369458 0.7658226 0.471799 0.4295852 -0.01287901 0.9029346 0.418663 0.7719231 0.4783891 0.7055832 -0.02993971 0.7079943 0.6958076 0.5898144 0.4098426 -0.4810479 -0.8730095 0.08029669 0.5997579 -0.8000536 0.01431334 0.1576324 -0.9607488 -0.2282846 0.1774104 -0.745441 0.642529 0.9976499 -0.06784468 0.009583055 0.306746 -0.297804 0.904002 0.9967286 -0.06531119 -0.04761004 0.9998251 0.01690739 -0.007995903 0.5858784 -0.009125232 -0.8103477 0.9898042 0.1418845 -0.01251292 0.6158745 0.06152635 -0.7854383 0.5879505 0.2149155 -0.7798241 -0.419849 0.0930522 -0.9028112 -0.4841259 0.4382556 -0.7573337 -0.9952906 0.06604343 -0.070957 -0.8844103 -0.1062366 0.4544585 0.384938 0.09784436 -0.9177414 0.04916679 0.0377525 -0.9980769 -0.07403898 0.5915491 -0.8028624 -0.04571747 0.7778382 -0.6267997 -0.5633534 0.5301485 -0.6337001 -0.7172378 0.6966372 0.01632791 -0.7633149 0.04477161 -0.6444733 -0.9998773 0.01565641 5.4935e-4 -0.7264183 -0.6872316 -0.005401849 -0.7415909 -0.01715189 0.6706332 -0.5120185 -0.5278578 0.6776455 0.03238081 -0.03833204 0.9987404 -0.01648044 -0.7387228 0.673808 -0.05527061 -0.6058099 0.7936874 -0.1519246 -0.9819555 0.1126158 0.4291917 -0.2810209 0.8583833 -0.2932587 0.219738 0.9304379 -0.4880603 -0.3555772 0.797096 -0.9086526 -0.0771529 0.4103631 -0.1567763 0.8413792 0.5172061 -0.4728097 -0.1450902 0.8691374 -0.02041727 0.376942 0.9260119 9.15555e-5 0 1 -0.02035629 -0.3769424 0.9260131 -0.4728397 0.1449984 0.8691364 -0.1566234 -0.8414084 0.5172052 -0.9086708 0.07696872 0.4103576 -0.2932268 -0.219798 0.9304338 -0.4881227 0.3554866 0.7970982 0.4291344 0.2810844 0.858391 -0.211376 -0.03695875 0.9767059 -0.03241133 -0.03833204 0.9987393 -0.002563536 0.5993582 0.8004769 0.03247237 0.73655 0.6756032 0.5379584 0.4735938 0.6973592 0.7171023 0.6967768 0.01632755 0.7415776 -0.01699894 0.6706517 0.9998745 0.01583951 5.49348e-4 0.726537 -0.6871064 -0.005371332 0.7633097 0.0449239 -0.6444689 0.54383 -0.4877349 -0.6829082 -0.04916679 0.0377525 -0.9980769 6.10388e-5 -0.7217837 -0.6921188 0.294965 -0.501639 -0.8132368 0.155954 -0.9802826 0.1213451 0.551335 -0.750597 0.3641894 0.9698588 -0.1655648 -0.1787794 0.6806128 0.5318613 -0.503875 0.6239075 0.6159725 -0.4809548 -1.22075e-4 0.9294522 -0.3689426 -6.10392e-5 0.9764435 0.2157734 0.1781116 0.963103 -0.2017642 0.365682 0.8157803 -0.448084 0.220255 0.6684252 -0.7104193 0.6154726 0.2136926 -0.7586363 0.008118033 0.2179055 -0.9759362 0.9965415 0.06674534 -0.04950201 0.480226 0.4403064 -0.7586259 0.3534418 0.7818689 -0.5135755 -0.5413446 0.290296 -0.7890972 -0.5859366 0.387776 -0.7115533 -0.9965463 0.07733583 0.03024458 -0.9794971 0.1999584 -0.02453702 -0.2747955 0.2032278 0.9397798 -0.9804061 0.1969418 0.004242181 -0.3051854 0.006561458 0.9522703 -0.9890245 0.1459106 -0.02325534 -0.9998067 0.01315373 -0.01461863 -0.5772009 -0.01303148 -0.8164982 -0.5976547 -0.0599699 -0.7995077 0.3300685 -0.2973515 -0.8959001 0.7129019 0.02234017 0.7009078 0.8863413 0.00476098 -0.4630082 0.7460197 0.2731194 0.6073389 0.8190987 0.3271633 -0.4712129 0.5166532 0.7977316 -0.3109563 0.6152361 0.5787047 -0.5353369 0.05389684 0.7155217 -0.6965083 0.428463 0.6847046 -0.5895754 -0.2205011 0.66837 -0.7103949 -0.3659217 0.8157094 -0.4480175 -0.6426527 0.176953 -0.745443 -0.9223421 0.3476102 -0.1686779 0.5569046 0.07672393 -0.8270253 0.8146163 0.02185165 -0.5795886 -0.1783543 0.9630648 -0.2017321 3.05194e-5 0.4675568 0.8839631 0.7661569 0.4808318 0.4263854 0.9222367 0.3477996 -0.1688641 0.9253689 -0.3473986 -0.1516798 0.7782341 -0.5659441 -0.2721378 0.6360244 0.4057554 -0.6563808 0.9923781 0.1217698 0.01892161 0.8895921 -0.2616681 0.3743739 0.7547438 0.06927895 0.6523513 0.7766441 6.10377e-5 0.6299399 0.9051905 6.10378e-5 0.4250062 0.7547649 -0.06912547 0.6523433 0.647468 -0.6303467 0.4283086 0.5464444 -0.3665343 0.7530281 0.1874793 -0.8645473 0.466272 0.4408823 -0.8972989 0.02185183 -0.1059925 -0.9661405 0.2352405 -0.3541727 -0.8447041 -0.4012939 -0.9253989 0.3473985 -0.1514966 -0.7782905 0.5659407 -0.2719836 -0.636148 -0.4057564 -0.6562603 -0.9923746 -0.1217694 0.01910465 -0.8895221 0.2616744 0.3745356 -0.7546162 -0.06927841 0.6524991 -0.7765209 -6.10376e-5 0.6300916 -0.9051035 -6.10381e-5 0.4251914 -0.7546372 0.06912493 0.6524909 -0.647381 0.6303511 0.4284337 -0.5462996 0.3665395 0.7531305 -0.1873883 0.8645498 0.4663038 -0.4408814 0.8972972 0.02194333 0.1060227 0.9661374 0.2352398 0.3540796 0.8447005 -0.4013838 -0.9946578 0.0072636 0.1029725 -0.8356755 0.02008157 -0.5488564 -0.9605808 -0.2779962 0.001709043 -0.750963 -0.4902043 -0.4424414 -0.4283028 -0.3112627 -0.848335 -0.262191 -0.5183087 -0.8140099 -0.140448 -0.1069383 -0.984296 -0.05221813 -0.2259634 -0.9727352 -9.1558e-5 0.02935957 -0.9995689 -6.10377e-5 -0.2818722 -0.959452 0.05206596 -0.2259652 -0.972743 0.06830149 -0.6737983 -0.7357519 0.2621253 -0.5182689 -0.8140563 0.2632274 -0.5791918 0.7715233 0.3912842 -0.6739513 0.6266469 0.4244267 -0.8081107 0.4084348 0.6900941 -0.644743 0.32875 0.4602631 -0.7733617 0.4359697 1.22074e-4 -0.9221796 0.3867619 -0.4600197 -0.7734545 0.4360619 9.1557e-5 -0.9996194 -0.02758914 -0.4241846 -0.8082062 0.4084978 0.4558929 0.3705922 0.8092114 0.3635132 -0.5305444 0.7657552 -0.3084225 -0.2992363 0.9029581 -0.9956502 -0.07086497 -0.06048852 -0.4975175 0.02368259 -0.8671307 0.289782 -0.8601901 -0.4196422 0.8092673 -0.3691555 -0.4569582 0.2611523 -0.5288053 -0.8075671 0.4985339 -0.6825352 -0.5344247 -0.08453917 -0.876705 -0.4735416 0.4642916 -0.8725496 -0.151956 0.380944 -0.8690114 0.3157544 0.9584777 -0.08920681 0.2708556 0.696793 -0.6290394 0.3446578 0.9677545 -0.04696857 0.2474778 0.706918 -0.6462456 0.287461 -0.518611 -0.530727 0.6703519 -0.02258455 -0.7474578 0.6639254 0.01495414 -0.5985648 0.8009349 0.01046794 -0.05233967 0.9985746 -0.7188295 -0.5890294 0.3692268 -0.7055036 -0.03009152 0.7080672 -0.4295231 -0.0129705 0.9029628 -0.4187871 0.7718354 0.4784219 0.4368537 0.7659131 0.4717373 -0.9415434 0.07873916 -0.327561 -0.4754896 -0.7246181 -0.4988369 -0.6368783 -0.546541 -0.5437637 -0.6645871 0.01016288 -0.7471417 -0.3622896 -0.560235 -0.7449047 -9.15576e-5 0.004028499 -0.9999919 0 -0.7102433 -0.7039563 0.362259 -0.5601739 -0.7449656 0.6274396 -0.5478766 -0.553309 0.6644405 0.01028507 -0.7472705 -0.3548781 0.8958626 -0.2673794 -0.8427845 0.09164881 -0.5303912 -0.5416006 -0.6601997 -0.5203894 0.08197498 -0.9639537 -0.2531275 3.0519e-5 -0.9080309 -0.4189034 6.10383e-5 -0.9925432 -0.1218934 -0.08182162 -0.9639754 -0.2530946 1.22076e-4 -0.7756732 0.6311348 -0.6558666 -0.7021954 0.2770571 0.2830989 0.9037436 -0.3210957 -1.22076e-4 0.5186412 -0.854992 0.6443583 -0.5747128 -0.5044874 0.3077249 -0.8768771 0.3693126 -0.2223309 -0.8856617 0.4076424 -0.1789958 -0.7429013 0.6450259 -0.1409389 -0.9635915 -0.2272175 -0.577633 -0.8155896 0.03396761 0.4966748 -0.8650761 0.07040852 -0.3102615 -0.674573 -0.6698426 -0.8289667 0.5502945 0.09995085 -0.9455937 0.3210575 0.05267536 -0.5527306 0.803475 -0.2211716 -0.7527524 0.6010422 -0.2685371 -0.3149915 0.6984992 -0.6425569 -0.4682238 0.5038701 -0.725866 -0.07309341 0.351642 -0.9332766 -0.1918436 0.1832677 -0.9641624 -0.1900415 0.03036636 -0.9813064 -0.3634161 -0.5306278 0.7657435 0.3047626 0.006531059 0.9524061 -0.4559809 0.3704978 0.8092051 0.2743379 0.2031364 0.9399331 0.9787571 0.2044799 0.01492398 0.9703242 0.2393002 -0.03473073 0.5286185 0.4235723 -0.7356284 0.5558784 0.3263123 -0.7645388 -0.3535922 0.7818031 -0.5135723 0.2983866 0.8314967 -0.4685924 0.4905102 -0.7277387 -0.4793705 0.3891483 -0.3313758 -0.8595079 -0.7023503 -0.7056464 0.09363448 -0.6062946 -0.4491512 -0.6562546 0.1304697 0.01580893 -0.9913262 -0.2761673 0.01886075 -0.9609245 -0.703505 0.4068555 -0.5827088 -0.5964711 -0.1834521 -0.7813882 -0.72276 0.6885478 0.05932962 -0.7697353 -0.5075718 -0.3871414 -0.2595077 -0.5062582 -0.8224101 -0.6508154 -0.5827582 -0.4866542 -0.31343 -0.875254 0.3683642 -0.1527792 -0.9877238 0.03256398 0.2245006 -0.8828037 0.4126221 0.4908649 -0.8278538 0.2714955 0.2486705 0.6009843 0.7595926 0.7949557 -0.4085867 0.4484444 0.2408573 0.629763 0.7385028 0.8996118 0.4326999 -0.05890184 0.8131175 0.3159632 0.4888837 0.9026968 -0.3574103 0.2395757 0.8288907 0.5504372 0.09979647 0.8546026 -0.2125672 0.4737823 0.7157361 -6.10384e-4 0.6983708 0.9969614 -0.004028439 0.0777927 0.8475224 0.2187626 0.4835791 0.9114791 0.3328397 0.2417101 -0.5700704 0.3952863 0.720256 -0.7459546 0.2729653 0.6074882 -0.8192486 0.3270097 -0.4710588 -0.5570713 0.07660377 -0.8269242 -0.3432464 -0.8105522 -0.4745388 -0.2021581 -0.834116 -0.5132083 -0.3253995 -0.009735703 -0.9455265 -0.1442037 -0.006348013 -0.9895277 0.04101759 -0.8686951 -0.4936461 0.04526007 -0.01849466 -0.9988041 -0.03387659 -0.9953016 -0.0907039 0.6815243 0.0285049 -0.7312401 0.516442 -0.8418657 -0.1566843 0.5287711 0.06436443 -0.8463206 -0.4885238 -0.845326 -0.2162603 -0.7155853 -7.62982e-4 0.6985251 -0.8544678 -0.2127166 0.4739583 -0.996944 -0.004211664 0.07800734 -0.9025853 -0.3575671 0.2397616 -0.9465062 -0.3139761 -0.07446557 -0.981699 -8.85046e-4 -0.1904374 0.2936218 0.9354025 -0.1969991 0.384083 0.9011684 0.2009378 0.4408223 0.8163636 0.3731303 0.6300012 0.7474989 0.2105802 0.6875957 0.5582557 0.4642873 0.8009509 9.15582e-4 0.5987294 0 0.8374291 0.5465461 -0.6737045 0.6302151 0.3859419 -0.937031 -0.05551439 0.3448059 -0.6899162 -0.6448699 0.3288745 -0.9977949 -0.01248234 -0.065189 -0.9062536 0.08966702 0.4131154 -9.1556e-5 0.9654884 -0.2604463 -6.10376e-5 0.9806909 0.1955644 6.10387e-5 0.2083555 0.9780533 0.9063122 0.08984684 0.4129478 1.22077e-4 -0.815232 0.5791345 9.15574e-5 -0.9876293 0.1568072 0.9891248 -0.1240907 -0.07895296 0.9057416 0.408069 0.1145071 1.22076e-4 -0.404589 0.9144987 6.10382e-5 0.1732264 0.9848821 -6.10386e-5 0.9803417 0.1973074 -0.9058044 0.4078866 0.1146599 -1.22077e-4 0.607731 -0.794143 -9.15569e-5 0.1647107 -0.986342 0.9890708 -0.07016396 -0.1296766 0.9128998 0.3075147 0.2684192 1.22077e-4 -0.8067784 0.5908542 1.22077e-4 -0.3318046 0.9433482 0 0.7266957 0.6869596 -0.9129114 0.3073252 0.2685967 -1.22076e-4 0.924601 -0.380937 -1.22077e-4 0.5950028 -0.8037237 -0.8572632 0.07755011 0.5090048 -0.5918276 0.1125546 0.7981677 -0.5950046 0.5698567 0.5667742 3.05187e-5 0.4832936 0.8754584 0.8895438 0.2618244 0.3743793 0.9924002 -0.1215894 0.01892203 0.7781188 0.5661016 -0.2721402 0.6361104 -0.4056298 -0.6563751 0.925311 0.3475524 -0.1516803 0.779526 -0.5989123 -0.1834214 0.2780324 0.001892149 -0.9605699 0.5389086 -0.4756422 -0.695228 -0.3892449 -0.3314716 -0.8594273 0.002410948 0.5993584 0.8004773 -0.2553232 0.962757 0.08893275 -0.4672148 0.8784275 -0.1003769 -0.3928428 0.7911181 0.4688355 0.1881522 0.7487939 -0.6355364 0.05258446 0.9315974 0.3596683 -0.164773 0.9757287 -0.1442336 0.706058 0.6944303 0.1387395 -0.05261409 0.6206575 -0.7823147 -0.09409046 -0.04608386 -0.9944965 0.6521977 -0.01712131 -0.7578556 0.4372417 -0.7711165 -0.4628164 0.4453038 -0.7665781 0.4626691 -0.4467141 -0.7650326 0.463866 0.5269755 0.5183995 0.6734678 0.7673769 -0.02835237 0.6405693 0.5187773 -0.530619 0.6703086 -6.10378e-5 -0.1096544 -0.9939698 0.5963456 -0.1833595 -0.7815057 0.7033062 0.4069989 -0.5828484 0.7226461 0.6886777 0.05920827 -0.4690868 0.7530416 -0.4613959 0.3238095 0.816177 -0.4785422 -0.4489113 -0.006897389 -0.8935497 0.3254271 -0.009674608 -0.9455177 0.1636727 0.8435722 -0.5114658 0.1442336 -0.006347954 -0.9895234 -0.04522955 -0.01852518 -0.9988048 -0.04083478 -0.8687016 -0.4936498 0.03405952 -0.9952954 -0.09070336 0.2633218 -0.4808034 0.836355 9.15561e-5 0.0152288 0.9998841 0.2905123 0.4819898 0.8266127 0 -0.751873 -0.6593081 -0.06830149 -0.6737983 -0.7357519 -0.2993583 -0.9462639 -0.1223496 -0.526273 -0.7755233 -0.3487123 -0.6648037 -0.5923812 0.455105 -0.9141148 -0.3638209 0.1789653 0.4718348 -0.7329311 -0.4900857 0.5416314 -0.660078 -0.5205118 -0.1627914 -0.8309566 -0.5319868 0.2977155 -0.7348124 -0.6094393 -0.2080777 -0.5054231 -0.8374075 0 -0.6276272 -0.7785142 0.2080203 -0.5053712 -0.837453 0.7697619 -0.5074166 -0.387292 0.6935187 0.5667419 0.4447871 0.1373667 -0.05423253 0.9890345 0.1237547 0.8235872 0.5535241 -0.1703876 0.8476963 0.5023736 -0.1815304 -0.02734553 0.9830051 -0.3307961 0.805917 0.4909907 -0.3676286 -0.003326535 0.9299668 0.4670657 0.7522371 0.4647462 0.441524 0.004211664 0.8972396 0.04705983 0.998786 0.01455742 0.04583936 0.7705415 -0.6357395 0.1495116 0.5859307 -0.7964494 0.5121084 -0.5277341 0.6776738 0.01663303 -0.738721 0.6738063 0.04843342 -0.9986385 -0.01937943 0.5438764 0.5481796 -0.6353719 -0.04605346 0.7705488 -0.635715 -0.04727441 0.9987755 0.01458823 -0.06375354 0.9973516 0.03500491 -0.03262555 0.7365323 0.675615 -0.538066 0.4734859 0.6973494 0.1702054 0.8477312 0.5023762 -0.1373966 -0.05423229 0.9890304 -0.1239382 0.8235588 0.5535255 -0.6936395 0.5666188 0.4447557 -0.703528 -0.02710098 0.7101507 -0.520385 0.7299307 0.4431711 -0.5599907 0.03701937 0.8276716 0.5525473 0.7069126 0.4415495 0.5636579 0.04559558 0.824749 -0.5437299 -0.4878188 -0.682928 9.15582e-5 -0.7217837 -0.6921188 -0.04825067 -0.9986467 -0.01941013 0.4964665 -0.535593 0.683126 -0.1005302 -0.73069 0.6752672 -0.1197866 -0.6072039 0.7854647 -0.09888106 -0.9950978 -0.001770079 0.722919 -0.5913793 0.3572936 -0.5588043 0.5353047 -0.633393 -0.03106856 0.7514453 -0.6590635 -0.01712131 0.9997226 0.01617521 9.15558e-5 -0.9662497 0.2576076 9.15577e-5 -0.9911116 0.1330332 -0.1872361 -0.8645823 0.4663049 0.1062069 -0.9661167 0.2352422 -0.4407222 -0.8973754 0.02194303 0.3542404 -0.8446285 -0.4013931 0.2116541 0.3781695 -0.9012161 0.431938 -9.76614e-4 -0.9019029 0.5586017 0.7169072 -0.4171429 -0.5212373 0.7444852 -0.4171974 0.5632068 0.067326 -0.8235687 -0.5287522 0.06427425 -0.8463391 0.4887042 -0.8452298 -0.2162286 -0.5162654 -0.8419679 -0.1567168 0.765981 -0.5846335 0.2673517 0.3584778 -0.874526 0.3266463 0.7728396 -0.5699474 -0.2790682 0.3718459 -0.862381 -0.3435546 0.4813794 -0.8576507 0.1808568 -0.5182517 -0.8430404 0.1438689 0.9309771 0.1169481 -0.3458394 -0.0766347 0.3981282 -0.9141231 -0.1612319 0.6601264 -0.7336467 -0.02102792 0.9490033 -0.3145643 0.7340832 -0.1832079 -0.6538783 -0.6472602 -0.6304745 0.4284345 -0.5462324 -0.3666574 0.7531219 -0.8658929 -0.4939545 0.0789839 6.10375e-5 -0.9757449 -0.2189108 -0.3334217 -0.297226 -0.8946993 0.540442 -0.07388806 -0.8381307 0.5178146 -0.01361143 -0.8553845 -0.8894803 -0.2618237 0.3745309 -0.9923968 0.121589 0.01910507 -0.7781751 -0.5660982 -0.2719859 -0.6362339 0.4056308 -0.6562545 -0.9253411 -0.3475522 -0.1514971 -0.7795554 0.5989115 -0.1832991 0.5632635 0.5302417 -0.6337019 0.04556518 0.7778436 -0.6268039 0.0739479 0.5915531 -0.8028678 0.2551085 0.962814 0.08893239 0.1916301 0.1833288 -0.9641932 0.1898591 0.03039699 -0.9813407 0.6088669 -0.7715061 0.1845523 9.15566e-5 -0.9945797 0.1039778 -0.7658674 -0.5847998 0.2673135 -0.3583257 -0.8745883 0.3266468 -0.3716909 -0.8624365 -0.3435829 -0.07687669 -0.9826427 0.1688297 0.5184257 -0.8429338 0.1438664 0.4032173 -0.6576849 0.6362911 0.6423 -0.3617401 0.6757181 0.5925227 -0.3671718 0.717009 0.60711 -0.04178017 0.7935187 0.5041815 -0.02005124 0.863365 0.9465509 -0.3137977 -0.07464975 0.9816638 -7.0193e-4 -0.1906196 0.8657 -0.1881492 0.4638572 0.446929 -0.7649432 0.4638063 -0.445095 -0.7666779 0.4627046 0.4111272 0.3121528 0.8564667 3.0519e-5 0.5082933 0.8611841 -0.4110053 0.3120613 0.8565586 -0.4128359 0.7373792 0.5346388 -0.6840375 0.3387684 0.6460099 0.4128029 0.7374663 0.534544 0.6840956 0.338889 0.6458851 0.5016385 0.02258396 0.8647825 0.7050485 0.5845292 -0.4015376 0.4344362 0.7609882 -0.481832 0.07706063 -0.9826228 0.1688621 -0.09656363 -0.8665702 0.489624 0.2205001 -0.8484293 0.4811937 0.1815253 -0.02728372 0.9830077 0.3676023 -0.0032655 0.9299774 0.3306168 0.8059872 0.4909963 -0.4672477 0.7521436 0.4647146 0.7024961 -0.7055175 0.09351152 -0.5225217 -0.733624 0.4344733 0.6473473 0.6304701 0.4283095 0.5463771 0.3666521 0.7530195 0.1872977 0.8645846 0.4662756 0.4407231 0.8973771 0.02185148 -0.1061767 0.9661198 0.2352429 -0.3543335 0.8446322 -0.4013033 0.9999483 -0.01016271 5.18819e-4 -0.07645022 -0.5829444 -0.8089075 0.7005189 -0.5983083 -0.3889737 -0.241011 0.6297357 0.738476 0.02084463 0.9489979 -0.314593 -0.8997006 0.4325155 -0.05890166 -0.7414708 -0.1607766 -0.6514384 0.1725265 0.6568096 -0.7340544 -0.2389678 -0.5825872 -0.776844 0.0556975 0.3473388 -0.9360842 0.02053928 0.376941 0.9260096 0.1567152 0.8414096 0.5171754 0.4729958 -0.1449995 0.8690512 0.9087497 -0.07697021 0.4101825 0.2934108 0.2197987 0.9303755 0.4882745 -0.3554861 0.7970054 -0.4289762 -0.2810808 0.8584713 -0.4904759 -0.7278246 -0.4792753 0.2711012 -0.5100659 0.8162946 0.7794068 0.5990671 -0.1834221 -0.101842 0.9908311 -0.08877986 0.06354081 0.9973651 0.03500539 0.8659131 0.4939486 0.07879984 0.8660143 -0.493771 0.07880067 -0.5440414 0.54807 -0.6353253 -0.7071678 -6.1039e-5 -0.7070457 -0.577452 0.5772994 -0.5772994 -1.22078e-4 0.7071068 -0.7071068 -6.10384e-5 0.9911116 0.1330332 0.09906536 -0.9950793 -0.001770079 0.08172953 -0.9966546 -6.10377e-5 0.4171081 0.5200803 -0.7453438 -1.22078e-4 0.7086312 -0.7055792 0.2023128 -0.8340941 -0.513183 0.3434029 -0.8105006 -0.4745138 -3.0519e-5 0.8950611 0.4459436 -0.8659942 0.4937769 0.07898473 0 -0.7071068 -0.7071068 -0.5773605 -0.577391 -0.5772994 0.2113761 -0.03692823 0.9767069 0.9452988 0.3123325 -0.09412091 0.4320319 -0.3781653 0.8187427 0.4240337 -0.2127798 0.8802956 -0.08151727 -0.9966719 -9.15582e-5 0.003204464 -0.9999945 8.85059e-4 -0.04062122 -0.9991726 -0.002075314 -0.8707505 -0.02838307 0.4909054 -0.9577084 -0.04165804 -0.2847093 -0.8704442 0.04730504 0.4899892 -0.8091901 -0.3693147 -0.4569663 -0.3838682 0.1017199 -0.9177681 -0.05679649 0.4125301 -0.9091717 -0.5974776 0.1640415 -0.7849274 -0.9309871 0.1167663 -0.3458737 -0.2487953 0.6009605 0.7595705 -0.2709531 0.5100743 0.8163386 -0.7794362 -0.5990663 -0.1832998 0.1018418 -0.9908285 -0.08881014 0.6603782 0.6472244 -0.3807902 0.5202203 0.7300358 0.4431913 0.5211077 0.7445964 -0.4171608 -0.5631973 0.0672028 -0.8235853 -0.1882743 0.7487633 -0.6355363 0.467058 0.878511 -0.100376 0.3926948 0.7911884 0.468841 -0.05276769 0.9315986 0.3596382 -0.1707849 0.5240436 0.8343924 -0.7062094 0.6942764 0.1387393 -0.8454545 -0.1996288 -0.4953334 -0.8247274 -0.4858088 -0.2895076 0.8704235 0.04748708 0.4900081 0.957724 -0.04147559 -0.2846834 0.4164397 0.09366458 -0.9043258 0.870742 -0.02819967 0.4909311 0.9952808 0.06622588 -0.07092577 0.05673563 0.4125316 -0.9091747 0.597446 0.1641633 -0.7849261 -0.2770824 -0.6570444 -0.7010834 0.2103053 -0.5796442 -0.7872638 0.1645892 0.9757554 -0.1442636 -0.9453666 0.3121822 -0.09393846 -0.9114917 0.3326917 0.241866 0.1706637 0.5240767 0.8343966 0.9958122 0.08868891 0.02218747 -0.9986461 -0.04477149 0.02649056 -0.7661619 0.4807129 0.4265103 -0.2630734 -0.4808567 0.8364026 -0.5014857 0.02249234 0.8648735 -3.05191e-5 0.9337611 0.357897 -0.1258631 -0.9183679 0.3751785 0.4282181 -0.3111761 -0.8484095 0.1402947 -0.1069071 -0.9843212 -0.4565433 -0.758291 -0.4653635 0.6560494 -0.7020729 0.2769349 -0.6605046 0.647076 -0.3808233 -0.6815273 0.02835243 -0.7312433 -0.2888941 -0.8599987 -0.4206452 -0.6176211 -0.4559599 0.6408159 0.3466082 -0.6691978 -0.6572953 -0.6699519 0.05298084 -0.7405117 -0.5859124 0.193829 -0.7868525 0.09671622 -0.8665704 0.4895936 0.7035002 -0.02694851 0.7101839 0.2692143 -0.6873342 -0.6746075 0.1552806 -0.9878388 -0.00790441 -0.4779658 -0.8282686 0.2924378 0.05539333 -0.6057865 0.7936966 -6.10372e-5 0.9662497 0.2576076 0 0.750903 0.6604126 -0.670634 0.5343037 -0.5145576 -0.4173486 0.5199843 -0.7452762 -0.1497268 0.5859061 -0.796427 0.7070457 6.1039e-5 -0.7071678 0.5772485 0.5774011 -0.5774011 0.8160247 0.3064746 0.4900787 -0.2985365 0.8314281 -0.4686186 -0.4346278 0.7609115 -0.4817804 0.05240231 0.6206792 -0.7823116 -0.1110271 -0.02606296 0.9934756 0.7203751 -0.02075302 0.6932741 -0.1016577 -0.9908502 -0.08877885 -0.2708598 -0.5101321 0.8163334 -0.4290085 0.2810209 0.8584749 0.4882122 0.3555766 0.7970032 0.1016575 0.9908475 -0.08880913 0.4729658 0.1450912 0.8690523 0.9087369 0.07715225 0.4101768 0.1568978 -0.8413764 0.5171738 0.2934427 -0.2197387 0.9303797 0.02877968 0.8455367 -0.5331413 -0.163828 0.8435555 -0.5114436 -0.2976854 -0.7348746 -0.6093791 0.1628524 -0.8309255 -0.5320169 -0.7127676 0.02221769 0.7010484 -0.1760014 0.1095317 0.9782773 -0.7605386 -0.5026513 -0.4110021 -0.8474795 0.2186069 0.4837247 0.4689592 0.7531242 -0.4613904 0.4489359 -0.006805717 -0.8935381 -0.3239622 0.8161162 -0.4785424 0.4567199 -0.7581886 -0.4653568 0.8844151 -0.1060541 0.4544915 -0.3709029 -0.7898129 0.4884943 -0.2203491 -0.8484664 0.4811974 -0.7052053 0.5843801 -0.401479 0.02060031 -0.3769406 0.9260084 0.4574867 -0.7580423 0.4648419 1 -3.05185e-5 0 -0.5636818 0.04547291 0.8247393 -1 3.05185e-5 0 -0.481227 -0.8577427 0.1808263 -0.7728387 -0.5700383 -0.2788848 -0.5587433 0.7168017 -0.4171348 -0.552701 0.706792 0.4415504 0.5599678 0.0371114 0.8276829 -0.7972416 -0.3960419 0.4555841 0.4465016 -0.01123118 0.8947124 0.3710469 -0.7897335 0.4885135 -0.4573584 -0.7581236 0.4648355 -0.4415488 0.004120051 0.8972279 -0.2904223 0.4819315 0.8266783 0.9977853 -0.01229912 -0.06537151 -1 -2.1363e-4 0 0.5525168 0.8035969 -0.2212631 -0.261183 -0.528836 -0.807537 0.4537594 0.04989886 -0.8897262 1 2.13636e-4 0 -0.02893215 0.845533 -0.533139 -0.4539439 0.04980742 -0.8896371 0.7213535 0.6550351 0.2248965 -0.989084 -0.07037633 -0.1294608 -0.9891167 -0.1242728 -0.0787692 -0.9965522 0.06656092 -0.04953157 -0.6711387 -6.10376e-5 0.7413319 0.6712817 6.10395e-5 0.7412024 0.271008 0.5101237 0.8162895 -0.8160908 0.3062935 0.4900817 1.22078e-4 -0.750903 0.6604126 0.5773605 -0.5772994 -0.577391 0.6176811 -0.455837 0.6408453</float_array>
          <technique_common>
            <accessor source="#cs_boss-mesh-normals-array" count="900" stride="3">
              <param name="X" type="float"/>
              <param name="Y" type="float"/>
              <param name="Z" type="float"/>
            </accessor>
          </technique_common>
        </source>
        <source id="cs_boss-mesh-map-0">
          <float_array id="cs_boss-mesh-map-0-array" count="10488">0.1640014 0.2077026 0.1776733 0.244873 0.2659912 0.161499 0.2653809 0.2507935 0.2659912 0.161499 0.1776733 0.244873 0.1776733 0.244873 0.1617431 0.2967529 0.2653809 0.2507935 0.2149047 0.3242188 0.2653809 0.2507935 0.1617431 0.2967529 0.1617431 0.2967529 0.1231689 0.3720703 0.2149047 0.3242188 0.1850585 0.4017334 0.2149047 0.3242188 0.1231689 0.3720703 0.1231689 0.3720703 0.0984497 0.4198608 0.1850585 0.4017334 0.2374877 0.4398804 0.1850585 0.4017334 0.0984497 0.4198608 0.0984497 0.4198608 0.09118652 0.4423218 0.2374877 0.4398804 0.2371215 0.4594727 0.2374877 0.4398804 0.09118652 0.4423218 0.09118652 0.4423218 0.2266845 0.4769898 0.2371215 0.4594727 0.368103 0.4944458 0.2371215 0.4594727 0.2266845 0.4769898 0.2266845 0.4769898 0.1879882 0.5668335 0.368103 0.4944458 0.4995117 0.5214233 0.368103 0.4944458 0.1879882 0.5668335 0.1879882 0.5668335 0.368103 0.4944458 0.4995117 0.5214233 0.3746338 0.4725952 0.4995117 0.5214233 0.368103 0.4944458 0.368103 0.4944458 0.2371215 0.4594727 0.3746338 0.4725952 0.2374877 0.4398804 0.3746338 0.4725952 0.2371215 0.4594727 0.2371215 0.4594727 0.09118652 0.4423218 0.2374877 0.4398804 0.0984497 0.4198608 0.2374877 0.4398804 0.09118652 0.4423218 0.09118652 0.4423218 0.01629632 0.4117432 0.0984497 0.4198608 0.1231689 0.3720703 0.0984497 0.4198608 0.01629632 0.4117432 0.01629632 0.4117432 0.0190429 0.3889771 0.1231689 0.3720703 0.09222412 0.3427124 0.1231689 0.3720703 0.0190429 0.3889771 0.0190429 0.3889771 0.02148437 0.3629761 0.09222412 0.3427124 0.5980835 0.7561035 0.6038208 0.7539673 0.5826416 0.7538452 0.6050415 0.7484131 0.5826416 0.7538452 0.6038208 0.7539673 0.6038208 0.7539673 0.6116943 0.7544556 0.6050415 0.7484131 0.6195068 0.7540894 0.6050415 0.7484131 0.6116943 0.7544556 0.6116943 0.7544556 0.6123047 0.7608643 0.6195068 0.7540894 0.619812 0.7647095 0.6195068 0.7540894 0.6123047 0.7608643 0.6123047 0.7608643 0.6012573 0.769043 0.619812 0.7647095 0.625061 0.7993775 0.619812 0.7647095 0.6012573 0.769043 0.6012573 0.769043 0.5720215 0.8027954 0.625061 0.7993775 0.6236572 0.829773 0.625061 0.7993775 0.5720215 0.8027954 0.5720215 0.8027954 0.6100464 0.9263306 0.6236572 0.829773 0.5720215 0.8027954 0.6236572 0.829773 0.6100464 0.9263306 0.6100464 0.9263306 0.5557861 0.8973999 0.5720215 0.8027954 0.5245972 0.8515625 0.5720215 0.8027954 0.5557861 0.8973999 0.5557861 0.8973999 0.5720215 0.8027954 0.5245972 0.8515625 0.5325317 0.8041992 0.5245972 0.8515625 0.5720215 0.8027954 0.5720215 0.8027954 0.524292 0.7755127 0.5325317 0.8041992 0.5720215 0.8027954 0.5325317 0.8041992 0.524292 0.7755127 0.524292 0.7755127 0.545105 0.7685547 0.5720215 0.8027954 0.5828247 0.7642212 0.5720215 0.8027954 0.545105 0.7685547 0.545105 0.7685547 0.5826416 0.7538452 0.5828247 0.7642212 0.5974732 0.7598267 0.5828247 0.7642212 0.5826416 0.7538452 0.5826416 0.7538452 0.5980835 0.7561035 0.5974732 0.7598267 0.002990663 0.642334 0.06079095 0.7032471 0.0279541 0.6071777 0.1385498 0.6812134 0.0279541 0.6071777 0.06079095 0.7032471 0.06079095 0.7032471 0.08789062 0.770874 0.1385498 0.6812134 0.2896729 0.7081909 0.1385498 0.6812134 0.08789062 0.770874 0.08789062 0.770874 0.1777343 0.8128052 0.2896729 0.7081909 0.3747559 0.7319946 0.2896729 0.7081909 0.1777343 0.8128052 0.1777343 0.8128052 0.3556519 0.8508911 0.3747559 0.7319946 0.5012207 0.7728882 0.3747559 0.7319946 0.3556519 0.8508911 0.3556519 0.8508911 0.5012207 0.8647461 0.5012207 0.7728882 0.3556519 0.8508911 0.5012207 0.7728882 0.5012207 0.8647461 0.5012207 0.8647461 0.5012207 0.9178467 0.3556519 0.8508911 0.3574829 0.8984985 0.3556519 0.8508911 0.5012207 0.9178467 0.5012207 0.9178467 0.5012207 0.9589233 0.3574829 0.8984985 0.3860474 0.9520264 0.3574829 0.8984985 0.5012207 0.9589233 0.5012207 0.9589233 0.3844605 0.998169 0.3860474 0.9520264 0.2926025 0.9471436 0.3860474 0.9520264 0.3844605 0.998169 0.3844605 0.998169 0.2049559 0.9651489 0.2926025 0.9471436 0.2238769 0.9013672 0.2926025 0.9471436 0.2049559 0.9651489 0.2049559 0.9651489 0.09533691 0.9175415 0.2238769 0.9013672 0.1783447 0.8661499 0.2238769 0.9013672 0.09533691 0.9175415 0.09533691 0.9175415 0.03478997 0.881897 0.1783447 0.8661499 0.06420898 0.8279419 0.1783447 0.8661499 0.03478997 0.881897 1.115356 0.805481 1.050903 0.7678833 1.13446 0.7678833 1.072876 0.7266235 1.13446 0.7678833 1.050903 0.7678833 1.050903 0.7678833 1.000061 0.7266235 1.072876 0.7266235 1.044434 0.7006836 1.072876 0.7266235 1.000061 0.7266235 1.000061 0.7266235 1.000061 0.6831665 1.044434 0.7006836 1.110535 0.6741943 1.044434 0.7006836 1.000061 0.6831665 1.000061 0.6831665 1.000061 0.6514282 1.110535 0.6741943 1.000061 0.6831665 1.110535 0.6741943 1.000061 0.6514282 1.000061 0.6514282 0.892334 0.6729126 1.000061 0.6831665 0.9500733 0.7006836 1.000061 0.6831665 0.892334 0.6729126 0.892334 0.6729126 0.9271851 0.7266235 0.9500733 0.7006836 1.000061 0.7266235 0.9500733 0.7006836 0.9271851 0.7266235 0.9271851 0.7266235 0.9482422 0.7678833 1.000061 0.7266235 1.000366 0.7678833 1.000061 0.7266235 0.9482422 0.7678833 0.9482422 0.7678833 0.8837891 0.805481 1.000366 0.7678833 1.000061 0.805481 1.000366 0.7678833 0.8837891 0.805481 0.8837891 0.805481 0.8570557 0.8242798 1.000061 0.805481 1.000061 0.8242798 1.000061 0.805481 0.8570557 0.8242798 0.8570557 0.8242798 1.000061 0.8483887 1.000061 0.8242798 1.14209 0.8483887 1.000061 0.8242798 1.000061 0.8483887 1.000061 0.8483887 1.111206 0.866272 1.14209 0.8483887 1.111206 0.866272 1.000061 0.8483887 1.14209 0.8483887 1.000061 0.8242798 1.14209 0.8483887 1.000061 0.8483887 1.000061 0.8483887 0.8570557 0.8242798 1.000061 0.8242798 1.000061 0.805481 1.000061 0.8242798 0.8570557 0.8242798 0.8570557 0.8242798 0.8837891 0.805481 1.000061 0.805481 1.000366 0.7678833 1.000061 0.805481 0.8837891 0.805481 0.8837891 0.805481 0.9482422 0.7678833 1.000366 0.7678833 1.000061 0.7266235 1.000366 0.7678833 0.9482422 0.7678833 0.9482422 0.7678833 0.9271851 0.7266235 1.000061 0.7266235 0.9500733 0.7006836 1.000061 0.7266235 0.9271851 0.7266235 0.9271851 0.7266235 0.892334 0.6729126 0.9500733 0.7006836 1.000061 0.6831665 0.9500733 0.7006836 0.892334 0.6729126 0.892334 0.6729126 1.000061 0.6514282 1.000061 0.6831665 1.110535 0.6741943 1.000061 0.6831665 1.000061 0.6514282 1.000061 0.6514282 1.000061 0.6831665 1.110535 0.6741943 1.044434 0.7006836 1.110535 0.6741943 1.000061 0.6831665 1.000061 0.6831665 1.000061 0.7266235 1.044434 0.7006836 1.072876 0.7266235 1.044434 0.7006836 1.000061 0.7266235 1.000061 0.7266235 1.050903 0.7678833 1.072876 0.7266235 1.13446 0.7678833 1.072876 0.7266235 1.050903 0.7678833 1.050903 0.7678833 1.115356 0.805481 1.13446 0.7678833 0.8790283 0.9046631 0.9475708 0.9046631 0.8909912 0.866272 1 0.9046631 0.8909912 0.866272 0.9475708 0.9046631 0.9475708 0.9046631 1 0.9438477 1 0.9046631 1.052429 0.9046631 1 0.9046631 1 0.9438477 1 0.9438477 1.066772 0.9438477 1.052429 0.9046631 1.122009 0.9046631 1.052429 0.9046631 1.066772 0.9438477 1.066772 0.9438477 1.129395 0.9438477 1.122009 0.9046631 1.066772 0.9438477 1.122009 0.9046631 1.129395 0.9438477 1.129395 0.9438477 1.095215 0.9863892 1.066772 0.9438477 1.042847 0.9659424 1.066772 0.9438477 1.095215 0.9863892 1.095215 0.9863892 1 0.9792481 1.042847 0.9659424 1 0.9438477 1.042847 0.9659424 1 0.9792481 1 0.9792481 0.9559937 0.9659424 1 0.9438477 0.9349365 0.9438477 1 0.9438477 0.9559937 0.9659424 0.9559937 0.9659424 0.9037476 0.9872437 0.9349365 0.9438477 0.8686524 0.9438477 0.9349365 0.9438477 0.9037476 0.9872437 0.9037476 0.9872437 0.9349365 0.9438477 0.8686524 0.9438477 0.8790283 0.9046631 0.8686524 0.9438477 0.9349365 0.9438477 0.9349365 0.9438477 0.9475708 0.9046631 0.8790283 0.9046631 0.8570557 0.8242798 0.8570557 0.8483887 1.000061 0.8483887 1.000305 0.866272 1.000061 0.8483887 0.8570557 0.8483887 0.8570557 0.8483887 0.8909912 0.866272 1.000305 0.866272 1 0.9046631 1.000305 0.866272 0.8909912 0.866272 0.8909912 0.866272 0.9475708 0.9046631 1 0.9046631 1 0.9438477 1 0.9046631 0.9475708 0.9046631 0.9475708 0.9046631 0.9349365 0.9438477 1 0.9438477 0.9559937 0.9659424 1 0.9438477 0.9349365 0.9438477 0.9349365 0.9438477 0.9037476 0.9872437 0.9559937 0.9659424 1 0.9792481 0.9559937 0.9659424 0.9037476 0.9872437 0.9037476 0.9872437 1 0.9973755 1 0.9792481 1.095215 0.9863892 1 0.9792481 1 0.9973755 1 0.9973755 1 0.9792481 1.095215 0.9863892 1.042847 0.9659424 1.095215 0.9863892 1 0.9792481 1 0.9792481 1 0.9438477 1.042847 0.9659424 1.066772 0.9438477 1.042847 0.9659424 1 0.9438477 1 0.9438477 1.052429 0.9046631 1.066772 0.9438477 1.122009 0.9046631 1.066772 0.9438477 1.052429 0.9046631 1.052429 0.9046631 1.111206 0.866272 1.122009 0.9046631 -0.005859375 0.642334 -0.02966308 0.6071777 -0.06524658 0.7168579 -0.1324462 0.6801148 -0.06524658 0.7168579 -0.02966308 0.6071777 -0.02966308 0.6071777 -0.2279052 0.621582 -0.1324462 0.6801148 -0.2991333 0.6512451 -0.1324462 0.6801148 -0.2279052 0.621582 -0.2279052 0.621582 -0.4082642 0.5964966 -0.2991333 0.6512451 -0.4092407 0.6707764 -0.2991333 0.6512451 -0.4082642 0.5964966 -0.4082642 0.5964966 -0.4988403 0.6035767 -0.4092407 0.6707764 -0.4988403 0.671875 -0.4092407 0.6707764 -0.4988403 0.6035767 -0.4988403 0.6035767 -0.4092407 0.6707764 -0.4988403 0.671875 -0.4988403 0.734375 -0.4988403 0.671875 -0.4092407 0.6707764 -0.4092407 0.6707764 -0.3621216 0.7246094 -0.4988403 0.734375 -0.4988403 0.774231 -0.4988403 0.734375 -0.3621216 0.7246094 -0.3621216 0.7246094 -0.3621216 0.78125 -0.4988403 0.774231 -0.3572998 0.8505859 -0.4988403 0.774231 -0.3621216 0.78125 -0.3621216 0.78125 -0.1725463 0.7788086 -0.3572998 0.8505859 -0.1759033 0.8366089 -0.3572998 0.8505859 -0.1725463 0.7788086 -0.1725463 0.7788086 -0.08880615 0.8168945 -0.1759033 0.8366089 -0.05743408 0.859375 -0.1759033 0.8366089 -0.08880615 0.8168945 0.5720215 0.8027954 0.625061 0.7993775 0.6236572 0.829773 0.6742554 0.8155518 0.6236572 0.829773 0.625061 0.7993775 0.625061 0.7993775 0.6878662 0.7902222 0.6742554 0.8155518 0.7382813 0.7914429 0.6742554 0.8155518 0.6878662 0.7902222 0.6878662 0.7902222 0.69104 0.7585449 0.7382813 0.7914429 0.7626953 0.7568359 0.7382813 0.7914429 0.69104 0.7585449 0.69104 0.7585449 0.7819214 0.7244263 0.7626953 0.7568359 0.8338013 0.723999 0.7626953 0.7568359 0.7819214 0.7244263 0.7819214 0.7244263 0.8433228 0.6549683 0.8338013 0.723999 0.7819214 0.7244263 0.8338013 0.723999 0.8433228 0.6549683 0.8433228 0.6549683 0.7826538 0.6549683 0.7819214 0.7244263 0.7008057 0.7147827 0.7819214 0.7244263 0.7826538 0.6549683 0.7826538 0.6549683 0.7034912 0.6549683 0.7008057 0.7147827 0.6192627 0.7147827 0.7008057 0.7147827 0.7034912 0.6549683 0.7034912 0.6549683 0.6140747 0.6549683 0.6192627 0.7147827 0.5284424 0.7166748 0.6192627 0.7147827 0.6140747 0.6549683 0.6140747 0.6549683 0.5228272 0.6549683 0.5284424 0.7166748 0.2371215 0.4594727 0.368103 0.4944458 0.1879882 0.5668335 0.4995117 0.5214233 0.1879882 0.5668335 0.368103 0.4944458 0.368103 0.4944458 0.4995117 0.4780274 0.4995117 0.5214233 0.368103 0.4944458 0.4995117 0.5214233 0.4995117 0.4780274 0.4995117 0.4780274 0.3746338 0.4725952 0.368103 0.4944458 0.2561646 0.4429932 0.368103 0.4944458 0.3746338 0.4725952 0.3746338 0.4725952 0.3500366 0.4429321 0.2561646 0.4429932 0.2183227 0.4041748 0.2561646 0.4429932 0.3500366 0.4429321 0.3500366 0.4429321 0.2906494 0.3282471 0.2183227 0.4041748 0.2303466 0.3234253 0.2183227 0.4041748 0.2906494 0.3282471 0.2906494 0.3282471 0.3425903 0.25177 0.2303466 0.3234253 0.2879028 0.2512817 0.2303466 0.3234253 0.3425903 0.25177 0.3425903 0.25177 0.2659912 0.161499 0.2879028 0.2512817 0.1640014 0.2077026 0.2879028 0.2512817 0.2659912 0.161499 0.2659912 0.161499 0.185913 0.2453613 0.1640014 0.2077026 1.000061 0.6514282 0.892334 0.6729126 1.000061 0.6831665 0.9500733 0.7006836 1.000061 0.6831665 0.892334 0.6729126 0.892334 0.6729126 0.9271851 0.7266235 0.9500733 0.7006836 1.000061 0.7266235 0.9500733 0.7006836 0.9271851 0.7266235 0.9271851 0.7266235 0.9482422 0.7678833 1.000061 0.7266235 1.000366 0.7678833 1.000061 0.7266235 0.9482422 0.7678833 0.9482422 0.7678833 0.8837891 0.805481 1.000366 0.7678833 1.000061 0.805481 1.000366 0.7678833 0.8837891 0.805481 0.8837891 0.805481 1.000061 0.8242798 1.000061 0.805481 1.14209 0.8242798 1.000061 0.805481 1.000061 0.8242798 1.000061 0.8242798 1.000061 0.8483887 1.14209 0.8242798 1.141907 0.8483887 1.14209 0.8242798 1.000061 0.8483887 1.000061 0.8483887 1.000305 0.866272 1.141907 0.8483887 1.111206 0.866272 1.141907 0.8483887 1.000305 0.866272 0.7692871 0.1792602 0.8335571 0.1733398 0.7868042 0.2312011 0.8303833 0.2363891 0.7868042 0.2312011 0.8335571 0.1733398 0.8335571 0.1733398 0.8544922 0.1725463 0.8303833 0.2363891 0.8671875 0.2370605 0.8303833 0.2363891 0.8544922 0.1725463 0.8544922 0.1725463 0.8753662 0.1717529 0.8671875 0.2370605 0.8976441 0.1721191 0.8671875 0.2370605 0.8753662 0.1717529 0.8753662 0.1717529 0.9019775 0.1149902 0.8976441 0.1721191 0.9199219 0.1724243 0.8976441 0.1721191 0.9019775 0.1149902 0.9019775 0.1149902 0.9257813 0.1151733 0.9199219 0.1724243 0.9453125 0.1191406 0.9199219 0.1724243 0.9257813 0.1151733 0.9257813 0.1151733 0.9274292 0.05999749 0.9453125 0.1191406 0.9656372 0.06878662 0.9453125 0.1191406 0.9274292 0.05999749 0.9274292 0.05999749 0.9470825 0.03839111 0.9656372 0.06878662 0.9616699 0.03582757 0.9656372 0.06878662 0.9470825 0.03839111 -0.002441406 0.5532227 -0.002624452 0.5335083 0.04455566 0.5532227 0.0581054 0.5261841 0.04455566 0.5532227 -0.002624452 0.5335083 -0.002624452 0.5335083 0.02777099 0.5055542 0.0581054 0.5261841 0.03564453 0.473999 0.0581054 0.5261841 0.02777099 0.5055542 0.02777099 0.5055542 -0.002563416 0.5002442 0.03564453 0.473999 -0.002563416 0.4597778 0.03564453 0.473999 -0.002563416 0.5002442 -0.002563416 0.5002442 -0.03955078 0.473999 -0.002563416 0.4597778 -0.002563416 0.5002442 -0.002563416 0.4597778 -0.03955078 0.473999 -0.03955078 0.473999 -0.03301995 0.5055542 -0.002563416 0.5002442 -0.002624452 0.5335083 -0.002563416 0.5002442 -0.03301995 0.5055542 -0.03301995 0.5055542 -0.06384277 0.5261841 -0.002624452 0.5335083 -0.04852288 0.5532227 -0.002624452 0.5335083 -0.06384277 0.5261841 -0.06384277 0.5261841 -0.1080322 0.5524902 -0.04852288 0.5532227 0.7279663 0.937439 0.7024536 0.9454956 0.6416626 0.9229126 0.6029663 0.9420166 0.6416626 0.9229126 0.7024536 0.9454956 0.7024536 0.9454956 0.6739502 0.9857178 0.6029663 0.9420166 0.5896607 0.9498901 0.6029663 0.9420166 0.6739502 0.9857178 0.6739502 0.9857178 0.6557617 0.9916992 0.5896607 0.9498901 0.5474854 1.000305 0.5896607 0.9498901 0.6557617 0.9916992 0.6557617 0.9916992 0.6557617 1.009033 0.5474854 1.000305 0.5896607 1.050842 0.5474854 1.000305 0.6557617 1.009033 0.6557617 1.009033 0.6739502 1.015015 0.5896607 1.050842 0.6029663 1.058716 0.5896607 1.050842 0.6739502 1.015015 0.6739502 1.015015 0.7024536 1.055237 0.6029663 1.058716 0.6416626 1.07782 0.6029663 1.058716 0.7024536 1.055237 0.7024536 1.055237 0.7279663 1.063232 0.6416626 1.07782 -0.002441406 0.5532227 -0.002624452 0.5335083 0.04455566 0.5532227 0.0581054 0.5261841 0.04455566 0.5532227 -0.002624452 0.5335083 -0.002624452 0.5335083 0.02777099 0.5055542 0.0581054 0.5261841 0.03564453 0.473999 0.0581054 0.5261841 0.02777099 0.5055542 0.02777099 0.5055542 -0.002563416 0.5002442 0.03564453 0.473999 -0.002563416 0.4597778 0.03564453 0.473999 -0.002563416 0.5002442 -0.002563416 0.5002442 -0.03955078 0.473999 -0.002563416 0.4597778 -0.002563416 0.5002442 -0.002563416 0.4597778 -0.03955078 0.473999 -0.03955078 0.473999 -0.03301995 0.5055542 -0.002563416 0.5002442 -0.002624452 0.5335083 -0.002563416 0.5002442 -0.03301995 0.5055542 -0.03301995 0.5055542 -0.06384277 0.5261841 -0.002624452 0.5335083 -0.04852288 0.5532227 -0.002624452 0.5335083 -0.06384277 0.5261841 -0.06384277 0.5261841 -0.1080322 0.5524902 -0.04852288 0.5532227 0.1640014 0.2077026 0.2659912 0.161499 0.1776733 0.244873 0.2653809 0.2507935 0.1776733 0.244873 0.2659912 0.161499 0.2659912 0.161499 0.3670654 0.1926879 0.2653809 0.2507935 0.3425903 0.25177 0.2653809 0.2507935 0.3670654 0.1926879 0.3670654 0.1926879 0.4995117 0.2009887 0.3425903 0.25177 0.4995117 0.2452391 0.3425903 0.25177 0.4995117 0.2009887 0.4995117 0.2009887 0.3425903 0.25177 0.4995117 0.2452391 0.3627319 0.2619019 0.4995117 0.2452391 0.3425903 0.25177 0.3425903 0.25177 0.2906494 0.3282471 0.3627319 0.2619019 0.3401489 0.3192139 0.3627319 0.2619019 0.2906494 0.3282471 0.2906494 0.3282471 0.3793945 0.4032593 0.3401489 0.3192139 0.4112549 0.3861084 0.3401489 0.3192139 0.3793945 0.4032593 0.3793945 0.4032593 0.4995117 0.4098511 0.4112549 0.3861084 0.9884033 0.04547119 0.9656372 0.06878662 0.9960938 0.078125 0.9804688 0.1279907 0.9960938 0.078125 0.9656372 0.06878662 0.9656372 0.06878662 0.9648438 0.1231079 0.9804688 0.1279907 0.9793091 0.184082 0.9804688 0.1279907 0.9648438 0.1231079 0.9648438 0.1231079 0.9625244 0.1797485 0.9793091 0.184082 0.9544678 0.2435913 0.9793091 0.184082 0.9625244 0.1797485 0.9625244 0.1797485 0.9412232 0.1760864 0.9544678 0.2435913 0.9075928 0.2380371 0.9544678 0.2435913 0.9412232 0.1760864 0.9412232 0.1760864 0.9199219 0.1724243 0.9075928 0.2380371 0.8976441 0.1721191 0.9075928 0.2380371 0.9199219 0.1724243 0.9199219 0.1724243 0.9019775 0.1149902 0.8976441 0.1721191 0.8781128 0.1148681 0.8976441 0.1721191 0.9019775 0.1149902 0.9019775 0.1149902 0.8809204 0.05480957 0.8781128 0.1148681 0.2266845 0.4769898 0.09118652 0.4423218 0.1879882 0.5668335 0.009582519 0.4371948 0.1879882 0.5668335 0.09118652 0.4423218 0.09118652 0.4423218 0.01629632 0.4117432 0.009582519 0.4371948 0.09118652 0.4423218 0.009582519 0.4371948 0.01629632 0.4117432 0.01629632 0.4117432 0.0984497 0.4198608 0.09118652 0.4423218 0.2561646 0.4429932 0.09118652 0.4423218 0.0984497 0.4198608 0.0984497 0.4198608 0.2183227 0.4041748 0.2561646 0.4429932 0.3500366 0.4429321 0.2561646 0.4429932 0.2183227 0.4041748 0.2183227 0.4041748 0.2906494 0.3282471 0.3500366 0.4429321 0.3793945 0.4032593 0.3500366 0.4429321 0.2906494 0.3282471 0.2906494 0.3282471 0.3401489 0.3192139 0.3793945 0.4032593 0.4112549 0.3861084 0.3793945 0.4032593 0.3401489 0.3192139 0.3401489 0.3192139 0.3903198 0.3250733 0.4112549 0.3861084 0.01629632 0.4117432 0.1231689 0.3720703 0.0984497 0.4198608 0.2183227 0.4041748 0.0984497 0.4198608 0.1231689 0.3720703 0.1231689 0.3720703 0.2303466 0.3234253 0.2183227 0.4041748 0.2906494 0.3282471 0.2183227 0.4041748 0.2303466 0.3234253 0.2303466 0.3234253 0.3425903 0.25177 0.2906494 0.3282471 0.3627319 0.2619019 0.2906494 0.3282471 0.3425903 0.25177 0.3425903 0.25177 0.4995117 0.2452391 0.3627319 0.2619019 0.4995117 0.2705689 0.3627319 0.2619019 0.4995117 0.2452391 0.4995117 0.2452391 0.3627319 0.2619019 0.4995117 0.2705689 0.4268799 0.2845459 0.4995117 0.2705689 0.3627319 0.2619019 0.3627319 0.2619019 0.3401489 0.3192139 0.4268799 0.2845459 0.3903198 0.3250733 0.4268799 0.2845459 0.3401489 0.3192139 0.3401489 0.3192139 0.4112549 0.3861084 0.3903198 0.3250733 0.1552734 0.2091064 0.1437377 0.1428222 0.03820794 0.1370849 0.1184692 0.1082763 0.03820794 0.1370849 0.1437377 0.1428222 0.1437377 0.1428222 0.1572875 0.1082763 0.1184692 0.1082763 0.1209716 0.06665039 0.1184692 0.1082763 0.1572875 0.1082763 0.1572875 0.1082763 0.2351074 0.06665039 0.1209716 0.06665039 0.2351074 0.03186035 0.1209716 0.06665039 0.2351074 0.06665039 0.2351074 0.06665039 0.1209716 0.06665039 0.2351074 0.03186035 0.002258241 0.03186035 0.2351074 0.03186035 0.1209716 0.06665039 0.1209716 0.06665039 0.03588867 0.06750488 0.002258241 0.03186035 0.1209716 0.06665039 0.002258241 0.03186035 0.03588867 0.06750488 0.03588867 0.06750488 0.1184692 0.1082763 0.1209716 0.06665039 0.1572875 0.1082763 0.1209716 0.06665039 0.1184692 0.1082763 0.1184692 0.1082763 0.1437377 0.1428222 0.1572875 0.1082763 0.1552734 0.2091064 0.1437377 0.1428222 0.03820794 0.1370849 0.1184692 0.1082763 0.03820794 0.1370849 0.1437377 0.1428222 0.1437377 0.1428222 0.1572875 0.1082763 0.1184692 0.1082763 0.1209716 0.06665039 0.1184692 0.1082763 0.1572875 0.1082763 0.1572875 0.1082763 0.2351074 0.06665039 0.1209716 0.06665039 0.2351074 0.03186035 0.1209716 0.06665039 0.2351074 0.06665039 0.2351074 0.06665039 0.1209716 0.06665039 0.2351074 0.03186035 0.002258241 0.03186035 0.2351074 0.03186035 0.1209716 0.06665039 0.1209716 0.06665039 0.03588867 0.06750488 0.002258241 0.03186035 0.1209716 0.06665039 0.002258241 0.03186035 0.03588867 0.06750488 0.03588867 0.06750488 0.1184692 0.1082763 0.1209716 0.06665039 0.1572875 0.1082763 0.1209716 0.06665039 0.1184692 0.1082763 0.1184692 0.1082763 0.1437377 0.1428222 0.1572875 0.1082763 0.002990663 0.642334 0.0279541 0.6071777 0.06079095 0.7032471 0.1385498 0.6812134 0.06079095 0.7032471 0.0279541 0.6071777 0.0279541 0.6071777 0.2282714 0.6096192 0.1385498 0.6812134 0.310791 0.6394043 0.1385498 0.6812134 0.2282714 0.6096192 0.2282714 0.6096192 0.3172608 0.5673828 0.310791 0.6394043 0.4089966 0.5800171 0.310791 0.6394043 0.3172608 0.5673828 0.3172608 0.5673828 0.5012207 0.5263062 0.4089966 0.5800171 0.5012207 0.5826416 0.4089966 0.5800171 0.5012207 0.5263062 0.5012207 0.5263062 0.4089966 0.5800171 0.5012207 0.5826416 0.3931275 0.673523 0.5012207 0.5826416 0.4089966 0.5800171 0.4089966 0.5800171 0.310791 0.6394043 0.3931275 0.673523 0.2896729 0.7081909 0.3931275 0.673523 0.310791 0.6394043 0.310791 0.6394043 0.1385498 0.6812134 0.2896729 0.7081909 0.5980835 0.7561035 0.5826416 0.7538452 0.6038208 0.7539673 0.6050415 0.7484131 0.6038208 0.7539673 0.5826416 0.7538452 0.5826416 0.7538452 0.5778198 0.75 0.6050415 0.7484131 0.6239014 0.7296143 0.6050415 0.7484131 0.5778198 0.75 0.5778198 0.75 0.5665894 0.7285156 0.6239014 0.7296143 0.5284424 0.7166748 0.6239014 0.7296143 0.5665894 0.7285156 0.5665894 0.7285156 0.5388184 0.7318726 0.5284424 0.7166748 0.5665894 0.7285156 0.5284424 0.7166748 0.5388184 0.7318726 0.5388184 0.7318726 0.5476685 0.7522583 0.5665894 0.7285156 0.5778198 0.75 0.5665894 0.7285156 0.5476685 0.7522583 0.5476685 0.7522583 0.5826416 0.7538452 0.5778198 0.75 0.6050415 0.7484131 0.5778198 0.75 0.5826416 0.7538452 0.9456177 0.3764649 0.9555664 0.3403931 0.9104614 0.3764649 0.8606567 0.3390503 0.9104614 0.3764649 0.9555664 0.3403931 0.9555664 0.3403931 0.9075928 0.2380371 0.8606567 0.3390503 0.8671875 0.2370605 0.8606567 0.3390503 0.9075928 0.2380371 0.9075928 0.2380371 0.8976441 0.1721191 0.8671875 0.2370605 0.8753662 0.1717529 0.8671875 0.2370605 0.8976441 0.1721191 0.8976441 0.1721191 0.8781128 0.1148681 0.8753662 0.1717529 0.8584595 0.1158447 0.8753662 0.1717529 0.8781128 0.1148681 0.8781128 0.1148681 0.8809204 0.05480957 0.8584595 0.1158447 0.8417969 0.05908203 0.8584595 0.1158447 0.8809204 0.05480957 0.8809204 0.05480957 0.8439331 0.02392578 0.8417969 0.05908203 0.5974732 0.7598267 0.6030884 0.762085 0.5828247 0.7642212 0.6012573 0.769043 0.5828247 0.7642212 0.6030884 0.762085 0.6030884 0.762085 0.6123047 0.7608643 0.6012573 0.769043 0.619812 0.7647095 0.6012573 0.769043 0.6123047 0.7608643 0.6123047 0.7608643 0.6195068 0.7540894 0.619812 0.7647095 0.69104 0.7585449 0.619812 0.7647095 0.6195068 0.7540894 0.6195068 0.7540894 0.6239014 0.7296143 0.69104 0.7585449 0.7008057 0.7147827 0.69104 0.7585449 0.6239014 0.7296143 0.6239014 0.7296143 0.6192627 0.7147827 0.7008057 0.7147827 0.7034912 0.6549683 0.7008057 0.7147827 0.6192627 0.7147827 0.6192627 0.7147827 0.6140747 0.6549683 0.7034912 0.6549683 1 0.9973755 0.9037476 0.9872437 1 0.9792481 0.9559937 0.9659424 1 0.9792481 0.9037476 0.9872437 0.9037476 0.9872437 0.9349365 0.9438477 0.9559937 0.9659424 1 0.9438477 0.9559937 0.9659424 0.9349365 0.9438477 0.9349365 0.9438477 0.9475708 0.9046631 1 0.9438477 1 0.9046631 1 0.9438477 0.9475708 0.9046631 0.9475708 0.9046631 0.8909912 0.866272 1 0.9046631 1.000305 0.866272 1 0.9046631 0.8909912 0.866272 0.8909912 0.866272 1.000061 0.8483887 1.000305 0.866272 1.141907 0.8483887 1.000305 0.866272 1.000061 0.8483887 1.000061 0.8483887 1.14209 0.8242798 1.141907 0.8483887 0.2879028 0.2512817 0.2659912 0.161499 0.3425903 0.25177 0.3670654 0.1926879 0.3425903 0.25177 0.2659912 0.161499 0.2659912 0.161499 0.354065 0.1229858 0.3670654 0.1926879 0.4284058 0.1452636 0.3670654 0.1926879 0.354065 0.1229858 0.354065 0.1229858 0.4995117 0.09124755 0.4284058 0.1452636 0.4995117 0.1505737 0.4284058 0.1452636 0.4995117 0.09124755 0.4995117 0.09124755 0.4284058 0.1452636 0.4995117 0.1505737 0.3670654 0.1926879 0.4995117 0.1505737 0.4284058 0.1452636 0.4284058 0.1452636 0.354065 0.1229858 0.3670654 0.1926879 0.2659912 0.161499 0.3670654 0.1926879 0.354065 0.1229858 0.354065 0.1229858 0.3670654 0.1926879 0.2659912 0.161499 0.09222412 0.3427124 0.1617431 0.2967529 0.1231689 0.3720703 0.2149047 0.3242188 0.1231689 0.3720703 0.1617431 0.2967529 0.1617431 0.2967529 0.2879028 0.2512817 0.2149047 0.3242188 0.2792969 0.3317871 0.2149047 0.3242188 0.2879028 0.2512817 0.2879028 0.2512817 0.3425903 0.25177 0.2792969 0.3317871 0.3627319 0.2619019 0.2792969 0.3317871 0.3425903 0.25177 0.3425903 0.25177 0.4995117 0.2009887 0.3627319 0.2619019 0.4995117 0.2452391 0.3627319 0.2619019 0.4995117 0.2009887 0.4995117 0.2009887 0.3627319 0.2619019 0.4995117 0.2452391 0.4995117 0.2705689 0.4995117 0.2452391 0.3627319 0.2619019 0.3627319 0.2619019 0.4268799 0.2845459 0.4995117 0.2705689 0.009582519 0.4371948 0.09118652 0.4423218 0.1879882 0.5668335 0.2371215 0.4594727 0.1879882 0.5668335 0.09118652 0.4423218 0.09118652 0.4423218 0.2561646 0.4429932 0.2371215 0.4594727 0.368103 0.4944458 0.2371215 0.4594727 0.2561646 0.4429932 0.2561646 0.4429932 0.3746338 0.4725952 0.368103 0.4944458 0.4995117 0.4780274 0.368103 0.4944458 0.3746338 0.4725952 0.3746338 0.4725952 0.3500366 0.4429321 0.4995117 0.4780274 0.4995117 0.4526978 0.4995117 0.4780274 0.3500366 0.4429321 0.3500366 0.4429321 0.3793945 0.4032593 0.4995117 0.4526978 0.4995117 0.4098511 0.4995117 0.4526978 0.3793945 0.4032593 0.3793945 0.4032593 0.4112549 0.3861084 0.4995117 0.4098511 0.7199707 0.3776245 0.8063355 0.3764649 0.680542 0.3234253 0.7579956 0.3118286 0.680542 0.3234253 0.8063355 0.3764649 0.8063355 0.3764649 0.8606567 0.3390503 0.7579956 0.3118286 0.7598877 0.2791138 0.7579956 0.3118286 0.8606567 0.3390503 0.8606567 0.3390503 0.8303833 0.2363891 0.7598877 0.2791138 0.7868042 0.2312011 0.7598877 0.2791138 0.8303833 0.2363891 0.8303833 0.2363891 0.8335571 0.1733398 0.7868042 0.2312011 0.7692871 0.1792602 0.7868042 0.2312011 0.8335571 0.1733398 0.8335571 0.1733398 0.7975464 0.1235961 0.7692871 0.1792602 0.7322388 0.1261596 0.7692871 0.1792602 0.7975464 0.1235961 -0.08880615 0.8168945 -0.1725463 0.7788086 -0.09387207 0.7774048 -0.06524658 0.7168579 -0.09387207 0.7774048 -0.1725463 0.7788086 -0.1725463 0.7788086 -0.2401733 0.7009277 -0.06524658 0.7168579 -0.1324462 0.6801148 -0.06524658 0.7168579 -0.2401733 0.7009277 -0.2401733 0.7009277 -0.2991333 0.6512451 -0.1324462 0.6801148 -0.2279052 0.621582 -0.1324462 0.6801148 -0.2991333 0.6512451 -0.2991333 0.6512451 -0.4082642 0.5964966 -0.2279052 0.621582 -0.3308716 0.5644531 -0.2279052 0.621582 -0.4082642 0.5964966 -0.4082642 0.5964966 -0.4988403 0.5254517 -0.3308716 0.5644531 -0.2559204 0.5265503 -0.3308716 0.5644531 -0.4988403 0.5254517 0.8606567 0.3390503 0.9075928 0.2380371 0.9555664 0.3403931 0.9544678 0.2435913 0.9555664 0.3403931 0.9075928 0.2380371 0.9075928 0.2380371 0.9412232 0.1760864 0.9544678 0.2435913 0.9625244 0.1797485 0.9544678 0.2435913 0.9412232 0.1760864 0.9412232 0.1760864 0.9453125 0.1191406 0.9625244 0.1797485 0.9648438 0.1231079 0.9625244 0.1797485 0.9453125 0.1191406 0.9453125 0.1191406 0.9656372 0.06878662 0.9648438 0.1231079 0.9804688 0.1279907 0.9648438 0.1231079 0.9656372 0.06878662 0.9656372 0.06878662 0.9960938 0.078125 0.9804688 0.1279907 0.9960938 0.1328125 0.9804688 0.1279907 0.9960938 0.078125 0.1913452 0.1543579 0.1913452 0.1543579 0.1913452 0.1543579 0.1913452 0.1543579 0.1913452 0.1543579 0.1913452 0.1543579 0.1913452 0.1543579 0.1913452 0.1543579 0.1913452 0.1543579 0.1913452 0.1543579 0.1913452 0.1543579 0.1913452 0.1543579 0.1913452 0.1543579 0.1913452 0.1543579 0.1913452 0.1543579 0.1913452 0.1543579 0.1913452 0.1543579 0.1913452 0.1543579 0.1913452 0.1543579 0.1913452 0.1543579 0.1913452 0.1543579 0.1913452 0.1543579 0.1913452 0.1543579 0.1913452 0.1543579 0.1913452 0.1543579 0.1913452 0.1543579 0.1913452 0.1543579 0.7199707 0.3776245 0.680542 0.3234253 0.8063355 0.3764649 0.7579956 0.3118286 0.8063355 0.3764649 0.680542 0.3234253 0.680542 0.3234253 0.6937256 0.2886353 0.7579956 0.3118286 0.7598877 0.2791138 0.7579956 0.3118286 0.6937256 0.2886353 0.6937256 0.2886353 0.7106323 0.2468261 0.7598877 0.2791138 0.732605 0.2235107 0.7598877 0.2791138 0.7106323 0.2468261 0.7106323 0.2468261 0.6802368 0.217041 0.732605 0.2235107 0.7075195 0.1940917 0.732605 0.2235107 0.6802368 0.217041 0.6802368 0.217041 0.6593628 0.1941528 0.7075195 0.1940917 0.0625 0.9375 0.0703125 1 0.08984375 1 0.0625 0.9375 0.08984375 1 0.0703125 1 0.0703125 1 0.046875 0.953125 0.0625 0.9375 0 0.9317017 0.0625 0.9375 0.046875 0.953125 0.046875 0.953125 0 1 0 0.9317017 0.046875 0.953125 0 0.9317017 0 1 0 1 0.0703125 1 0.046875 0.953125 0.0625 0.9375 0.046875 0.953125 0.0703125 1 0.0703125 1 0.08984375 1 0.0625 0.9375 0.4995117 0.5214233 0.368103 0.4944458 0.1879882 0.5668335 0.2371215 0.4594727 0.1879882 0.5668335 0.368103 0.4944458 0.368103 0.4944458 0.2561646 0.4429932 0.2371215 0.4594727 0.09118652 0.4423218 0.2371215 0.4594727 0.2561646 0.4429932 0.2561646 0.4429932 0.0984497 0.4198608 0.09118652 0.4423218 0.01629632 0.4117432 0.09118652 0.4423218 0.0984497 0.4198608 0.0984497 0.4198608 0.1231689 0.3720703 0.01629632 0.4117432 0.0190429 0.3889771 0.01629632 0.4117432 0.1231689 0.3720703 0.1231689 0.3720703 0.02148437 0.3629761 0.0190429 0.3889771 0.7821655 0.447937 0.8036499 0.4885254 0.939148 0.447937 0.9300537 0.4885254 0.939148 0.447937 0.8036499 0.4885254 0.8036499 0.4885254 0.8095703 0.5308228 0.9300537 0.4885254 0.9208374 0.5308228 0.9300537 0.4885254 0.8095703 0.5308228 0.8095703 0.5308228 0.8043823 0.5683594 0.9208374 0.5308228 0.9299927 0.5683594 0.9208374 0.5308228 0.8043823 0.5683594 0.8043823 0.5683594 0.7857056 0.5961304 0.9299927 0.5683594 0.9535523 0.5961304 0.9299927 0.5683594 0.7857056 0.5961304 0.7857056 0.5961304 0.7784424 0.6472778 0.9535523 0.5961304 0 0.9082031 0 0.9317017 0.0625 0.9375 0.046875 0.953125 0.0625 0.9375 0 0.9317017 0 0.9317017 0 1 0.046875 0.953125 0.0703125 1 0.046875 0.953125 0 1 0 1 0.046875 0.953125 0.0703125 1 0.0625 0.9375 0.0703125 1 0.046875 0.953125 0.046875 0.953125 0 0.9317017 0.0625 0.9375 0 0.9082031 0.0625 0.9375 0 0.9317017 0 0.9317017 0.0625 0.9375 0 0.9082031 -0.4988403 0.671875 -0.4988403 0.734375 -0.4092407 0.6707764 -0.3621216 0.7246094 -0.4092407 0.6707764 -0.4988403 0.734375 -0.4988403 0.734375 -0.4988403 0.774231 -0.3621216 0.7246094 -0.3621216 0.78125 -0.3621216 0.7246094 -0.4988403 0.774231 -0.4988403 0.774231 -0.3572998 0.8505859 -0.3621216 0.78125 -0.1725463 0.7788086 -0.3621216 0.78125 -0.3572998 0.8505859 -0.3572998 0.8505859 -0.1759033 0.8366089 -0.1725463 0.7788086 -0.08880615 0.8168945 -0.1725463 0.7788086 -0.1759033 0.8366089 -0.1759033 0.8366089 -0.05743408 0.859375 -0.08880615 0.8168945 0.7626953 0.7568359 0.8338013 0.723999 0.8015137 0.789917 0.7626953 0.7568359 0.8015137 0.789917 0.8338013 0.723999 0.8338013 0.723999 0.7819214 0.7244263 0.7626953 0.7568359 0.69104 0.7585449 0.7626953 0.7568359 0.7819214 0.7244263 0.7819214 0.7244263 0.7008057 0.7147827 0.69104 0.7585449 0.6239014 0.7296143 0.69104 0.7585449 0.7008057 0.7147827 0.7008057 0.7147827 0.6192627 0.7147827 0.6239014 0.7296143 0.5284424 0.7166748 0.6239014 0.7296143 0.6192627 0.7147827 0.6514282 0.8337402 0.6478882 0.8967896 0.6646729 0.8337402 0.673645 0.8977051 0.6646729 0.8337402 0.6478882 0.8967896 0.6478882 0.8967896 0.6474609 0.9089356 0.673645 0.8977051 0.6478882 0.8967896 0.673645 0.8977051 0.6474609 0.9089356 0.6474609 0.9089356 0.6242676 0.897583 0.6478882 0.8967896 0.6379395 0.8337402 0.6478882 0.8967896 0.6242676 0.897583 0.6242676 0.897583 0.6478882 0.8967896 0.6379395 0.8337402 0.6514282 0.8337402 0.6379395 0.8337402 0.6478882 0.8967896 0.6494751 0.868103 0.6478882 0.8967896 0.6304932 0.8685913 0.6242676 0.897583 0.6304932 0.8685913 0.6478882 0.8967896 0.6478882 0.8967896 0.6474609 0.9089356 0.6242676 0.897583 0.6478882 0.8967896 0.6242676 0.897583 0.6474609 0.9089356 0.6474609 0.9089356 0.673645 0.8977051 0.6478882 0.8967896 0.6695557 0.8686524 0.6478882 0.8967896 0.673645 0.8977051 0.673645 0.8977051 0.6478882 0.8967896 0.6695557 0.8686524 0.6494751 0.868103 0.6695557 0.8686524 0.6478882 0.8967896 0.6498413 0.8624268 0.6478882 0.8967896 0.6317139 0.8627319 0.6242676 0.897583 0.6317139 0.8627319 0.6478882 0.8967896 0.6478882 0.8967896 0.6474609 0.9089356 0.6242676 0.897583 0.6478882 0.8967896 0.6242676 0.897583 0.6474609 0.9089356 0.6474609 0.9089356 0.673645 0.8977051 0.6478882 0.8967896 0.6687622 0.862793 0.6478882 0.8967896 0.673645 0.8977051 0.673645 0.8977051 0.6478882 0.8967896 0.6687622 0.862793 0.6498413 0.8624268 0.6687622 0.862793 0.6478882 0.8967896 0.619812 0.7647095 0.625061 0.7993775 0.69104 0.7585449 0.6878662 0.7902222 0.69104 0.7585449 0.625061 0.7993775 0.625061 0.7993775 0.6742554 0.8155518 0.6878662 0.7902222 0.7382813 0.7914429 0.6878662 0.7902222 0.6742554 0.8155518 0.6742554 0.8155518 0.7228394 0.8231812 0.7382813 0.7914429 0.8015137 0.789917 0.7382813 0.7914429 0.7228394 0.8231812 0.7228394 0.8231812 0.7382813 0.7914429 0.8015137 0.789917 0.7626953 0.7568359 0.8015137 0.789917 0.7382813 0.7914429 0.2351074 0.06665039 0.1572875 0.1082763 0.1209716 0.06665039 0.1184692 0.1082763 0.1209716 0.06665039 0.1572875 0.1082763 0.1572875 0.1082763 0.1437377 0.1428222 0.1184692 0.1082763 0.03820794 0.1370849 0.1184692 0.1082763 0.1437377 0.1428222 0.1437377 0.1428222 0.1552734 0.2091064 0.03820794 0.1370849 0.002258241 0.2226562 0.03820794 0.1370849 0.1552734 0.2091064 0.1552734 0.2091064 0.002258241 0.2588501 0.002258241 0.2226562 0.1453247 0.2393188 0.002258241 0.2226562 0.002258241 0.2588501 0.1913452 0.1543579 0.1913452 0.1543579 0.1913452 0.1543579 0.1913452 0.1543579 0.1913452 0.1543579 0.1913452 0.1543579 0.1913452 0.1543579 0.1913452 0.1543579 0.1913452 0.1543579 0.1913452 0.1543579 0.1913452 0.1543579 0.1913452 0.1543579 0.1913452 0.1543579 0.1913452 0.1543579 0.1913452 0.1543579 0.1913452 0.1543579 0.1913452 0.1543579 0.1913452 0.1543579 0.1913452 0.1543579 0.1913452 0.1543579 0.1913452 0.1543579 0.1913452 0.1543579 0.1913452 0.1543579 0.1913452 0.1543579 0.5267334 0.3667603 0.5175781 0.3449707 0.5980835 0.3552246 0.6016846 0.3344727 0.5980835 0.3552246 0.5175781 0.3449707 0.5175781 0.3449707 0.5553589 0.3171387 0.6016846 0.3344727 0.59198 0.2835083 0.6016846 0.3344727 0.5553589 0.3171387 0.5553589 0.3171387 0.5446777 0.2644043 0.59198 0.2835083 0.5857544 0.2641602 0.59198 0.2835083 0.5446777 0.2644043 0.5446777 0.2644043 0.5896607 0.2193603 0.5857544 0.2641602 0.6349487 0.2403564 0.5857544 0.2641602 0.5896607 0.2193603 1.042847 0.9659424 1 0.9438477 1.066772 0.9438477 1.052429 0.9046631 1.066772 0.9438477 1 0.9438477 1 0.9438477 1 0.9046631 1.052429 0.9046631 1.111206 0.866272 1.052429 0.9046631 1 0.9046631 1 0.9046631 1.000305 0.866272 1.111206 0.866272 1.000061 0.8483887 1.111206 0.866272 1.000305 0.866272 1.000305 0.866272 0.8570557 0.8483887 1.000061 0.8483887 0.8570557 0.8242798 1.000061 0.8483887 0.8570557 0.8483887 1.122009 0.9046631 1.111206 0.866272 1.052429 0.9046631 1 0.9046631 1.052429 0.9046631 1.111206 0.866272 1.111206 0.866272 1.000305 0.866272 1 0.9046631 0.8909912 0.866272 1 0.9046631 1.000305 0.866272 1.000305 0.866272 1.000061 0.8483887 0.8909912 0.866272 0.8570557 0.8483887 0.8909912 0.866272 1.000061 0.8483887 1.000061 0.8483887 0.8570557 0.8242798 0.8570557 0.8483887 1.129395 0.9438477 1.066772 0.9438477 1.095215 0.9863892 1.042847 0.9659424 1.095215 0.9863892 1.066772 0.9438477 1.066772 0.9438477 1 0.9438477 1.042847 0.9659424 1 0.9792481 1.042847 0.9659424 1 0.9438477 1 0.9438477 0.9559937 0.9659424 1 0.9792481 0.9037476 0.9872437 1 0.9792481 0.9559937 0.9659424 0.9559937 0.9659424 0.9349365 0.9438477 0.9037476 0.9872437 0.1913452 0.1543579 0.1913452 0.1543579 0.1913452 0.1543579 0.1913452 0.1543579 0.1913452 0.1543579 0.1913452 0.1543579 0.1913452 0.1543579 0.1913452 0.1543579 0.1913452 0.1543579 0.1913452 0.1543579 0.1913452 0.1543579 0.1913452 0.1543579 0.1913452 0.1543579 0.1913452 0.1543579 0.1913452 0.1543579 0.1913452 0.1543579 0.1913452 0.1543579 0.1913452 0.1543579 0.1913452 0.1543579 0.1913452 0.1543579 0.1913452 0.1543579 0.7524414 0.3914795 0.7821655 0.447937 0.9567871 0.3914795 0.939148 0.447937 0.9567871 0.3914795 0.7821655 0.447937 0.7821655 0.447937 0.8036499 0.4885254 0.939148 0.447937 0.9300537 0.4885254 0.939148 0.447937 0.8036499 0.4885254 0.8036499 0.4885254 0.9208374 0.5308228 0.9300537 0.4885254 0.8095703 0.5308228 0.9300537 0.4885254 0.9208374 0.5308228 0.9208374 0.5308228 0.8043823 0.5683594 0.8095703 0.5308228 0.1913452 0.1543579 0.1913452 0.1543579 0.1913452 0.1543579 0.1913452 0.1543579 0.1913452 0.1543579 0.1913452 0.1543579 0.1913452 0.1543579 0.1913452 0.1543579 0.1913452 0.1543579 0.1913452 0.1543579 0.1913452 0.1543579 0.1913452 0.1543579 0.1913452 0.1543579 0.1913452 0.1543579 0.1913452 0.1543579 0.1913452 0.1543579 0.1913452 0.1543579 0.1913452 0.1543579 0.1913452 0.1543579 0.1913452 0.1543579 0.1913452 0.1543579 0.3931275 0.673523 0.5012207 0.6912842 0.5012207 0.5826416 0.3931275 0.673523 0.5012207 0.5826416 0.5012207 0.6912842 0.5012207 0.6912842 0.3747559 0.7319946 0.3931275 0.673523 0.2896729 0.7081909 0.3931275 0.673523 0.3747559 0.7319946 0.3747559 0.7319946 0.1777343 0.8128052 0.2896729 0.7081909 0.08789062 0.770874 0.2896729 0.7081909 0.1777343 0.8128052 0.1777343 0.8128052 0.06420898 0.8279419 0.08789062 0.770874 0.2659912 0.161499 0.2653809 0.2507935 0.3670654 0.1926879 0.3425903 0.25177 0.3670654 0.1926879 0.2653809 0.2507935 0.2653809 0.2507935 0.2792969 0.3317871 0.3425903 0.25177 0.3627319 0.2619019 0.3425903 0.25177 0.2792969 0.3317871 0.2792969 0.3317871 0.3162232 0.3347168 0.3627319 0.2619019 0.4268799 0.2845459 0.3627319 0.2619019 0.3162232 0.3347168 0.3162232 0.3347168 0.4041748 0.3345337 0.4268799 0.2845459 0.2792969 0.3317871 0.3512573 0.4058838 0.3162232 0.3347168 0.3862305 0.3961182 0.3162232 0.3347168 0.3512573 0.4058838 0.3512573 0.4058838 0.4995117 0.4362183 0.3862305 0.3961182 0.4995117 0.3901367 0.3862305 0.3961182 0.4995117 0.4362183 0.4995117 0.4362183 0.3862305 0.3961182 0.4995117 0.3901367 0.437439 0.3826904 0.4995117 0.3901367 0.3862305 0.3961182 0.3862305 0.3961182 0.4041748 0.3345337 0.437439 0.3826904 0.8043823 0.5683594 0.9208374 0.5308228 0.8095703 0.5308228 0.8036499 0.4885254 0.8095703 0.5308228 0.9208374 0.5308228 0.9208374 0.5308228 0.9300537 0.4885254 0.8036499 0.4885254 0.7821655 0.447937 0.8036499 0.4885254 0.9300537 0.4885254 0.9300537 0.4885254 0.939148 0.447937 0.7821655 0.447937 0.7524414 0.3914795 0.7821655 0.447937 0.939148 0.447937 0.939148 0.447937 0.9567871 0.3914795 0.7524414 0.3914795 1.044434 0.7006836 1.072876 0.7266235 1.110535 0.6741943 1.142273 0.7266235 1.110535 0.6741943 1.072876 0.7266235 1.072876 0.7266235 1.13446 0.7678833 1.142273 0.7266235 1.072876 0.7266235 1.142273 0.7266235 1.13446 0.7678833 1.13446 0.7678833 1.050903 0.7678833 1.072876 0.7266235 1.000061 0.7266235 1.072876 0.7266235 1.050903 0.7678833 1.050903 0.7678833 1.000366 0.7678833 1.000061 0.7266235 0.02777099 0.5055542 -0.002624452 0.5335083 -0.002563416 0.5002442 -0.03301995 0.5055542 -0.002563416 0.5002442 -0.002624452 0.5335083 -0.002624452 0.5335083 -0.06384277 0.5261841 -0.03301995 0.5055542 -0.03955078 0.473999 -0.03301995 0.5055542 -0.06384277 0.5261841 -0.06384277 0.5261841 -0.1106567 0.5261841 -0.03955078 0.473999 -0.06384277 0.5261841 -0.03955078 0.473999 -0.1106567 0.5261841 -0.1106567 0.5261841 -0.1080322 0.5524902 -0.06384277 0.5261841 0.9500733 0.7006836 1.000061 0.7266235 1.000061 0.6831665 1.044434 0.7006836 1.000061 0.6831665 1.000061 0.7266235 1.000061 0.7266235 1.072876 0.7266235 1.044434 0.7006836 1.110535 0.6741943 1.044434 0.7006836 1.072876 0.7266235 1.072876 0.7266235 1.142273 0.7266235 1.110535 0.6741943 1.072876 0.7266235 1.110535 0.6741943 1.142273 0.7266235 1.142273 0.7266235 1.13446 0.7678833 1.072876 0.7266235 0.04455566 0.5532227 0.0581054 0.5261841 0.1038208 0.5540772 0.1051025 0.5261841 0.1038208 0.5540772 0.0581054 0.5261841 0.0581054 0.5261841 0.03564453 0.473999 0.1051025 0.5261841 0.0581054 0.5261841 0.1051025 0.5261841 0.03564453 0.473999 0.03564453 0.473999 0.02777099 0.5055542 0.0581054 0.5261841 -0.002624452 0.5335083 0.0581054 0.5261841 0.02777099 0.5055542 0.02777099 0.5055542 -0.002563416 0.5002442 -0.002624452 0.5335083 0.8036499 0.4885254 0.9208374 0.5308228 0.8095703 0.5308228 0.8043823 0.5683594 0.8095703 0.5308228 0.9208374 0.5308228 0.9208374 0.5308228 0.9299927 0.5683594 0.8043823 0.5683594 0.7857056 0.5961304 0.8043823 0.5683594 0.9299927 0.5683594 0.9299927 0.5683594 0.9535523 0.5961304 0.7857056 0.5961304 0.7784424 0.6472778 0.7857056 0.5961304 0.9535523 0.5961304 0.9535523 0.5961304 0.9606934 0.6472778 0.7784424 0.6472778 0.02777099 0.5055542 -0.002624452 0.5335083 -0.002563416 0.5002442 -0.03301995 0.5055542 -0.002563416 0.5002442 -0.002624452 0.5335083 -0.002624452 0.5335083 -0.06384277 0.5261841 -0.03301995 0.5055542 -0.03955078 0.473999 -0.03301995 0.5055542 -0.06384277 0.5261841 -0.06384277 0.5261841 -0.1106567 0.5261841 -0.03955078 0.473999 -0.06384277 0.5261841 -0.03955078 0.473999 -0.1106567 0.5261841 -0.1106567 0.5261841 -0.1080322 0.5524902 -0.06384277 0.5261841 1.000061 0.6514282 1.000061 0.6831665 0.892334 0.6729126 0.9500733 0.7006836 0.892334 0.6729126 1.000061 0.6831665 1.000061 0.6831665 1.000061 0.7266235 0.9500733 0.7006836 0.9271851 0.7266235 0.9500733 0.7006836 1.000061 0.7266235 1.000061 0.7266235 0.9482422 0.7678833 0.9271851 0.7266235 0.8686524 0.7678833 0.9271851 0.7266235 0.9482422 0.7678833 0.9482422 0.7678833 0.8837891 0.805481 0.8686524 0.7678833 0.9559937 0.9659424 1 0.9792481 1 0.9438477 1.042847 0.9659424 1 0.9438477 1 0.9792481 1 0.9792481 1.095215 0.9863892 1.042847 0.9659424 1.066772 0.9438477 1.042847 0.9659424 1.095215 0.9863892 1.095215 0.9863892 1.129395 0.9438477 1.066772 0.9438477 1.122009 0.9046631 1.066772 0.9438477 1.129395 0.9438477 1.129395 0.9438477 1.066772 0.9438477 1.122009 0.9046631 0.1209716 0.06665039 0.2351074 0.06665039 0.2351074 0.03186035 0.1209716 0.06665039 0.2351074 0.03186035 0.2351074 0.06665039 0.2351074 0.06665039 0.1572875 0.1082763 0.1209716 0.06665039 0.1184692 0.1082763 0.1209716 0.06665039 0.1572875 0.1082763 0.1572875 0.1082763 0.1437377 0.1428222 0.1184692 0.1082763 0.03820794 0.1370849 0.1184692 0.1082763 0.1437377 0.1428222 0.1617431 0.2967529 0.09222412 0.3427124 0.1231689 0.3720703 0.0190429 0.3889771 0.1231689 0.3720703 0.09222412 0.3427124 0.09222412 0.3427124 0.02148437 0.3629761 0.0190429 0.3889771 0.1231689 0.3720703 0.0190429 0.3889771 0.02148437 0.3629761 0.02148437 0.3629761 0.09222412 0.3427124 0.1231689 0.3720703 0.1617431 0.2967529 0.1231689 0.3720703 0.09222412 0.3427124 0.9606934 0.6472778 0.7784424 0.6472778 0.9535523 0.5961304 0.7857056 0.5961304 0.9535523 0.5961304 0.7784424 0.6472778 0.7784424 0.6472778 0.9606934 0.6472778 0.7857056 0.5961304 0.9535523 0.5961304 0.7857056 0.5961304 0.9606934 0.6472778 0.9606934 0.6472778 0.7784424 0.6472778 0.9535523 0.5961304 0.7857056 0.5961304 0.9535523 0.5961304 0.7784424 0.6472778 0.5526733 0.6464844 0.607605 0.6464844 0.56427 0.5961304 0.6115112 0.5961304 0.56427 0.5961304 0.607605 0.6464844 0.607605 0.6464844 0.6948242 0.6464844 0.6115112 0.5961304 0.6893311 0.5961304 0.6115112 0.5961304 0.6948242 0.6464844 0.6948242 0.6464844 0.7483521 0.6464844 0.6893311 0.5961304 0.7384644 0.5961304 0.6893311 0.5961304 0.7483521 0.6464844 0.6201782 0.1149291 0.6487427 0.1217041 0.5906983 0.137207 0.6485596 0.1387939 0.5906983 0.137207 0.6487427 0.1217041 0.6487427 0.1217041 0.687439 0.1224974 0.6485596 0.1387939 0.6855469 0.1384277 0.6485596 0.1387939 0.687439 0.1224974 0.687439 0.1224974 0.7061768 0.1362915 0.6855469 0.1384277 0.6931152 0.1682739 0.6855469 0.1384277 0.7061768 0.1362915 0.2351074 0.03186035 0.1209716 0.06665039 0.002258241 0.03186035 0.03588867 0.06750488 0.002258241 0.03186035 0.1209716 0.06665039 0.1209716 0.06665039 0.1184692 0.1082763 0.03588867 0.06750488 0.04516595 0.1082763 0.03588867 0.06750488 0.1184692 0.1082763 0.1184692 0.1082763 0.03820794 0.1370849 0.04516595 0.1082763 0.1184692 0.1082763 0.04516595 0.1082763 0.03820794 0.1370849 0.2896729 0.7081909 0.3747559 0.7319946 0.3931275 0.673523 0.5012207 0.6912842 0.3931275 0.673523 0.3747559 0.7319946 0.3747559 0.7319946 0.5012207 0.7209473 0.5012207 0.6912842 0.3747559 0.7319946 0.5012207 0.6912842 0.5012207 0.7209473 0.5012207 0.7209473 0.5012207 0.7728882 0.3747559 0.7319946 0.3556519 0.8508911 0.3747559 0.7319946 0.5012207 0.7728882 0.9257813 0.1151733 0.9019775 0.1149902 0.9274292 0.05999749 0.8809204 0.05480957 0.9274292 0.05999749 0.9019775 0.1149902 0.9019775 0.1149902 0.8781128 0.1148681 0.8809204 0.05480957 0.8584595 0.1158447 0.8809204 0.05480957 0.8781128 0.1148681 0.8781128 0.1148681 0.8753662 0.1717529 0.8584595 0.1158447 0.8544922 0.1725463 0.8584595 0.1158447 0.8753662 0.1717529 0.2351074 0.06665039 0.1572875 0.1082763 0.1209716 0.06665039 0.1184692 0.1082763 0.1209716 0.06665039 0.1572875 0.1082763 0.1572875 0.1082763 0.1437377 0.1428222 0.1184692 0.1082763 0.03820794 0.1370849 0.1184692 0.1082763 0.1437377 0.1428222 0.1437377 0.1428222 0.1552734 0.2091064 0.03820794 0.1370849 0.002258241 0.2226562 0.03820794 0.1370849 0.1552734 0.2091064 0.7868042 0.2312011 0.8303833 0.2363891 0.7598877 0.2791138 0.8606567 0.3390503 0.7598877 0.2791138 0.8303833 0.2363891 0.8303833 0.2363891 0.8671875 0.2370605 0.8606567 0.3390503 0.9075928 0.2380371 0.8606567 0.3390503 0.8671875 0.2370605 0.8671875 0.2370605 0.8976441 0.1721191 0.9075928 0.2380371 0.9199219 0.1724243 0.9075928 0.2380371 0.8976441 0.1721191 -0.002563416 0.4597778 -0.002563416 0.5002442 0.03564453 0.473999 0.02777099 0.5055542 0.03564453 0.473999 -0.002563416 0.5002442 -0.002563416 0.5002442 -0.002624452 0.5335083 0.02777099 0.5055542 0.0581054 0.5261841 0.02777099 0.5055542 -0.002624452 0.5335083 -0.002624452 0.5335083 0.04455566 0.5532227 0.0581054 0.5261841 0.1038208 0.5540772 0.0581054 0.5261841 0.04455566 0.5532227 -0.4092407 0.6707764 -0.4988403 0.6035767 -0.4082642 0.5964966 -0.4988403 0.5254517 -0.4082642 0.5964966 -0.4988403 0.6035767 -0.4988403 0.6035767 -0.4082642 0.5964966 -0.4988403 0.5254517 -0.3308716 0.5644531 -0.4988403 0.5254517 -0.4082642 0.5964966 -0.4082642 0.5964966 -0.2279052 0.621582 -0.3308716 0.5644531 -0.2559204 0.5265503 -0.3308716 0.5644531 -0.2279052 0.621582 0.1850585 0.4017334 0.2374877 0.4398804 0.2792969 0.3317871 0.3512573 0.4058838 0.2792969 0.3317871 0.2374877 0.4398804 0.2374877 0.4398804 0.3746338 0.4725952 0.3512573 0.4058838 0.4995117 0.4780274 0.3512573 0.4058838 0.3746338 0.4725952 0.3746338 0.4725952 0.4995117 0.5214233 0.4995117 0.4780274 0.3746338 0.4725952 0.4995117 0.4780274 0.4995117 0.5214233 0.5526733 0.6464844 0.56427 0.5961304 0.607605 0.6464844 0.6115112 0.5961304 0.607605 0.6464844 0.56427 0.5961304 0.56427 0.5961304 0.598999 0.567688 0.6115112 0.5961304 0.6893311 0.5961304 0.6115112 0.5961304 0.598999 0.567688 0.598999 0.567688 0.6956177 0.567688 0.6893311 0.5961304 0.7384644 0.5961304 0.6893311 0.5961304 0.6956177 0.567688 0.5012207 0.5826416 0.3931275 0.673523 0.4089966 0.5800171 0.310791 0.6394043 0.4089966 0.5800171 0.3931275 0.673523 0.3931275 0.673523 0.2896729 0.7081909 0.310791 0.6394043 0.1385498 0.6812134 0.310791 0.6394043 0.2896729 0.7081909 0.2896729 0.7081909 0.08789062 0.770874 0.1385498 0.6812134 0.06079095 0.7032471 0.1385498 0.6812134 0.08789062 0.770874 0.5012207 0.8647461 0.3556519 0.8508911 0.5012207 0.9178467 0.3574829 0.8984985 0.5012207 0.9178467 0.3556519 0.8508911 0.3556519 0.8508911 0.1783447 0.8661499 0.3574829 0.8984985 0.2238769 0.9013672 0.3574829 0.8984985 0.1783447 0.8661499 0.1783447 0.8661499 0.09533691 0.9175415 0.2238769 0.9013672 0.2049559 0.9651489 0.2238769 0.9013672 0.09533691 0.9175415 0.046875 0.953125 0.0703125 1 0 1 0.046875 0.953125 0 1 0.0703125 1 0.0703125 1 0.0625 0.9375 0.046875 0.953125 0 0.9317017 0.046875 0.953125 0.0625 0.9375 0.0625 0.9375 0 0.9082031 0 0.9317017 0.0625 0.9375 0 0.9317017 0 0.9082031 0.7918091 0.8356934 0.8391724 0.8684082 0.7457886 0.8684082 0.7322388 0.8915405 0.7457886 0.8684082 0.8391724 0.8684082 0.8391724 0.8684082 0.8554688 0.8915405 0.7322388 0.8915405 0.7330322 0.9174194 0.7322388 0.8915405 0.8554688 0.8915405 0.8554688 0.8915405 0.8556519 0.9174194 0.7330322 0.9174194 0.8391724 0.9424439 0.7330322 0.9174194 0.8556519 0.9174194 -0.3856812 0.953125 -0.4988403 0.9589233 -0.4112549 1.007019 -0.3856812 0.953125 -0.4112549 1.007019 -0.4988403 0.9589233 -0.4988403 0.9589233 -0.3649292 0.9121094 -0.3856812 0.953125 -0.2175903 0.9043579 -0.3856812 0.953125 -0.3649292 0.9121094 -0.3649292 0.9121094 -0.1759033 0.8366089 -0.2175903 0.9043579 -0.05743408 0.859375 -0.2175903 0.9043579 -0.1759033 0.8366089 -0.3572998 0.8505859 -0.3649292 0.9121094 -0.1759033 0.8366089 -0.2175903 0.9043579 -0.1759033 0.8366089 -0.3649292 0.9121094 -0.3649292 0.9121094 -0.3856812 0.953125 -0.2175903 0.9043579 -0.2879028 0.9481812 -0.2175903 0.9043579 -0.3856812 0.953125 -0.3856812 0.953125 -0.4112549 1.007019 -0.2879028 0.9481812 -0.2134399 0.9646607 -0.2879028 0.9481812 -0.4112549 1.007019 0.7918091 0.9744873 0.8391724 0.9424439 0.7457886 0.9424439 0.7330322 0.9174194 0.7457886 0.9424439 0.8391724 0.9424439 0.8391724 0.9424439 0.8556519 0.9174194 0.7330322 0.9174194 0.7322388 0.8915405 0.7330322 0.9174194 0.8556519 0.9174194 0.8556519 0.9174194 0.8554688 0.8915405 0.7322388 0.8915405 0.8391724 0.8684082 0.7322388 0.8915405 0.8554688 0.8915405 0.8043823 0.5683594 0.9208374 0.5308228 0.8095703 0.5308228 0.8036499 0.4885254 0.8095703 0.5308228 0.9208374 0.5308228 0.9208374 0.5308228 0.9300537 0.4885254 0.8036499 0.4885254 0.939148 0.447937 0.8036499 0.4885254 0.9300537 0.4885254 0.9300537 0.4885254 0.7821655 0.447937 0.939148 0.447937 0.7524414 0.3914795 0.939148 0.447937 0.7821655 0.447937 0.1913452 0.1543579 0.1913452 0.1543579 0.1913452 0.1543579 0.1913452 0.1543579 0.1913452 0.1543579 0.1913452 0.1543579 0.1913452 0.1543579 0.1913452 0.1543579 0.1913452 0.1543579 0.1913452 0.1543579 0.1913452 0.1543579 0.1913452 0.1543579 0.1913452 0.1543579 0.1913452 0.1543579 0.1913452 0.1543579 0.1913452 0.1543579 0.1913452 0.1543579 0.1913452 0.1543579 0.2351074 0.03186035 0.002258241 0.03186035 0.1209716 0.06665039 0.03588867 0.06750488 0.1209716 0.06665039 0.002258241 0.03186035 0.002258241 0.03186035 0.1209716 0.06665039 0.03588867 0.06750488 0.1184692 0.1082763 0.03588867 0.06750488 0.1209716 0.06665039 0.1209716 0.06665039 0.1572875 0.1082763 0.1184692 0.1082763 0.1437377 0.1428222 0.1184692 0.1082763 0.1572875 0.1082763 0.9559937 0.9659424 1 0.9792481 0.9037476 0.9872437 1 0.9973755 0.9037476 0.9872437 1 0.9792481 1 0.9792481 1.095215 0.9863892 1 0.9973755 1 0.9792481 1 0.9973755 1.095215 0.9863892 1.095215 0.9863892 1.042847 0.9659424 1 0.9792481 0.8686524 0.9438477 0.8790283 0.9046631 0.9349365 0.9438477 0.9475708 0.9046631 0.9349365 0.9438477 0.8790283 0.9046631 0.8790283 0.9046631 0.8909912 0.866272 0.9475708 0.9046631 1 0.9046631 0.9475708 0.9046631 0.8909912 0.866272 0.8909912 0.866272 1.000305 0.866272 1 0.9046631 0.687439 0.1224974 0.6855469 0.1384277 0.7061768 0.1362915 0.6931152 0.1682739 0.7061768 0.1362915 0.6855469 0.1384277 0.6855469 0.1384277 0.6485596 0.1387939 0.6931152 0.1682739 0.6481934 0.1785888 0.6931152 0.1682739 0.6485596 0.1387939 0.6485596 0.1387939 0.5906983 0.137207 0.6481934 0.1785888 0.6557617 0.9916992 0.6739502 0.9857178 0.5896607 0.9498901 0.6029663 0.9420166 0.5896607 0.9498901 0.6739502 0.9857178 0.6739502 0.9857178 0.7024536 0.9454956 0.6029663 0.9420166 0.6416626 0.9229126 0.6029663 0.9420166 0.7024536 0.9454956 0.7024536 0.9454956 0.7279663 0.937439 0.6416626 0.9229126 0.2561646 0.4429932 0.2183227 0.4041748 0.0984497 0.4198608 0.1231689 0.3720703 0.0984497 0.4198608 0.2183227 0.4041748 0.2183227 0.4041748 0.2303466 0.3234253 0.1231689 0.3720703 0.1617431 0.2967529 0.1231689 0.3720703 0.2303466 0.3234253 0.2303466 0.3234253 0.185913 0.2453613 0.1617431 0.2967529 0.1453247 0.2393188 0.1552734 0.2091064 0.002258241 0.2588501 0.002258241 0.2226562 0.002258241 0.2588501 0.1552734 0.2091064 0.1552734 0.2091064 0.03820794 0.1370849 0.002258241 0.2226562 0.1552734 0.2091064 0.002258241 0.2226562 0.03820794 0.1370849 0.03820794 0.1370849 0.1437377 0.1428222 0.1552734 0.2091064 0.02777099 0.5055542 0.0581054 0.5261841 0.03564453 0.473999 0.1051025 0.5261841 0.03564453 0.473999 0.0581054 0.5261841 0.0581054 0.5261841 0.1038208 0.5540772 0.1051025 0.5261841 0.0581054 0.5261841 0.1051025 0.5261841 0.1038208 0.5540772 0.1038208 0.5540772 0.04455566 0.5532227 0.0581054 0.5261841 0.1437377 0.1428222 0.03820794 0.1370849 0.1184692 0.1082763 0.04516595 0.1082763 0.1184692 0.1082763 0.03820794 0.1370849 0.03820794 0.1370849 0.1184692 0.1082763 0.04516595 0.1082763 0.03588867 0.06750488 0.04516595 0.1082763 0.1184692 0.1082763 0.1184692 0.1082763 0.1209716 0.06665039 0.03588867 0.06750488 0.1209716 0.06665039 0.1184692 0.1082763 0.03588867 0.06750488 0.04516595 0.1082763 0.03588867 0.06750488 0.1184692 0.1082763 0.1184692 0.1082763 0.03820794 0.1370849 0.04516595 0.1082763 0.1184692 0.1082763 0.04516595 0.1082763 0.03820794 0.1370849 0.03820794 0.1370849 0.1437377 0.1428222 0.1184692 0.1082763 1.142273 0.7266235 1.072876 0.7266235 1.110535 0.6741943 1.044434 0.7006836 1.110535 0.6741943 1.072876 0.7266235 1.072876 0.7266235 1.000061 0.7266235 1.044434 0.7006836 1.000061 0.6831665 1.044434 0.7006836 1.000061 0.7266235 1.000061 0.7266235 0.9500733 0.7006836 1.000061 0.6831665 0.2351074 0.001220703 0.002258241 0.03186035 0.002258241 0.001220703 0.2351074 0.001220703 0.002258241 0.001220703 0.002258241 0.03186035 0.002258241 0.03186035 0.2351074 0.03186035 0.2351074 0.001220703 0.002258241 0.03186035 0.2351074 0.001220703 0.2351074 0.03186035 0.2351074 0.03186035 0.1209716 0.06665039 0.002258241 0.03186035 0.8837891 0.805481 0.8686524 0.7678833 0.9482422 0.7678833 0.9271851 0.7266235 0.9482422 0.7678833 0.8686524 0.7678833 0.8686524 0.7678833 0.854187 0.7266235 0.9271851 0.7266235 0.892334 0.6729126 0.9271851 0.7266235 0.854187 0.7266235 0.854187 0.7266235 0.9271851 0.7266235 0.892334 0.6729126 0.4284058 0.1452636 0.4995117 0.09124755 0.354065 0.1229858 0.4284058 0.1452636 0.354065 0.1229858 0.4995117 0.09124755 0.4995117 0.09124755 0.4995117 0.1505737 0.4284058 0.1452636 0.3670654 0.1926879 0.4284058 0.1452636 0.4995117 0.1505737 0.4995117 0.1505737 0.4995117 0.2009887 0.3670654 0.1926879 0.7176514 0.567749 0.696228 0.5308228 0.578125 0.567749 0.5795899 0.5308228 0.578125 0.567749 0.696228 0.5308228 0.696228 0.5308228 0.6946411 0.4885254 0.5795899 0.5308228 0.578125 0.4885254 0.5795899 0.5308228 0.6946411 0.4885254 0.6946411 0.4885254 0.5693359 0.447937 0.578125 0.4885254 -0.1759033 0.8366089 -0.3649292 0.9121094 -0.3572998 0.8505859 -0.4988403 0.9178467 -0.3572998 0.8505859 -0.3649292 0.9121094 -0.3649292 0.9121094 -0.4988403 0.9589233 -0.4988403 0.9178467 -0.3649292 0.9121094 -0.4988403 0.9178467 -0.4988403 0.9589233 -0.4988403 0.9589233 -0.3856812 0.953125 -0.3649292 0.9121094 0.1209716 0.06665039 0.1184692 0.1082763 0.03588867 0.06750488 0.04516595 0.1082763 0.03588867 0.06750488 0.1184692 0.1082763 0.1184692 0.1082763 0.03820794 0.1370849 0.04516595 0.1082763 0.1184692 0.1082763 0.04516595 0.1082763 0.03820794 0.1370849 0.03820794 0.1370849 0.1437377 0.1428222 0.1184692 0.1082763 0.1209716 0.06665039 0.2351074 0.03186035 0.002258241 0.03186035 0.2351074 0.001220703 0.002258241 0.03186035 0.2351074 0.03186035 0.2351074 0.03186035 0.002258241 0.03186035 0.2351074 0.001220703 0.002258241 0.001220703 0.2351074 0.001220703 0.002258241 0.03186035 0.002258241 0.03186035 0.2351074 0.001220703 0.002258241 0.001220703 0.1051025 0.5261841 0.0581054 0.5261841 0.1038208 0.5540772 0.04455566 0.5532227 0.1038208 0.5540772 0.0581054 0.5261841 0.0581054 0.5261841 -0.002624452 0.5335083 0.04455566 0.5532227 -0.002441406 0.5532227 0.04455566 0.5532227 -0.002624452 0.5335083 -0.002624452 0.5335083 -0.04852288 0.5532227 -0.002441406 0.5532227 0.046875 0.953125 0 0.9317017 0 1 0.046875 0.953125 0 1 0 0.9317017 0 0.9317017 0.0625 0.9375 0.046875 0.953125 0.0703125 1 0.046875 0.953125 0.0625 0.9375 0.0625 0.9375 0.08984375 1 0.0703125 1 0.5012207 0.9178467 0.3574829 0.8984985 0.5012207 0.9589233 0.3860474 0.9520264 0.5012207 0.9589233 0.3574829 0.8984985 0.3574829 0.8984985 0.2926025 0.9471436 0.3860474 0.9520264 0.3844605 0.998169 0.3860474 0.9520264 0.2926025 0.9471436 0.2926025 0.9471436 0.2049559 0.9651489 0.3844605 0.998169 0.9500733 0.7006836 0.9271851 0.7266235 0.892334 0.6729126 0.854187 0.7266235 0.892334 0.6729126 0.9271851 0.7266235 0.9271851 0.7266235 0.8686524 0.7678833 0.854187 0.7266235 0.9271851 0.7266235 0.854187 0.7266235 0.8686524 0.7678833 0.8686524 0.7678833 0.9482422 0.7678833 0.9271851 0.7266235 0.8909912 0.866272 0.8790283 0.9046631 0.9475708 0.9046631 0.9349365 0.9438477 0.9475708 0.9046631 0.8790283 0.9046631 0.8790283 0.9046631 0.8686524 0.9438477 0.9349365 0.9438477 0.9037476 0.9872437 0.9349365 0.9438477 0.8686524 0.9438477 0.8686524 0.9438477 0.9349365 0.9438477 0.9037476 0.9872437 0.9470825 0.03839111 0.9274292 0.05999749 0.9260864 0.027893 0.899292 0.02923578 0.9260864 0.027893 0.9274292 0.05999749 0.9274292 0.05999749 0.8809204 0.05480957 0.899292 0.02923578 0.8743286 0.02423089 0.899292 0.02923578 0.8809204 0.05480957 0.8809204 0.05480957 0.8439331 0.02392578 0.8743286 0.02423089 0.5223389 0.02246087 0.5205078 0.05902093 0.5618286 0.01245117 0.5880127 0.06970214 0.5618286 0.01245117 0.5205078 0.05902093 0.5205078 0.05902093 0.5906983 0.137207 0.5880127 0.06970214 0.6201782 0.1149291 0.5880127 0.06970214 0.5906983 0.137207 0.5906983 0.137207 0.6487427 0.1217041 0.6201782 0.1149291 0.1453247 0.2393188 0.1552734 0.2091064 0.002258241 0.2588501 0.002258241 0.2226562 0.002258241 0.2588501 0.1552734 0.2091064 0.1552734 0.2091064 0.03820794 0.1370849 0.002258241 0.2226562 0.1552734 0.2091064 0.002258241 0.2226562 0.03820794 0.1370849 0.03820794 0.1370849 0.1437377 0.1428222 0.1552734 0.2091064 0.9299927 0.5683594 0.8043823 0.5683594 0.9535523 0.5961304 0.7857056 0.5961304 0.9535523 0.5961304 0.8043823 0.5683594 0.8043823 0.5683594 0.9535523 0.5961304 0.7857056 0.5961304 0.9606934 0.6472778 0.7857056 0.5961304 0.9535523 0.5961304 0.9535523 0.5961304 0.7784424 0.6472778 0.9606934 0.6472778 0.6586914 0.3292847 0.59198 0.2835083 0.6016846 0.3344727 0.5553589 0.3171387 0.6016846 0.3344727 0.59198 0.2835083 0.59198 0.2835083 0.5446777 0.2644043 0.5553589 0.3171387 0.517334 0.255249 0.5553589 0.3171387 0.5446777 0.2644043 0.5446777 0.2644043 0.5896607 0.2193603 0.517334 0.255249 0.5980835 0.7561035 0.5826416 0.7538452 0.5974732 0.7598267 0.5828247 0.7642212 0.5974732 0.7598267 0.5826416 0.7538452 0.5826416 0.7538452 0.545105 0.7685547 0.5828247 0.7642212 0.5720215 0.8027954 0.5828247 0.7642212 0.545105 0.7685547 0.545105 0.7685547 0.524292 0.7755127 0.5720215 0.8027954 0.8439331 0.02392578 0.8809204 0.05480957 0.8743286 0.02423089 0.899292 0.02923578 0.8743286 0.02423089 0.8809204 0.05480957 0.8809204 0.05480957 0.9274292 0.05999749 0.899292 0.02923578 0.9260864 0.027893 0.899292 0.02923578 0.9274292 0.05999749 0.9274292 0.05999749 0.9470825 0.03839111 0.9260864 0.027893 0.5223389 0.02246087 0.5618286 0.01245117 0.5205078 0.05902093 0.5880127 0.06970214 0.5205078 0.05902093 0.5618286 0.01245117 0.5618286 0.01245117 0.651001 0.004089355 0.5880127 0.06970214 0.6693115 0.1145019 0.5880127 0.06970214 0.651001 0.004089355 0.651001 0.004089355 0.6901856 0.00982666 0.6693115 0.1145019 0.527832 0.1513061 0.5906983 0.137207 0.5878296 0.1768188 0.6481934 0.1785888 0.5878296 0.1768188 0.5906983 0.137207 0.5906983 0.137207 0.6485596 0.1387939 0.6481934 0.1785888 0.6931152 0.1682739 0.6481934 0.1785888 0.6485596 0.1387939 0.6485596 0.1387939 0.6855469 0.1384277 0.6931152 0.1682739 0.7712402 0.0826416 0.7491455 0.06750488 0.743103 0.09539794 0.7061768 0.1135864 0.743103 0.09539794 0.7491455 0.06750488 0.7491455 0.06750488 0.6901856 0.00982666 0.7061768 0.1135864 0.6693115 0.1145019 0.7061768 0.1135864 0.6901856 0.00982666 0.6901856 0.00982666 0.651001 0.004089355 0.6693115 0.1145019 0.046875 0.953125 0 1 0 0.9317017 0.046875 0.953125 0 0.9317017 0 1 0 1 0.0703125 1 0.046875 0.953125 0.0625 0.9375 0.046875 0.953125 0.0703125 1 0.0703125 1 0.08984375 1 0.0625 0.9375 0.3747559 0.7319946 0.3556519 0.8508911 0.1777343 0.8128052 0.1783447 0.8661499 0.1777343 0.8128052 0.3556519 0.8508911 0.3556519 0.8508911 0.3574829 0.8984985 0.1783447 0.8661499 0.2238769 0.9013672 0.1783447 0.8661499 0.3574829 0.8984985 0.3574829 0.8984985 0.2926025 0.9471436 0.2238769 0.9013672 0.5073853 0.09552001 0.5205078 0.05902093 0.527832 0.1513061 0.5906983 0.137207 0.527832 0.1513061 0.5205078 0.05902093 0.5205078 0.05902093 0.5880127 0.06970214 0.5906983 0.137207 0.6201782 0.1149291 0.5906983 0.137207 0.5880127 0.06970214 0.5880127 0.06970214 0.6693115 0.1145019 0.6201782 0.1149291 0.9555664 0.3403931 0.9544678 0.2435913 0.9848634 0.2494506 0.9793091 0.184082 0.9848634 0.2494506 0.9544678 0.2435913 0.9544678 0.2435913 0.9625244 0.1797485 0.9793091 0.184082 0.9804688 0.1279907 0.9793091 0.184082 0.9625244 0.1797485 0.9625244 0.1797485 0.9648438 0.1231079 0.9804688 0.1279907 0.5828247 0.7642212 0.6012573 0.769043 0.5720215 0.8027954 0.625061 0.7993775 0.5720215 0.8027954 0.6012573 0.769043 0.6012573 0.769043 0.619812 0.7647095 0.625061 0.7993775 0.69104 0.7585449 0.625061 0.7993775 0.619812 0.7647095 0.8606567 0.3390503 0.8671875 0.2370605 0.8303833 0.2363891 0.8544922 0.1725463 0.8303833 0.2363891 0.8671875 0.2370605 0.8671875 0.2370605 0.8753662 0.1717529 0.8544922 0.1725463 0.8584595 0.1158447 0.8544922 0.1725463 0.8753662 0.1717529 0.1913452 0.1543579 0.1913452 0.1543579 0.1913452 0.1543579 0.1913452 0.1543579 0.1913452 0.1543579 0.1913452 0.1543579 0.1913452 0.1543579 0.1913452 0.1543579 0.1913452 0.1543579 0.1913452 0.1543579 0.1913452 0.1543579 0.1913452 0.1543579 -0.05743408 0.859375 -0.1004028 0.9082031 -0.2175903 0.9043579 -0.2879028 0.9481812 -0.2175903 0.9043579 -0.1004028 0.9082031 -0.1004028 0.9082031 -0.2134399 0.9646607 -0.2879028 0.9481812 -0.4112549 1.007019 -0.2879028 0.9481812 -0.2134399 0.9646607 0.8417969 0.05908203 0.8387451 0.1168212 0.8584595 0.1158447 0.8544922 0.1725463 0.8584595 0.1158447 0.8387451 0.1168212 0.8387451 0.1168212 0.8335571 0.1733398 0.8544922 0.1725463 0.8303833 0.2363891 0.8544922 0.1725463 0.8335571 0.1733398 -0.3649292 0.9121094 -0.3572998 0.8505859 -0.4988403 0.9178467 -0.4988403 0.8647461 -0.4988403 0.9178467 -0.3572998 0.8505859 -0.3572998 0.8505859 -0.4988403 0.774231 -0.4988403 0.8647461 -0.3572998 0.8505859 -0.4988403 0.8647461 -0.4988403 0.774231 0.6951294 0.8386841 0.7159424 0.8322144 0.6875 0.8521729 0.7129517 0.8577271 0.6875 0.8521729 0.7159424 0.8322144 0.7159424 0.8322144 0.7390137 0.8392334 0.7129517 0.8577271 0.7369385 0.8520508 0.7129517 0.8577271 0.7390137 0.8392334 -0.1759033 0.8366089 -0.2175903 0.9043579 -0.05743408 0.859375 -0.1004028 0.9082031 -0.05743408 0.859375 -0.2175903 0.9043579 -0.2175903 0.9043579 -0.2879028 0.9481812 -0.1004028 0.9082031 -0.2134399 0.9646607 -0.1004028 0.9082031 -0.2879028 0.9481812 0.1385498 0.6812134 0.310791 0.6394043 0.2282714 0.6096192 0.3172608 0.5673828 0.2282714 0.6096192 0.310791 0.6394043 0.310791 0.6394043 0.4089966 0.5800171 0.3172608 0.5673828 0.5012207 0.5263062 0.3172608 0.5673828 0.4089966 0.5800171 0.7636719 0.04650872 0.7491455 0.06750488 0.7390137 0.03540039 0.6901856 0.00982666 0.7390137 0.03540039 0.7491455 0.06750488 0.7491455 0.06750488 0.7061768 0.1135864 0.6901856 0.00982666 0.6693115 0.1145019 0.6901856 0.00982666 0.7061768 0.1135864 0.1913452 0.1543579 0.1913452 0.1543579 0.1913452 0.1543579 0.1913452 0.1543579 0.1913452 0.1543579 0.1913452 0.1543579 0.1913452 0.1543579 0.1913452 0.1543579 0.1913452 0.1543579 0.1913452 0.1543579 0.1913452 0.1543579 0.1913452 0.1543579 0.8095703 0.5308228 0.8036499 0.4885254 0.9300537 0.4885254 0.939148 0.447937 0.9300537 0.4885254 0.8036499 0.4885254 0.8036499 0.4885254 0.7821655 0.447937 0.939148 0.447937 0.7524414 0.3914795 0.939148 0.447937 0.7821655 0.447937 0.6593628 0.1941528 0.6802368 0.217041 0.645752 0.215393 0.649353 0.2406616 0.645752 0.215393 0.6802368 0.217041 0.6802368 0.217041 0.7106323 0.2468261 0.649353 0.2406616 0.6937256 0.2886353 0.649353 0.2406616 0.7106323 0.2468261 0.1913452 0.1543579 0.1913452 0.1543579 0.1913452 0.1543579 0.1913452 0.1543579 0.1913452 0.1543579 0.1913452 0.1543579 0.1913452 0.1543579 0.1913452 0.1543579 0.1913452 0.1543579 0.1913452 0.1543579 0.1913452 0.1543579 0.1913452 0.1543579 0.7857056 0.5961304 0.9535523 0.5961304 0.8043823 0.5683594 0.9299927 0.5683594 0.8043823 0.5683594 0.9535523 0.5961304 0.9535523 0.5961304 0.7857056 0.5961304 0.9299927 0.5683594 0.8043823 0.5683594 0.9299927 0.5683594 0.7857056 0.5961304 0.7028198 0.1534423 0.7322388 0.1261596 0.7336426 0.1735229 0.7692871 0.1792602 0.7336426 0.1735229 0.7322388 0.1261596 0.7322388 0.1261596 0.7975464 0.1235961 0.7692871 0.1792602 0.8335571 0.1733398 0.7692871 0.1792602 0.7975464 0.1235961 0.8809204 0.05480957 0.9019775 0.1149902 0.9274292 0.05999749 0.9257813 0.1151733 0.9274292 0.05999749 0.9019775 0.1149902 0.9019775 0.1149902 0.9199219 0.1724243 0.9257813 0.1151733 0.9412232 0.1760864 0.9257813 0.1151733 0.9199219 0.1724243 0.9470825 0.03839111 0.9274292 0.05999749 0.9656372 0.06878662 0.9453125 0.1191406 0.9656372 0.06878662 0.9274292 0.05999749 0.9274292 0.05999749 0.9257813 0.1151733 0.9453125 0.1191406 0.9412232 0.1760864 0.9453125 0.1191406 0.9257813 0.1151733 0.8095703 0.5308228 0.9208374 0.5308228 0.8043823 0.5683594 0.9299927 0.5683594 0.8043823 0.5683594 0.9208374 0.5308228 0.9208374 0.5308228 0.8043823 0.5683594 0.9299927 0.5683594 0.7857056 0.5961304 0.9299927 0.5683594 0.8043823 0.5683594 0.6620483 0.2911377 0.6937256 0.2886353 0.649353 0.2406616 0.7106323 0.2468261 0.649353 0.2406616 0.6937256 0.2886353 0.6937256 0.2886353 0.7598877 0.2791138 0.7106323 0.2468261 0.732605 0.2235107 0.7106323 0.2468261 0.7598877 0.2791138 -0.1106567 0.5261841 -0.06384277 0.5261841 -0.1080322 0.5524902 -0.04852288 0.5532227 -0.1080322 0.5524902 -0.06384277 0.5261841 -0.06384277 0.5261841 -0.002624452 0.5335083 -0.04852288 0.5532227 -0.002441406 0.5532227 -0.04852288 0.5532227 -0.002624452 0.5335083 0.002258241 0.03186035 0.1209716 0.06665039 0.2351074 0.03186035 0.2351074 0.06665039 0.2351074 0.03186035 0.1209716 0.06665039 0.1209716 0.06665039 0.1572875 0.1082763 0.2351074 0.06665039 0.2351074 0.1082763 0.2351074 0.06665039 0.1572875 0.1082763 0.4995117 0.2009887 0.4995117 0.1505737 0.3670654 0.1926879 0.4284058 0.1452636 0.3670654 0.1926879 0.4995117 0.1505737 0.4995117 0.1505737 0.4995117 0.09124755 0.4284058 0.1452636 0.354065 0.1229858 0.4284058 0.1452636 0.4995117 0.09124755 0.9208374 0.5308228 0.8043823 0.5683594 0.9299927 0.5683594 0.9535523 0.5961304 0.9299927 0.5683594 0.8043823 0.5683594 0.8043823 0.5683594 0.7857056 0.5961304 0.9535523 0.5961304 0.7784424 0.6472778 0.9535523 0.5961304 0.7857056 0.5961304 1.142273 0.7266235 1.072876 0.7266235 1.13446 0.7678833 1.050903 0.7678833 1.13446 0.7678833 1.072876 0.7266235 1.072876 0.7266235 1.000061 0.7266235 1.050903 0.7678833 1.000366 0.7678833 1.050903 0.7678833 1.000061 0.7266235 0.625061 0.7993775 0.6236572 0.829773 0.6742554 0.8155518 0.7228394 0.8231812 0.6742554 0.8155518 0.6236572 0.829773 0.6236572 0.829773 0.6742554 0.8155518 0.7228394 0.8231812 0.7382813 0.7914429 0.7228394 0.8231812 0.6742554 0.8155518 0.002258241 0.03186035 0.2351074 0.001220703 0.2351074 0.03186035 0.002258241 0.03186035 0.2351074 0.03186035 0.2351074 0.001220703 0.2351074 0.001220703 0.002258241 0.001220703 0.002258241 0.03186035 0.2351074 0.001220703 0.002258241 0.03186035 0.002258241 0.001220703 0.7918091 0.9744873 0.8391724 0.9424439 0.7457886 0.9424439 0.7330322 0.9174194 0.7457886 0.9424439 0.8391724 0.9424439 0.8391724 0.9424439 0.8556519 0.9174194 0.7330322 0.9174194 0.8554688 0.8915405 0.7330322 0.9174194 0.8556519 0.9174194 0.644165 0.2940674 0.6506348 0.2816773 0.6183472 0.2880859 0.5857544 0.2641602 0.6183472 0.2880859 0.6506348 0.2816773 0.6506348 0.2816773 0.6349487 0.2403564 0.5857544 0.2641602 0.5896607 0.2193603 0.5857544 0.2641602 0.6349487 0.2403564 1 0.9438477 1 0.9046631 1.052429 0.9046631 1.111206 0.866272 1.052429 0.9046631 1 0.9046631 1 0.9046631 1.000305 0.866272 1.111206 0.866272 1.141907 0.8483887 1.111206 0.866272 1.000305 0.866272 0.5073853 0.09552001 0.527832 0.1513061 0.5205078 0.05902093 0.5906983 0.137207 0.5205078 0.05902093 0.527832 0.1513061 0.527832 0.1513061 0.5878296 0.1768188 0.5906983 0.137207 0.6481934 0.1785888 0.5906983 0.137207 0.5878296 0.1768188 -0.1106567 0.5261841 -0.06384277 0.5261841 -0.1080322 0.5524902 -0.04852288 0.5532227 -0.1080322 0.5524902 -0.06384277 0.5261841 -0.06384277 0.5261841 -0.002624452 0.5335083 -0.04852288 0.5532227 -0.002441406 0.5532227 -0.04852288 0.5532227 -0.002624452 0.5335083 0.7918091 0.8356934 0.8391724 0.8684082 0.7457886 0.8684082 0.7322388 0.8915405 0.7457886 0.8684082 0.8391724 0.8684082 0.8391724 0.8684082 0.8554688 0.8915405 0.7322388 0.8915405 0.8556519 0.9174194 0.7322388 0.8915405 0.8554688 0.8915405 1.042847 0.9659424 1.066772 0.9438477 1 0.9438477 1.052429 0.9046631 1 0.9438477 1.066772 0.9438477 1.066772 0.9438477 1.122009 0.9046631 1.052429 0.9046631 1.111206 0.866272 1.052429 0.9046631 1.122009 0.9046631 0.5267334 0.3667603 0.5980835 0.3552246 0.5175781 0.3449707 0.6016846 0.3344727 0.5175781 0.3449707 0.5980835 0.3552246 0.5980835 0.3552246 0.647522 0.3552246 0.6016846 0.3344727 0.6586914 0.3292847 0.6016846 0.3344727 0.647522 0.3552246 1.000061 0.7266235 1.000366 0.7678833 1.050903 0.7678833 1.115356 0.805481 1.050903 0.7678833 1.000366 0.7678833 1.000366 0.7678833 1.000061 0.805481 1.115356 0.805481 1.14209 0.8242798 1.115356 0.805481 1.000061 0.805481 0.9482422 0.7678833 1.000366 0.7678833 0.8837891 0.805481 1.000061 0.805481 0.8837891 0.805481 1.000366 0.7678833 1.000366 0.7678833 1.115356 0.805481 1.000061 0.805481 1.14209 0.8242798 1.000061 0.805481 1.115356 0.805481 0.1913452 0.1543579 0.1913452 0.1543579 0.1913452 0.1543579 0.1913452 0.1543579 0.1913452 0.1543579 0.1913452 0.1543579 0.1913452 0.1543579 0.1913452 0.1543579 0.1913452 0.1543579 0.1913452 0.1543579 0.1913452 0.1543579 0.1913452 0.1543579 0.02117913 0.2645264 0.05828857 0.269104 0.02630615 0.3076782 0.06176751 0.3012695 0.02630615 0.3076782 0.05828857 0.269104 0.05828857 0.269104 0.1395874 0.2542725 0.06176751 0.3012695 0.1394653 0.3015137 0.06176751 0.3012695 0.1395874 0.2542725 0.1453247 0.2393188 0.002258241 0.2588501 0.1552734 0.2091064 0.002258241 0.2226562 0.1552734 0.2091064 0.002258241 0.2588501 0.002258241 0.2588501 0.1453247 0.2393188 0.002258241 0.2226562 0.1552734 0.2091064 0.002258241 0.2226562 0.1453247 0.2393188 0.5896607 1.050842 0.6029663 1.058716 0.6739502 1.015015 0.7024536 1.055237 0.6739502 1.015015 0.6029663 1.058716 0.6029663 1.058716 0.6416626 1.07782 0.7024536 1.055237 0.7279663 1.063232 0.7024536 1.055237 0.6416626 1.07782 0.02117913 0.2645264 0.05828857 0.269104 0.02630615 0.3076782 0.06176751 0.3012695 0.02630615 0.3076782 0.05828857 0.269104 0.05828857 0.269104 0.1395874 0.2542725 0.06176751 0.3012695 0.1394653 0.3015137 0.06176751 0.3012695 0.1395874 0.2542725 0.9535523 0.5961304 0.8043823 0.5683594 0.9299927 0.5683594 0.9208374 0.5308228 0.9299927 0.5683594 0.8043823 0.5683594 0.8043823 0.5683594 0.8095703 0.5308228 0.9208374 0.5308228 0.8036499 0.4885254 0.9208374 0.5308228 0.8095703 0.5308228 0.3512573 0.4058838 0.4995117 0.4780274 0.4995117 0.4362183 0.3512573 0.4058838 0.4995117 0.4362183 0.4995117 0.4780274 0.4995117 0.4780274 0.3746338 0.4725952 0.3512573 0.4058838 0.2374877 0.4398804 0.3512573 0.4058838 0.3746338 0.4725952 0.02117913 0.2645264 0.05828857 0.269104 0.02630615 0.3076782 0.06176751 0.3012695 0.02630615 0.3076782 0.05828857 0.269104 0.05828857 0.269104 0.1395874 0.2542725 0.06176751 0.3012695 0.1394653 0.3015137 0.06176751 0.3012695 0.1395874 0.2542725 0.4995117 0.4362183 0.3512573 0.4058838 0.3862305 0.3961182 0.3162232 0.3347168 0.3862305 0.3961182 0.3512573 0.4058838 0.3512573 0.4058838 0.2792969 0.3317871 0.3162232 0.3347168 0.3627319 0.2619019 0.3162232 0.3347168 0.2792969 0.3317871 0.9456177 0.3764649 0.9104614 0.3764649 0.9555664 0.3403931 0.8606567 0.3390503 0.9555664 0.3403931 0.9104614 0.3764649 0.9104614 0.3764649 0.8776856 0.3764649 0.8606567 0.3390503 0.8063355 0.3764649 0.8606567 0.3390503 0.8776856 0.3764649 0.009582519 0.4371948 0.09118652 0.4423218 0.1879882 0.5668335 0.2266845 0.4769898 0.1879882 0.5668335 0.09118652 0.4423218 0.09118652 0.4423218 0.2371215 0.4594727 0.2266845 0.4769898 0.368103 0.4944458 0.2266845 0.4769898 0.2371215 0.4594727 0.02117913 0.2645264 0.05828857 0.269104 0.02630615 0.3076782 0.06176751 0.3012695 0.02630615 0.3076782 0.05828857 0.269104 0.05828857 0.269104 0.1395874 0.2542725 0.06176751 0.3012695 0.1394653 0.3015137 0.06176751 0.3012695 0.1395874 0.2542725 0.3512573 0.4058838 0.2374877 0.4398804 0.2792969 0.3317871 0.1850585 0.4017334 0.2792969 0.3317871 0.2374877 0.4398804 0.2374877 0.4398804 0.0984497 0.4198608 0.1850585 0.4017334 0.1231689 0.3720703 0.1850585 0.4017334 0.0984497 0.4198608 0.2371215 0.4594727 0.09118652 0.4423218 0.1879882 0.5668335 0.009582519 0.4371948 0.1879882 0.5668335 0.09118652 0.4423218 0.09118652 0.4423218 0.01629632 0.4117432 0.009582519 0.4371948 0.09118652 0.4423218 0.009582519 0.4371948 0.01629632 0.4117432 0.08984375 1 0.0703125 1 0.0625 0.9375 0.046875 0.953125 0.0625 0.9375 0.0703125 1 0.0703125 1 0 1 0.046875 0.953125 0 0.9317017 0.046875 0.953125 0 1 0.7524414 0.3914795 0.9567871 0.3914795 0.7821655 0.447937 0.939148 0.447937 0.7821655 0.447937 0.9567871 0.3914795 0.9567871 0.3914795 0.7524414 0.3914795 0.939148 0.447937 0.7821655 0.447937 0.939148 0.447937 0.7524414 0.3914795 0.8686524 0.9438477 0.8790283 0.9046631 0.9349365 0.9438477 0.9475708 0.9046631 0.9349365 0.9438477 0.8790283 0.9046631 0.8790283 0.9046631 0.8909912 0.866272 0.9475708 0.9046631 0.5618286 0.01245117 0.5880127 0.06970214 0.651001 0.004089355 0.6693115 0.1145019 0.651001 0.004089355 0.5880127 0.06970214 0.5880127 0.06970214 0.6201782 0.1149291 0.6693115 0.1145019 0.7636719 0.04650872 0.7390137 0.03540039 0.7491455 0.06750488 0.6901856 0.00982666 0.7491455 0.06750488 0.7390137 0.03540039 0.7390137 0.03540039 0.7346192 0.01544189 0.6901856 0.00982666 0.4995117 0.2705689 0.4268799 0.2845459 0.3627319 0.2619019 0.3401489 0.3192139 0.3627319 0.2619019 0.4268799 0.2845459 0.4268799 0.2845459 0.3903198 0.3250733 0.3401489 0.3192139 0.7098389 0.447937 0.6946411 0.4885254 0.5693359 0.447937 0.578125 0.4885254 0.5693359 0.447937 0.6946411 0.4885254 0.6946411 0.4885254 0.5795899 0.5308228 0.578125 0.4885254 0.0625 0.9375 0 0.9317017 0 0.9082031 0.0625 0.9375 0 0.9082031 0 0.9317017 0 0.9317017 0.046875 0.953125 0.0625 0.9375 1.13446 0.7678833 1.115356 0.805481 1.050903 0.7678833 1.000366 0.7678833 1.050903 0.7678833 1.115356 0.805481 1.115356 0.805481 1.000061 0.805481 1.000366 0.7678833 0.6557617 1.009033 0.5896607 1.050842 0.5474854 1.000305 0.6557617 1.009033 0.5474854 1.000305 0.5896607 1.050842 0.5896607 1.050842 0.6739502 1.015015 0.6557617 1.009033 0.046875 0.953125 0.0703125 1 0.0625 0.9375 0.08984375 1 0.0625 0.9375 0.0703125 1 0.0703125 1 0.0625 0.9375 0.08984375 1 0.696228 0.5308228 0.6946411 0.4885254 0.5795899 0.5308228 0.578125 0.4885254 0.5795899 0.5308228 0.6946411 0.4885254 0.6946411 0.4885254 0.5693359 0.447937 0.578125 0.4885254 0.6557617 0.9916992 0.5474854 1.000305 0.5896607 0.9498901 0.6557617 0.9916992 0.5896607 0.9498901 0.5474854 1.000305 0.5474854 1.000305 0.6557617 1.009033 0.6557617 0.9916992 0.3162232 0.3347168 0.3862305 0.3961182 0.4041748 0.3345337 0.437439 0.3826904 0.4041748 0.3345337 0.3862305 0.3961182 0.3862305 0.3961182 0.4995117 0.3901367 0.437439 0.3826904 0.9960938 0.078125 0.9804688 0.1279907 0.9960938 0.1328125 0.9960938 0.1863403 0.9960938 0.1328125 0.9804688 0.1279907 0.9804688 0.1279907 0.9793091 0.184082 0.9960938 0.1863403 0.2496948 0.06011956 0.375 0 0.3753052 0.1088867 0.5 0.0625 0.3753052 0.1088867 0.375 0 0.375 0 0.5 -0.05859375 0.5 0.0625 0.5 -0.05859375 0.375 0 0.375 -0.1054687 0.2496948 -0.05682373 0.375 -0.1054687 0.375 0 0.375 0 0.2496948 0.06011956 0.2496948 -0.05682373 0.8095703 0.5308228 0.8036499 0.4885254 0.9208374 0.5308228 0.9300537 0.4885254 0.9208374 0.5308228 0.8036499 0.4885254 0.8036499 0.4885254 0.939148 0.447937 0.9300537 0.4885254 0.9567871 0.3914795 0.939148 0.447937 0.7524414 0.3914795 0.7821655 0.447937 0.7524414 0.3914795 0.939148 0.447937 0.939148 0.447937 0.8036499 0.4885254 0.7821655 0.447937 0.3753052 0.1092529 0.375 0 0.2496948 0.06011956 0.3117676 0.0390625 0.2496948 0.06011956 0.375 0 0.375 0 0.3117676 -0.0390625 0.3117676 0.0390625 0.375 -0.1054687 0.375 0 0.5 -0.05859375 0.5 0.0625 0.5 -0.05859375 0.375 0 0.375 0 0.3753052 0.1092529 0.5 0.0625 0.7598877 0.2791138 0.6937256 0.2886353 0.7579956 0.3118286 0.680542 0.3234253 0.7579956 0.3118286 0.6937256 0.2886353 0.6937256 0.2886353 0.6620483 0.2911377 0.680542 0.3234253 -0.3621216 0.7246094 -0.4092407 0.6707764 -0.2401733 0.7009277 -0.2991333 0.6512451 -0.2401733 0.7009277 -0.4092407 0.6707764 -0.4092407 0.6707764 -0.4082642 0.5964966 -0.2991333 0.6512451 0.9299927 0.5683594 0.9535523 0.5961304 0.8043823 0.5683594 0.7857056 0.5961304 0.8043823 0.5683594 0.9535523 0.5961304 0.9535523 0.5961304 0.7784424 0.6472778 0.7857056 0.5961304 0.6593628 0.1941528 0.6802368 0.217041 0.7075195 0.1940917 0.732605 0.2235107 0.7075195 0.1940917 0.6802368 0.217041 0.6802368 0.217041 0.7106323 0.2468261 0.732605 0.2235107 0.7106323 0.2468261 0.6802368 0.217041 0.649353 0.2406616 0.645752 0.215393 0.649353 0.2406616 0.6802368 0.217041 0.6802368 0.217041 0.6593628 0.1941528 0.645752 0.215393 0.3862305 0.3961182 0.3162232 0.3347168 0.4041748 0.3345337 0.4268799 0.2845459 0.4041748 0.3345337 0.3162232 0.3347168 0.3162232 0.3347168 0.3627319 0.2619019 0.4268799 0.2845459 1.000061 0.8483887 1.000061 0.8242798 1.14209 0.8242798 1.000061 0.805481 1.14209 0.8242798 1.000061 0.8242798 1.000061 0.8242798 0.8837891 0.805481 1.000061 0.805481 0.4995117 0.2009887 0.3670654 0.1926879 0.3425903 0.25177 0.2659912 0.161499 0.3425903 0.25177 0.3670654 0.1926879 0.3670654 0.1926879 0.354065 0.1229858 0.2659912 0.161499 1.298828 0.6015015 1.298828 0.6207275 1.351379 0.6015015 1.351379 0.6399536 1.351379 0.6015015 1.298828 0.6207275 1.298828 0.6207275 1.298828 0.6399536 1.351379 0.6399536 0.8036499 0.4885254 0.939148 0.447937 0.7821655 0.447937 0.7524414 0.3914795 0.7821655 0.447937 0.939148 0.447937 0.939148 0.447937 0.9567871 0.3914795 0.7524414 0.3914795 0.1913452 0.1543579 0.1913452 0.1543579 0.1913452 0.1543579 0.1913452 0.1543579 0.1913452 0.1543579 0.1913452 0.1543579 0.1913452 0.1543579 0.1913452 0.1543579 0.1913452 0.1543579 0.3627319 0.2619019 0.4995117 0.2009887 0.3425903 0.25177 0.3670654 0.1926879 0.3425903 0.25177 0.4995117 0.2009887 0.4995117 0.2009887 0.4995117 0.1505737 0.3670654 0.1926879 0.8417969 0.05908203 0.8584595 0.1158447 0.8387451 0.1168212 0.8335571 0.1733398 0.8387451 0.1168212 0.8584595 0.1158447 0.8584595 0.1158447 0.8544922 0.1725463 0.8335571 0.1733398 0.673645 0.8977051 0.6478882 0.8967896 0.6646729 0.8337402 0.6514282 0.8337402 0.6646729 0.8337402 0.6478882 0.8967896 0.6478882 0.8967896 0.6379395 0.8337402 0.6514282 0.8337402 0.5 0.0625 0.375 0 0.3753052 0.1088867 0.2496948 0.06011956 0.3753052 0.1088867 0.375 0 0.375 0 0.2496948 -0.05682373 0.2496948 0.06011956 0.2496948 -0.05682373 0.375 0 0.375 -0.1054687 0.5 -0.05859375 0.375 -0.1054687 0.375 0 0.375 0 0.5 0.0625 0.5 -0.05859375 0.6239014 0.7296143 0.6195068 0.7540894 0.6050415 0.7484131 0.6116943 0.7544556 0.6050415 0.7484131 0.6195068 0.7540894 0.6195068 0.7540894 0.6123047 0.7608643 0.6116943 0.7544556 0.6239014 0.7296143 0.5284424 0.7166748 0.6192627 0.7147827 0.6140747 0.6549683 0.6192627 0.7147827 0.5284424 0.7166748 0.5284424 0.7166748 0.5228272 0.6549683 0.6140747 0.6549683 -0.1324462 0.6801148 -0.2401733 0.7009277 -0.06524658 0.7168579 -0.1725463 0.7788086 -0.06524658 0.7168579 -0.2401733 0.7009277 -0.2401733 0.7009277 -0.3621216 0.78125 -0.1725463 0.7788086 -0.3621216 0.7246094 -0.2401733 0.7009277 -0.4092407 0.6707764 -0.2991333 0.6512451 -0.4092407 0.6707764 -0.2401733 0.7009277 -0.2401733 0.7009277 -0.1324462 0.6801148 -0.2991333 0.6512451 0.5720215 0.8027954 0.6012573 0.769043 0.5828247 0.7642212 0.6030884 0.762085 0.5828247 0.7642212 0.6012573 0.769043 0.6012573 0.769043 0.6123047 0.7608643 0.6030884 0.762085 0.4995117 0.4098511 0.3793945 0.4032593 0.4995117 0.4526978 0.3500366 0.4429321 0.4995117 0.4526978 0.3793945 0.4032593 0.3793945 0.4032593 0.2906494 0.3282471 0.3500366 0.4429321 0.1385498 0.6812134 0.2282714 0.6096192 0.0279541 0.6071777 0.1359863 0.5583496 0.0279541 0.6071777 0.2282714 0.6096192 0.2282714 0.6096192 0.2371215 0.5365601 0.1359863 0.5583496 0.3753052 0.1092529 0.375 0 0.5 0.0625 0.5 -0.05859375 0.5 0.0625 0.375 0 0.375 0 0.375 -0.1054687 0.5 -0.05859375 0.8043823 0.5683594 0.9208374 0.5308228 0.9299927 0.5683594 0.8043823 0.5683594 0.9299927 0.5683594 0.9208374 0.5308228 0.9208374 0.5308228 0.8095703 0.5308228 0.8043823 0.5683594 0.7712402 0.0826416 0.743103 0.09539794 0.7491455 0.06750488 0.7061768 0.1135864 0.7491455 0.06750488 0.743103 0.09539794 0.743103 0.09539794 0.7321777 0.1141357 0.7061768 0.1135864 0.375 -0.1054687 0.375 0 0.2496948 -0.05682373 0.3117676 -0.0390625 0.2496948 -0.05682373 0.375 0 0.375 0 0.3117676 0.0390625 0.3117676 -0.0390625 0.5175781 0.3449707 0.517334 0.255249 0.5553589 0.3171387 0.5446777 0.2644043 0.5553589 0.3171387 0.517334 0.255249 0.517334 0.255249 0.5896607 0.2193603 0.5446777 0.2644043 0.578125 0.567749 0.5795899 0.5308228 0.7176514 0.567749 0.696228 0.5308228 0.7176514 0.567749 0.5795899 0.5308228 0.5795899 0.5308228 0.6946411 0.4885254 0.696228 0.5308228 -0.1317138 0.5715332 -0.02966308 0.6071777 -0.2279052 0.621582 -0.1324462 0.6801148 -0.2279052 0.621582 -0.02966308 0.6071777 -0.02966308 0.6071777 -0.06524658 0.7168579 -0.1324462 0.6801148 0.3556519 0.8508911 0.1777343 0.8128052 0.1783447 0.8661499 0.06420898 0.8279419 0.1783447 0.8661499 0.1777343 0.8128052 0.1777343 0.8128052 0.08789062 0.770874 0.06420898 0.8279419 0.3425903 0.25177 0.3670654 0.1926879 0.4995117 0.2009887 0.4995117 0.1505737 0.4995117 0.2009887 0.3670654 0.1926879 0.3670654 0.1926879 0.4284058 0.1452636 0.4995117 0.1505737 0.5826416 0.7538452 0.5476685 0.7522583 0.545105 0.7685547 0.5826416 0.7538452 0.545105 0.7685547 0.5476685 0.7522583 0.5476685 0.7522583 0.5778198 0.75 0.5826416 0.7538452 0.7034912 0.6549683 0.7826538 0.6549683 0.7008057 0.7147827 0.7819214 0.7244263 0.7008057 0.7147827 0.7826538 0.6549683 0.7826538 0.6549683 0.8433228 0.6549683 0.7819214 0.7244263 1.115356 0.805481 1.000366 0.7678833 1.050903 0.7678833 1.000061 0.7266235 1.050903 0.7678833 1.000366 0.7678833 1.000366 0.7678833 0.9482422 0.7678833 1.000061 0.7266235 0.9299927 0.5683594 0.7857056 0.5961304 0.9535523 0.5961304 0.7784424 0.6472778 0.9535523 0.5961304 0.7857056 0.5961304 0.5284424 0.7166748 0.5665894 0.7285156 0.6239014 0.7296143 0.5778198 0.75 0.6239014 0.7296143 0.5665894 0.7285156 0.7784424 0.6472778 0.9606934 0.6472778 0.9535523 0.5961304 0.7784424 0.6472778 0.9535523 0.5961304 0.9606934 0.6472778 0.1231689 0.3720703 0.2149047 0.3242188 0.1850585 0.4017334 0.2792969 0.3317871 0.1850585 0.4017334 0.2149047 0.3242188 0.1913452 0.1543579 0.1913452 0.1543579 0.1913452 0.1543579 0.1913452 0.1543579 0.1913452 0.1543579 0.1913452 0.1543579 0.1913452 0.1543579 0.1913452 0.1543579 0.1913452 0.1543579 0.1913452 0.1543579 0.1913452 0.1543579 0.1913452 0.1543579 0.3746338 0.4725952 0.4995117 0.4780274 0.3500366 0.4429321 0.4995117 0.4526978 0.3500366 0.4429321 0.4995117 0.4780274 0.1913452 0.1543579 0.1913452 0.1543579 0.1913452 0.1543579 0.1913452 0.1543579 0.1913452 0.1543579 0.1913452 0.1543579 0.9656372 0.06878662 0.9453125 0.1191406 0.9648438 0.1231079 0.9412232 0.1760864 0.9648438 0.1231079 0.9453125 0.1191406 0.1913452 0.1543579 0.1913452 0.1543579 0.1913452 0.1543579 0.1913452 0.1543579 0.1913452 0.1543579 0.1913452 0.1543579 0.046875 0.953125 0 0.9317017 0.0625 0.9375 0 0.9082031 0.0625 0.9375 0 0.9317017 0.1231689 0.3720703 0.0190429 0.3889771 0.01629632 0.4117432 0.1231689 0.3720703 0.01629632 0.4117432 0.0190429 0.3889771 0.3753052 0.1092529 0.2496948 0.06011956 0.375 0 0.3117676 0.0390625 0.375 0 0.2496948 0.06011956 0.09118652 0.4423218 0.0984497 0.4198608 0.01629632 0.4117432 0.1231689 0.3720703 0.01629632 0.4117432 0.0984497 0.4198608 1.129395 0.9438477 1.095215 0.9863892 1.066772 0.9438477 1.042847 0.9659424 1.066772 0.9438477 1.095215 0.9863892 0.9884033 0.04547119 0.9616699 0.03582757 0.9656372 0.06878662 0.9470825 0.03839111 0.9656372 0.06878662 0.9616699 0.03582757 0.8909912 0.866272 0.8570557 0.8483887 1.000061 0.8483887 0.8570557 0.8242798 1.000061 0.8483887 0.8570557 0.8483887 0.5778198 0.75 0.6050415 0.7484131 0.6239014 0.7296143 0.6195068 0.7540894 0.6239014 0.7296143 0.6050415 0.7484131 0.8015137 0.789917 0.7626953 0.7568359 0.7382813 0.7914429 0.69104 0.7585449 0.7382813 0.7914429 0.7626953 0.7568359 0.2303466 0.3234253 0.2879028 0.2512817 0.185913 0.2453613 0.1640014 0.2077026 0.185913 0.2453613 0.2879028 0.2512817 0.2653809 0.2507935 0.2149047 0.3242188 0.2792969 0.3317871 0.1850585 0.4017334 0.2792969 0.3317871 0.2149047 0.3242188 1.115356 0.805481 1.000061 0.8242798 1.14209 0.8242798 1.14209 0.8483887 1.14209 0.8242798 1.000061 0.8242798 1.000366 0.7678833 1.000061 0.805481 1.115356 0.805481 1.000061 0.8242798 1.115356 0.805481 1.000061 0.805481 0.1617431 0.2967529 0.09222412 0.3427124 0.1231689 0.3720703 0.02148437 0.3629761 0.1231689 0.3720703 0.09222412 0.3427124 0.6687622 0.862793 0.6498413 0.8624268 0.6478882 0.8967896 0.6317139 0.8627319 0.6478882 0.8967896 0.6498413 0.8624268 0.1776733 0.244873 0.2653809 0.2507935 0.2303466 0.3234253 0.3425903 0.25177 0.2303466 0.3234253 0.2653809 0.2507935 1.13446 0.7678833 1.050903 0.7678833 1.115356 0.805481 1.000366 0.7678833 1.115356 0.805481 1.050903 0.7678833 0.7821655 0.447937 0.9300537 0.4885254 0.8036499 0.4885254 0.9208374 0.5308228 0.8036499 0.4885254 0.9300537 0.4885254 0.1617431 0.2967529 0.185913 0.2453613 0.2879028 0.2512817 0.2659912 0.161499 0.2879028 0.2512817 0.185913 0.2453613 0.1231689 0.3720703 0.1617431 0.2967529 0.2303466 0.3234253 0.1776733 0.244873 0.2303466 0.3234253 0.1617431 0.2967529 0.4995117 0.2452391 0.4995117 0.2705689 0.3627319 0.2619019 0.4268799 0.2845459 0.3627319 0.2619019 0.4995117 0.2705689 0.5388184 0.7318726 0.5665894 0.7285156 0.5476685 0.7522583 0.5778198 0.75 0.5476685 0.7522583 0.5665894 0.7285156 0.6239014 0.7296143 0.6195068 0.7540894 0.69104 0.7585449 0.619812 0.7647095 0.69104 0.7585449 0.6195068 0.7540894 0.6695557 0.8686524 0.6494751 0.868103 0.6478882 0.8967896 0.6304932 0.8685913 0.6478882 0.8967896 0.6494751 0.868103 0.2374877 0.4398804 0.2371215 0.4594727 0.3746338 0.4725952 0.368103 0.4944458 0.3746338 0.4725952 0.2371215 0.4594727 1 0.9438477 1.052429 0.9046631 1 0.9046631 1.111206 0.866272 1 0.9046631 1.052429 0.9046631 1.000061 0.8483887 0.8570557 0.8242798 1.000061 0.8242798 0.8837891 0.805481 1.000061 0.8242798 0.8570557 0.8242798 0.6855469 0.1384277 0.687439 0.1224974 0.6485596 0.1387939 0.6487427 0.1217041 0.6485596 0.1387939 0.687439 0.1224974 1 0.9046631 1.111206 0.866272 1.000305 0.866272 1.000061 0.8483887 1.000305 0.866272 1.111206 0.866272 0.9616699 0.03582757 0.9884033 0.04547119 0.9656372 0.06878662 0.9960938 0.078125 0.9656372 0.06878662 0.9884033 0.04547119 0.8439331 0.02392578 0.8809204 0.05480957 0.8417969 0.05908203 0.8584595 0.1158447 0.8417969 0.05908203 0.8809204 0.05480957 0.9848634 0.2494506 0.9793091 0.184082 0.9960938 0.1863403 0.9804688 0.1279907 0.9960938 0.1863403 0.9793091 0.184082 0.9075928 0.2380371 0.9199219 0.1724243 0.9412232 0.1760864 0.9453125 0.1191406 0.9412232 0.1760864 0.9199219 0.1724243 0.02117913 0.2645264 0.02630615 0.3076782 0.05828857 0.269104 0.06176751 0.3012695 0.05828857 0.269104 0.02630615 0.3076782 0.02117913 0.2645264 0.02630615 0.3076782 0.05828857 0.269104 0.06176751 0.3012695 0.05828857 0.269104 0.02630615 0.3076782 0.1572875 0.1082763 0.2351074 0.1082763 0.2351074 0.06665039 0.1572875 0.1082763 0.2351074 0.06665039 0.2351074 0.1082763 0.002258241 0.2588501 0.002258241 0.2226562 0.1453247 0.2393188 0.1552734 0.2091064 0.1453247 0.2393188 0.002258241 0.2226562 0.1394653 0.3015137 0.1395874 0.2542725 0.06176751 0.3012695 0.05828857 0.269104 0.06176751 0.3012695 0.1395874 0.2542725 0.02117913 0.2645264 0.02630615 0.3076782 0.05828857 0.269104 0.06176751 0.3012695 0.05828857 0.269104 0.02630615 0.3076782 0.7371216 0.3914795 0.538147 0.3914795 0.7098389 0.447937 0.5693359 0.447937 0.7098389 0.447937 0.538147 0.3914795 0.538147 0.3914795 0.7371216 0.3914795 0.5693359 0.447937 0.7098389 0.447937 0.5693359 0.447937 0.7371216 0.3914795 0.578125 0.567749 0.7176514 0.567749 0.5795899 0.5308228 0.696228 0.5308228 0.5795899 0.5308228 0.7176514 0.567749 0.7176514 0.567749 0.578125 0.567749 0.696228 0.5308228 0.5795899 0.5308228 0.696228 0.5308228 0.578125 0.567749 0.607605 0.6464844 0.6115112 0.5961304 0.6948242 0.6464844 0.6893311 0.5961304 0.6948242 0.6464844 0.6115112 0.5961304 0.6948242 0.6464844 0.6893311 0.5961304 0.7483521 0.6464844 0.7384644 0.5961304 0.7483521 0.6464844 0.6893311 0.5961304 0.7821655 0.447937 0.939148 0.447937 0.8036499 0.4885254 0.9300537 0.4885254 0.8036499 0.4885254 0.939148 0.447937 0.9606934 0.6472778 0.9535523 0.5961304 0.7784424 0.6472778 0.7857056 0.5961304 0.7784424 0.6472778 0.9535523 0.5961304 0.6739502 0.9857178 0.7324219 0.9678345 0.7024536 0.9454956 0.7279663 0.937439 0.7024536 0.9454956 0.7324219 0.9678345 0.1394653 0.3015137 0.1395874 0.2542725 0.06176751 0.3012695 0.05828857 0.269104 0.06176751 0.3012695 0.1395874 0.2542725 0.1572875 0.1082763 0.2351074 0.1082763 0.2351074 0.06665039 0.1572875 0.1082763 0.2351074 0.06665039 0.2351074 0.1082763 0.002258241 0.2588501 0.002258241 0.2226562 0.1453247 0.2393188 0.1552734 0.2091064 0.1453247 0.2393188 0.002258241 0.2226562 0.1437377 0.1428222 0.03820794 0.1370849 0.1552734 0.2091064 0.002258241 0.2226562 0.1552734 0.2091064 0.03820794 0.1370849 0.1394653 0.3015137 0.1395874 0.2542725 0.06176751 0.3012695 0.05828857 0.269104 0.06176751 0.3012695 0.1395874 0.2542725 0.002258241 0.2226562 0.1552734 0.2091064 0.03820794 0.1370849 0.1437377 0.1428222 0.03820794 0.1370849 0.1552734 0.2091064 0.06176751 0.3012695 0.05828857 0.269104 0.02630615 0.3076782 0.02117913 0.2645264 0.02630615 0.3076782 0.05828857 0.269104 0.1394653 0.3015137 0.1395874 0.2542725 0.06176751 0.3012695 0.05828857 0.269104 0.06176751 0.3012695 0.1395874 0.2542725 0.6739502 1.015015 0.7024536 1.055237 0.7324219 1.032898 0.7279663 1.063232 0.7324219 1.032898 0.7024536 1.055237 0.2049559 0.9651489 0.2926025 0.9471436 0.2238769 0.9013672 0.3574829 0.8984985 0.2238769 0.9013672 0.2926025 0.9471436 -0.02966308 0.6071777 -0.1317138 0.5715332 -0.2279052 0.621582 -0.2559204 0.5265503 -0.2279052 0.621582 -0.1317138 0.5715332 0.7918091 0.8356934 0.7457886 0.8684082 0.8391724 0.8684082 0.7322388 0.8915405 0.8391724 0.8684082 0.7457886 0.8684082 0.644165 0.2940674 0.6183472 0.2880859 0.6506348 0.2816773 0.5857544 0.2641602 0.6506348 0.2816773 0.6183472 0.2880859 -0.08880615 0.8168945 -0.09387207 0.7774048 -0.1725463 0.7788086 -0.06524658 0.7168579 -0.1725463 0.7788086 -0.09387207 0.7774048 0.09533691 0.9175415 0.1783447 0.8661499 0.03478997 0.881897 0.06420898 0.8279419 0.03478997 0.881897 0.1783447 0.8661499 -0.3308716 0.5644531 -0.2559204 0.5265503 -0.2279052 0.621582 -0.1317138 0.5715332 -0.2279052 0.621582 -0.2559204 0.5265503 0.0279541 0.6071777 0.1359863 0.5583496 0.2282714 0.6096192 0.2371215 0.5365601 0.2282714 0.6096192 0.1359863 0.5583496 0.2282714 0.6096192 0.2371215 0.5365601 0.3172608 0.5673828 0.5012207 0.5263062 0.3172608 0.5673828 0.2371215 0.5365601 -0.1725463 0.7788086 -0.3621216 0.78125 -0.2401733 0.7009277 -0.3621216 0.7246094 -0.2401733 0.7009277 -0.3621216 0.78125 0.07354736 0.3237915 0.05389404 0.3417358 3.66211e-4 0.3239136 -0.05389404 0.3417358 3.66211e-4 0.3239136 0.05389404 0.3417358 -0.05389404 0.3417358 3.66211e-4 0.3239136 0.05389404 0.3417358 0.07354736 0.3237915 0.05389404 0.3417358 3.66211e-4 0.3239136 1.403992 0.6015015 1.351379 0.6015015 1.403992 0.6207275 1.351379 0.6399536 1.403992 0.6207275 1.351379 0.6015015 -0.05389404 0.3417358 3.66211e-4 0.3239136 0.05389404 0.3417358 0.07354736 0.3237915 0.05389404 0.3417358 3.66211e-4 0.3239136 -0.05389404 0.3417358 0.05389404 0.3417358 3.66211e-4 0.3239136 0.07354736 0.3237915 3.66211e-4 0.3239136 0.05389404 0.3417358 0.7918091 0.9744873 0.7457886 0.9424439 0.8391724 0.9424439 0.7330322 0.9174194 0.8391724 0.9424439 0.7457886 0.9424439 0.59198 0.2835083 0.5857544 0.2641602 0.5446777 0.2644043 0.5896607 0.2193603 0.5446777 0.2644043 0.5857544 0.2641602 0.6016846 0.3344727 0.5553589 0.3171387 0.5175781 0.3449707 0.517334 0.255249 0.5175781 0.3449707 0.5553589 0.3171387 0.7868042 0.2312011 0.7692261 0.2459106 0.7598877 0.2791138 0.732605 0.2235107 0.7598877 0.2791138 0.7692261 0.2459106 0.8063355 0.3764649 0.8776856 0.3764649 0.8606567 0.3390503 0.9104614 0.3764649 0.8606567 0.3390503 0.8776856 0.3764649 0.7692871 0.1792602 0.7322388 0.1261596 0.7336426 0.1735229 0.7028198 0.1534423 0.7336426 0.1735229 0.7322388 0.1261596 0.7683106 0.1121215 0.743103 0.09539794 0.7321777 0.1141357 0.7061768 0.1135864 0.7321777 0.1141357 0.743103 0.09539794 0.6951294 0.8386841 0.6875 0.8521729 0.7159424 0.8322144 0.7129517 0.8577271 0.7159424 0.8322144 0.6875 0.8521729 0.7159424 0.8322144 0.7129517 0.8577271 0.7390137 0.8392334 0.7369385 0.8520508 0.7390137 0.8392334 0.7129517 0.8577271 0.7918091 0.8356934 0.7457886 0.8684082 0.8391724 0.8684082 0.7322388 0.8915405 0.8391724 0.8684082 0.7457886 0.8684082 0.7918091 0.9744873 0.7457886 0.9424439 0.8391724 0.9424439 0.7330322 0.9174194 0.8391724 0.9424439 0.7457886 0.9424439 0.59198 0.2835083 0.6586914 0.3292847 0.6016846 0.3344727 0.647522 0.3552246 0.6016846 0.3344727 0.6586914 0.3292847 0.6901856 0.00982666 0.7346192 0.01544189 0.7390137 0.03540039 0.7597046 0.02386474 0.7390137 0.03540039 0.7346192 0.01544189 0.649353 0.2406616 0.6937256 0.2886353 0.6620483 0.2911377 0.680542 0.3234253 0.6620483 0.2911377 0.6937256 0.2886353 0.732605 0.2235107 0.7692261 0.2459106 0.7598877 0.2791138 0.7868042 0.2312011 0.7598877 0.2791138 0.7692261 0.2459106 0.8063355 0.3764649 0.7579956 0.3118286 0.8606567 0.3390503 0.7598877 0.2791138 0.8606567 0.3390503 0.7579956 0.3118286 0.2282714 0.6096192 0.3172608 0.5673828 0.2371215 0.5365601 0.5012207 0.5263062 0.2371215 0.5365601 0.3172608 0.5673828 -0.4112549 1.007019 -0.3856812 0.953125 -0.2879028 0.9481812 -0.2175903 0.9043579 -0.2879028 0.9481812 -0.3856812 0.953125 0.9349365 0.9438477 0.9475708 0.9046631 1 0.9438477 1 0.9046631 1 0.9438477 0.9475708 0.9046631 1.111206 0.866272 1.122009 0.9046631 1.052429 0.9046631 1.066772 0.9438477 1.052429 0.9046631 1.122009 0.9046631 0.9559937 0.9659424 1 0.9438477 0.9349365 0.9438477 0.9475708 0.9046631 0.9349365 0.9438477 1 0.9438477 0.8837891 0.805481 0.9482422 0.7678833 0.8686524 0.7678833 0.9271851 0.7266235 0.8686524 0.7678833 0.9482422 0.7678833 1.000061 0.805481 1.115356 0.805481 1.000061 0.8242798 1.14209 0.8242798 1.000061 0.8242798 1.115356 0.805481 1.000061 0.8483887 1.000061 0.8242798 0.8570557 0.8242798 0.8837891 0.805481 0.8570557 0.8242798 1.000061 0.8242798 0.02777099 0.5055542 0.03564453 0.473999 -0.002563416 0.5002442 -0.002563416 0.4597778 -0.002563416 0.5002442 0.03564453 0.473999 0.6739502 0.9857178 0.7024536 0.9454956 0.7324219 0.9678345 0.7279663 0.937439 0.7324219 0.9678345 0.7024536 0.9454956 0.6739502 1.015015 0.7324219 1.032898 0.7024536 1.055237 0.7279663 1.063232 0.7024536 1.055237 0.7324219 1.032898 0.2351074 0.001220703 0.002258241 0.001220703 0.002258241 0.03186035 0.2351074 0.001220703 0.002258241 0.03186035 0.002258241 0.001220703 0.1209716 0.06665039 0.1572875 0.1082763 0.2351074 0.06665039 0.2351074 0.1082763 0.2351074 0.06665039 0.1572875 0.1082763 0.04516595 0.1082763 0.1184692 0.1082763 0.03588867 0.06750488 0.1209716 0.06665039 0.03588867 0.06750488 0.1184692 0.1082763 0.03588867 0.06750488 0.1209716 0.06665039 0.002258241 0.03186035 0.2351074 0.03186035 0.002258241 0.03186035 0.1209716 0.06665039 0.002258241 0.03186035 0.2351074 0.03186035 0.2351074 0.001220703 0.002258241 0.03186035 0.2351074 0.001220703 0.2351074 0.03186035 0.2351074 0.1082763 0.1572875 0.1082763 0.2351074 0.06665039 0.1209716 0.06665039 0.2351074 0.06665039 0.1572875 0.1082763 -0.04852288 0.5532227 -0.002441406 0.5532227 -0.002624452 0.5335083 0.04455566 0.5532227 -0.002624452 0.5335083 -0.002441406 0.5532227 0.375 -0.1054687 0.2496948 -0.05682373 0.375 0 0.3117676 -0.0390625 0.375 0 0.2496948 -0.05682373 0.9075928 0.2380371 0.9555664 0.3403931 0.9544678 0.2435913 0.9848634 0.2494506 0.9544678 0.2435913 0.9555664 0.3403931 0.9544678 0.2435913 0.9848634 0.2494506 0.9793091 0.184082 0.9960938 0.1863403 0.9793091 0.184082 0.9848634 0.2494506 0.8391724 0.8684082 0.7322388 0.8915405 0.8554688 0.8915405 0.7330322 0.9174194 0.8554688 0.8915405 0.7322388 0.8915405 0.9299927 0.5683594 0.9535523 0.5961304 0.8043823 0.5683594 0.7857056 0.5961304 0.8043823 0.5683594 0.9535523 0.5961304 0.6946411 0.4885254 0.7098389 0.447937 0.5693359 0.447937 0.7371216 0.3914795 0.5693359 0.447937 0.7098389 0.447937 0.7384644 0.5961304 0.6956177 0.567688 0.6893311 0.5961304 0.598999 0.567688 0.6893311 0.5961304 0.6956177 0.567688 0.7322388 0.8915405 0.8556519 0.9174194 0.7330322 0.9174194 0.8391724 0.9424439 0.7330322 0.9174194 0.8556519 0.9174194 0.5795899 0.5308228 0.578125 0.4885254 0.6946411 0.4885254 0.5693359 0.447937 0.6946411 0.4885254 0.578125 0.4885254 0.6946411 0.4885254 0.5693359 0.447937 0.7098389 0.447937 0.538147 0.3914795 0.7098389 0.447937 0.5693359 0.447937 0.56427 0.5961304 0.6115112 0.5961304 0.598999 0.567688 0.6893311 0.5961304 0.598999 0.567688 0.6115112 0.5961304 1.403992 0.6399536 1.403992 0.6207275 1.351379 0.6399536 0.9300537 0.4885254 0.9208374 0.5308228 0.8036499 0.4885254 1.044434 0.7006836 1.110535 0.6741943 1.000061 0.6831665 0.07354736 0.3237915 3.66211e-4 0.3239136 0.05389404 0.3417358 0.7382813 0.7914429 0.69104 0.7585449 0.6878662 0.7902222 0.07354736 0.3237915 3.66211e-4 0.3239136 0.05389404 0.3417358 0.05389404 0.3417358 3.66211e-4 0.3239136 0.07354736 0.3237915 0.07354736 0.3237915 3.66211e-4 0.3239136 0.05389404 0.3417358 0.9960938 0.1328125 0.9960938 0.1863403 0.9804688 0.1279907 0.2351074 0.1082763 0.1572875 0.1082763 0.2351074 0.06665039 0.8781128 0.1148681 0.9019775 0.1149902 0.8753662 0.1717529 0.03588867 0.06750488 0.1184692 0.1082763 0.04516595 0.1082763 0.7819214 0.7244263 0.69104 0.7585449 0.7008057 0.7147827 0.9482422 0.7678833 0.8686524 0.7678833 0.8837891 0.805481 0.625061 0.7993775 0.69104 0.7585449 0.6878662 0.7902222 0.7346192 0.01544189 0.7390137 0.03540039 0.7597046 0.02386474 0.854187 0.7266235 0.9271851 0.7266235 0.892334 0.6729126 -0.02966308 0.6071777 -0.005859375 0.642334 -0.06524658 0.7168579 0.0581054 0.5261841 0.03564453 0.473999 0.1051025 0.5261841 0.0625 0.9375 0 0.9317017 0.046875 0.953125 0.5012207 0.9589233 0.3860474 0.9520264 0.3844605 0.998169 0.06420898 0.8279419 0.1777343 0.8128052 0.1783447 0.8661499 -0.03301995 0.5055542 -0.03955078 0.473999 -0.002563416 0.5002442 -0.06384277 0.5261841 -0.03301995 0.5055542 -0.03955078 0.473999 0.5012207 0.7728882 0.5012207 0.7209473 0.3747559 0.7319946 0.6485596 0.1387939 0.6487427 0.1217041 0.5906983 0.137207 -0.3308716 0.5644531 -0.2559204 0.5265503 -0.4988403 0.5254517 0.2926025 0.9471436 0.3574829 0.8984985 0.3860474 0.9520264 0.9648438 0.1231079 0.9412232 0.1760864 0.9625244 0.1797485 0.354065 0.1229858 0.3670654 0.1926879 0.4284058 0.1452636 0.2351074 0.03186035 0.2351074 0.06665039 0.1209716 0.06665039 0.046875 0.953125 0.0703125 1 0 1 0.939148 0.447937 0.7524414 0.3914795 0.9567871 0.3914795 0.3500366 0.4429321 0.3746338 0.4725952 0.2561646 0.4429932 0.9606934 0.6472778 0.9535523 0.5961304 0.7784424 0.6472778 0.002258241 0.2226562 0.1453247 0.2393188 0.1552734 0.2091064 0.6478882 0.8967896 0.673645 0.8977051 0.6474609 0.9089356 0.9500733 0.7006836 1.000061 0.7266235 1.000061 0.6831665 0.8570557 0.8483887 1.000305 0.866272 0.8909912 0.866272 0.9037476 0.9872437 1 0.9973755 1 0.9792481 0.6478882 0.8967896 0.673645 0.8977051 0.6474609 0.9089356 0.04516595 0.1082763 0.1184692 0.1082763 0.03588867 0.06750488 0.6478882 0.8967896 0.6304932 0.8685913 0.6242676 0.897583 -0.4988403 0.9178467 -0.4988403 0.8647461 -0.3572998 0.8505859 0.4995117 0.5214233 0.3746338 0.4725952 0.368103 0.4944458 -0.3621216 0.7246094 -0.3621216 0.78125 -0.2401733 0.7009277 0.1879882 0.5668335 0.2266845 0.4769898 0.368103 0.4944458 0.7371216 0.3914795 0.7098389 0.447937 0.538147 0.3914795 0.5693359 0.447937 0.6946411 0.4885254 0.7098389 0.447937 0.939148 0.447937 0.7524414 0.3914795 0.9567871 0.3914795 0.7784424 0.6472778 0.7857056 0.5961304 0.9606934 0.6472778 0.696228 0.5308228 0.5795899 0.5308228 0.6946411 0.4885254 0.3401489 0.3192139 0.2906494 0.3282471 0.3627319 0.2619019 0.8095703 0.5308228 0.9208374 0.5308228 0.8036499 0.4885254 0.538147 0.3914795 0.5693359 0.447937 0.7371216 0.3914795 0.6038208 0.7539673 0.6050415 0.7484131 0.6116943 0.7544556 1.044434 0.7006836 1.110535 0.6741943 1.072876 0.7266235 0.04516595 0.1082763 0.1184692 0.1082763 0.03588867 0.06750488 0.1913452 0.1543579 0.1913452 0.1543579 0.1913452 0.1543579 -0.03301995 0.5055542 -0.03955078 0.473999 -0.06384277 0.5261841 0.002258241 0.2588501 0.1552734 0.2091064 0.1453247 0.2393188 0.5828247 0.7642212 0.6030884 0.762085 0.5974732 0.7598267 0.6506348 0.2816773 0.5857544 0.2641602 0.6349487 0.2403564 0.9559937 0.9659424 1 0.9438477 1 0.9792481 0.5720215 0.8027954 0.5557861 0.8973999 0.6100464 0.9263306 0.5245972 0.8515625 0.5325317 0.8041992 0.5720215 0.8027954 -0.002563416 0.5002442 -0.03301995 0.5055542 -0.03955078 0.473999 0.7683106 0.1121215 0.7321777 0.1141357 0.743103 0.09539794 1.14209 0.8242798 1.14209 0.8483887 1.000061 0.8242798 0.1913452 0.1543579 0.1913452 0.1543579 0.1913452 0.1543579 0.5980835 0.3552246 0.6016846 0.3344727 0.647522 0.3552246 0.4284058 0.1452636 0.3670654 0.1926879 0.354065 0.1229858 1.000061 0.6831665 1.110535 0.6741943 1.044434 0.7006836 0.6478882 0.8967896 0.6242676 0.897583 0.6474609 0.9089356 0.854187 0.7266235 0.8686524 0.7678833 0.9271851 0.7266235 0.6478882 0.8967896 0.6317139 0.8627319 0.6242676 0.897583</float_array>
          <technique_common>
            <accessor source="#cs_boss-mesh-map-0-array" count="5244" stride="2">
              <param name="S" type="float"/>
              <param name="T" type="float"/>
            </accessor>
          </technique_common>
        </source>
        <vertices id="cs_boss-mesh-vertices">
          <input semantic="POSITION" source="#cs_boss-mesh-positions"/>
        </vertices>
        <polylist material="cs_boss_body_m-material" count="1748">
          <input semantic="VERTEX" source="#cs_boss-mesh-vertices" offset="0"/>
          <input semantic="NORMAL" source="#cs_boss-mesh-normals" offset="1"/>
          <input semantic="TEXCOORD" source="#cs_boss-mesh-map-0" offset="2" set="0"/>
          <vcount>3 3 3 3 3 3 3 3 3 3 3 3 3 3 3 3 3 3 3 3 3 3 3 3 3 3 3 3 3 3 3 3 3 3 3 3 3 3 3 3 3 3 3 3 3 3 3 3 3 3 3 3 3 3 3 3 3 3 3 3 3 3 3 3 3 3 3 3 3 3 3 3 3 3 3 3 3 3 3 3 3 3 3 3 3 3 3 3 3 3 3 3 3 3 3 3 3 3 3 3 3 3 3 3 3 3 3 3 3 3 3 3 3 3 3 3 3 3 3 3 3 3 3 3 3 3 3 3 3 3 3 3 3 3 3 3 3 3 3 3 3 3 3 3 3 3 3 3 3 3 3 3 3 3 3 3 3 3 3 3 3 3 3 3 3 3 3 3 3 3 3 3 3 3 3 3 3 3 3 3 3 3 3 3 3 3 3 3 3 3 3 3 3 3 3 3 3 3 3 3 3 3 3 3 3 3 3 3 3 3 3 3 3 3 3 3 3 3 3 3 3 3 3 3 3 3 3 3 3 3 3 3 3 3 3 3 3 3 3 3 3 3 3 3 3 3 3 3 3 3 3 3 3 3 3 3 3 3 3 3 3 3 3 3 3 3 3 3 3 3 3 3 3 3 3 3 3 3 3 3 3 3 3 3 3 3 3 3 3 3 3 3 3 3 3 3 3 3 3 3 3 3 3 3 3 3 3 3 3 3 3 3 3 3 3 3 3 3 3 3 3 3 3 3 3 3 3 3 3 3 3 3 3 3 3 3 3 3 3 3 3 3 3 3 3 3 3 3 3 3 3 3 3 3 3 3 3 3 3 3 3 3 3 3 3 3 3 3 3 3 3 3 3 3 3 3 3 3 3 3 3 3 3 3 3 3 3 3 3 3 3 3 3 3 3 3 3 3 3 3 3 3 3 3 3 3 3 3 3 3 3 3 3 3 3 3 3 3 3 3 3 3 3 3 3 3 3 3 3 3 3 3 3 3 3 3 3 3 3 3 3 3 3 3 3 3 3 3 3 3 3 3 3 3 3 3 3 3 3 3 3 3 3 3 3 3 3 3 3 3 3 3 3 3 3 3 3 3 3 3 3 3 3 3 3 3 3 3 3 3 3 3 3 3 3 3 3 3 3 3 3 3 3 3 3 3 3 3 3 3 3 3 3 3 3 3 3 3 3 3 3 3 3 3 3 3 3 3 3 3 3 3 3 3 3 3 3 3 3 3 3 3 3 3 3 3 3 3 3 3 3 3 3 3 3 3 3 3 3 3 3 3 3 3 3 3 3 3 3 3 3 3 3 3 3 3 3 3 3 3 3 3 3 3 3 3 3 3 3 3 3 3 3 3 3 3 3 3 3 3 3 3 3 3 3 3 3 3 3 3 3 3 3 3 3 3 3 3 3 3 3 3 3 3 3 3 3 3 3 3 3 3 3 3 3 3 3 3 3 3 3 3 3 3 3 3 3 3 3 3 3 3 3 3 3 3 3 3 3 3 3 3 3 3 3 3 3 3 3 3 3 3 3 3 3 3 3 3 3 3 3 3 3 3 3 3 3 3 3 3 3 3 3 3 3 3 3 3 3 3 3 3 3 3 3 3 3 3 3 3 3 3 3 3 3 3 3 3 3 3 3 3 3 3 3 3 3 3 3 3 3 3 3 3 3 3 3 3 3 3 3 3 3 3 3 3 3 3 3 3 3 3 3 3 3 3 3 3 3 3 3 3 3 3 3 3 3 3 3 3 3 3 3 3 3 3 3 3 3 3 3 3 3 3 3 3 3 3 3 3 3 3 3 3 3 3 3 3 3 3 3 3 3 3 3 3 3 3 3 3 3 3 3 3 3 3 3 3 3 3 3 3 3 3 3 3 3 3 3 3 3 3 3 3 3 3 3 3 3 3 3 3 3 3 3 3 3 3 3 3 3 3 3 3 3 3 3 3 3 3 3 3 3 3 3 3 3 3 3 3 3 3 3 3 3 3 3 3 3 3 3 3 3 3 3 3 3 3 3 3 3 3 3 3 3 3 3 3 3 3 3 3 3 3 3 3 3 3 3 3 3 3 3 3 3 3 3 3 3 3 3 3 3 3 3 3 3 3 3 3 3 3 3 3 3 3 3 3 3 3 3 3 3 3 3 3 3 3 3 3 3 3 3 3 3 3 3 3 3 3 3 3 3 3 3 3 3 3 3 3 3 3 3 3 3 3 3 3 3 3 3 3 3 3 3 3 3 3 3 3 3 3 3 3 3 3 3 3 3 3 3 3 3 3 3 3 3 3 3 3 3 3 3 3 3 3 3 3 3 3 3 3 3 3 3 3 3 3 3 3 3 3 3 3 3 3 3 3 3 3 3 3 3 3 3 3 3 3 3 3 3 3 3 3 3 3 3 3 3 3 3 3 3 3 3 3 3 3 3 3 3 3 3 3 3 3 3 3 3 3 3 3 3 3 3 3 3 3 3 3 3 3 3 3 3 3 3 3 3 3 3 3 3 3 3 3 3 3 3 3 3 3 3 3 3 3 3 3 3 3 3 3 3 3 3 3 3 3 3 3 3 3 3 3 3 3 3 3 3 3 3 3 3 3 3 3 3 3 3 3 3 3 3 3 3 3 3 3 3 3 3 3 3 3 3 3 3 3 3 3 3 3 3 3 3 3 3 3 3 3 3 3 3 3 3 3 3 3 3 3 3 3 3 3 3 3 3 3 3 3 3 3 3 3 3 3 3 3 3 3 3 3 3 3 3 3 3 3 3 3 3 3 3 3 3 3 3 3 3 3 3 3 3 3 3 3 3 3 3 3 3 3 3 3 3 3 3 3 3 3 3 3 3 3 3 3 3 3 3 3 3 3 3 3 3 3 3 3 3 3 3 3 3 3 3 3 3 3 3 3 3 3 3 3 3 3 3 3 3 3 3 3 3 3 3 3 3 3 3 3 3 3 3 3 3 3 3 3 3 3 3 3 3 3 3 3 3 3 3 3 3 3 3 3 3 3 3 3 3 3 3 3 3 3 3 3 3 3 3 3 3 3 3 3 3 3 3 3 3 3 3 3 3 3 3 3 3 3 3 3 3 3 3 3 3 3 3 3 3 3 3 3 3 3 3 3 3 3 3 3 3 3 3 3 3 3 3 3 3 3 3 3 3 3 3 3 3 3 3 3 3 3 3 3 3 3 3 3 3 3 3 3 3 3 3 3 3 3 3 3 3 3 3 3 3 3 3 3 3 3 3 3 3 3 3 3 3 3 3 3 3 3 3 3 3 3 3 3 3 3 3 3 3 3 3 3 3 3 3 3 3 3 3 3 3 3 3 3 3 3 3 3 3 3 3 3 3 3 3 3 3 3 3 3 3 3 3 3 3 3 3 3 3 3 3 3 3 3 3 3 3 3 3 3 3 3 3 3 3 3 3 3 3 3 3 3 3 3 3 3 3 3 3 3 3 3 3 3 3 3 3 3 3 3 3 3 3 3 3 3 3 3 3 3 3 3 3 3 3 3 3 3 3 3 3 3 3 3 3 3 3 3 3 3 3 3 3 3 3 3 3 3 3 3 3 3 3 3 3 3 3 3 3 3 3 3 3 3 3 3 3 3 3 3 3 3 3 3 3 3 3 3 3 3 3 3 3 3 3 3 3 3 3 3 3 3 3 3 3 3 3 3 3 3 3 3 3 3 3 3 3 3 3 3 3 3 3 3 3 3 3 3 3 3 3 3 3 3 3 3 3 3 3 3 3 3 3 3 3 3 3 3 3 3 3 3 3 3 3 3 3 3 3 3 3 3 3 3 3 3 3 3 3 3 3 3 3 3 3 3 3 3 3 3 3 3 3 3 3 3 3 3 3 3 3 3 3 3 3 3 3 3 3 3 3 3 3 3 3 3 3 3 3 3 3 3 3 3 3 3 3 3 3 3 3 3 3 3 3 3 3 3 3 3 3 3 3 3 </vcount>
          <p>349 0 0 386 1 1 336 2 2 402 3 3 336 2 4 386 1 5 386 1 6 373 4 7 402 3 8 401 5 9 402 3 10 373 4 11 373 4 12 385 6 13 401 5 14 396 7 15 401 5 16 385 6 17 385 6 18 394 8 19 396 7 20 376 9 21 396 7 22 394 8 23 394 8 24 389 10 25 376 9 26 365 11 27 376 9 28 389 10 29 389 10 30 366 12 31 365 11 32 387 13 33 365 11 34 366 12 35 366 12 36 333 14 37 387 13 38 363 15 39 387 13 40 333 14 41 333 14 42 806 16 43 363 15 44 786 17 45 363 15 46 806 16 47 806 16 48 784 18 49 786 17 50 795 19 51 786 17 52 784 18 53 784 18 54 808 20 55 795 19 56 809 21 57 795 19 58 808 20 59 808 20 60 780 22 61 809 21 62 804 23 63 809 21 64 780 22 65 780 22 66 765 24 67 804 23 68 803 25 69 804 23 70 765 24 71 765 24 72 770 26 73 803 25 74 548 27 75 542 28 76 547 29 77 536 30 78 547 29 79 542 28 80 542 28 81 541 31 82 536 30 83 535 32 84 536 30 85 541 31 86 541 31 87 544 33 88 535 32 89 540 34 90 535 32 91 544 33 92 544 33 93 543 35 94 540 34 95 553 36 96 540 34 97 543 35 98 543 35 99 552 37 100 553 36 101 87 38 102 553 36 103 552 37 104 552 37 105 88 39 106 87 38 107 119 40 108 87 38 109 88 39 110 88 39 111 90 41 112 119 40 113 93 42 114 119 40 115 90 41 116 90 41 117 552 37 118 93 42 119 91 43 120 93 42 121 552 37 122 552 37 123 92 44 124 91 43 125 119 40 126 91 43 127 92 44 128 92 44 129 85 45 130 119 40 131 112 46 132 119 40 133 85 45 134 85 45 135 114 47 136 112 46 137 113 48 138 112 46 139 114 47 140 114 47 141 115 49 142 113 48 143 30 50 144 62 51 145 18 52 146 55 53 147 18 52 148 62 51 149 62 51 150 61 54 151 55 53 152 49 55 153 55 53 154 61 54 155 61 54 156 48 56 157 49 55 158 43 57 159 49 55 160 48 56 161 48 56 162 47 58 163 43 57 164 37 59 165 43 57 166 47 58 167 47 58 168 41 60 169 37 59 170 505 61 171 37 59 172 41 60 173 41 60 174 40 62 175 505 61 176 516 63 177 505 61 178 40 62 179 40 62 180 42 64 181 516 63 182 520 65 183 516 63 184 42 64 185 42 64 186 6 66 187 520 65 188 521 67 189 520 65 190 6 66 191 6 66 192 497 68 193 521 67 194 504 69 195 521 67 196 497 68 197 497 68 198 487 70 199 504 69 200 503 71 201 504 69 202 487 70 203 487 70 204 492 72 205 503 71 206 517 73 207 503 71 208 492 72 209 191 74 210 178 75 211 182 76 212 181 77 213 182 76 214 178 75 215 178 75 216 179 78 217 181 77 218 193 79 219 181 77 220 179 78 221 179 78 222 196 80 223 193 79 224 194 81 225 193 79 226 196 80 227 196 80 228 173 82 229 194 81 230 199 83 231 194 81 232 173 82 233 173 82 234 170 84 235 199 83 236 198 85 237 199 83 238 170 84 239 170 84 240 169 86 241 198 85 242 172 87 243 198 85 244 169 86 245 169 86 246 185 88 247 172 87 248 184 89 249 172 87 250 185 88 251 185 88 252 188 90 253 184 89 254 189 91 255 184 89 256 188 90 257 188 90 258 167 92 259 189 91 260 166 93 261 189 91 262 167 92 263 167 92 264 165 94 265 166 93 266 163 95 267 166 93 268 165 94 269 165 94 270 147 96 271 163 95 272 577 97 273 595 98 274 593 99 275 596 100 276 593 99 277 595 98 278 595 98 279 597 101 280 596 100 281 619 102 282 596 100 283 597 101 284 597 101 285 618 103 286 619 102 287 614 104 288 619 102 289 618 103 290 618 103 291 615 105 292 614 104 293 602 106 294 614 104 295 615 105 296 615 105 297 599 107 298 602 106 299 628 108 300 602 106 301 599 107 302 599 107 303 600 109 304 628 108 305 629 110 306 628 108 307 600 109 308 600 109 309 603 111 310 629 110 311 624 112 312 629 110 313 603 111 314 603 111 315 626 113 316 624 112 317 623 114 318 624 112 319 626 113 320 626 113 321 609 115 322 623 114 323 611 116 324 623 114 325 609 115 326 609 115 327 608 117 328 611 116 329 612 118 330 611 116 331 608 117 332 608 117 333 621 119 334 612 118 335 573 120 336 563 121 337 574 122 338 564 123 339 574 122 340 563 121 341 563 121 342 566 124 343 564 123 344 565 125 345 564 123 346 566 124 347 566 124 348 568 126 349 565 125 350 569 127 351 565 125 352 568 126 353 568 126 354 582 128 355 569 127 356 562 129 357 569 127 358 582 128 359 582 128 360 581 130 361 562 129 362 558 131 363 562 129 364 581 130 365 581 130 366 586 132 367 558 131 368 559 133 369 558 131 370 586 132 371 586 132 372 585 134 373 559 133 374 556 135 375 559 133 376 585 134 377 585 134 378 557 136 379 556 135 380 561 137 381 556 135 382 557 136 383 557 136 384 567 138 385 561 137 386 573 120 387 561 137 388 567 138 389 567 138 390 563 121 391 573 120 392 167 92 393 168 139 394 165 94 395 146 140 396 165 94 397 168 139 398 168 139 399 145 141 400 146 140 401 141 142 402 146 140 403 145 141 404 145 141 405 142 143 406 141 142 407 129 144 408 141 142 409 142 143 410 142 143 411 126 145 412 129 144 413 155 146 414 129 144 415 126 145 416 126 145 417 127 147 418 155 146 419 156 148 420 155 146 421 127 147 422 127 147 423 130 149 424 156 148 425 151 150 426 156 148 427 130 149 428 130 149 429 153 151 430 151 150 431 150 152 432 151 150 433 153 151 434 153 151 435 136 153 436 150 152 437 138 154 438 150 152 439 136 153 440 136 153 441 135 155 442 138 154 443 139 156 444 138 154 445 135 155 446 135 155 447 148 157 448 139 156 449 30 50 450 18 52 451 32 158 452 27 159 453 32 158 454 18 52 455 18 52 456 25 160 457 27 159 458 36 161 459 27 159 460 25 160 461 25 160 462 17 162 463 36 161 464 19 163 465 36 161 466 17 162 467 17 162 468 4 164 469 19 163 470 66 165 471 19 163 472 4 164 473 4 164 474 483 166 475 66 165 476 1 167 477 66 165 478 483 166 479 483 166 480 472 168 481 1 167 482 0 169 483 1 167 484 472 168 485 472 168 486 523 170 487 0 169 488 490 171 489 0 169 490 523 170 491 523 170 492 479 172 493 490 171 494 478 173 495 490 171 496 479 172 497 479 172 498 493 174 499 478 173 500 492 72 501 478 173 502 493 174 503 119 40 504 120 175 505 87 38 506 105 176 507 87 38 508 120 175 509 120 175 510 106 177 511 105 176 512 101 178 513 105 176 514 106 177 515 106 177 516 118 179 517 101 178 518 104 180 519 101 178 520 118 179 521 118 179 522 97 181 523 104 180 524 81 182 525 104 180 526 97 181 527 97 181 528 79 183 529 81 182 530 530 184 531 81 182 532 79 183 533 79 183 534 527 185 535 530 184 536 531 186 537 530 184 538 527 185 539 527 185 540 528 187 541 531 186 542 532 188 543 531 186 544 528 187 545 528 187 546 529 189 547 532 188 548 82 190 549 532 188 550 529 189 551 529 189 552 80 191 553 82 190 554 337 192 555 354 193 556 333 14 557 330 194 558 333 14 559 354 193 560 354 193 561 329 195 562 330 194 563 778 196 564 330 194 565 329 195 566 329 195 567 759 197 568 778 196 569 758 198 570 778 196 571 759 197 572 759 197 573 766 199 574 758 198 575 782 200 576 758 198 577 766 199 578 766 199 579 769 201 580 782 200 581 817 202 582 782 200 583 769 201 584 769 201 585 777 203 586 817 202 587 816 204 588 817 202 589 777 203 590 777 203 591 760 205 592 816 204 593 773 206 594 816 204 595 760 205 596 760 205 597 805 207 598 773 206 599 603 111 600 600 109 601 626 113 602 627 208 603 626 113 604 600 109 605 600 109 606 610 209 607 627 208 608 609 115 609 627 208 610 610 209 611 610 209 612 606 210 613 609 115 614 607 211 615 609 115 616 606 210 617 606 210 618 617 212 619 607 211 620 622 213 621 607 211 622 617 212 623 617 212 624 587 214 625 622 213 626 591 215 627 622 213 628 587 214 629 587 214 630 588 216 631 591 215 632 592 217 633 591 215 634 588 216 635 588 216 636 579 218 637 592 217 638 578 219 639 592 217 640 579 218 641 301 220 642 318 221 643 275 222 644 276 223 645 275 222 646 318 221 647 318 221 648 884 224 649 276 223 650 327 225 651 276 223 652 884 224 653 884 224 654 326 226 655 327 225 656 885 227 657 327 225 658 326 226 659 326 226 660 888 228 661 885 227 662 319 229 663 885 227 664 888 228 665 888 228 666 299 230 667 319 229 668 889 231 669 319 229 670 299 230 671 299 230 672 288 232 673 889 231 674 285 233 675 889 231 676 288 232 677 288 232 678 310 234 679 285 233 680 283 235 681 285 233 682 310 234 683 263 236 684 251 237 685 262 238 686 254 239 687 262 238 688 251 237 689 251 237 690 250 240 691 254 239 692 267 241 693 254 239 694 250 240 695 250 240 696 272 242 697 267 241 698 252 243 699 267 241 700 272 242 701 272 242 702 249 244 703 252 243 704 269 245 705 252 243 706 249 244 707 249 244 708 270 246 709 269 245 710 258 247 711 269 245 712 270 246 713 270 246 714 259 248 715 258 247 716 255 249 717 258 247 718 259 248 719 259 248 720 265 250 721 255 249 722 452 251 723 470 252 724 453 253 725 465 254 726 453 253 727 470 252 728 470 252 729 469 255 730 465 254 731 458 256 732 465 254 733 469 255 734 469 255 735 463 257 736 458 256 737 411 258 738 458 256 739 463 257 740 463 257 741 435 259 742 411 258 743 430 260 744 411 258 745 435 259 746 435 259 747 441 261 748 430 260 749 437 262 750 430 260 751 441 261 752 441 261 753 442 263 754 437 262 755 425 264 756 437 262 757 442 263 758 442 263 759 424 265 760 425 264 761 686 266 762 688 267 763 687 268 764 690 269 765 687 268 766 688 267 767 688 267 768 696 270 769 690 269 770 697 271 771 690 269 772 696 270 773 696 270 774 699 272 775 697 271 776 682 273 777 697 271 778 699 272 779 699 272 780 679 274 781 682 273 782 702 275 783 682 273 784 679 274 785 679 274 786 701 276 787 702 275 788 681 277 789 702 275 790 701 276 791 701 276 792 678 278 793 681 277 794 694 279 795 681 277 796 678 278 797 678 278 798 695 280 799 694 279 800 349 0 801 336 2 802 352 281 803 404 282 804 352 281 805 336 2 806 336 2 807 343 283 808 404 282 809 353 284 810 404 282 811 343 283 812 343 283 813 397 285 814 353 284 815 328 286 816 353 284 817 397 285 818 397 285 819 777 203 820 328 286 821 818 287 822 328 286 823 777 203 824 777 203 825 769 201 826 818 287 827 819 288 828 818 287 829 769 201 830 769 201 831 820 289 832 819 288 833 763 290 834 819 288 835 820 289 836 820 289 837 331 291 838 763 290 839 741 292 840 715 293 841 714 294 842 898 295 843 714 294 844 715 293 845 715 293 846 752 296 847 898 295 848 892 297 849 898 295 850 752 296 851 752 296 852 753 298 853 892 297 854 754 299 855 892 297 856 753 298 857 753 298 858 893 300 859 754 299 860 710 301 861 754 299 862 893 300 863 893 300 864 749 302 865 710 301 866 894 303 867 710 301 868 749 302 869 749 302 870 897 304 871 894 303 872 755 305 873 894 303 874 897 304 875 897 304 876 719 306 877 755 305 878 366 12 879 389 10 880 333 14 881 348 307 882 333 14 883 389 10 884 389 10 885 356 308 886 348 307 887 357 309 888 348 307 889 356 308 890 356 308 891 355 310 892 357 309 893 334 311 894 357 309 895 355 310 896 355 310 897 358 312 898 334 311 899 342 313 900 334 311 901 358 312 902 358 312 903 345 314 904 342 313 905 408 315 906 342 313 907 345 314 908 345 314 909 407 316 910 408 315 911 339 317 912 408 315 913 407 316 914 407 316 915 338 318 916 339 317 917 356 308 918 351 319 919 355 310 920 358 312 921 355 310 922 351 319 923 351 319 924 405 320 925 358 312 926 345 314 927 358 312 928 405 320 929 405 320 930 353 284 931 345 314 932 406 321 933 345 314 934 353 284 935 353 284 936 328 286 937 406 321 938 332 322 939 406 321 940 328 286 941 328 286 942 818 287 943 332 322 944 764 323 945 332 322 946 818 287 947 818 287 948 819 288 949 764 323 950 762 324 951 764 323 952 819 288 953 819 288 954 763 290 955 762 324 956 432 325 957 440 326 958 439 327 959 431 328 960 439 327 961 440 326 962 440 326 963 434 329 964 431 328 965 436 330 966 431 328 967 434 329 968 434 329 969 412 331 970 436 330 971 413 332 972 436 330 973 412 331 974 412 331 975 464 333 976 413 332 977 447 334 978 413 332 979 464 333 980 464 333 981 446 335 982 447 334 983 456 336 984 447 334 985 446 335 986 446 335 987 450 337 988 456 336 989 457 338 990 456 336 991 450 337 992 450 337 993 466 339 994 457 338 995 862 340 996 870 341 997 869 342 998 861 343 999 869 342 1000 870 341 1001 870 341 1002 864 344 1003 861 343 1004 866 345 1005 861 343 1006 864 344 1007 864 344 1008 822 346 1009 866 345 1010 823 347 1011 866 345 1012 822 346 1013 822 346 1014 842 348 1015 823 347 1016 826 349 1017 823 347 1018 842 348 1019 842 348 1020 825 350 1021 826 349 1022 834 351 1023 826 349 1024 825 350 1025 825 350 1026 829 352 1027 834 351 1028 835 353 1029 834 351 1030 829 352 1031 829 352 1032 844 354 1033 835 353 1034 494 355 1035 482 356 1036 519 357 1037 513 358 1038 519 357 1039 482 356 1040 482 356 1041 515 359 1042 513 358 1043 510 360 1044 513 358 1045 515 359 1046 515 359 1047 514 361 1048 510 360 1049 508 362 1050 510 360 1051 514 361 1052 514 361 1053 56 363 1054 508 362 1055 38 364 1056 508 362 1057 56 363 1058 56 363 1059 50 365 1060 38 364 1061 51 366 1062 38 364 1063 50 365 1064 50 365 1065 52 367 1066 51 366 1067 49 55 1068 51 366 1069 52 367 1070 52 367 1071 55 53 1072 49 55 1073 115 49 1074 114 47 1075 109 368 1076 103 369 1077 109 368 1078 114 47 1079 114 47 1080 116 370 1081 103 369 1082 100 371 1083 103 369 1084 116 370 1085 116 370 1086 117 372 1087 100 371 1088 82 190 1089 100 371 1090 117 372 1091 117 372 1092 83 373 1093 82 190 1094 550 374 1095 82 190 1096 83 373 1097 83 373 1098 89 375 1099 550 374 1100 549 376 1101 550 374 1102 89 375 1103 89 375 1104 547 29 1105 549 376 1106 536 30 1107 549 376 1108 547 29 1109 687 268 1110 744 377 1111 686 266 1112 743 378 1113 686 266 1114 744 377 1115 744 377 1116 710 301 1117 743 378 1118 757 379 1119 743 378 1120 710 301 1121 710 301 1122 894 303 1123 757 379 1124 756 380 1125 757 379 1126 894 303 1127 894 303 1128 755 305 1129 756 380 1130 896 381 1131 756 380 1132 755 305 1133 755 305 1134 719 306 1135 896 381 1136 721 382 1137 896 381 1138 719 306 1139 719 306 1140 738 383 1141 721 382 1142 113 48 1143 121 384 1144 112 46 1145 110 385 1146 112 46 1147 121 384 1148 121 384 1149 111 386 1150 110 385 1151 107 387 1152 110 385 1153 111 386 1154 111 386 1155 102 388 1156 107 387 1157 118 179 1158 107 387 1159 102 388 1160 102 388 1161 100 371 1162 118 179 1163 98 389 1164 118 179 1165 100 371 1166 100 371 1167 99 390 1168 98 389 1169 95 391 1170 98 389 1171 99 390 1172 99 390 1173 96 392 1174 95 391 1175 130 149 1176 127 147 1177 153 151 1178 154 393 1179 153 151 1180 127 147 1181 127 147 1182 137 394 1183 154 393 1184 136 153 1185 154 393 1186 137 394 1187 137 394 1188 133 395 1189 136 153 1190 134 396 1191 136 153 1192 133 395 1193 133 395 1194 144 397 1195 134 396 1196 149 398 1197 134 396 1198 144 397 1199 144 397 1200 158 399 1201 149 398 1202 162 400 1203 149 398 1204 158 399 1205 158 399 1206 161 401 1207 162 400 1208 814 402 1209 760 205 1210 807 403 1211 793 404 1212 807 403 1213 760 205 1214 760 205 1215 783 405 1216 793 404 1217 794 406 1218 793 404 1219 783 405 1220 783 405 1221 393 407 1222 794 406 1223 391 408 1224 794 406 1225 393 407 1226 393 407 1227 375 409 1228 391 408 1229 374 410 1230 391 408 1231 375 409 1232 375 409 1233 359 411 1234 374 410 1235 336 2 1236 374 410 1237 359 411 1238 359 411 1239 343 283 1240 336 2 1241 803 25 1242 792 412 1243 804 23 1244 813 413 1245 804 23 1246 792 412 1247 792 412 1248 814 402 1249 813 413 1250 791 414 1251 813 413 1252 814 402 1253 814 402 1254 807 403 1255 791 414 1256 812 415 1257 791 414 1258 807 403 1259 807 403 1260 398 416 1261 812 415 1262 362 417 1263 812 415 1264 398 416 1265 398 416 1266 400 418 1267 362 417 1268 361 419 1269 362 417 1270 400 418 1271 400 418 1272 371 420 1273 361 419 1274 348 307 1275 357 309 1276 333 14 1277 337 192 1278 333 14 1279 357 309 1280 357 309 1281 334 311 1282 337 192 1283 354 193 1284 337 192 1285 334 311 1286 334 311 1287 335 421 1288 354 193 1289 329 195 1290 354 193 1291 335 421 1292 335 421 1293 342 313 1294 329 195 1295 409 422 1296 329 195 1297 342 313 1298 342 313 1299 408 315 1300 409 422 1301 331 291 1302 409 422 1303 408 315 1304 408 315 1305 339 317 1306 331 291 1307 694 279 1308 695 280 1309 746 423 1310 747 424 1311 746 423 1312 695 280 1313 695 280 1314 743 378 1315 747 424 1316 707 425 1317 747 424 1318 743 378 1319 743 378 1320 706 426 1321 707 425 1322 705 427 1323 707 425 1324 706 426 1325 706 426 1326 748 428 1327 705 427 1328 731 429 1329 705 427 1330 748 428 1331 748 428 1332 728 430 1333 731 429 1334 721 382 1335 731 429 1336 728 430 1337 493 174 1338 479 172 1339 495 431 1340 496 432 1341 495 431 1342 479 172 1343 479 172 1344 471 433 1345 496 432 1346 491 434 1347 496 432 1348 471 433 1349 471 433 1350 500 435 1351 491 434 1352 489 436 1353 491 434 1354 500 435 1355 500 435 1356 481 437 1357 489 436 1358 488 438 1359 489 436 1360 481 437 1361 481 437 1362 56 363 1363 488 438 1364 484 439 1365 488 438 1366 56 363 1367 313 440 1368 280 441 1369 314 442 1370 324 443 1371 314 442 1372 280 441 1373 280 441 1374 886 444 1375 324 443 1376 323 445 1377 324 443 1378 886 444 1379 886 444 1380 889 231 1381 323 445 1382 322 446 1383 323 445 1384 889 231 1385 889 231 1386 285 233 1387 322 446 1388 890 447 1389 322 446 1390 285 233 1391 285 233 1392 284 448 1393 890 447 1394 300 449 1395 890 447 1396 284 448 1397 347 450 1398 350 451 1399 379 452 1400 381 453 1401 379 452 1402 350 451 1403 350 451 1404 346 454 1405 381 453 1406 377 455 1407 381 453 1408 346 454 1409 346 454 1410 380 456 1411 377 455 1412 370 457 1413 377 455 1414 380 456 1415 380 456 1416 378 458 1417 370 457 1418 369 459 1419 370 457 1420 378 458 1421 378 458 1422 371 420 1423 369 459 1424 264 460 1425 316 461 1426 265 250 1427 317 462 1428 265 250 1429 316 461 1430 316 461 1431 279 463 1432 317 462 1433 277 464 1434 317 462 1435 279 463 1436 279 463 1437 304 465 1438 277 464 1439 307 466 1440 277 464 1441 304 465 1442 304 465 1443 293 467 1444 307 466 1445 294 468 1446 307 466 1447 293 467 1448 293 467 1449 312 469 1450 294 468 1451 29 470 1452 9 471 1453 31 472 1454 32 158 1455 31 472 1456 9 471 1457 9 471 1458 22 473 1459 32 158 1460 11 474 1461 32 158 1462 22 473 1463 22 473 1464 10 475 1465 11 474 1466 54 476 1467 11 474 1468 10 475 1469 10 475 1470 44 477 1471 54 476 1472 62 51 1473 54 476 1474 44 477 1475 44 477 1476 61 54 1477 62 51 1478 330 194 1479 778 196 1480 333 14 1481 761 478 1482 333 14 1483 778 196 1484 778 196 1485 758 198 1486 761 478 1487 781 479 1488 761 478 1489 758 198 1490 758 198 1491 779 480 1492 781 479 1493 780 22 1494 781 479 1495 779 480 1496 779 480 1497 775 481 1498 780 22 1499 765 24 1500 780 22 1501 775 481 1502 775 481 1503 770 26 1504 765 24 1505 211 482 1506 239 483 1507 208 484 1508 240 485 1509 208 484 1510 239 483 1511 239 483 1512 217 486 1513 240 485 1514 216 487 1515 240 485 1516 217 486 1517 217 486 1518 219 488 1519 216 487 1520 220 489 1521 216 487 1522 219 488 1523 219 488 1524 235 490 1525 220 489 1526 232 491 1527 220 489 1528 235 490 1529 235 490 1530 234 492 1531 232 491 1532 494 355 1533 475 493 1534 496 432 1535 486 494 1536 496 432 1537 475 493 1538 475 493 1539 474 495 1540 486 494 1541 473 496 1542 486 494 1543 474 495 1544 474 495 1545 485 497 1546 473 496 1547 493 174 1548 473 496 1549 485 497 1550 485 497 1551 477 498 1552 493 174 1553 492 72 1554 493 174 1555 477 498 1556 477 498 1557 517 73 1558 492 72 1559 66 165 1560 1 167 1561 19 163 1562 8 499 1563 19 163 1564 1 167 1565 1 167 1566 0 169 1567 8 499 1568 67 500 1569 8 499 1570 0 169 1571 0 169 1572 26 501 1573 67 500 1574 15 502 1575 67 500 1576 26 501 1577 26 501 1578 14 503 1579 15 502 1580 29 470 1581 15 502 1582 14 503 1583 14 503 1584 28 504 1585 29 470 1586 104 180 1587 81 182 1588 86 505 1589 537 506 1590 86 505 1591 81 182 1592 81 182 1593 530 184 1594 537 506 1595 551 507 1596 537 506 1597 530 184 1598 530 184 1599 531 186 1600 551 507 1601 533 508 1602 551 507 1603 531 186 1604 531 186 1605 532 188 1606 533 508 1607 82 190 1608 533 508 1609 532 188 1610 524 509 1611 525 510 1612 73 511 1613 72 512 1614 73 511 1615 525 510 1616 525 510 1617 74 513 1618 72 512 1619 71 514 1620 72 512 1621 74 513 1622 74 513 1623 70 515 1624 71 514 1625 68 516 1626 71 514 1627 70 515 1628 70 515 1629 525 510 1630 68 516 1631 524 509 1632 68 516 1633 525 510 1634 879 517 1635 124 518 1636 882 519 1637 122 520 1638 882 519 1639 124 518 1640 124 518 1641 125 521 1642 122 520 1643 555 522 1644 122 520 1645 125 521 1646 125 521 1647 123 523 1648 555 522 1649 880 524 1650 555 522 1651 123 523 1652 123 523 1653 124 518 1654 880 524 1655 879 517 1656 880 524 1657 124 518 1658 875 525 1659 77 526 1660 878 527 1661 75 528 1662 878 527 1663 77 526 1664 77 526 1665 78 529 1666 75 528 1667 526 530 1668 75 528 1669 78 529 1670 78 529 1671 76 531 1672 526 530 1673 876 532 1674 526 530 1675 76 531 1676 76 531 1677 77 526 1678 876 532 1679 875 525 1680 876 532 1681 77 526 1682 540 34 1683 553 36 1684 551 507 1685 539 533 1686 551 507 1687 553 36 1688 553 36 1689 538 534 1690 539 533 1691 534 535 1692 539 533 1693 538 534 1694 538 534 1695 84 536 1696 534 535 1697 86 505 1698 534 535 1699 84 536 1700 84 536 1701 101 178 1702 86 505 1703 104 180 1704 86 505 1705 101 178 1706 412 331 1707 462 537 1708 464 333 1709 459 538 1710 464 333 1711 462 537 1712 462 537 1713 468 539 1714 459 538 1715 467 540 1716 459 538 1717 468 539 1718 468 539 1719 460 541 1720 467 540 1721 449 542 1722 467 540 1723 460 541 1724 460 541 1725 452 251 1726 449 542 1727 453 253 1728 449 542 1729 452 251 1730 379 452 1731 381 453 1732 338 318 1733 339 317 1734 338 318 1735 381 453 1736 381 453 1737 377 455 1738 339 317 1739 331 291 1740 339 317 1741 377 455 1742 377 455 1743 796 543 1744 331 291 1745 800 544 1746 331 291 1747 796 543 1748 796 543 1749 770 26 1750 800 544 1751 774 545 1752 800 544 1753 770 26 1754 257 546 1755 314 442 1756 261 547 1757 303 548 1758 261 547 1759 314 442 1760 314 442 1761 321 549 1762 303 548 1763 273 550 1764 303 548 1765 321 549 1766 321 549 1767 274 551 1768 273 550 1769 302 552 1770 273 550 1771 274 551 1772 274 551 1773 320 553 1774 302 552 1775 300 449 1776 302 552 1777 320 553 1778 558 131 1779 559 133 1780 562 129 1781 570 554 1782 562 129 1783 559 133 1784 559 133 1785 571 555 1786 570 554 1787 577 97 1788 570 554 1789 571 555 1790 571 555 1791 576 556 1792 577 97 1793 595 98 1794 577 97 1795 576 556 1796 576 556 1797 598 557 1798 595 98 1799 597 101 1800 595 98 1801 598 557 1802 569 127 1803 578 219 1804 565 125 1805 564 123 1806 565 125 1807 578 219 1808 578 219 1809 579 218 1810 564 123 1811 574 122 1812 564 123 1813 579 218 1814 579 218 1815 588 216 1816 574 122 1817 590 558 1818 574 122 1819 588 216 1820 588 216 1821 589 559 1822 590 558 1823 582 128 1824 568 126 1825 581 130 1826 580 560 1827 581 130 1828 568 126 1829 568 126 1830 566 124 1831 580 560 1832 583 561 1833 580 560 1834 566 124 1835 566 124 1836 584 562 1837 583 561 1838 557 136 1839 583 561 1840 584 562 1841 584 562 1842 567 138 1843 557 136 1844 370 457 1845 360 563 1846 377 455 1847 796 543 1848 377 455 1849 360 563 1850 360 563 1851 789 564 1852 796 543 1853 799 565 1854 796 543 1855 789 564 1856 789 564 1857 797 566 1858 799 565 1859 803 25 1860 799 565 1861 797 566 1862 797 566 1863 792 412 1864 803 25 1865 637 567 1866 636 568 1867 639 569 1868 638 570 1869 639 569 1870 636 568 1871 636 568 1872 671 571 1873 638 570 1874 670 572 1875 638 570 1876 671 571 1877 671 571 1878 646 573 1879 670 572 1880 647 574 1881 670 572 1882 646 573 1883 646 573 1884 649 575 1885 647 574 1886 762 324 1887 802 576 1888 764 323 1889 390 577 1890 764 323 1891 802 576 1892 802 576 1893 773 206 1894 390 577 1895 801 578 1896 390 577 1897 773 206 1898 773 206 1899 805 207 1900 801 578 1901 797 566 1902 801 578 1903 805 207 1904 805 207 1905 792 412 1906 797 566 1907 51 366 1908 39 579 1909 38 364 1910 509 580 1911 38 364 1912 39 579 1913 39 579 1914 501 581 1915 509 580 1916 507 582 1917 509 580 1918 501 581 1919 501 581 1920 506 583 1921 507 582 1922 518 584 1923 507 582 1924 506 583 1925 506 583 1926 517 73 1927 518 584 1928 336 2 1929 402 3 1930 374 410 1931 388 585 1932 374 410 1933 402 3 1934 402 3 1935 372 586 1936 388 585 1937 400 418 1938 388 585 1939 372 586 1940 372 586 1941 399 587 1942 400 418 1943 371 420 1944 400 418 1945 399 587 1946 399 587 1947 369 459 1948 371 420 1949 372 586 1950 368 588 1951 399 587 1952 403 589 1953 399 587 1954 368 588 1955 368 588 1956 395 590 1957 403 589 1958 360 563 1959 403 589 1960 395 590 1961 395 590 1962 815 591 1963 360 563 1964 789 564 1965 360 563 1966 815 591 1967 815 591 1968 788 592 1969 789 564 1970 222 593 1971 213 594 1972 214 595 1973 242 596 1974 214 595 1975 213 594 1976 213 594 1977 243 597 1978 242 596 1979 205 598 1980 242 596 1981 243 597 1982 243 597 1983 201 599 1984 205 598 1985 204 600 1986 205 598 1987 201 599 1988 201 599 1989 200 601 1990 204 600 1991 623 114 1992 611 116 1993 624 112 1994 625 602 1995 624 112 1996 611 116 1997 611 116 1998 612 118 1999 625 602 2000 605 603 2001 625 602 2002 612 118 2003 612 118 2004 613 604 2005 605 603 2006 602 106 2007 605 603 2008 613 604 2009 613 604 2010 614 104 2011 602 106 2012 696 270 2013 688 267 2014 699 272 2015 700 605 2016 699 272 2017 688 267 2018 688 267 2019 689 606 2020 700 605 2021 679 274 2022 700 605 2023 689 606 2024 689 606 2025 683 607 2026 679 274 2027 678 278 2028 679 274 2029 683 607 2030 683 607 2031 695 280 2032 678 278 2033 198 85 2034 172 87 2035 199 83 2036 171 608 2037 199 83 2038 172 87 2039 172 87 2040 175 609 2041 171 608 2042 194 81 2043 171 608 2044 175 609 2045 175 609 2046 195 610 2047 194 81 2048 181 77 2049 194 81 2050 195 610 2051 195 610 2052 182 76 2053 181 77 2054 262 238 2055 254 239 2056 261 547 2057 268 611 2058 261 547 2059 254 239 2060 254 239 2061 267 241 2062 268 611 2063 260 612 2064 268 611 2065 267 241 2066 267 241 2067 266 613 2068 260 612 2069 258 247 2070 260 612 2071 266 613 2072 266 613 2073 269 245 2074 258 247 2075 672 614 2076 643 615 2077 644 616 2078 652 617 2079 644 616 2080 643 615 2081 643 615 2082 653 618 2083 652 617 2084 659 619 2085 652 617 2086 653 618 2087 653 618 2088 655 620 2089 659 619 2090 658 621 2091 659 619 2092 655 620 2093 655 620 2094 654 622 2095 658 621 2096 250 240 2097 251 237 2098 272 242 2099 271 623 2100 272 242 2101 251 237 2102 251 237 2103 248 624 2104 271 623 2105 249 244 2106 271 623 2107 248 624 2108 248 624 2109 253 625 2110 249 244 2111 259 248 2112 249 244 2113 253 625 2114 253 625 2115 265 250 2116 259 248 2117 173 82 2118 196 80 2119 170 84 2120 197 626 2121 170 84 2122 196 80 2123 196 80 2124 179 78 2125 197 626 2126 180 627 2127 197 626 2128 179 78 2129 179 78 2130 176 628 2131 180 627 2132 186 629 2133 180 627 2134 176 628 2135 176 628 2136 187 630 2137 186 629 2138 155 146 2139 156 148 2140 129 144 2141 128 631 2142 129 144 2143 156 148 2144 156 148 2145 151 150 2146 128 631 2147 132 632 2148 128 631 2149 151 150 2150 151 150 2151 152 633 2152 132 632 2153 139 156 2154 132 632 2155 152 633 2156 152 633 2157 138 154 2158 139 156 2159 456 336 2160 445 634 2161 443 635 2162 858 636 2163 443 635 2164 445 634 2165 445 634 2166 859 637 2167 858 636 2168 853 638 2169 858 636 2170 859 637 2171 859 637 2172 868 639 2173 853 638 2174 869 342 2175 853 638 2176 868 639 2177 373 4 2178 384 640 2179 385 6 2180 341 641 2181 385 6 2182 384 640 2183 384 640 2184 346 454 2185 341 641 2186 351 319 2187 341 641 2188 346 454 2189 346 454 2190 350 451 2191 351 319 2192 347 450 2193 351 319 2194 350 451 2195 658 621 2196 661 642 2197 659 619 2198 660 643 2199 659 619 2200 661 642 2201 661 642 2202 663 644 2203 660 643 2204 662 645 2205 660 643 2206 663 644 2207 663 644 2208 664 646 2209 662 645 2210 665 647 2211 662 645 2212 664 646 2213 664 646 2214 667 648 2215 665 647 2216 666 649 2217 665 647 2218 667 648 2219 667 648 2220 674 650 2221 666 649 2222 675 651 2223 666 649 2224 674 650 2225 674 650 2226 656 652 2227 675 651 2228 657 653 2229 675 651 2230 656 652 2231 278 654 2232 307 466 2233 292 655 2234 306 656 2235 292 655 2236 307 466 2237 307 466 2238 294 468 2239 306 656 2240 296 657 2241 306 656 2242 294 468 2243 294 468 2244 312 469 2245 296 657 2246 295 658 2247 296 657 2248 312 469 2249 443 635 2250 858 636 2251 850 659 2252 849 660 2253 850 659 2254 858 636 2255 858 636 2256 853 638 2257 849 660 2258 854 661 2259 849 660 2260 853 638 2261 853 638 2262 869 342 2263 854 661 2264 861 343 2265 854 661 2266 869 342 2267 49 55 2268 43 57 2269 51 366 2270 39 579 2271 51 366 2272 43 57 2273 43 57 2274 883 662 2275 39 579 2276 501 581 2277 39 579 2278 883 662 2279 883 662 2280 37 59 2281 501 581 2282 505 61 2283 501 581 2284 37 59 2285 299 230 2286 888 228 2287 288 232 2288 289 663 2289 288 232 2290 888 228 2291 888 228 2292 325 664 2293 289 663 2294 891 665 2295 289 663 2296 325 664 2297 325 664 2298 326 226 2299 891 665 2300 884 224 2301 891 665 2302 326 226 2303 822 346 2304 840 666 2305 842 348 2306 837 667 2307 842 348 2308 840 666 2309 840 666 2310 846 668 2311 837 667 2312 845 669 2313 837 667 2314 846 668 2315 846 668 2316 838 670 2317 845 669 2318 828 671 2319 845 669 2320 838 670 2321 275 222 2322 276 223 2323 277 464 2324 313 440 2325 277 464 2326 276 223 2327 276 223 2328 327 225 2329 313 440 2330 280 441 2331 313 440 2332 327 225 2333 327 225 2334 885 227 2335 280 441 2336 319 229 2337 280 441 2338 885 227 2339 682 273 2340 702 275 2341 697 271 2342 680 672 2343 697 271 2344 702 275 2345 702 275 2346 681 277 2347 680 672 2348 684 673 2349 680 672 2350 681 277 2351 681 277 2352 692 674 2353 684 673 2354 691 675 2355 684 673 2356 692 674 2357 483 166 2358 4 164 2359 481 437 2360 56 363 2361 481 437 2362 4 164 2363 4 164 2364 17 162 2365 56 363 2366 24 676 2367 56 363 2368 17 162 2369 17 162 2370 25 160 2371 24 676 2372 20 677 2373 24 676 2374 25 160 2375 396 7 2376 376 9 2377 372 586 2378 368 588 2379 372 586 2380 376 9 2381 376 9 2382 367 678 2383 368 588 2384 364 679 2385 368 588 2386 367 678 2387 367 678 2388 363 15 2389 364 679 2390 786 17 2391 364 679 2392 363 15 2393 234 492 2394 235 490 2395 237 680 2396 236 681 2397 237 680 2398 235 490 2399 235 490 2400 219 488 2401 236 681 2402 245 682 2403 236 681 2404 219 488 2405 219 488 2406 218 683 2407 245 682 2408 227 684 2409 245 682 2410 218 683 2411 38 364 2412 509 580 2413 508 362 2414 510 360 2415 508 362 2416 509 580 2417 509 580 2418 507 582 2419 510 360 2420 513 358 2421 510 360 2422 507 582 2423 507 582 2424 518 584 2425 513 358 2426 519 357 2427 513 358 2428 518 584 2429 41 60 2430 47 58 2431 40 62 2432 59 685 2433 40 62 2434 47 58 2435 47 58 2436 45 686 2437 59 685 2438 46 687 2439 59 685 2440 45 686 2441 45 686 2442 23 688 2443 46 687 2444 33 689 2445 46 687 2446 23 688 2447 22 473 2448 9 471 2449 10 475 2450 21 690 2451 10 475 2452 9 471 2453 9 471 2454 29 470 2455 21 690 2456 13 691 2457 21 690 2458 29 470 2459 29 470 2460 28 504 2461 13 691 2462 60 692 2463 13 691 2464 28 504 2465 186 629 2466 187 630 2467 188 90 2468 167 92 2469 188 90 2470 187 630 2471 187 630 2472 159 693 2473 167 92 2474 168 139 2475 167 92 2476 159 693 2477 159 693 2478 160 694 2479 168 139 2480 144 397 2481 168 139 2482 160 694 2483 35 695 2484 5 696 2485 6 66 2486 499 697 2487 6 66 2488 5 696 2489 5 696 2490 480 698 2491 499 697 2492 476 699 2493 499 697 2494 480 698 2495 480 698 2496 478 173 2497 476 699 2498 492 72 2499 476 699 2500 478 173 2501 26 501 2502 16 700 2503 14 503 2504 12 701 2505 14 503 2506 16 700 2507 16 700 2508 35 695 2509 12 701 2510 34 702 2511 12 701 2512 35 695 2513 35 695 2514 6 66 2515 34 702 2516 33 689 2517 34 702 2518 6 66 2519 182 76 2520 190 703 2521 191 74 2522 161 401 2523 191 74 2524 190 703 2525 190 703 2526 164 704 2527 161 401 2528 162 400 2529 161 401 2530 164 704 2531 164 704 2532 163 95 2533 162 400 2534 147 96 2535 162 400 2536 163 95 2537 648 705 2538 643 615 2539 642 706 2540 668 707 2541 642 706 2542 643 615 2543 643 615 2544 673 708 2545 668 707 2546 631 709 2547 668 707 2548 673 708 2549 673 708 2550 635 710 2551 631 709 2552 634 711 2553 631 709 2554 635 710 2555 331 291 2556 800 544 2557 763 290 2558 762 324 2559 763 290 2560 800 544 2561 800 544 2562 798 712 2563 762 324 2564 802 576 2565 762 324 2566 798 712 2567 798 712 2568 776 713 2569 802 576 2570 773 206 2571 802 576 2572 776 713 2573 413 332 2574 419 714 2575 436 330 2576 418 715 2577 436 330 2578 419 714 2579 419 714 2580 428 716 2581 418 715 2582 422 717 2583 418 715 2584 428 716 2585 428 716 2586 429 718 2587 422 717 2588 438 719 2589 422 717 2590 429 718 2591 585 134 2592 586 132 2593 557 136 2594 560 720 2595 557 136 2596 586 132 2597 586 132 2598 581 130 2599 560 720 2600 583 561 2601 560 720 2602 581 130 2603 581 130 2604 580 560 2605 583 561 2606 561 137 2607 573 120 2608 556 135 2609 572 721 2610 556 135 2611 573 120 2612 573 120 2613 575 722 2614 572 721 2615 571 555 2616 572 721 2617 575 722 2618 575 722 2619 576 556 2620 571 555 2621 724 723 2622 726 724 2623 742 725 2624 725 726 2625 742 725 2626 726 724 2627 726 724 2628 736 727 2629 725 726 2630 735 728 2631 725 726 2632 736 727 2633 736 727 2634 722 729 2635 735 728 2636 865 730 2637 871 731 2638 860 732 2639 867 733 2640 860 732 2641 871 731 2642 871 731 2643 872 734 2644 867 733 2645 856 735 2646 867 733 2647 872 734 2648 872 734 2649 855 736 2650 856 735 2651 758 198 2652 782 200 2653 779 480 2654 775 481 2655 779 480 2656 782 200 2657 782 200 2658 817 202 2659 775 481 2660 771 737 2661 775 481 2662 817 202 2663 817 202 2664 776 713 2665 771 737 2666 433 738 2667 432 325 2668 424 265 2669 421 739 2670 424 265 2671 432 325 2672 432 325 2673 439 327 2674 421 739 2675 420 740 2676 421 739 2677 439 327 2678 439 327 2679 438 719 2680 420 740 2681 680 672 2682 684 673 2683 697 271 2684 698 741 2685 697 271 2686 684 673 2687 684 673 2688 691 675 2689 698 741 2690 690 269 2691 698 741 2692 691 675 2693 691 675 2694 687 268 2695 690 269 2696 438 719 2697 439 327 2698 422 717 2699 423 742 2700 422 717 2701 439 327 2702 439 327 2703 431 328 2704 423 742 2705 418 715 2706 423 742 2707 431 328 2708 431 328 2709 436 330 2710 418 715 2711 464 333 2712 459 538 2713 446 335 2714 451 743 2715 446 335 2716 459 538 2717 459 538 2718 467 540 2719 451 743 2720 450 337 2721 451 743 2722 467 540 2723 467 540 2724 466 339 2725 450 337 2726 625 602 2727 605 603 2728 624 112 2729 601 744 2730 624 112 2731 605 603 2732 605 603 2733 602 106 2734 601 744 2735 629 110 2736 601 744 2737 602 106 2738 602 106 2739 628 108 2740 629 110 2741 824 745 2742 826 349 2743 833 746 2744 426 747 2745 833 746 2746 826 349 2747 826 349 2748 415 748 2749 426 747 2750 419 714 2751 426 747 2752 415 748 2753 415 748 2754 428 716 2755 419 714 2756 618 103 2757 616 749 2758 615 105 2759 599 107 2760 615 105 2761 616 749 2762 616 749 2763 604 750 2764 599 107 2765 600 109 2766 599 107 2767 604 750 2768 604 750 2769 610 209 2770 600 109 2771 375 409 2772 393 407 2773 359 411 2774 344 751 2775 359 411 2776 393 407 2777 393 407 2778 392 752 2779 344 751 2780 343 283 2781 344 751 2782 392 752 2783 392 752 2784 397 285 2785 343 283 2786 648 705 2787 642 706 2788 649 575 2789 647 574 2790 649 575 2791 642 706 2792 642 706 2793 668 707 2794 647 574 2795 669 753 2796 647 574 2797 668 707 2798 668 707 2799 641 754 2800 669 753 2801 478 173 2802 480 698 2803 490 171 2804 2 755 2805 490 171 2806 480 698 2807 480 698 2808 5 696 2809 2 755 2810 16 700 2811 2 755 2812 5 696 2813 5 696 2814 35 695 2815 16 700 2816 842 348 2817 837 667 2818 825 350 2819 830 756 2820 825 350 2821 837 667 2822 837 667 2823 845 669 2824 830 756 2825 829 352 2826 830 756 2827 845 669 2828 845 669 2829 844 354 2830 829 352 2831 456 336 2832 443 635 2833 447 334 2834 454 757 2835 447 334 2836 443 635 2837 443 635 2838 850 659 2839 454 757 2840 857 758 2841 454 757 2842 850 659 2843 850 659 2844 824 745 2845 857 758 2846 268 611 2847 260 612 2848 261 547 2849 257 546 2850 261 547 2851 260 612 2852 260 612 2853 258 247 2854 257 546 2855 256 759 2856 257 546 2857 258 247 2858 258 247 2859 255 249 2860 256 759 2861 21 690 2862 13 691 2863 10 475 2864 53 760 2865 10 475 2866 13 691 2867 13 691 2868 60 692 2869 53 760 2870 44 477 2871 53 760 2872 60 692 2873 60 692 2874 61 54 2875 44 477 2876 40 62 2877 59 685 2878 42 64 2879 63 761 2880 42 64 2881 59 685 2882 59 685 2883 64 762 2884 63 761 2885 6 66 2886 63 761 2887 64 762 2888 64 762 2889 33 689 2890 6 66 2891 197 626 2892 180 627 2893 170 84 2894 174 763 2895 170 84 2896 180 627 2897 180 627 2898 186 629 2899 174 763 2900 169 86 2901 174 763 2902 186 629 2903 186 629 2904 185 88 2905 169 86 2906 145 141 2907 143 764 2908 142 143 2909 126 145 2910 142 143 2911 143 764 2912 143 764 2913 131 765 2914 126 145 2915 127 147 2916 126 145 2917 131 765 2918 131 765 2919 137 394 2920 127 147 2921 310 234 2922 288 232 2923 286 766 2924 309 767 2925 286 766 2926 288 232 2927 288 232 2928 289 663 2929 309 767 2930 287 768 2931 309 767 2932 289 663 2933 289 663 2934 308 769 2935 287 768 2936 692 674 2937 693 770 2938 745 771 2939 727 772 2940 745 771 2941 693 770 2942 693 770 2943 722 729 2944 727 772 2945 708 773 2946 727 772 2947 722 729 2948 722 729 2949 737 774 2950 708 773 2951 863 775 2952 862 340 2953 855 736 2954 852 776 2955 855 736 2956 862 340 2957 862 340 2958 869 342 2959 852 776 2960 851 777 2961 852 776 2962 869 342 2963 869 342 2964 868 639 2965 851 777 2966 222 593 2967 221 778 2968 229 779 2969 230 780 2970 229 779 2971 221 778 2972 221 778 2973 232 491 2974 230 780 2975 233 781 2976 230 780 2977 232 491 2978 232 491 2979 234 492 2980 233 781 2981 745 771 2982 703 782 2983 733 783 2984 751 784 2985 733 783 2986 703 782 2987 703 782 2988 704 785 2989 751 784 2990 711 786 2991 751 784 2992 704 785 2993 704 785 2994 750 787 2995 711 786 2996 548 27 2997 547 29 2998 546 788 2999 545 789 3000 546 788 3001 547 29 3002 547 29 3003 85 45 3004 545 789 3005 552 37 3006 545 789 3007 85 45 3008 85 45 3009 92 44 3010 552 37 3011 738 383 3012 719 306 3013 717 790 3014 739 791 3015 717 790 3016 719 306 3017 719 306 3018 718 792 3019 739 791 3020 716 793 3021 739 791 3022 718 792 3023 718 792 3024 740 794 3025 716 793 3026 262 238 3027 315 795 3028 263 236 3029 297 796 3030 263 236 3031 315 795 3032 315 795 3033 273 550 3034 297 796 3035 275 222 3036 297 796 3037 273 550 3038 273 550 3039 302 552 3040 275 222 3041 316 461 3042 292 655 3043 873 797 3044 305 798 3045 873 797 3046 292 655 3047 292 655 3048 306 656 3049 305 798 3050 295 658 3051 305 798 3052 306 656 3053 306 656 3054 296 657 3055 295 658 3056 739 791 3057 716 793 3058 717 790 3059 731 429 3060 717 790 3061 716 793 3062 716 793 3063 732 799 3064 731 429 3065 705 427 3066 731 429 3067 732 799 3068 732 799 3069 703 782 3070 705 427 3071 485 497 3072 474 495 3073 477 498 3074 511 800 3075 477 498 3076 474 495 3077 474 495 3078 502 801 3079 511 800 3080 517 73 3081 511 800 3082 502 801 3083 502 801 3084 518 584 3085 517 73 3086 501 581 3087 505 61 3088 506 583 3089 503 71 3090 506 583 3091 505 61 3092 505 61 3093 516 63 3094 503 71 3095 504 69 3096 503 71 3097 516 63 3098 516 63 3099 521 67 3100 504 69 3101 264 460 3102 263 236 3103 316 461 3104 292 655 3105 316 461 3106 263 236 3107 263 236 3108 297 796 3109 292 655 3110 278 654 3111 292 655 3112 297 796 3113 297 796 3114 275 222 3115 278 654 3116 314 442 3117 324 443 3118 281 802 3119 887 803 3120 281 802 3121 324 443 3122 324 443 3123 323 445 3124 887 803 3125 890 447 3126 887 803 3127 323 445 3128 323 445 3129 322 446 3130 890 447 3131 112 46 3132 110 385 3133 119 40 3134 120 175 3135 119 40 3136 110 385 3137 110 385 3138 107 387 3139 120 175 3140 118 179 3141 120 175 3142 107 387 3143 743 378 3144 757 379 3145 706 426 3146 895 804 3147 706 426 3148 757 379 3149 757 379 3150 756 380 3151 895 804 3152 896 381 3153 895 804 3154 756 380 3155 340 805 3156 383 806 3157 338 318 3158 379 452 3159 338 318 3160 383 806 3161 383 806 3162 352 281 3163 379 452 3164 347 450 3165 379 452 3166 352 281 3167 492 72 3168 487 70 3169 476 699 3170 498 807 3171 476 699 3172 487 70 3173 487 70 3174 497 68 3175 498 807 3176 6 66 3177 498 807 3178 497 68 3179 721 382 3180 728 430 3181 896 381 3182 895 804 3183 896 381 3184 728 430 3185 728 430 3186 748 428 3187 895 804 3188 706 426 3189 895 804 3190 748 428 3191 16 700 3192 26 501 3193 2 755 3194 3 808 3195 2 755 3196 26 501 3197 26 501 3198 0 169 3199 3 808 3200 490 171 3201 3 808 3202 0 169 3203 115 49 3204 109 368 3205 113 48 3206 121 384 3207 113 48 3208 109 368 3209 109 368 3210 108 809 3211 121 384 3212 111 386 3213 121 384 3214 108 809 3215 14 503 3216 12 701 3217 28 504 3218 23 688 3219 28 504 3220 12 701 3221 12 701 3222 34 702 3223 23 688 3224 33 689 3225 23 688 3226 34 702 3227 55 53 3228 52 367 3229 58 810 3230 57 811 3231 58 810 3232 52 367 3233 52 367 3234 50 365 3235 57 811 3236 56 363 3237 57 811 3238 50 365 3239 310 234 3240 286 766 3241 283 235 3242 302 552 3243 283 235 3244 286 766 3245 286 766 3246 301 220 3247 302 552 3248 275 222 3249 302 552 3250 301 220 3251 346 454 3252 384 640 3253 380 456 3254 378 458 3255 380 456 3256 384 640 3257 384 640 3258 373 4 3259 378 458 3260 386 1 3261 378 458 3262 373 4 3263 647 574 3264 669 753 3265 670 572 3266 638 570 3267 670 572 3268 669 753 3269 669 753 3270 641 754 3271 638 570 3272 640 812 3273 638 570 3274 641 754 3275 312 469 3276 293 467 3277 295 658 3278 305 798 3279 295 658 3280 293 467 3281 293 467 3282 304 465 3283 305 798 3284 279 463 3285 305 798 3286 304 465 3287 797 566 3288 790 813 3289 801 578 3290 390 577 3291 801 578 3292 790 813 3293 790 813 3294 361 419 3295 390 577 3296 371 420 3297 390 577 3298 361 419 3299 660 643 3300 662 645 3301 651 814 3302 650 815 3303 651 814 3304 662 645 3305 662 645 3306 665 647 3307 650 815 3308 649 575 3309 650 815 3310 665 647 3311 308 769 3312 291 816 3313 290 817 3314 301 220 3315 290 817 3316 291 816 3317 291 816 3318 298 818 3319 301 220 3320 318 221 3321 301 220 3322 298 818 3323 719 306 3324 897 304 3325 718 792 3326 729 819 3327 718 792 3328 897 304 3329 897 304 3330 749 302 3331 729 819 3332 893 300 3333 729 819 3334 749 302 3335 740 794 3336 718 792 3337 715 293 3338 899 820 3339 715 293 3340 718 792 3341 718 792 3342 729 819 3343 899 820 3344 893 300 3345 899 820 3346 729 819 3347 212 821 3348 213 594 3349 218 683 3350 223 822 3351 218 683 3352 213 594 3353 213 594 3354 222 593 3355 223 822 3356 229 779 3357 223 822 3358 222 593 3359 874 823 3360 709 824 3361 735 728 3362 734 825 3363 735 728 3364 709 824 3365 709 824 3366 707 425 3367 734 825 3368 737 774 3369 734 825 3370 707 425 3371 683 607 3372 689 606 3373 695 280 3374 685 826 3375 695 280 3376 689 606 3377 689 606 3378 688 267 3379 685 826 3380 686 266 3381 685 826 3382 688 267 3383 826 349 3384 834 351 3385 415 748 3386 417 827 3387 415 748 3388 834 351 3389 834 351 3390 835 353 3391 417 827 3392 416 828 3393 417 827 3394 835 353 3395 397 285 3396 392 752 3397 767 829 3398 768 830 3399 767 829 3400 392 752 3401 392 752 3402 393 407 3403 768 830 3404 783 405 3405 768 830 3406 393 407 3407 643 615 3408 648 705 3409 653 618 3410 655 620 3411 653 618 3412 648 705 3413 648 705 3414 657 653 3415 655 620 3416 656 652 3417 655 620 3418 657 653 3419 195 610 3420 175 609 3421 182 76 3422 183 831 3423 182 76 3424 175 609 3425 175 609 3426 172 87 3427 183 831 3428 184 89 3429 183 831 3430 172 87 3431 553 36 3432 87 38 3433 538 534 3434 84 536 3435 538 534 3436 87 38 3437 87 38 3438 105 176 3439 84 536 3440 101 178 3441 84 536 3442 105 176 3443 447 334 3444 414 832 3445 413 332 3446 419 714 3447 413 332 3448 414 832 3449 414 832 3450 427 833 3451 419 714 3452 426 747 3453 419 714 3454 427 833 3455 573 120 3456 574 122 3457 575 722 3458 598 557 3459 575 722 3460 574 122 3461 574 122 3462 590 558 3463 598 557 3464 589 559 3465 598 557 3466 590 558 3467 741 292 3468 714 294 3469 712 834 3470 732 799 3471 712 834 3472 714 294 3473 714 294 3474 730 835 3475 732 799 3476 750 787 3477 732 799 3478 730 835 3479 136 153 3480 134 396 3481 135 155 3482 148 157 3483 135 155 3484 134 396 3485 134 396 3486 149 398 3487 148 157 3488 162 400 3489 148 157 3490 149 398 3491 694 279 3492 746 423 3493 693 770 3494 722 729 3495 693 770 3496 746 423 3497 746 423 3498 874 823 3499 722 729 3500 735 728 3501 722 729 3502 874 823 3503 253 625 3504 248 624 3505 265 250 3506 264 460 3507 265 250 3508 248 624 3509 248 624 3510 251 237 3511 264 460 3512 263 236 3513 264 460 3514 251 237 3515 569 127 3516 577 97 3517 578 219 3518 592 217 3519 578 219 3520 577 97 3521 577 97 3522 593 99 3523 592 217 3524 594 836 3525 592 217 3526 593 99 3527 128 631 3528 132 632 3529 129 144 3530 140 837 3531 129 144 3532 132 632 3533 132 632 3534 139 156 3535 140 837 3536 147 96 3537 140 837 3538 139 156 3539 687 268 3540 691 675 3541 744 377 3542 733 783 3543 744 377 3544 691 675 3545 691 675 3546 692 674 3547 733 783 3548 745 771 3549 733 783 3550 692 674 3551 609 115 3552 607 211 3553 608 117 3554 621 119 3555 608 117 3556 607 211 3557 607 211 3558 622 213 3559 621 119 3560 591 215 3561 621 119 3562 622 213 3563 176 628 3564 177 838 3565 187 630 3566 192 839 3567 187 630 3568 177 838 3569 177 838 3570 191 74 3571 192 839 3572 161 401 3573 192 839 3574 191 74 3575 352 281 3576 383 806 3577 349 0 3578 390 577 3579 349 0 3580 383 806 3581 383 806 3582 340 805 3583 390 577 3584 332 322 3585 390 577 3586 340 805 3587 457 338 3588 466 339 3589 458 256 3590 465 254 3591 458 256 3592 466 339 3593 466 339 3594 448 840 3595 465 254 3596 453 253 3597 465 254 3598 448 840 3599 839 841 3600 831 842 3601 838 670 3602 828 671 3603 838 670 3604 831 842 3605 831 842 3606 832 843 3607 828 671 3608 827 844 3609 828 671 3610 832 843 3611 836 845 3612 843 846 3613 847 847 3614 848 848 3615 847 847 3616 843 846 3617 843 846 3618 832 843 3619 848 848 3620 831 842 3621 848 848 3622 832 843 3623 434 329 3624 440 326 3625 435 259 3626 441 261 3627 435 259 3628 440 326 3629 440 326 3630 432 325 3631 441 261 3632 433 738 3633 441 261 3634 432 325 3635 232 491 3636 221 778 3637 220 489 3638 216 487 3639 220 489 3640 221 778 3641 221 778 3642 215 849 3643 216 487 3644 241 850 3645 216 487 3646 215 849 3647 368 588 3648 364 679 3649 395 590 3650 787 851 3651 395 590 3652 364 679 3653 364 679 3654 786 17 3655 787 851 3656 795 19 3657 787 851 3658 786 17 3659 835 353 3660 844 354 3661 836 845 3662 843 846 3663 836 845 3664 844 354 3665 844 354 3666 827 844 3667 843 846 3668 832 843 3669 843 846 3670 827 844 3671 395 590 3672 787 851 3673 815 591 3674 811 852 3675 815 591 3676 787 851 3677 787 851 3678 791 414 3679 811 852 3680 812 415 3681 811 852 3682 791 414 3683 257 546 3684 256 759 3685 314 442 3686 313 440 3687 314 442 3688 256 759 3689 256 759 3690 255 249 3691 313 440 3692 265 250 3693 313 440 3694 255 249 3695 772 853 3696 808 20 3697 333 14 3698 785 854 3699 333 14 3700 808 20 3701 808 20 3702 784 18 3703 785 854 3704 806 16 3705 785 854 3706 784 18 3707 864 344 3708 870 341 3709 865 730 3710 871 731 3711 865 730 3712 870 341 3713 870 341 3714 862 340 3715 871 731 3716 863 775 3717 871 731 3718 862 340 3719 787 851 3720 795 19 3721 791 414 3722 810 855 3723 791 414 3724 795 19 3725 795 19 3726 809 21 3727 810 855 3728 804 23 3729 810 855 3730 809 21 3731 761 478 3732 781 479 3733 333 14 3734 772 853 3735 333 14 3736 781 479 3737 781 479 3738 780 22 3739 772 853 3740 808 20 3741 772 853 3742 780 22 3743 518 584 3744 502 801 3745 519 357 3746 512 856 3747 519 357 3748 502 801 3749 502 801 3750 474 495 3751 512 856 3752 475 493 3753 512 856 3754 474 495 3755 207 857 3756 209 858 3757 206 859 3758 208 484 3759 206 859 3760 209 858 3761 209 858 3762 210 860 3763 208 484 3764 211 482 3765 208 484 3766 210 860 3767 131 765 3768 143 764 3769 137 394 3770 133 395 3771 137 394 3772 143 764 3773 143 764 3774 144 397 3775 133 395 3776 745 771 3777 727 772 3778 703 782 3779 705 427 3780 703 782 3781 727 772 3782 727 772 3783 708 773 3784 705 427 3785 740 794 3786 713 861 3787 716 793 3788 732 799 3789 716 793 3790 713 861 3791 713 861 3792 712 834 3793 732 799 3794 332 322 3795 340 805 3796 406 321 3797 407 316 3798 406 321 3799 340 805 3800 340 805 3801 338 318 3802 407 316 3803 203 862 3804 238 863 3805 211 482 3806 239 483 3807 211 482 3808 238 863 3809 238 863 3810 217 486 3811 239 483 3812 32 158 3813 11 474 3814 30 50 3815 62 51 3816 30 50 3817 11 474 3818 11 474 3819 54 476 3820 62 51 3821 612 118 3822 620 864 3823 613 604 3824 614 104 3825 613 604 3826 620 864 3827 620 864 3828 619 102 3829 614 104 3830 430 260 3831 836 845 3832 411 258 3833 841 865 3834 411 258 3835 836 845 3836 836 845 3837 847 847 3838 841 865 3839 486 494 3840 473 496 3841 496 432 3842 495 431 3843 496 432 3844 473 496 3845 473 496 3846 493 174 3847 495 431 3848 214 595 3849 242 596 3850 215 849 3851 241 850 3852 215 849 3853 242 596 3854 242 596 3855 206 859 3856 241 850 3857 458 256 3858 411 258 3859 860 732 3860 865 730 3861 860 732 3862 411 258 3863 411 258 3864 841 865 3865 865 730 3866 399 587 3867 403 589 3868 369 459 3869 370 457 3870 369 459 3871 403 589 3872 403 589 3873 360 563 3874 370 457 3875 714 294 3876 898 295 3877 730 835 3878 750 787 3879 730 835 3880 898 295 3881 898 295 3882 892 297 3883 750 787 3884 202 866 3885 247 867 3886 200 601 3887 204 600 3888 200 601 3889 247 867 3890 247 867 3891 207 857 3892 204 600 3893 207 857 3894 247 867 3895 209 858 3896 210 860 3897 209 858 3898 247 867 3899 247 867 3900 202 866 3901 210 860 3902 212 821 3903 238 863 3904 213 594 3905 243 597 3906 213 594 3907 238 863 3908 238 863 3909 201 599 3910 243 597 3911 200 601 3912 201 599 3913 202 866 3914 203 862 3915 202 866 3916 201 599 3917 201 599 3918 238 863 3919 203 862 3920 224 868 3921 246 869 3922 226 870 3923 244 871 3924 226 870 3925 246 869 3926 246 869 3927 237 680 3928 244 871 3929 233 781 3930 246 869 3931 231 872 3932 228 873 3933 231 872 3934 246 869 3935 246 869 3936 224 868 3937 228 873 3938 707 425 3939 709 824 3940 747 424 3941 746 423 3942 747 424 3943 709 824 3944 709 824 3945 874 823 3946 746 423 3947 472 168 3948 483 166 3949 471 433 3950 500 435 3951 471 433 3952 483 166 3953 483 166 3954 481 437 3955 500 435 3956 223 822 3957 225 874 3958 218 683 3959 227 684 3960 218 683 3961 225 874 3962 225 874 3963 226 870 3964 227 684 3965 742 725 3966 723 875 3967 724 723 3968 737 774 3969 724 723 3970 723 875 3971 723 875 3972 734 825 3973 737 774 3974 734 825 3975 723 875 3976 735 728 3977 725 726 3978 735 728 3979 723 875 3980 723 875 3981 742 725 3982 725 726 3983 815 591 3984 811 852 3985 788 592 3986 790 813 3987 788 592 3988 811 852 3989 811 852 3990 812 415 3991 790 813 3992 158 399 3993 157 876 3994 161 401 3995 192 839 3996 161 401 3997 157 876 3998 157 876 3999 187 630 4000 192 839 4001 397 285 4002 767 829 4003 777 203 4004 760 205 4005 777 203 4006 767 829 4007 767 829 4008 783 405 4009 760 205 4010 857 758 4011 824 745 4012 454 757 4013 426 747 4014 454 757 4015 824 745 4016 824 745 4017 833 746 4018 426 747 4019 668 707 4020 631 709 4021 633 877 4022 632 878 4023 633 877 4024 631 709 4025 631 709 4026 630 879 4027 632 878 4028 390 577 4029 382 880 4030 349 0 4031 386 1 4032 349 0 4033 382 880 4034 382 880 4035 378 458 4036 386 1 4037 400 418 4038 398 416 4039 388 585 4040 374 410 4041 388 585 4042 398 416 4043 398 416 4044 391 408 4045 374 410 4046 291 816 4047 891 665 4048 298 818 4049 318 221 4050 298 818 4051 891 665 4052 891 665 4053 884 224 4054 318 221 4055 72 512 4056 71 514 4057 73 511 4058 69 881 4059 73 511 4060 71 514 4061 71 514 4062 68 516 4063 69 881 4064 634 711 4065 677 882 4066 630 879 4067 632 878 4068 630 879 4069 677 882 4070 677 882 4071 640 812 4072 632 878 4073 640 812 4074 677 882 4075 639 569 4076 637 567 4077 639 569 4078 677 882 4079 677 882 4080 634 711 4081 637 567 4082 100 371 4083 102 388 4084 103 369 4085 108 809 4086 103 369 4087 102 388 4088 102 388 4089 111 386 4090 108 809 4091 100 371 4092 82 190 4093 99 390 4094 96 392 4095 99 390 4096 82 190 4097 82 190 4098 80 191 4099 96 392 4100 27 159 4101 7 883 4102 32 158 4103 15 502 4104 32 158 4105 7 883 4106 7 883 4107 67 500 4108 15 502 4109 8 499 4110 7 883 4111 19 163 4112 36 161 4113 19 163 4114 7 883 4115 7 883 4116 27 159 4117 36 161 4118 552 37 4119 543 35 4120 545 789 4121 554 884 4122 545 789 4123 543 35 4124 543 35 4125 544 33 4126 554 884 4127 331 291 4128 820 289 4129 409 422 4130 766 199 4131 409 422 4132 820 289 4133 820 289 4134 769 201 4135 766 199 4136 55 53 4137 58 810 4138 18 52 4139 65 885 4140 18 52 4141 58 810 4142 58 810 4143 20 677 4144 65 885 4145 654 622 4146 676 886 4147 658 621 4148 661 642 4149 658 621 4150 676 886 4151 676 886 4152 663 644 4153 661 642 4154 649 575 4155 646 573 4156 650 815 4157 651 814 4158 650 815 4159 646 573 4160 646 573 4161 645 887 4162 651 814 4163 309 767 4164 287 768 4165 286 766 4166 301 220 4167 286 766 4168 287 768 4169 287 768 4170 290 817 4171 301 220 4172 663 644 4173 676 886 4174 664 646 4175 667 648 4176 664 646 4177 676 886 4178 676 886 4179 674 650 4180 667 648 4181 314 442 4182 281 802 4183 321 549 4184 274 551 4185 321 549 4186 281 802 4187 281 802 4188 320 553 4189 274 551 4190 651 814 4191 645 887 4192 652 617 4193 644 616 4194 652 617 4195 645 887 4196 645 887 4197 672 614 4198 644 616 4199 522 888 4200 482 356 4201 489 436 4202 491 434 4203 489 436 4204 482 356 4205 482 356 4206 496 432 4207 491 434 4208 47 58 4209 48 56 4210 45 686 4211 60 692 4212 45 686 4213 48 56 4214 48 56 4215 61 54 4216 60 692 4217 807 403 4218 793 404 4219 398 416 4220 391 408 4221 398 416 4222 793 404 4223 793 404 4224 794 406 4225 391 408 4226 547 29 4227 89 375 4228 85 45 4229 114 47 4230 85 45 4231 89 375 4232 89 375 4233 116 370 4234 114 47 4235 95 391 4236 94 889 4237 98 389 4238 97 181 4239 98 389 4240 94 889 4241 94 889 4242 79 183 4243 97 181 4244 191 74 4245 177 838 4246 178 75 4247 179 78 4248 178 75 4249 177 838 4250 177 838 4251 176 628 4252 179 78 4253 223 822 4254 229 779 4255 225 874 4256 228 873 4257 225 874 4258 229 779 4259 82 190 4260 550 374 4261 533 508 4262 549 376 4263 533 508 4264 550 374 4265 228 873 4266 224 868 4267 225 874 4268 226 870 4269 225 874 4270 224 868 4271 804 23 4272 813 413 4273 810 855 4274 791 414 4275 810 855 4276 813 413 4277 803 25 4278 770 26 4279 799 565 4280 796 543 4281 799 565 4282 770 26 4283 390 577 4284 371 420 4285 382 880 4286 378 458 4287 382 880 4288 371 420 4289 759 197 4290 329 195 4291 766 199 4292 409 422 4293 766 199 4294 329 195 4295 800 544 4296 774 545 4297 798 712 4298 771 737 4299 798 712 4300 774 545 4301 715 293 4302 899 820 4303 752 296 4304 893 300 4305 752 296 4306 899 820 4307 789 564 4308 788 592 4309 797 566 4310 790 813 4311 797 566 4312 788 592 4313 512 856 4314 475 493 4315 519 357 4316 494 355 4317 519 357 4318 475 493 4319 385 6 4320 341 641 4321 356 308 4322 351 319 4323 356 308 4324 341 641 4325 654 622 4326 656 652 4327 676 886 4328 674 650 4329 676 886 4330 656 652 4331 389 10 4332 394 8 4333 356 308 4334 385 6 4335 356 308 4336 394 8 4337 152 633 4338 151 150 4339 138 154 4340 150 152 4341 138 154 4342 151 150 4343 741 292 4344 713 861 4345 715 293 4346 740 794 4347 715 293 4348 713 861 4349 144 397 4350 160 694 4351 158 399 4352 159 693 4353 158 399 4354 160 694 4355 549 376 4356 536 30 4357 533 508 4358 535 32 4359 533 508 4360 536 30 4361 86 505 4362 537 506 4363 534 535 4364 551 507 4365 534 535 4366 537 506 4367 817 202 4368 816 204 4369 776 713 4370 773 206 4371 776 713 4372 816 204 4373 402 3 4374 401 5 4375 372 586 4376 396 7 4377 372 586 4378 401 5 4379 190 703 4380 166 93 4381 164 704 4382 163 95 4383 164 704 4384 166 93 4385 184 89 4386 189 91 4387 190 703 4388 166 93 4389 190 703 4390 189 91 4391 771 737 4392 774 545 4393 775 481 4394 770 26 4395 775 481 4396 774 545 4397 876 532 4398 877 890 4399 526 530 4400 878 527 4401 526 530 4402 877 890 4403 352 281 4404 404 282 4405 405 320 4406 353 284 4407 405 320 4408 404 282 4409 182 76 4410 183 831 4411 190 703 4412 184 89 4413 190 703 4414 183 831 4415 635 710 4416 673 708 4417 672 614 4418 643 615 4419 672 614 4420 673 708 4421 792 412 4422 805 207 4423 814 402 4424 760 205 4425 814 402 4426 805 207 4427 351 319 4428 347 450 4429 405 320 4430 352 281 4431 405 320 4432 347 450 4433 362 417 4434 361 419 4435 812 415 4436 790 813 4437 812 415 4438 361 419 4439 83 373 4440 117 372 4441 89 375 4442 116 370 4443 89 375 4444 117 372 4445 533 508 4446 535 32 4447 551 507 4448 540 34 4449 551 507 4450 535 32 4451 880 524 4452 881 891 4453 555 522 4454 882 519 4455 555 522 4456 881 891 4457 376 9 4458 365 11 4459 367 678 4460 387 13 4461 367 678 4462 365 11 4463 129 144 4464 140 837 4465 141 142 4466 147 96 4467 141 142 4468 140 837 4469 158 399 4470 159 693 4471 157 876 4472 187 630 4473 157 876 4474 159 693 4475 726 724 4476 724 723 4477 736 727 4478 737 774 4479 736 727 4480 724 723 4481 141 142 4482 147 96 4483 146 140 4484 165 94 4485 146 140 4486 147 96 4487 283 235 4488 311 892 4489 285 233 4490 284 448 4491 285 233 4492 311 892 4493 308 769 4494 289 663 4495 291 816 4496 891 665 4497 291 816 4498 289 663 4499 281 802 4500 887 803 4501 320 553 4502 890 447 4503 320 553 4504 887 803 4505 280 441 4506 319 229 4507 886 444 4508 889 231 4509 886 444 4510 319 229 4511 429 718 4512 430 260 4513 438 719 4514 437 262 4515 438 719 4516 430 260 4517 840 666 4518 841 865 4519 846 668 4520 847 847 4521 846 668 4522 841 865 4523 864 344 4524 821 893 4525 822 346 4526 840 666 4527 822 346 4528 821 893 4529 855 736 4530 852 776 4531 856 735 4532 851 777 4533 856 735 4534 852 776 4535 425 264 4536 420 740 4537 437 262 4538 438 719 4539 437 262 4540 420 740 4541 859 637 4542 860 732 4543 868 639 4544 867 733 4545 868 639 4546 860 732 4547 204 600 4548 207 857 4549 205 598 4550 206 859 4551 205 598 4552 207 857 4553 210 860 4554 202 866 4555 211 482 4556 203 862 4557 211 482 4558 202 866 4559 221 778 4560 222 593 4561 215 849 4562 214 595 4563 215 849 4564 222 593 4565 218 683 4566 219 488 4567 212 821 4568 217 486 4569 212 821 4570 219 488 4571 237 680 4572 236 681 4573 244 871 4574 245 682 4575 244 871 4576 236 681 4577 244 871 4578 245 682 4579 226 870 4580 227 684 4581 226 870 4582 245 682 4583 206 859 4584 208 484 4585 241 850 4586 240 485 4587 241 850 4588 208 484 4589 228 873 4590 229 779 4591 231 872 4592 230 780 4593 231 872 4594 229 779 4595 871 731 4596 863 775 4597 872 734 4598 855 736 4599 872 734 4600 863 775 4601 856 735 4602 851 777 4603 867 733 4604 868 639 4605 867 733 4606 851 777 4607 434 329 4608 410 894 4609 412 331 4610 462 537 4611 412 331 4612 410 894 4613 424 265 4614 421 739 4615 425 264 4616 420 740 4617 425 264 4618 421 739 4619 466 339 4620 467 540 4621 448 840 4622 449 542 4623 448 840 4624 467 540 4625 461 895 4626 460 541 4627 469 255 4628 468 539 4629 469 255 4630 460 541 4631 828 671 4632 827 844 4633 845 669 4634 844 354 4635 845 669 4636 827 844 4637 469 255 4638 468 539 4639 463 257 4640 462 537 4641 463 257 4642 468 539 4643 839 841 4644 838 670 4645 847 847 4646 846 668 4647 847 847 4648 838 670 4649 847 847 4650 848 848 4651 839 841 4652 831 842 4653 839 841 4654 848 848 4655 33 689 4656 64 762 4657 46 687 4658 59 685 4659 46 687 4660 64 762 4661 18 52 4662 65 885 4663 25 160 4664 20 677 4665 25 160 4666 65 885 4667 616 749 4668 618 103 4669 617 212 4670 597 101 4671 617 212 4672 618 103 4673 311 892 4674 282 896 4675 284 448 4676 302 552 4677 284 448 4678 282 896 4679 29 470 4680 31 472 4681 15 502 4682 32 158 4683 15 502 4684 31 472 4685 23 688 4686 45 686 4687 28 504 4688 60 692 4689 28 504 4690 45 686 4691 488 438 4692 484 439 4693 489 436 4694 522 888 4695 489 436 4696 484 439 4697 482 356 4698 522 888 4699 515 359 4700 484 439 4701 515 359 4702 522 888 4703 515 359 4704 484 439 4705 514 361 4706 56 363 4707 514 361 4708 484 439 4709 479 172 4710 523 170 4711 471 433 4712 472 168 4713 471 433 4714 523 170 4715 457 338 4716 458 256 4717 444 897 4718 860 732 4719 444 897 4720 458 256 4721 463 257 4722 410 894 4723 435 259 4724 434 329 4725 435 259 4726 410 894 4727 455 898 4728 454 757 4729 414 832 4730 426 747 4731 414 832 4732 454 757 4733 430 260 4734 416 828 4735 836 845 4736 835 353 4737 836 845 4738 416 828 4739 865 730 4740 841 865 4741 821 893 4742 840 666 4743 821 893 4744 841 865 4745 612 118 4746 621 119 4747 620 864 4748 591 215 4749 620 864 4750 621 119 4751 703 782 4752 732 799 4753 704 785 4754 750 787 4755 704 785 4756 732 799 4757 733 783 4758 751 784 4759 744 377 4760 711 786 4761 744 377 4762 751 784 4763 705 427 4764 708 773 4765 707 425 4766 737 774 4767 707 425 4768 708 773 4769 695 280 4770 685 826 4771 743 378 4772 686 266 4773 743 378 4774 685 826 4775 731 429 4776 721 382 4777 720 899 4778 738 383 4779 720 899 4780 721 382 4781 738 383 4782 717 790 4783 720 899 4784 731 429 4785 720 899 4786 717 790 4787 548 27 4788 546 788 4789 542 28 4790 554 884 4791 542 28 4792 546 788 4793 542 28 4794 554 884 4795 541 31 4796 544 33 4797 541 31 4798 554 884 4799 139 156 4800 148 157 4801 147 96 4802 162 400 4803 147 96 4804 148 157 4805 143 764 4806 145 141 4807 144 397 4808 168 139 4809 144 397 4810 145 141 4811 273 550 4812 315 795 4813 303 548 4814 262 238 4815 303 548 4816 315 795 4817 302 552 4818 282 896 4819 283 235 4820 311 892 4821 283 235 4822 282 896 4823 305 798 4824 279 463 4825 873 797 4826 316 461 4827 873 797 4828 279 463 4829 307 466 4830 278 654 4831 277 464 4832 275 222 4833 277 464 4834 278 654 4835 265 250 4836 317 462 4837 313 440 4838 277 464 4839 313 440 4840 317 462 4841 58 810 4842 57 811 4843 20 677 4844 56 363 4845 20 677 4846 57 811 4847 6 66 4848 499 697 4849 498 807 4850 476 699 4851 498 807 4852 499 697 4853 556 135 4854 572 721 4855 559 133 4856 571 555 4857 559 133 4858 572 721 4859 577 97 4860 569 127 4861 570 554 4862 562 129 4863 570 554 4864 569 127 4865 584 562 4866 566 124 4867 567 138 4868 563 121 4869 567 138 4870 566 124 4871 617 212 4872 606 210 4873 616 749 4874 610 209 4875 616 749 4876 606 210 4877 619 102 4878 620 864 4879 596 100 4880 594 836 4881 596 100 4882 620 864 4883 588 216 4884 587 214 4885 589 559 4886 617 212 4887 589 559 4888 587 214 4889 266 613 4890 267 241 4891 269 245 4892 252 243 4893 269 245 4894 267 241 4895 469 255 4896 470 252 4897 461 895 4898 452 251 4899 461 895 4900 470 252 4901 441 261 4902 433 738 4903 442 263 4904 424 265 4905 442 263 4906 433 738 4907 454 757 4908 455 898 4909 447 334 4910 414 832 4911 447 334 4912 455 898 4913 456 336 4914 457 338 4915 445 634 4916 444 897 4917 445 634 4918 457 338 4919 854 661 4920 861 343 4921 849 660 4922 866 345 4923 849 660 4924 861 343 4925 849 660 4926 866 345 4927 850 659 4928 823 347 4929 850 659 4930 866 345 4931 850 659 4932 823 347 4933 824 745 4934 826 349 4935 824 745 4936 823 347 4937 416 828 4938 429 718 4939 417 827 4940 428 716 4941 417 827 4942 429 718 4943 694 279 4944 693 770 4945 681 277 4946 692 674 4947 681 277 4948 693 770 4949 233 781 4950 234 492 4951 246 869 4952 237 680 4953 246 869 4954 234 492 4955 710 301 4956 744 377 4957 754 299 4958 711 786 4959 754 299 4960 744 377 4961 754 299 4962 711 786 4963 892 297 4964 750 787 4965 892 297 4966 711 786 4967 617 212 4968 597 101 4969 589 559 4970 598 557 4971 589 559 4972 597 101 4973 652 617 4974 659 619 4975 651 814 4976 660 643 4977 651 814 4978 659 619 4979 668 707 4980 633 877 4981 641 754 4982 632 878 4983 641 754 4984 633 877 4985 657 653 4986 648 705 4987 675 651 4988 649 575 4989 675 651 4990 648 705 4991 592 217 4992 594 836 4993 591 215 4994 620 864 4995 591 215 4996 594 836 4997 645 887 4998 671 571 4999 672 614 5000 636 568 5001 672 614 5002 671 571 5003 672 614 5004 636 568 5005 635 710 5006 637 567 5007 635 710 5008 636 568 5009 665 647 5010 666 649 5011 649 575 5012 675 651 5013 649 575 5014 666 649 5015 427 833 5016 414 832 5017 426 747 5018 240 485 5019 216 487 5020 241 850 5021 171 608 5022 194 81 5023 199 83 5024 462 537 5025 410 894 5026 463 257 5027 534 535 5028 551 507 5029 539 533 5030 429 718 5031 416 828 5032 430 260 5033 865 730 5034 821 893 5035 864 344 5036 859 637 5037 444 897 5038 860 732 5039 300 449 5040 320 553 5041 890 447 5042 444 897 5043 859 637 5044 445 634 5045 325 664 5046 888 228 5047 326 226 5048 418 715 5049 422 717 5050 423 742 5051 97 181 5052 118 179 5053 98 389 5054 185 88 5055 186 629 5056 188 90 5057 120 175 5058 118 179 5059 106 177 5060 712 834 5061 713 861 5062 741 292 5063 174 763 5064 169 86 5065 170 84 5066 482 356 5067 494 355 5068 496 432 5069 690 269 5070 697 271 5071 698 741 5072 517 73 5073 477 498 5074 511 800 5075 42 64 5076 63 761 5077 6 66 5078 517 73 5079 506 583 5080 503 71 5081 700 605 5082 679 274 5083 699 272 5084 678 278 5085 701 276 5086 679 274 5087 37 59 5088 883 662 5089 43 57 5090 736 727 5091 737 774 5092 722 729 5093 24 676 5094 20 677 5095 56 363 5096 521 67 5097 516 63 5098 520 65 5099 752 296 5100 893 300 5101 753 298 5102 783 405 5103 767 829 5104 768 830 5105 415 748 5106 417 827 5107 428 716 5108 53 760 5109 44 477 5110 10 475 5111 631 709 5112 634 711 5113 630 879 5114 342 313 5115 335 421 5116 334 311 5117 654 622 5118 655 620 5119 656 652 5120 449 542 5121 453 253 5122 448 840 5123 77 526 5124 76 531 5125 78 529 5126 627 208 5127 609 115 5128 626 113 5129 598 557 5130 576 556 5131 575 722 5132 557 136 5133 560 720 5134 583 561 5135 124 518 5136 123 523 5137 125 521 5138 451 743 5139 450 337 5140 446 335 5141 555 522 5142 882 519 5143 122 520 5144 2 755 5145 3 808 5146 490 171 5147 363 15 5148 367 678 5149 387 13 5150 8 499 5151 67 500 5152 7 883 5153 333 14 5154 785 854 5155 806 16 5156 634 711 5157 635 710 5158 637 567 5159 206 859 5160 242 596 5161 205 598 5162 638 570 5163 640 812 5164 639 569 5165 231 872 5166 230 780 5167 233 781 5168 212 821 5169 217 486 5170 238 863 5171 407 316 5172 345 314 5173 406 321 5174 645 887 5175 646 573 5176 671 571 5177 640 812 5178 641 754 5179 632 878 5180 109 368 5181 103 369 5182 108 809 5183 193 79 5184 194 81 5185 181 77 5186 830 756 5187 829 352 5188 825 350 5189 764 323 5190 390 577 5191 332 322 5192 270 246 5193 249 244 5194 259 248 5195 452 251 5196 460 541 5197 461 895 5198 545 789 5199 554 884 5200 546 788 5201 284 448 5202 302 552 5203 300 449 5204 154 393 5205 136 153 5206 153 151 5207 552 37 5208 90 41 5209 88 39 5210 93 42 5211 91 43 5212 119 40 5213 272 242 5214 271 623 5215 249 244 5216 308 769 5217 290 817 5218 287 768 5219 594 836 5220 593 99 5221 596 100 5222 776 713 5223 798 712 5224 771 737 5225 261 547 5226 303 548 5227 262 238 5228 344 751 5229 343 283 5230 359 411 5231 629 110 5232 624 112 5233 601 744 5234 525 510 5235 70 515 5236 74 513 5237 604 750 5238 616 749 5239 610 209 5240 526 530 5241 878 527 5242 75 528 5243</p>
        </polylist>
      </mesh>
    </geometry>
  </library_geometries>
  <library_controllers>
    <controller id="cs_boss_armature_cs_boss-skin" name="cs_boss_armature">
      <skin source="#cs_boss-mesh">
        <bind_shape_matrix>1 0 0 0 0 1 0 0 0 0 1 0 0 0 0 1</bind_shape_matrix>
        <source id="cs_boss_armature_cs_boss-skin-joints">
          <Name_array id="cs_boss_armature_cs_boss-skin-joints-array" count="10">center waist backbone arm_L1 arm_L2 hand_L arm_R1 arm_R2 hand_R head</Name_array>
          <technique_common>
            <accessor source="#cs_boss_armature_cs_boss-skin-joints-array" count="10" stride="1">
              <param name="JOINT" type="name"/>
            </accessor>
          </technique_common>
        </source>
        <source id="cs_boss_armature_cs_boss-skin-bind_poses">
          <float_array id="cs_boss_armature_cs_boss-skin-bind_poses-array" count="160">1 0 0 0 0 1 0 0 0 0 1 0 0 0 0 1 1 0 0 -0.0204311 0 1 0 0 0 0 1 -213.002 0 0 0 1 1 0 0 -0.07850509 0 1 0 0 0 0 1 -818.4454 0 0 0 1 1 0 0 -362.3603 0 1 0 -32.95277 0 0 1 -821.2285 0 0 0 1 1 0 0 -834.9035 0 1 0 -32.91527 0 0 1 -821.2305 0 0 0 1 1 0 0 -1422.495 0 1 0 -32.92792 0 0 1 -821.2259 0 0 0 1 1 0 0 362.2091 0 1 0 -32.88325 0 0 1 -821.2983 0 0 0 1 1 0 0 834.7522 0 1 0 -32.7517 0 0 1 -821.3146 0 0 0 1 1 0 0 1422.344 0 1 0 -32.59104 0 0 1 -821.3286 0 0 0 1 1 0 0 -0.1063218 0 1 0 0 0 0 1 -1108.445 0 0 0 1</float_array>
          <technique_common>
            <accessor source="#cs_boss_armature_cs_boss-skin-bind_poses-array" count="10" stride="16">
              <param name="TRANSFORM" type="float4x4"/>
            </accessor>
          </technique_common>
        </source>
        <source id="cs_boss_armature_cs_boss-skin-weights">
          <float_array id="cs_boss_armature_cs_boss-skin-weights-array" count="900">1 1 1 1 1 1 1 1 1 1 1 1 1 1 1 1 1 1 1 1 1 1 1 1 1 1 1 1 1 1 1 1 1 1 1 1 1 1 1 1 1 1 1 1 1 1 1 1 1 1 1 1 1 1 1 1 1 1 1 1 1 1 1 1 1 1 1 1 1 1 1 1 1 1 1 1 1 1 1 1 1 1 1 1 1 1 1 1 1 1 1 1 1 1 1 1 1 1 1 1 1 1 1 1 1 1 1 1 1 1 1 1 1 1 1 1 1 1 1 1 1 1 1 1 1 1 1 1 1 1 1 1 1 1 1 1 1 1 1 1 1 1 1 1 1 1 1 1 1 1 1 1 1 1 1 1 1 1 1 1 1 1 1 1 1 1 1 1 1 1 1 1 1 1 1 1 1 1 1 1 1 1 1 1 1 1 1 1 1 1 1 1 1 1 1 1 1 1 1 1 1 1 1 1 1 1 1 1 1 1 1 1 1 1 1 1 1 1 1 1 1 1 1 1 1 1 1 1 1 1 1 1 1 1 1 1 1 1 1 1 1 1 1 1 1 1 1 1 1 1 1 1 1 1 1 1 1 1 1 1 1 1 1 1 1 1 1 1 1 1 1 1 1 1 1 1 1 1 1 1 1 1 1 1 1 1 1 1 1 1 1 1 1 1 1 1 1 1 1 1 1 1 1 1 1 1 1 1 1 1 1 1 1 1 1 1 1 1 1 1 1 1 1 1 1 1 1 1 1 1 1 1 1 1 1 1 1 1 1 1 1 1 1 1 1 1 1 1 1 1 1 1 1 1 1 1 1 1 1 1 1 1 1 1 1 1 1 1 1 1 1 1 1 1 1 1 1 1 1 1 1 1 1 1 1 1 1 1 1 1 1 1 1 1 1 1 1 1 1 1 1 1 1 1 1 1 1 1 1 1 1 1 1 1 1 1 1 1 1 1 1 1 1 1 1 1 1 1 1 1 1 1 1 1 1 1 1 1 1 1 1 1 1 1 1 1 1 1 1 1 1 1 1 1 1 1 1 1 1 1 1 1 1 1 1 1 1 1 1 1 1 1 1 1 1 1 1 1 1 1 1 1 1 1 1 1 1 1 1 1 1 1 1 1 1 1 1 1 1 1 1 1 1 1 1 1 1 1 1 1 1 1 1 1 1 1 1 1 1 1 1 1 1 1 1 1 1 1 1 1 1 1 1 1 1 1 1 1 1 1 1 1 1 1 1 1 1 1 1 1 1 1 1 1 1 1 1 1 1 1 1 1 1 1 1 1 1 1 1 1 1 1 1 1 1 1 1 1 1 1 1 1 1 1 1 1 1 1 1 1 1 1 1 1 1 1 1 1 1 1 1 1 1 1 1 1 1 1 1 1 1 1 1 1 1 1 1 1 1 1 1 1 1 1 1 1 1 1 1 1 1 1 1 1 1 1 1 1 1 1 1 1 1 1 1 1 1 1 1 1 1 1 1 1 1 1 1 1 1 1 1 1 1 1 1 1 1 1 1 1 1 1 1 1 1 1 1 1 1 1 1 1 1 1 1 1 1 1 1 1 1 1 1 1 1 1 1 1 1 1 1 1 1 1 1 1 1 1 1 1 1 1 1 1 1 1 1 1 1 1 1 1 1 1 1 1 1 1 1 1 1 1 1 1 1 1 1 1 1 1 1 1 1 1 1 1 1 1 1 1 1 1 1 1 1 1 1 1 1 1 1 1 1 1 1 1 1 1 1 1 1 1 1 1 1 1 1 1 1 1 1 1 1 1 1 1 1 1 1 1 1 1 1 1 1 1 1 1 1 1 1 1 1 1 1 1 1 1 1 1 1 1 1 1 1 1 1 1 1 1 1 1 1 1 1 1 1 1 1 1 1 1 1 1 1 1 1 1 1 1 1 1 1 1 1 1 1 1 1 1 1 1 1 1 1 1 1 1 1 1 1 1 1 1 1 1 1 1 1 1 1 1 1 1 1 1 1 1 1 1 1 1 1 1 1 1 1 1 1 1 1 1 1 1 1 1 1 1 1 1</float_array>
          <technique_common>
            <accessor source="#cs_boss_armature_cs_boss-skin-weights-array" count="900" stride="1">
              <param name="WEIGHT" type="float"/>
            </accessor>
          </technique_common>
        </source>
        <joints>
          <input semantic="JOINT" source="#cs_boss_armature_cs_boss-skin-joints"/>
          <input semantic="INV_BIND_MATRIX" source="#cs_boss_armature_cs_boss-skin-bind_poses"/>
        </joints>
        <vertex_weights count="900">
          <input semantic="JOINT" source="#cs_boss_armature_cs_boss-skin-joints" offset="0"/>
          <input semantic="WEIGHT" source="#cs_boss_armature_cs_boss-skin-weights" offset="1"/>
          <vcount>1 1 1 1 1 1 1 1 1 1 1 1 1 1 1 1 1 1 1 1 1 1 1 1 1 1 1 1 1 1 1 1 1 1 1 1 1 1 1 1 1 1 1 1 1 1 1 1 1 1 1 1 1 1 1 1 1 1 1 1 1 1 1 1 1 1 1 1 1 1 1 1 1 1 1 1 1 1 1 1 1 1 1 1 1 1 1 1 1 1 1 1 1 1 1 1 1 1 1 1 1 1 1 1 1 1 1 1 1 1 1 1 1 1 1 1 1 1 1 1 1 1 1 1 1 1 1 1 1 1 1 1 1 1 1 1 1 1 1 1 1 1 1 1 1 1 1 1 1 1 1 1 1 1 1 1 1 1 1 1 1 1 1 1 1 1 1 1 1 1 1 1 1 1 1 1 1 1 1 1 1 1 1 1 1 1 1 1 1 1 1 1 1 1 1 1 1 1 1 1 1 1 1 1 1 1 1 1 1 1 1 1 1 1 1 1 1 1 1 1 1 1 1 1 1 1 1 1 1 1 1 1 1 1 1 1 1 1 1 1 1 1 1 1 1 1 1 1 1 1 1 1 1 1 1 1 1 1 1 1 1 1 1 1 1 1 1 1 1 1 1 1 1 1 1 1 1 1 1 1 1 1 1 1 1 1 1 1 1 1 1 1 1 1 1 1 1 1 1 1 1 1 1 1 1 1 1 1 1 1 1 1 1 1 1 1 1 1 1 1 1 1 1 1 1 1 1 1 1 1 1 1 1 1 1 1 1 1 1 1 1 1 1 1 1 1 1 1 1 1 1 1 1 1 1 1 1 1 1 1 1 1 1 1 1 1 1 1 1 1 1 1 1 1 1 1 1 1 1 1 1 1 1 1 1 1 1 1 1 1 1 1 1 1 1 1 1 1 1 1 1 1 1 1 1 1 1 1 1 1 1 1 1 1 1 1 1 1 1 1 1 1 1 1 1 1 1 1 1 1 1 1 1 1 1 1 1 1 1 1 1 1 1 1 1 1 1 1 1 1 1 1 1 1 1 1 1 1 1 1 1 1 1 1 1 1 1 1 1 1 1 1 1 1 1 1 1 1 1 1 1 1 1 1 1 1 1 1 1 1 1 1 1 1 1 1 1 1 1 1 1 1 1 1 1 1 1 1 1 1 1 1 1 1 1 1 1 1 1 1 1 1 1 1 1 1 1 1 1 1 1 1 1 1 1 1 1 1 1 1 1 1 1 1 1 1 1 1 1 1 1 1 1 1 1 1 1 1 1 1 1 1 1 1 1 1 1 1 1 1 1 1 1 1 1 1 1 1 1 1 1 1 1 1 1 1 1 1 1 1 1 1 1 1 1 1 1 1 1 1 1 1 1 1 1 1 1 1 1 1 1 1 1 1 1 1 1 1 1 1 1 1 1 1 1 1 1 1 1 1 1 1 1 1 1 1 1 1 1 1 1 1 1 1 1 1 1 1 1 1 1 1 1 1 1 1 1 1 1 1 1 1 1 1 1 1 1 1 1 1 1 1 1 1 1 1 1 1 1 1 1 1 1 1 1 1 1 1 1 1 1 1 1 1 1 1 1 1 1 1 1 1 1 1 1 1 1 1 1 1 1 1 1 1 1 1 1 1 1 1 1 1 1 1 1 1 1 1 1 1 1 1 1 1 1 1 1 1 1 1 1 1 1 1 1 1 1 1 1 1 1 1 1 1 1 1 1 1 1 1 1 1 1 1 1 1 1 1 1 1 1 1 1 1 1 1 1 1 1 1 1 1 1 1 1 1 1 1 1 1 1 1 1 1 1 1 1 1 1 1 1 1 1 1 1 1 1 1 1 1 1 1 1 1 1 1 1 1 1 1 1 1 1 1 1 1 1 1 1 1 1 1 1 1 1 1 1 1 1 1 1 1 1 1 1 1 1 1 1 1 1 1 1 1 1 1 1 1 1 1 1 1 1 1 1 1 1 1 1 1 1 1 1 1 1 1 1 1 1 1 1 1 1 1 1 1 1 1 1 1 1 1 1 1 1 1 1 1 1 1 </vcount>
          <v>2 0 2 1 2 2 2 3 2 4 2 5 2 6 2 7 2 8 2 9 2 10 2 11 2 12 2 13 2 14 2 15 2 16 2 17 2 18 2 19 2 20 2 21 2 22 2 23 2 24 2 25 2 26 2 27 2 28 2 29 2 30 2 31 2 32 2 33 2 34 2 35 2 36 2 37 2 38 2 39 2 40 2 41 2 42 2 43 2 44 2 45 2 46 2 47 2 48 2 49 2 50 2 51 2 52 2 53 2 54 2 55 2 56 2 57 2 58 2 59 2 60 2 61 2 62 2 63 2 64 2 65 2 66 2 67 9 68 9 69 9 70 9 71 9 72 9 73 9 74 9 75 9 76 9 77 9 78 9 79 9 80 9 81 9 82 9 83 9 84 9 85 9 86 9 87 9 88 9 89 9 90 9 91 9 92 9 93 9 94 9 95 9 96 9 97 9 98 9 99 9 100 9 101 9 102 9 103 9 104 9 105 9 106 9 107 9 108 9 109 9 110 9 111 9 112 9 113 9 114 9 115 9 116 9 117 9 118 9 119 9 120 9 121 9 122 9 123 9 124 9 125 3 126 3 127 3 128 3 129 3 130 3 131 3 132 3 133 3 134 3 135 3 136 3 137 3 138 3 139 3 140 3 141 3 142 3 143 3 144 3 145 3 146 3 147 3 148 3 149 3 150 3 151 3 152 3 153 3 154 3 155 3 156 3 157 3 158 3 159 3 160 3 161 3 162 3 163 3 164 3 165 3 166 3 167 3 168 3 169 3 170 3 171 3 172 3 173 3 174 3 175 3 176 3 177 3 178 3 179 3 180 3 181 3 182 3 183 3 184 3 185 3 186 3 187 3 188 3 189 3 190 3 191 3 192 3 193 3 194 3 195 3 196 3 197 3 198 3 199 4 200 4 201 4 202 4 203 4 204 4 205 4 206 4 207 4 208 4 209 4 210 4 211 4 212 4 213 4 214 4 215 4 216 4 217 4 218 4 219 4 220 4 221 4 222 4 223 4 224 4 225 4 226 4 227 4 228 4 229 4 230 4 231 4 232 4 233 4 234 4 235 4 236 4 237 4 238 4 239 4 240 4 241 4 242 4 243 4 244 4 245 4 246 4 247 5 248 5 249 5 250 5 251 5 252 5 253 5 254 5 255 5 256 5 257 5 258 5 259 5 260 5 261 5 262 5 263 5 264 5 265 5 266 5 267 5 268 5 269 5 270 5 271 5 272 5 273 5 274 5 275 5 276 5 277 5 278 5 279 5 280 5 281 5 282 5 283 5 284 5 285 5 286 5 287 5 288 5 289 5 290 5 291 5 292 5 293 5 294 5 295 5 296 5 297 5 298 5 299 5 300 5 301 5 302 5 303 5 304 5 305 5 306 5 307 5 308 5 309 5 310 5 311 5 312 5 313 5 314 5 315 5 316 5 317 5 318 5 319 5 320 5 321 5 322 5 323 5 324 5 325 5 326 5 327 1 328 1 329 1 330 1 331 1 332 1 333 1 334 1 335 1 336 1 337 1 338 1 339 1 340 1 341 1 342 1 343 1 344 1 345 1 346 1 347 1 348 1 349 1 350 1 351 1 352 1 353 1 354 1 355 1 356 1 357 1 358 1 359 1 360 1 361 1 362 1 363 1 364 1 365 1 366 1 367 1 368 1 369 1 370 1 371 1 372 1 373 1 374 1 375 1 376 1 377 1 378 1 379 1 380 1 381 1 382 1 383 1 384 1 385 1 386 1 387 1 388 1 389 1 390 1 391 1 392 1 393 1 394 1 395 1 396 1 397 1 398 1 399 1 400 1 401 1 402 1 403 1 404 1 405 1 406 1 407 1 408 1 409 0 410 0 411 0 412 0 413 0 414 0 415 0 416 0 417 0 418 0 419 0 420 0 421 0 422 0 423 0 424 0 425 0 426 0 427 0 428 0 429 0 430 0 431 0 432 0 433 0 434 0 435 0 436 0 437 0 438 0 439 0 440 0 441 0 442 0 443 0 444 0 445 0 446 0 447 0 448 0 449 0 450 0 451 0 452 0 453 0 454 0 455 0 456 0 457 0 458 0 459 0 460 0 461 0 462 0 463 0 464 0 465 0 466 0 467 0 468 0 469 0 470 2 471 2 472 2 473 2 474 2 475 2 476 2 477 2 478 2 479 2 480 2 481 2 482 2 483 2 484 2 485 2 486 2 487 2 488 2 489 2 490 2 491 2 492 2 493 2 494 2 495 2 496 2 497 2 498 2 499 2 500 2 501 2 502 2 503 2 504 2 505 2 506 2 507 2 508 2 509 2 510 2 511 2 512 2 513 2 514 2 515 2 516 2 517 2 518 2 519 2 520 2 521 2 522 2 523 9 524 9 525 9 526 9 527 9 528 9 529 9 530 9 531 9 532 9 533 9 534 9 535 9 536 9 537 9 538 9 539 9 540 9 541 9 542 9 543 9 544 9 545 9 546 9 547 9 548 9 549 9 550 9 551 9 552 9 553 9 554 9 555 6 556 6 557 6 558 6 559 6 560 6 561 6 562 6 563 6 564 6 565 6 566 6 567 6 568 6 569 6 570 6 571 6 572 6 573 6 574 6 575 6 576 6 577 6 578 6 579 6 580 6 581 6 582 6 583 6 584 6 585 6 586 6 587 6 588 6 589 6 590 6 591 6 592 6 593 6 594 6 595 6 596 6 597 6 598 6 599 6 600 6 601 6 602 6 603 6 604 6 605 6 606 6 607 6 608 6 609 6 610 6 611 6 612 6 613 6 614 6 615 6 616 6 617 6 618 6 619 6 620 6 621 6 622 6 623 6 624 6 625 6 626 6 627 6 628 6 629 7 630 7 631 7 632 7 633 7 634 7 635 7 636 7 637 7 638 7 639 7 640 7 641 7 642 7 643 7 644 7 645 7 646 7 647 7 648 7 649 7 650 7 651 7 652 7 653 7 654 7 655 7 656 7 657 7 658 7 659 7 660 7 661 7 662 7 663 7 664 7 665 7 666 7 667 7 668 7 669 7 670 7 671 7 672 7 673 7 674 7 675 7 676 7 677 8 678 8 679 8 680 8 681 8 682 8 683 8 684 8 685 8 686 8 687 8 688 8 689 8 690 8 691 8 692 8 693 8 694 8 695 8 696 8 697 8 698 8 699 8 700 8 701 8 702 8 703 8 704 8 705 8 706 8 707 8 708 8 709 8 710 8 711 8 712 8 713 8 714 8 715 8 716 8 717 8 718 8 719 8 720 8 721 8 722 8 723 8 724 8 725 8 726 8 727 8 728 8 729 8 730 8 731 8 732 8 733 8 734 8 735 8 736 8 737 8 738 8 739 8 740 8 741 8 742 8 743 8 744 8 745 8 746 8 747 8 748 8 749 8 750 8 751 8 752 8 753 8 754 8 755 8 756 8 757 1 758 1 759 1 760 1 761 1 762 1 763 1 764 1 765 1 766 1 767 1 768 1 769 1 770 1 771 1 772 1 773 1 774 1 775 1 776 1 777 1 778 1 779 1 780 1 781 1 782 1 783 1 784 1 785 1 786 1 787 1 788 1 789 1 790 1 791 1 792 1 793 1 794 1 795 1 796 1 797 1 798 1 799 1 800 1 801 1 802 1 803 1 804 1 805 1 806 1 807 1 808 1 809 1 810 1 811 1 812 1 813 1 814 1 815 1 816 1 817 1 818 1 819 1 820 0 821 0 822 0 823 0 824 0 825 0 826 0 827 0 828 0 829 0 830 0 831 0 832 0 833 0 834 0 835 0 836 0 837 0 838 0 839 0 840 0 841 0 842 0 843 0 844 0 845 0 846 0 847 0 848 0 849 0 850 0 851 0 852 0 853 0 854 0 855 0 856 0 857 0 858 0 859 0 860 0 861 0 862 0 863 0 864 0 865 0 866 0 867 0 868 0 869 0 870 0 871 0 872 5 873 8 874 9 875 9 876 9 877 9 878 9 879 9 880 9 881 9 882 2 883 5 884 5 885 5 886 5 887 5 888 5 889 5 890 5 891 8 892 8 893 8 894 8 895 8 896 8 897 8 898 8 899</v>
        </vertex_weights>
      </skin>
    </controller>
  </library_controllers>
  <library_visual_scenes>
    <visual_scene id="Scene" name="Scene">
      <node id="cs_boss_armature" name="cs_boss_armature" type="NODE">
        <matrix sid="transform">1 0 0 0 0 1 0 0 0 0 1 0 0 0 0 1</matrix>
        <node id="center" name="center" sid="center" type="JOINT">
          <matrix sid="transform">1 0 0 0 0 1 0 0 0 0 1 0 0 0 0 1</matrix>
          <node id="waist" name="waist" sid="waist" type="JOINT">
            <matrix sid="transform">1 0 0 0.0204311 0 1 0 0 0 0 1 213.002 0 0 0 1</matrix>
            <node id="backbone" name="backbone" sid="backbone" type="JOINT">
              <matrix sid="transform">1 0 7.27596e-12 0.058074 0 1 0 0 0 0 1 605.4434 0 0 0 1</matrix>
              <node id="arm_L1" name="arm_L1" sid="arm_L1" type="JOINT">
                <matrix sid="transform">1 0 0 362.2819 0 1 0 32.95277 0 0 1 2.783203 0 0 0 1</matrix>
                <node id="arm_L2" name="arm_L2" sid="arm_L2" type="JOINT">
                  <matrix sid="transform">1 0 0 472.5432 0 1 3.72529e-9 -0.03749847 0 0 1 0.001953125 0 0 0 1</matrix>
                  <node id="hand_L" name="hand_L" sid="hand_L" type="JOINT">
                    <matrix sid="transform">1 0 0 587.5916 0 1 0 0.01264954 0 0 1 -0.004577637 0 0 0 1</matrix>
                    <extra>
                      <technique profile="blender">
                        <layer>0</layer>
                        <tip_x>0</tip_x>
                        <tip_y>10</tip_y>
                        <tip_z>0</tip_z>
                      </technique>
                    </extra>
                  </node>
                  <extra>
                    <technique profile="blender">
                      <layer>0</layer>
                      <tip_x>0</tip_x>
                      <tip_y>10</tip_y>
                      <tip_z>0</tip_z>
                    </technique>
                  </extra>
                </node>
                <extra>
                  <technique profile="blender">
                    <layer>0</layer>
                    <tip_x>0</tip_x>
                    <tip_y>10</tip_y>
                    <tip_z>0</tip_z>
                  </technique>
                </extra>
              </node>
              <node id="arm_R1" name="arm_R1" sid="arm_R1" type="JOINT">
                <matrix sid="transform">1 0 0 -362.2876 0 1 0 32.88326 0 0 1 2.852905 0 0 0 1</matrix>
                <node id="arm_R2" name="arm_R2" sid="arm_R2" type="JOINT">
                  <matrix sid="transform">1 0 -2.98023e-8 -472.5431 -7.45058e-9 1 0 -0.131546 0 0 1 0.01641846 0 0 0 1</matrix>
                  <node id="hand_R" name="hand_R" sid="hand_R" type="JOINT">
                    <matrix sid="transform">1 0 0 -587.5919 0 1 0 -0.1606636 5.96046e-8 0 1 0.01391602 0 0 0 1</matrix>
                    <extra>
                      <technique profile="blender">
                        <layer>0</layer>
                        <tip_x>0</tip_x>
                        <tip_y>10</tip_y>
                        <tip_z>0</tip_z>
                      </technique>
                    </extra>
                  </node>
                  <extra>
                    <technique profile="blender">
                      <layer>0</layer>
                      <tip_x>0</tip_x>
                      <tip_y>10</tip_y>
                      <tip_z>0</tip_z>
                    </technique>
                  </extra>
                </node>
                <extra>
                  <technique profile="blender">
                    <layer>0</layer>
                    <tip_x>0</tip_x>
                    <tip_y>10</tip_y>
                    <tip_z>0</tip_z>
                  </technique>
                </extra>
              </node>
              <node id="head" name="head" sid="head" type="JOINT">
                <matrix sid="transform">1 0 0 0.02781671 0 1 0 0 0 0 1 289.9997 0 0 0 1</matrix>
                <extra>
                  <technique profile="blender">
                    <layer>0</layer>
                    <tip_x>0</tip_x>
                    <tip_y>10</tip_y>
                    <tip_z>0</tip_z>
                  </technique>
                </extra>
              </node>
              <extra>
                <technique profile="blender">
                  <layer>0</layer>
                  <tip_x>0</tip_x>
                  <tip_y>10</tip_y>
                  <tip_z>0</tip_z>
                </technique>
              </extra>
            </node>
            <extra>
              <technique profile="blender">
                <layer>0</layer>
                <tip_x>0</tip_x>
                <tip_y>10</tip_y>
                <tip_z>0</tip_z>
              </technique>
            </extra>
          </node>
          <extra>
            <technique profile="blender">
              <layer>0</layer>
              <tip_x>0</tip_x>
              <tip_y>10</tip_y>
              <tip_z>0</tip_z>
            </technique>
          </extra>
        </node>
      </node>
      <node id="cs_boss" name="cs_boss" type="NODE">
        <translate sid="location">0 0 0</translate>
        <rotate sid="rotationZ">0 0 1 0</rotate>
        <rotate sid="rotationY">0 1 0 0</rotate>
        <rotate sid="rotationX">1 0 0 0</rotate>
        <scale sid="scale">1 1 1</scale>
        <instance_controller url="#cs_boss_armature_cs_boss-skin">
          <skeleton>#center</skeleton>
          <bind_material>
            <technique_common>
              <instance_material symbol="cs_boss_body_m-material" target="#cs_boss_body_m-material">
                <bind_vertex_input semantic="cs_boss-mesh-map-0" input_semantic="TEXCOORD" input_set="0"/>
              </instance_material>
            </technique_common>
          </bind_material>
        </instance_controller>
      </node>
    </visual_scene>
  </library_visual_scenes>
  <scene>
    <instance_visual_scene url="#Scene"/>
  </scene>
</COLLADA>