<?xml version="1.0"?>
<COLLADA xmlns="http://www.collada.org/2005/11/COLLADASchema" version="1.4.1">
    <asset>
        <contributor>
            <authoring_tool>J3D Ripoff Exporter</authoring_tool>
        </contributor>
        <created>2025-05-18T04:27:10.817Z</created>
        <modified>2025-05-18T04:27:10.817Z</modified>
		<unit meter="0.01" name="centimeter" ></unit>
        <up_axis>Y_UP</up_axis>
    </asset>
    <library_images>
        <image id="tex0">
            <init_from>taba_kiten_yoko.png</init_from>
        </image>
        <image id="tex1">
            <init_from>taba.png</init_from>
        </image>
        <image id="tex2">
            <init_from>bo.png</init_from>
        </image>
        <image id="tex3">
            <init_from>bo.png</init_from>
        </image>
        <image id="tex4">
            <init_from>taba.png</init_from>
        </image>
        <image id="tex5">
            <init_from>taba_kiten_yoko.png</init_from>
        </image>
        <image id="tex6">
            <init_from>bo.png</init_from>
        </image>
        <image id="tex7">
            <init_from>taba.png</init_from>
        </image>
        <image id="tex8">
            <init_from>taba_kiten_yoko.png</init_from>
        </image>
        <image id="tex9">
            <init_from>bo.png</init_from>
        </image>
        <image id="tex10">
            <init_from>taba.png</init_from>
        </image>
        <image id="tex11">
            <init_from>taba_kiten_yoko.png</init_from>
        </image>
        <image id="tex12">
            <init_from>bo.png</init_from>
        </image>
        <image id="tex13">
            <init_from>taba.png</init_from>
        </image>
        <image id="tex14">
            <init_from>taba_kiten_yoko.png</init_from>
        </image>
        <image id="tex15">
            <init_from>bo.png</init_from>
        </image>
        <image id="tex16">
            <init_from>taba.png</init_from>
        </image>
        <image id="tex17">
            <init_from>taba_kiten_yoko.png</init_from>
        </image>
        <image id="tex18">
            <init_from>bo.png</init_from>
        </image>
        <image id="tex19">
            <init_from>taba.png</init_from>
        </image>
        <image id="tex20">
            <init_from>taba_kiten_yoko.png</init_from>
        </image>
        <image id="tex_vc">
            <init_from>vertexColors_brg.png</init_from>
        </image>
    </library_images>
    <library_effects>
        <effect id="effect0">
            <profile_COMMON>
                <newparam sid="surface0">
                    <surface type="2D">
                        <init_from>tex20</init_from>
                    </surface>
                </newparam>
                <newparam sid="sampler0">
                    <sampler2D>
                        <source>surface0</source>
                    </sampler2D>
                </newparam>
                <technique sid="COMMON">
                    <blinn>
                        <diffuse>
                            <texture texture="sampler0" texcoord="UVSET0"></texture>
                        </diffuse>
                    </blinn>
                </technique>
            </profile_COMMON>
        </effect>
        <effect id="effect1">
            <profile_COMMON>
                <technique sid="COMMON">
                    <blinn>
                        <diffuse>
                            <color>1 1 1 1</color>
                        </diffuse>
                    </blinn>
                </technique>
            </profile_COMMON>
        </effect>
        <effect id="effect2">
            <profile_COMMON>
                <technique sid="COMMON">
                    <blinn>
                        <diffuse>
                            <color>1 1 1 1</color>
                        </diffuse>
                    </blinn>
                </technique>
            </profile_COMMON>
        </effect>
        <effect id="effect3">
            <profile_COMMON>
                <newparam sid="surface3">
                    <surface type="2D">
                        <init_from>tex4</init_from>
                    </surface>
                </newparam>
                <newparam sid="sampler3">
                    <sampler2D>
                        <source>surface3</source>
                    </sampler2D>
                </newparam>
                <technique sid="COMMON">
                    <blinn>
                        <diffuse>
                            <texture texture="sampler3" texcoord="UVSET0"></texture>
                        </diffuse>
                    </blinn>
                </technique>
            </profile_COMMON>
        </effect>
        <effect id="effect4">
            <profile_COMMON>
                <newparam sid="surface4">
                    <surface type="2D">
                        <init_from>tex3</init_from>
                    </surface>
                </newparam>
                <newparam sid="sampler4">
                    <sampler2D>
                        <source>surface4</source>
                    </sampler2D>
                </newparam>
                <technique sid="COMMON">
                    <blinn>
                        <diffuse>
                            <texture texture="sampler4" texcoord="UVSET0"></texture>
                        </diffuse>
                    </blinn>
                </technique>
            </profile_COMMON>
        </effect>
        <effect id="effect5">
            <profile_COMMON>
                <newparam sid="surface5">
                    <surface type="2D">
                        <init_from>tex5</init_from>
                    </surface>
                </newparam>
                <newparam sid="sampler5">
                    <sampler2D>
                        <source>surface5</source>
                    </sampler2D>
                </newparam>
                <technique sid="COMMON">
                    <blinn>
                        <diffuse>
                            <texture texture="sampler5" texcoord="UVSET0"></texture>
                        </diffuse>
                    </blinn>
                </technique>
            </profile_COMMON>
        </effect>
        <effect id="effect6">
            <profile_COMMON>
                <technique sid="COMMON">
                    <blinn>
                        <diffuse>
                            <color>1 1 1 1</color>
                        </diffuse>
                    </blinn>
                </technique>
            </profile_COMMON>
        </effect>
        <effect id="effect7">
            <profile_COMMON>
                <newparam sid="surface7">
                    <surface type="2D">
                        <init_from>tex7</init_from>
                    </surface>
                </newparam>
                <newparam sid="sampler7">
                    <sampler2D>
                        <source>surface7</source>
                    </sampler2D>
                </newparam>
                <technique sid="COMMON">
                    <blinn>
                        <diffuse>
                            <texture texture="sampler7" texcoord="UVSET0"></texture>
                        </diffuse>
                    </blinn>
                </technique>
            </profile_COMMON>
        </effect>
        <effect id="effect8">
            <profile_COMMON>
                <newparam sid="surface8">
                    <surface type="2D">
                        <init_from>tex6</init_from>
                    </surface>
                </newparam>
                <newparam sid="sampler8">
                    <sampler2D>
                        <source>surface8</source>
                    </sampler2D>
                </newparam>
                <technique sid="COMMON">
                    <blinn>
                        <diffuse>
                            <texture texture="sampler8" texcoord="UVSET0"></texture>
                        </diffuse>
                    </blinn>
                </technique>
            </profile_COMMON>
        </effect>
        <effect id="effect9">
            <profile_COMMON>
                <technique sid="COMMON">
                    <blinn>
                        <diffuse>
                            <color>1 1 1 1</color>
                        </diffuse>
                    </blinn>
                </technique>
            </profile_COMMON>
        </effect>
        <effect id="effect10">
            <profile_COMMON>
                <newparam sid="surface10">
                    <surface type="2D">
                        <init_from>tex8</init_from>
                    </surface>
                </newparam>
                <newparam sid="sampler10">
                    <sampler2D>
                        <source>surface10</source>
                    </sampler2D>
                </newparam>
                <technique sid="COMMON">
                    <blinn>
                        <diffuse>
                            <texture texture="sampler10" texcoord="UVSET0"></texture>
                        </diffuse>
                    </blinn>
                </technique>
            </profile_COMMON>
        </effect>
        <effect id="effect11">
            <profile_COMMON>
                <technique sid="COMMON">
                    <blinn>
                        <diffuse>
                            <color>1 1 1 1</color>
                        </diffuse>
                    </blinn>
                </technique>
            </profile_COMMON>
        </effect>
        <effect id="effect12">
            <profile_COMMON>
                <newparam sid="surface12">
                    <surface type="2D">
                        <init_from>tex10</init_from>
                    </surface>
                </newparam>
                <newparam sid="sampler12">
                    <sampler2D>
                        <source>surface12</source>
                    </sampler2D>
                </newparam>
                <technique sid="COMMON">
                    <blinn>
                        <diffuse>
                            <texture texture="sampler12" texcoord="UVSET0"></texture>
                        </diffuse>
                    </blinn>
                </technique>
            </profile_COMMON>
        </effect>
        <effect id="effect13">
            <profile_COMMON>
                <newparam sid="surface13">
                    <surface type="2D">
                        <init_from>tex9</init_from>
                    </surface>
                </newparam>
                <newparam sid="sampler13">
                    <sampler2D>
                        <source>surface13</source>
                    </sampler2D>
                </newparam>
                <technique sid="COMMON">
                    <blinn>
                        <diffuse>
                            <texture texture="sampler13" texcoord="UVSET0"></texture>
                        </diffuse>
                    </blinn>
                </technique>
            </profile_COMMON>
        </effect>
        <effect id="effect14">
            <profile_COMMON>
                <technique sid="COMMON">
                    <blinn>
                        <diffuse>
                            <color>1 1 1 1</color>
                        </diffuse>
                    </blinn>
                </technique>
            </profile_COMMON>
        </effect>
        <effect id="effect15">
            <profile_COMMON>
                <newparam sid="surface15">
                    <surface type="2D">
                        <init_from>tex11</init_from>
                    </surface>
                </newparam>
                <newparam sid="sampler15">
                    <sampler2D>
                        <source>surface15</source>
                    </sampler2D>
                </newparam>
                <technique sid="COMMON">
                    <blinn>
                        <diffuse>
                            <texture texture="sampler15" texcoord="UVSET0"></texture>
                        </diffuse>
                    </blinn>
                </technique>
            </profile_COMMON>
        </effect>
        <effect id="effect16">
            <profile_COMMON>
                <technique sid="COMMON">
                    <blinn>
                        <diffuse>
                            <color>1 1 1 1</color>
                        </diffuse>
                    </blinn>
                </technique>
            </profile_COMMON>
        </effect>
        <effect id="effect17">
            <profile_COMMON>
                <newparam sid="surface17">
                    <surface type="2D">
                        <init_from>tex13</init_from>
                    </surface>
                </newparam>
                <newparam sid="sampler17">
                    <sampler2D>
                        <source>surface17</source>
                    </sampler2D>
                </newparam>
                <technique sid="COMMON">
                    <blinn>
                        <diffuse>
                            <texture texture="sampler17" texcoord="UVSET0"></texture>
                        </diffuse>
                    </blinn>
                </technique>
            </profile_COMMON>
        </effect>
        <effect id="effect18">
            <profile_COMMON>
                <newparam sid="surface18">
                    <surface type="2D">
                        <init_from>tex12</init_from>
                    </surface>
                </newparam>
                <newparam sid="sampler18">
                    <sampler2D>
                        <source>surface18</source>
                    </sampler2D>
                </newparam>
                <technique sid="COMMON">
                    <blinn>
                        <diffuse>
                            <texture texture="sampler18" texcoord="UVSET0"></texture>
                        </diffuse>
                    </blinn>
                </technique>
            </profile_COMMON>
        </effect>
        <effect id="effect19">
            <profile_COMMON>
                <technique sid="COMMON">
                    <blinn>
                        <diffuse>
                            <color>1 1 1 1</color>
                        </diffuse>
                    </blinn>
                </technique>
            </profile_COMMON>
        </effect>
        <effect id="effect20">
            <profile_COMMON>
                <newparam sid="surface20">
                    <surface type="2D">
                        <init_from>tex14</init_from>
                    </surface>
                </newparam>
                <newparam sid="sampler20">
                    <sampler2D>
                        <source>surface20</source>
                    </sampler2D>
                </newparam>
                <technique sid="COMMON">
                    <blinn>
                        <diffuse>
                            <texture texture="sampler20" texcoord="UVSET0"></texture>
                        </diffuse>
                    </blinn>
                </technique>
            </profile_COMMON>
        </effect>
        <effect id="effect21">
            <profile_COMMON>
                <technique sid="COMMON">
                    <blinn>
                        <diffuse>
                            <color>1 1 1 1</color>
                        </diffuse>
                    </blinn>
                </technique>
            </profile_COMMON>
        </effect>
        <effect id="effect22">
            <profile_COMMON>
                <newparam sid="surface22">
                    <surface type="2D">
                        <init_from>tex16</init_from>
                    </surface>
                </newparam>
                <newparam sid="sampler22">
                    <sampler2D>
                        <source>surface22</source>
                    </sampler2D>
                </newparam>
                <technique sid="COMMON">
                    <blinn>
                        <diffuse>
                            <texture texture="sampler22" texcoord="UVSET0"></texture>
                        </diffuse>
                    </blinn>
                </technique>
            </profile_COMMON>
        </effect>
        <effect id="effect23">
            <profile_COMMON>
                <newparam sid="surface23">
                    <surface type="2D">
                        <init_from>tex15</init_from>
                    </surface>
                </newparam>
                <newparam sid="sampler23">
                    <sampler2D>
                        <source>surface23</source>
                    </sampler2D>
                </newparam>
                <technique sid="COMMON">
                    <blinn>
                        <diffuse>
                            <texture texture="sampler23" texcoord="UVSET0"></texture>
                        </diffuse>
                    </blinn>
                </technique>
            </profile_COMMON>
        </effect>
        <effect id="effect24">
            <profile_COMMON>
                <technique sid="COMMON">
                    <blinn>
                        <diffuse>
                            <color>1 1 1 1</color>
                        </diffuse>
                    </blinn>
                </technique>
            </profile_COMMON>
        </effect>
        <effect id="effect25">
            <profile_COMMON>
                <newparam sid="surface25">
                    <surface type="2D">
                        <init_from>tex17</init_from>
                    </surface>
                </newparam>
                <newparam sid="sampler25">
                    <sampler2D>
                        <source>surface25</source>
                    </sampler2D>
                </newparam>
                <technique sid="COMMON">
                    <blinn>
                        <diffuse>
                            <texture texture="sampler25" texcoord="UVSET0"></texture>
                        </diffuse>
                    </blinn>
                </technique>
            </profile_COMMON>
        </effect>
        <effect id="effect26">
            <profile_COMMON>
                <technique sid="COMMON">
                    <blinn>
                        <diffuse>
                            <color>1 1 1 1</color>
                        </diffuse>
                    </blinn>
                </technique>
            </profile_COMMON>
        </effect>
        <effect id="effect27">
            <profile_COMMON>
                <newparam sid="surface27">
                    <surface type="2D">
                        <init_from>tex19</init_from>
                    </surface>
                </newparam>
                <newparam sid="sampler27">
                    <sampler2D>
                        <source>surface27</source>
                    </sampler2D>
                </newparam>
                <technique sid="COMMON">
                    <blinn>
                        <diffuse>
                            <texture texture="sampler27" texcoord="UVSET0"></texture>
                        </diffuse>
                    </blinn>
                </technique>
            </profile_COMMON>
        </effect>
        <effect id="effect28">
            <profile_COMMON>
                <newparam sid="surface28">
                    <surface type="2D">
                        <init_from>tex18</init_from>
                    </surface>
                </newparam>
                <newparam sid="sampler28">
                    <sampler2D>
                        <source>surface28</source>
                    </sampler2D>
                </newparam>
                <technique sid="COMMON">
                    <blinn>
                        <diffuse>
                            <texture texture="sampler28" texcoord="UVSET0"></texture>
                        </diffuse>
                    </blinn>
                </technique>
            </profile_COMMON>
        </effect>
        <effect id="effect_vc">
            <profile_COMMON>
                <newparam sid="surface_vc">
                    <surface type="2D">
                        <init_from>tex_vc</init_from>
                    </surface>
                </newparam>
                <newparam sid="sampler_vc">
                    <sampler2D>
                        <source>surface_vc</source>
                    </sampler2D>
                </newparam>
                <technique sid="COMMON">
                    <blinn>
                        <diffuse>
                            <texture texture="sampler_vc" texcoord="UVSET0"></texture>
                        </diffuse>
                    </blinn>
                </technique>
            </profile_COMMON>
        </effect>
    </library_effects>
    <library_materials>
        <material id="mat0" name="_o129_1">
            <instance_effect url="#effect0"></instance_effect>
        </material>
        <material id="mat1" name="_o134">
            <instance_effect url="#effect1"></instance_effect>
        </material>
        <material id="mat2" name="_o135">
            <instance_effect url="#effect2"></instance_effect>
        </material>
        <material id="mat3" name="_o1_32">
            <instance_effect url="#effect3"></instance_effect>
        </material>
        <material id="mat4" name="_o47_2">
            <instance_effect url="#effect4"></instance_effect>
        </material>
        <material id="mat5" name="_s">
            <instance_effect url="#effect5"></instance_effect>
        </material>
        <material id="mat6" name="_o134(2)">
            <instance_effect url="#effect6"></instance_effect>
        </material>
        <material id="mat7" name="_o1_32(2)">
            <instance_effect url="#effect7"></instance_effect>
        </material>
        <material id="mat8" name="_o47_2(2)">
            <instance_effect url="#effect8"></instance_effect>
        </material>
        <material id="mat9" name="_o135(2)">
            <instance_effect url="#effect9"></instance_effect>
        </material>
        <material id="mat10" name="_s(2)">
            <instance_effect url="#effect10"></instance_effect>
        </material>
        <material id="mat11" name="_o134(3)">
            <instance_effect url="#effect11"></instance_effect>
        </material>
        <material id="mat12" name="_o1_32(3)">
            <instance_effect url="#effect12"></instance_effect>
        </material>
        <material id="mat13" name="_o47_2(3)">
            <instance_effect url="#effect13"></instance_effect>
        </material>
        <material id="mat14" name="_o135(3)">
            <instance_effect url="#effect14"></instance_effect>
        </material>
        <material id="mat15" name="_s(3)">
            <instance_effect url="#effect15"></instance_effect>
        </material>
        <material id="mat16" name="_o134(4)">
            <instance_effect url="#effect16"></instance_effect>
        </material>
        <material id="mat17" name="_o1_32(4)">
            <instance_effect url="#effect17"></instance_effect>
        </material>
        <material id="mat18" name="_o47_2(4)">
            <instance_effect url="#effect18"></instance_effect>
        </material>
        <material id="mat19" name="_o135(4)">
            <instance_effect url="#effect19"></instance_effect>
        </material>
        <material id="mat20" name="_s(4)">
            <instance_effect url="#effect20"></instance_effect>
        </material>
        <material id="mat21" name="_o134(5)">
            <instance_effect url="#effect21"></instance_effect>
        </material>
        <material id="mat22" name="_o1_32(5)">
            <instance_effect url="#effect22"></instance_effect>
        </material>
        <material id="mat23" name="_o47_2(5)">
            <instance_effect url="#effect23"></instance_effect>
        </material>
        <material id="mat24" name="_o135(5)">
            <instance_effect url="#effect24"></instance_effect>
        </material>
        <material id="mat25" name="_s(5)">
            <instance_effect url="#effect25"></instance_effect>
        </material>
        <material id="mat26" name="_o134(6)">
            <instance_effect url="#effect26"></instance_effect>
        </material>
        <material id="mat27" name="_o1_32(6)">
            <instance_effect url="#effect27"></instance_effect>
        </material>
        <material id="mat28" name="_o47_2(6)">
            <instance_effect url="#effect28"></instance_effect>
        </material>
        <material id="mat_vc" name="vertexColors">
            <instance_effect url="#effect_vc"></instance_effect>
        </material>
    </library_materials>
    <library_geometries>
        <geometry id="mesh0">
            <mesh>
                <source id="points0">
                    <float_array id="pointarray0" count="264">69.31739807128906 23.74783706665039 -16.89481544494629 67.86836242675781 28.802162170410156 -13.721521377563477 66.85066986083984 34.62596893310547 -16.226503372192383 65.28063201904297 36.829524993896484 -22.511465072631836 69.31739807128906 21.675800323486328 -23.897768020629883 67.80862426757812 23.210725784301758 -29.69405746459961 65.65570068359375 34.30158233642578 -29.01350212097168 65.67283630371094 28.311939239501953 -31.959575653076172 67.86836242675781 28.802162170410156 -13.721521377563477 41.23047637939453 18.358789443969727 -13.643533706665039 66.85066986083984 34.62596893310547 -16.226503372192383 38.87428283691406 24.51827049255371 -16.164854049682617 51.94296646118164 32.43024444580078 -22.297340393066406 65.28063201904297 36.829524993896484 -22.511465072631836 37.279239654541016 27.186519622802734 -22.472434997558594 43.85066604614258 28.695026397705078 -28.975322723388672 58.53208923339844 34.88997268676758 -28.676626205444336 65.65570068359375 34.30158233642578 -29.01350212097168 65.67283630371094 28.311939239501953 -31.959575653076172 53.4034538269043 25.66390609741211 -31.541282653808594 54.81333541870117 50.5859260559082 -41.60563278198242 59.476097106933594 47.806373596191406 -42.42094039916992 58.590457916259766 51.86863327026367 -38.0153923034668 31.735919952392578 38.68003463745117 -36.101905822753906 32.621559143066406 34.61777114868164 -40.50745391845703 33.25484085083008 39.482112884521484 -40.75271987915039 55.15556335449219 33.95203399658203 -33.70021438598633 53.548255920410156 37.05497360229492 -28.099559783935547 51.824222564697266 40.10396957397461 -33.76820373535156 47.45661926269531 39.36722183227539 -39.315345764160156 46.548309326171875 34.88450241088867 -28.92902946472168 46.570980072021484 43.42948532104492 -34.9098014831543 48.141910552978516 29.86958122253418 -32.63125228881836 44.475341796875 37.455352783203125 -33.876800537109375 46.570980072021484 43.42948532104492 -34.90979766845703 67.80862426757812 23.210725784301758 -29.69405746459961 25.312694549560547 27.941539764404297 -30.333335876464844 -21.333332061767578 27.475208282470703 -30.333335876464844 32.83937454223633 0 -38.333335876464844 -21.333332061767578 0 -38.333335876464844 -62.77302551269531 36.85336685180664 -34.07426834106445 -21.333332061767578 24.512313842773438 -24.94832420349121 -64.84706115722656 31.21506118774414 -34.07426834106445 -21.333332061767578 22.107465744018555 -29.94670867919922 -62.77302551269531 33.96754837036133 -41.00022888183594 65 29.475208282470703 -30.333335876464844 62 27.475208282470703 -3.5333330631256104 62 33.4752082824707 -16.33333396911621 68.75 6.868802070617676 1.5666669607162476 65 7.368802070617676 -39.0333366394043 65.25 0 -30.63333511352539 67.75 0 -8.033333778381348 -62 27.475208282470703 -30.333335876464844 -65 6.868802070617676 -39.0333366394043 -65.25 0 -30.63333511352539 -62 25.475208282470703 -3.5333330631256104 -62 31.475208282470703 -16.33333396911621 -68.75 6.368802070617676 1.5666669607162476 -67.75 0 -8.033333778381348 -59.86349868774414 40.96660232543945 -39.54922866821289 -56.3298225402832 42.20549774169922 -44.446956634521484 -55.631744384765625 44.098331451416016 -38.11302947998047 -52.46002960205078 34.265968322753906 -33.39506149291992 -47.686424255371094 32.720767974853516 -35.49934005737305 -53.40412902832031 32.234039306640625 -38.9023323059082 -21.333332061767578 0 -0.33333298563957214 -21.333332061767578 25.475208282470703 -6.533333778381348 21.333332061767578 25.475208282470703 -6.533333778381348 21.333332061767578 0 -0.33333298563957214 -56.84812545776367 35.235435485839844 0.4735040068626404 -56.448944091796875 29.292375564575195 5.0361328125 -58.9897575378418 27.83307456970215 -0.20856299996376038 -16.306325912475586 23.712482452392578 -11.598759651184082 -15.991120338439941 19.5068359375 -7.995941162109375 -47.613494873046875 32.76035690307617 -1.4702060222625732 -15.8631591796875 25.475208282470703 -6.533333778381348 -46.37769317626953 27.966642379760742 1.822693943977356 59.680660247802734 42.47170639038086 1.1335619688034058 58.93375778198242 45.259193420410156 -5.79240083694458 62.39642333984375 40.34981155395508 -5.79240083694458 22.722606658935547 20.290367126464844 -6.919960021972656 22.100187301635742 22.613271713256836 -11.918342590332031 51.07966613769531 38.37242126464844 -0.9643369913101196 49.6418342590332 40.09075927734375 -6.4716081619262695 45.430816650390625 37.36271286010742 -4.367329120635986 55.05878448486328 48.4792366027832 -0.3174389898777008 50.16067123413086 50.40899658203125 -1.7536369562149048 51.324867248535156 48.761329650878906 4.580287933349609</float_array>
                    <technique_common>
                        <accessor count="88" source="#pointarray0" stride="3">
                            <param name="X" type="float"/>
                            <param name="Y" type="float"/>
                            <param name="Z" type="float"/>
                        </accessor>
                    </technique_common>
                </source>
                <source id="uvs0">
                    <float_array id="uvarray0" count="186">0.06033499911427498 1.146468997001648 0.08353699743747711 1.1730200052261353 0.10698600113391876 1.1559869945049286 0.11507999897003174 1.1082990020513535 0.049341000616550446 1.0915160030126572 0.11507999897003174 1.1082980036735535 0.055546000599861145 1.0475150011479855 0.049341000616550446 1.0915149971842766 0.10219699889421463 1.057032998651266 0.05554499849677086 1.0475150011479855 0.10219600051641464 1.0570340007543564 0.07669500261545181 1.0316580012440681 0.9920780062675476 0.35007399320602417 0.9394180178642273 0.25066202878952026 0.9288859963417053 0.35007399320602417 0.876226007938385 0.25066202878952026 0.7596909999847412 0.3003680109977722 0.7814379930496216 0.35007399320602417 0.7287780046463013 0.25066202878952026 0.5926510095596313 0.27427202463150024 0.6453109979629517 0.326462984085083 0.6339899897575378 0.35007399320602417 0.5707989931106567 0.35007399320602417 0.5528889894485474 0.3009589910507202 0.41150999069213867 0.35095900297164917 0.40232500433921814 0.3625109791755676 0.500361979007721 0.3625109791755676 0.5063940286636353 0.23224502801895142 0.40835699439048767 0.23224502801895142 0.40303200483322144 0.23921602964401245 0.5244560241699219 0.31695497035980225 0.6485679745674133 0.31339097023010254 0.49630001187324524 0.3116750121116638 0.41495999693870544 0.29853397607803345 0.5976539850234985 0.2887510061264038 0.45961201190948486 0.2995460033416748 0.5171939730644226 0.28968697786331177 0.4803360104560852 0.2867509722709656 0.5927129983901978 0.5260420143604279 0.805429995059967 0.5260420143604279 0.5983030200004578 0.10556602478027344 0.8100849986076355 0.10293298959732056 0.41961100697517395 0.6577990055084229 0.6275010108947754 0.6015239953994751 0.4093030095100403 0.6488609910011292 0.4840579926967621 0.5949810147285461 0.4840579926967621 0.6991139948368073 0.22687800228595734 0.5898459851741791 0.6275010108947754 0.6915119886398315 0.41526898741722107 0.7113339900970459 0.10468599945306778 1.1794500052928925 0.10468599945306778 1.0360529981553555 0.04409800097346306 1.0920870006084442 0.286734014749527 0.454925000667572 0.271109014749527 0.8736750036478043 0.317984014749527 0.673675000667572 0.11012200266122818 0.9533619992434978 0.11402799934148788 0.31898701190948486 0.05645899847149849 0.450236976146698 0.05645899847149849 0.8033619970083237 1.0044829845428467 0.5246089994907379 1.006140947341919 0.1452620029449463 1.0029020309448242 0.02051001787185669 0.255484014749527 0.8736750036478043 0.271109014749527 0.454925000667572 0.302359014749527 0.673675000667572 0.11012200266122818 0.31898701190948486 0.10621500015258789 0.9533619992434978 0.04015500098466873 0.2781509757041931 0.028342999517917633 0.36268502473831177 0.07122699916362762 0.33695197105407715 0.5050899982452393 0.6366330087184906 0.47606098651885986 0.6677590012550354 0.5420029759407043 0.6745179891586304 0.45521798729896545 0.6889240145683289 0.48040398955345154 0.6988840103149414 0.44479700922966003 0.6615340113639832 0.602429986000061 0.6458640098571777 0.9950000047683716 1.198293998837471 0.8037629723548889 1.273730993270874 0.9965800046920776 1.3925420045852661 0.9981610178947449 0.9665829986333847 0.8053439855575562 0.8741199970245361 0.5983030200004578 0.8718789964914322 0.5967220067977905 1.264820009469986 0.3975830078125 0.9507840014994144 0.39916399121284485 1.2191500067710876 0.3944219946861267 1.3539279997348785 0.398048996925354 0.7447920143604279 0.398048996925354 0.5260420143604279 1.0060629844665527 0.7240090072154999 0.4133099913597107 0.1452620029449463 0.41496801376342773 0.026574015617370605</float_array>
                    <technique_common>
                        <accessor count="93" source="#uvarray0" stride="2">
                            <param name="S" type="float"/>
                            <param name="T" type="float"/>
                        </accessor>
                    </technique_common>
                </source>
                <vertices id="vertices0">
                    <input semantic="POSITION" source="#points0"/>
                </vertices>
                <polylist count="130" material="Material1">
                    <input offset="0" semantic="VERTEX" source="#vertices0"/>
                    <input offset="1" semantic="TEXCOORD" source="#uvs0" set="0"/>
                    <vcount>3 3 3 3 3 3 3 3 3 3 3 3 3 3 3 3 3 3 3 3 3 3 3 3 3 3 3 3 3 3 3 3 3 3 3 3 3 3 3 3 3 3 3 3 3 3 3 3 3 3 3 3 3 3 3 3 3 3 3 3 3 3 3 3 3 3 3 3 3 3 3 3 3 3 3 3 3 3 3 3 3 3 3 3 3 3 3 3 3 3 3 3 3 3 3 3 3 3 3 3 3 3 3 3 3 3 3 3 3 3 3 3 3 3 3 3 3 3 3 3 3 3 3 3 3 3 3 3 3 3</vcount>
                    <p>2 2 1 1 0 0 3 3 2 2 0 0 3 5 0 0 4 4 3 5 4 7 5 6 6 8 3 5 5 6 7 11 6 10 5 9 10 14 9 13 8 12 10 14 11 15 9 13 10 14 13 17 12 16 11 15 10 14 12 16 14 18 11 15 12 16 12 16 15 19 14 18 12 16 13 17 16 20 16 20 13 17 17 21 19 23 17 21 18 22 19 23 16 20 17 21 22 26 21 25 20 24 25 29 24 28 23 27 16 20 19 23 26 30 27 31 16 20 26 30 28 32 27 31 26 30 28 32 26 30 29 33 12 16 16 20 27 31 30 34 12 16 27 31 31 35 30 34 27 31 31 35 27 31 28 32 15 19 12 16 30 34 32 36 15 19 30 34 33 37 32 36 30 34 33 37 30 34 31 35 19 23 15 19 32 36 26 30 19 23 32 36 29 33 26 30 32 36 29 33 32 36 33 37 25 29 23 27 34 35 29 33 25 29 34 35 24 28 25 29 29 33 33 37 24 28 29 33 23 27 24 28 33 37 34 35 23 27 33 37 28 32 22 26 31 35 22 26 20 24 31 35 31 35 20 24 29 33 20 24 21 25 29 33 29 33 21 25 28 32 21 25 22 26 28 32 19 20 18 17 35 21 38 40 37 39 36 38 38 40 39 41 37 39 42 44 41 43 40 42 42 47 43 46 41 45 44 49 43 48 42 44 42 52 40 51 44 50 47 55 46 54 45 53 46 54 48 56 45 53 48 56 49 57 45 53 48 56 50 58 49 57 48 56 51 59 50 58 37 39 53 61 52 60 37 39 39 41 53 61 39 41 54 62 53 61 56 65 52 64 55 63 52 64 53 66 55 63 53 66 57 67 55 63 53 66 58 59 57 67 53 66 54 58 58 59 61 70 60 69 59 68 63 73 61 72 62 71 63 73 60 74 61 72 64 75 60 74 63 73 64 75 59 76 60 74 62 71 59 76 64 75 62 71 61 72 59 76 63 73 37 77 64 75 63 73 62 71 37 77 41 43 37 77 62 71 62 71 40 42 41 43 64 75 40 42 62 71 64 75 44 49 40 42 64 75 37 77 43 48 43 48 44 49 64 75 58 80 65 79 57 78 65 79 55 81 57 78 65 79 66 82 55 81 65 79 67 83 66 82 65 79 68 84 67 83 68 84 46 85 67 83 68 84 48 86 46 85 68 84 51 87 48 86 46 85 47 88 67 83 47 88 36 38 67 83 47 88 45 89 36 38 36 38 66 82 67 83 36 38 37 39 66 82 37 39 56 90 66 82 37 39 52 60 56 90 56 90 55 81 66 82 45 89 38 40 36 38 45 89 49 91 38 40 71 52 70 51 69 50 69 49 72 48 71 44 71 47 72 46 73 45 71 44 73 43 70 42 72 48 69 49 74 75 74 75 75 77 72 48 74 75 70 42 76 71 74 75 69 49 70 42 76 71 70 42 73 43 73 43 75 77 76 71 74 73 76 71 75 77 79 52 78 51 77 50 77 49 80 48 79 44 79 47 80 46 81 45 79 44 81 43 78 42 80 48 77 49 82 75 82 75 67 77 80 48 82 75 78 42 83 71 82 75 77 49 78 42 83 71 78 42 81 43 81 43 67 77 83 71 84 73 83 71 67 77 84 73 67 77 82 75 83 71 86 72 85 76 83 71 85 76 82 75 82 75 85 76 87 74 82 75 87 74 84 73 84 73 87 74 86 72 84 73 86 72 83 71 86 70 87 69 85 68 49 91 50 92 38 40</p>
                </polylist>
            </mesh>
        </geometry>
        <geometry id="mesh0_VC">
            <mesh>
                <source id="points0_VC">
                    <float_array id="pointarray0_VC" count="264">69.31739807128906 23.74783706665039 -16.89481544494629 67.86836242675781 28.802162170410156 -13.721521377563477 66.85066986083984 34.62596893310547 -16.226503372192383 65.28063201904297 36.829524993896484 -22.511465072631836 69.31739807128906 21.675800323486328 -23.897768020629883 67.80862426757812 23.210725784301758 -29.69405746459961 65.65570068359375 34.30158233642578 -29.01350212097168 65.67283630371094 28.311939239501953 -31.959575653076172 67.86836242675781 28.802162170410156 -13.721521377563477 41.23047637939453 18.358789443969727 -13.643533706665039 66.85066986083984 34.62596893310547 -16.226503372192383 38.87428283691406 24.51827049255371 -16.164854049682617 51.94296646118164 32.43024444580078 -22.297340393066406 65.28063201904297 36.829524993896484 -22.511465072631836 37.279239654541016 27.186519622802734 -22.472434997558594 43.85066604614258 28.695026397705078 -28.975322723388672 58.53208923339844 34.88997268676758 -28.676626205444336 65.65570068359375 34.30158233642578 -29.01350212097168 65.67283630371094 28.311939239501953 -31.959575653076172 53.4034538269043 25.66390609741211 -31.541282653808594 54.81333541870117 50.5859260559082 -41.60563278198242 59.476097106933594 47.806373596191406 -42.42094039916992 58.590457916259766 51.86863327026367 -38.0153923034668 31.735919952392578 38.68003463745117 -36.101905822753906 32.621559143066406 34.61777114868164 -40.50745391845703 33.25484085083008 39.482112884521484 -40.75271987915039 55.15556335449219 33.95203399658203 -33.70021438598633 53.548255920410156 37.05497360229492 -28.099559783935547 51.824222564697266 40.10396957397461 -33.76820373535156 47.45661926269531 39.36722183227539 -39.315345764160156 46.548309326171875 34.88450241088867 -28.92902946472168 46.570980072021484 43.42948532104492 -34.9098014831543 48.141910552978516 29.86958122253418 -32.63125228881836 44.475341796875 37.455352783203125 -33.876800537109375 46.570980072021484 43.42948532104492 -34.90979766845703 67.80862426757812 23.210725784301758 -29.69405746459961 25.312694549560547 27.941539764404297 -30.333335876464844 -21.333332061767578 27.475208282470703 -30.333335876464844 32.83937454223633 0 -38.333335876464844 -21.333332061767578 0 -38.333335876464844 -62.77302551269531 36.85336685180664 -34.07426834106445 -21.333332061767578 24.512313842773438 -24.94832420349121 -64.84706115722656 31.21506118774414 -34.07426834106445 -21.333332061767578 22.107465744018555 -29.94670867919922 -62.77302551269531 33.96754837036133 -41.00022888183594 65 29.475208282470703 -30.333335876464844 62 27.475208282470703 -3.5333330631256104 62 33.4752082824707 -16.33333396911621 68.75 6.868802070617676 1.5666669607162476 65 7.368802070617676 -39.0333366394043 65.25 0 -30.63333511352539 67.75 0 -8.033333778381348 -62 27.475208282470703 -30.333335876464844 -65 6.868802070617676 -39.0333366394043 -65.25 0 -30.63333511352539 -62 25.475208282470703 -3.5333330631256104 -62 31.475208282470703 -16.33333396911621 -68.75 6.368802070617676 1.5666669607162476 -67.75 0 -8.033333778381348 -59.86349868774414 40.96660232543945 -39.54922866821289 -56.3298225402832 42.20549774169922 -44.446956634521484 -55.631744384765625 44.098331451416016 -38.11302947998047 -52.46002960205078 34.265968322753906 -33.39506149291992 -47.686424255371094 32.720767974853516 -35.49934005737305 -53.40412902832031 32.234039306640625 -38.9023323059082 -21.333332061767578 0 -0.33333298563957214 -21.333332061767578 25.475208282470703 -6.533333778381348 21.333332061767578 25.475208282470703 -6.533333778381348 21.333332061767578 0 -0.33333298563957214 -56.84812545776367 35.235435485839844 0.4735040068626404 -56.448944091796875 29.292375564575195 5.0361328125 -58.9897575378418 27.83307456970215 -0.20856299996376038 -16.306325912475586 23.712482452392578 -11.598759651184082 -15.991120338439941 19.5068359375 -7.995941162109375 -47.613494873046875 32.76035690307617 -1.4702060222625732 -15.8631591796875 25.475208282470703 -6.533333778381348 -46.37769317626953 27.966642379760742 1.822693943977356 59.680660247802734 42.47170639038086 1.1335619688034058 58.93375778198242 45.259193420410156 -5.79240083694458 62.39642333984375 40.34981155395508 -5.79240083694458 22.722606658935547 20.290367126464844 -6.919960021972656 22.100187301635742 22.613271713256836 -11.918342590332031 51.07966613769531 38.37242126464844 -0.9643369913101196 49.6418342590332 40.09075927734375 -6.4716081619262695 45.430816650390625 37.36271286010742 -4.367329120635986 55.05878448486328 48.4792366027832 -0.3174389898777008 50.16067123413086 50.40899658203125 -1.7536369562149048 51.324867248535156 48.761329650878906 4.580287933349609</float_array>
                    <technique_common>
                        <accessor count="88" source="#pointarray0_VC" stride="3">
                            <param name="X" type="float"/>
                            <param name="Y" type="float"/>
                            <param name="Z" type="float"/>
                        </accessor>
                    </technique_common>
                </source>
                <source id="uvs0_VC">
                    <float_array id="uvarray0_VC" count="4">0.50390625 0.00390625 0.50390625 0.99609375</float_array>
                    <technique_common>
                        <accessor count="2" source="#uvarray0_VC" stride="2">
                            <param name="S" type="float"/>
                            <param name="T" type="float"/>
                        </accessor>
                    </technique_common>
                </source>
                <vertices id="vertices0_VC">
                    <input semantic="POSITION" source="#points0_VC"/>
                </vertices>
                <polylist count="130" material="Material1">
                    <input offset="0" semantic="VERTEX" source="#vertices0_VC"/>
                    <input offset="1" semantic="TEXCOORD" source="#uvs0_VC" set="0"/>
                    <vcount>3 3 3 3 3 3 3 3 3 3 3 3 3 3 3 3 3 3 3 3 3 3 3 3 3 3 3 3 3 3 3 3 3 3 3 3 3 3 3 3 3 3 3 3 3 3 3 3 3 3 3 3 3 3 3 3 3 3 3 3 3 3 3 3 3 3 3 3 3 3 3 3 3 3 3 3 3 3 3 3 3 3 3 3 3 3 3 3 3 3 3 3 3 3 3 3 3 3 3 3 3 3 3 3 3 3 3 3 3 3 3 3 3 3 3 3 3 3 3 3 3 3 3 3 3 3 3 3 3 3</vcount>
                    <p>2 0 1 0 0 0 3 0 2 0 0 0 3 0 0 0 4 0 3 0 4 0 5 0 6 0 3 0 5 0 7 0 6 0 5 0 10 1 9 1 8 1 10 1 11 1 9 1 10 1 13 1 12 0 11 1 10 1 12 0 14 1 11 1 12 0 12 0 15 0 14 1 12 0 13 1 16 0 16 0 13 1 17 1 19 0 17 1 18 1 19 0 16 0 17 1 22 0 21 0 20 0 25 0 24 0 23 0 16 0 19 0 26 0 27 0 16 0 26 0 28 0 27 0 26 0 28 0 26 0 29 0 12 0 16 0 27 0 30 0 12 0 27 0 31 0 30 0 27 0 31 0 27 0 28 0 15 0 12 0 30 0 32 0 15 0 30 0 33 0 32 0 30 0 33 0 30 0 31 0 19 0 15 0 32 0 26 0 19 0 32 0 29 0 26 0 32 0 29 0 32 0 33 0 25 0 23 0 34 0 29 0 25 0 34 0 24 0 25 0 29 0 33 0 24 0 29 0 23 0 24 0 33 0 34 0 23 0 33 0 28 0 22 0 31 0 22 0 20 0 31 0 31 0 20 0 29 0 20 0 21 0 29 0 29 0 21 0 28 0 21 0 22 0 28 0 19 0 18 1 35 1 38 0 37 0 36 0 38 0 39 1 37 0 42 0 41 0 40 0 42 0 43 0 41 0 44 0 43 0 42 0 42 0 40 0 44 0 47 0 46 0 45 0 46 0 48 0 45 0 48 0 49 0 45 0 48 0 50 1 49 0 48 0 51 1 50 1 37 0 53 0 52 0 37 0 39 1 53 0 39 1 54 1 53 0 56 0 52 0 55 0 52 0 53 0 55 0 53 0 57 0 55 0 53 0 58 1 57 0 53 0 54 1 58 1 61 0 60 0 59 0 63 0 61 0 62 0 63 0 60 0 61 0 64 0 60 0 63 0 64 0 59 0 60 0 62 0 59 0 64 0 62 0 61 0 59 0 63 0 37 0 64 0 63 0 62 0 37 0 41 0 37 0 62 0 62 0 40 0 41 0 64 0 40 0 62 0 64 0 44 0 40 0 64 0 37 0 43 0 43 0 44 0 64 0 58 1 65 1 57 0 65 1 55 0 57 0 65 1 66 0 55 0 65 1 67 0 66 0 65 1 68 1 67 0 68 1 46 0 67 0 68 1 48 0 46 0 68 1 51 1 48 0 46 0 47 0 67 0 47 0 36 0 67 0 47 0 45 0 36 0 36 0 66 0 67 0 36 0 37 0 66 0 37 0 56 0 66 0 37 0 52 0 56 0 56 0 55 0 66 0 45 0 38 0 36 0 45 0 49 0 38 0 71 0 70 0 69 0 69 0 72 0 71 0 71 0 72 0 73 0 71 0 73 0 70 0 72 0 69 0 74 0 74 0 75 0 72 0 74 0 70 0 76 0 74 0 69 0 70 0 76 0 70 0 73 0 73 0 75 0 76 0 74 0 76 0 75 0 79 0 78 0 77 0 77 0 80 0 79 0 79 0 80 0 81 0 79 0 81 0 78 0 80 0 77 0 82 0 82 0 67 0 80 0 82 0 78 0 83 0 82 0 77 0 78 0 83 0 78 0 81 0 81 0 67 0 83 0 84 0 83 0 67 0 84 0 67 0 82 0 83 0 86 0 85 0 83 0 85 0 82 0 82 0 85 0 87 0 82 0 87 0 84 0 84 0 87 0 86 0 84 0 86 0 83 0 86 0 87 0 85 0 49 0 50 1 38 0</p>
                </polylist>
            </mesh>
        </geometry>
        <geometry id="mesh1">
            <mesh>
                <source id="points1">
                    <float_array id="pointarray1" count="42">-65 10 50 65 10 50 -75 0 50 75 0 50 -65 0 0 65 0 0 -75 -10 0 75 -10 0 -75 0 0 75 0 0 -75 0 50 -75 -10 0 75 0 50 75 -10 0</float_array>
                    <technique_common>
                        <accessor count="14" source="#pointarray1" stride="3">
                            <param name="X" type="float"/>
                            <param name="Y" type="float"/>
                            <param name="Z" type="float"/>
                        </accessor>
                    </technique_common>
                </source>
                <source id="uvs1">
                    <float_array id="uvarray1" count="32">1.0078129768371582 0.390625 -0.007813000120222569 0.390625 1.0859379768371582 0.46875 -0.0859379991889 0.46875 1.0078129768371582 0 -0.007813000120222569 0 1.0078129768371582 1 1.0859379768371582 0.921875 -0.007813000120222569 1 -0.0859379991889 0.921875 1.0859379768371582 1 -0.0859379991889 1 1.0078129768371582 0.078125 1.0078129768371582 -0.3125 -0.007813000120222569 0.078125 -0.007813000120222569 -0.3125</float_array>
                    <technique_common>
                        <accessor count="16" source="#uvarray1" stride="2">
                            <param name="S" type="float"/>
                            <param name="T" type="float"/>
                        </accessor>
                    </technique_common>
                </source>
                <vertices id="vertices1">
                    <input semantic="POSITION" source="#points1"/>
                </vertices>
                <polylist count="10" material="Material1">
                    <input offset="0" semantic="VERTEX" source="#vertices1"/>
                    <input offset="1" semantic="TEXCOORD" source="#uvs1" set="0"/>
                    <vcount>3 3 3 3 3 3 3 3 3 3</vcount>
                    <p>2 2 1 1 0 0 2 2 3 3 1 1 1 1 4 4 0 0 1 1 5 5 4 4 5 8 6 7 4 6 5 8 7 9 6 7 6 7 8 10 4 6 9 11 7 9 5 8 12 14 11 13 10 12 12 14 13 15 11 13</p>
                </polylist>
            </mesh>
        </geometry>
        <geometry id="mesh1_VC">
            <mesh>
                <source id="points1_VC">
                    <float_array id="pointarray1_VC" count="42">-65 10 50 65 10 50 -75 0 50 75 0 50 -65 0 0 65 0 0 -75 -10 0 75 -10 0 -75 0 0 75 0 0 -75 0 50 -75 -10 0 75 0 50 75 -10 0</float_array>
                    <technique_common>
                        <accessor count="14" source="#pointarray1_VC" stride="3">
                            <param name="X" type="float"/>
                            <param name="Y" type="float"/>
                            <param name="Z" type="float"/>
                        </accessor>
                    </technique_common>
                </source>
                <source id="uvs1_VC">
                    <float_array id="uvarray1_VC" count="4">0.50390625 0.00390625 0.50390625 0.99609375</float_array>
                    <technique_common>
                        <accessor count="2" source="#uvarray1_VC" stride="2">
                            <param name="S" type="float"/>
                            <param name="T" type="float"/>
                        </accessor>
                    </technique_common>
                </source>
                <vertices id="vertices1_VC">
                    <input semantic="POSITION" source="#points1_VC"/>
                </vertices>
                <polylist count="10" material="Material1">
                    <input offset="0" semantic="VERTEX" source="#vertices1_VC"/>
                    <input offset="1" semantic="TEXCOORD" source="#uvs1_VC" set="0"/>
                    <vcount>3 3 3 3 3 3 3 3 3 3</vcount>
                    <p>2 0 1 0 0 0 2 0 3 0 1 0 1 0 4 0 0 0 1 0 5 0 4 0 5 0 6 0 4 0 5 0 7 0 6 0 6 0 8 0 4 0 9 0 7 0 5 0 12 1 11 1 10 1 12 1 13 1 11 1</p>
                </polylist>
            </mesh>
        </geometry>
        <geometry id="mesh2">
            <mesh>
                <source id="points2">
                    <float_array id="pointarray2" count="204">77 5 50 75 0 50 70 -2 51.50727462768555 75 10 50 64.85448455810547 0.2717280089855194 52.550933837890625 63 5 51.50727462768555 70 12 50 65 10 50 77 5 50 75 -10 0 75 0 50 75 10 50 76.46754455566406 8.068963050842285 30.34481430053711 71.53742218017578 10.236480712890625 27.838382720947266 75 0 0 66.60730743408203 9.068963050842285 30.34481430053711 65 0 0 71.53742980957031 11.369962692260742 37.97940444946289 70 12 50 65 10 50 73.86454772949219 26.26618766784668 49.397403717041016 69.2103042602539 26.26618766784668 49.397403717041016 71.53742218017578 29.26618766784668 46.897403717041016 71.53742218017578 25.698734283447266 26.289094924926758 69.21029663085938 22.879648208618164 24.713611602783203 73.86454772949219 22.879648208618164 24.713611602783203 68.54991149902344 16.4066219329834 37.10261917114258 74.41215515136719 15.406621932983398 37.03327178955078 71.53742218017578 19.64820098876953 39.039100646972656 69.2103042602539 21.722904205322266 34.49940490722656 74.52493286132812 15.190874099731445 31.00419044494629 73.86454772949219 21.722904205322266 34.49940490722656 68.66268920898438 15.324356079101562 30.714563369750977 71.53742218017578 17.838932037353516 31.265932083129883 -73.22760772705078 17.39636993408203 33.70342254638672 -77.15911102294922 26.69753646850586 44.917823791503906 -72.50486755371094 26.69753646850586 44.917823791503906 -70.90048217773438 19.251697540283203 29.60100555419922 -74.83198547363281 29.453632354736328 42.98459243774414 -75.55472564697266 19.251697540283203 29.60100555419922 -73.22760772705078 15.465555191040039 25.380544662475586 -75.55472564697266 19.944936752319336 17.467470169067383 -70.90048217773438 19.944936752319336 17.467470169067383 -73.22760772705078 22.88997459411621 19.482221603393555 -68.66268920898438 12.453736305236816 26.250911712646484 -70.24009704589844 15.012177467346191 33.321537017822266 -66.60730743408203 8.703736305236816 28.518678665161133 -71.53742218017578 9.5702543258667 23.627656936645508 -74.81655883789062 12.3202543258667 25.89023780822754 -76.46754455566406 7.703735828399658 28.518678665161133 -76.10234069824219 14.012177467346191 33.2521858215332 -71.53742980957031 10.983254432678223 34.968292236328125 -65 10 50 -65 0 0 -70 12 50 -75 10 50 -75 0 0 -77 5 50 -75 0 50 -75 -10 0 -63 5 51.50727462768555 -70 12 50 -65 10 50 -75 10 50 -64.85448455810547 0.2717280089855194 52.550933837890625 -70 -2 51.50727462768555 -77 5 50 -75 0 50</float_array>
                    <technique_common>
                        <accessor count="68" source="#pointarray2" stride="3">
                            <param name="X" type="float"/>
                            <param name="Y" type="float"/>
                            <param name="Z" type="float"/>
                        </accessor>
                    </technique_common>
                </source>
                <source id="uvs2">
                    <float_array id="uvarray2" count="144">0.37954699993133545 0.01846998929977417 0.31704699993133545 -0.0010609626770019531 0.16079699993133545 -0.008874058723449707 0.31704699993133545 0.03800100088119507 0 0 -0.05795300006866455 0.01846998929977417 0.16079699993133545 0.04581397771835327 0.004546999931335449 0.03800100088119507 0.5403810143470764 1.9375 1 2.25 0.6464470028877258 1.9375 0.2928929924964905 1.9375 0.4130510091781616 2.0603450536727905 0.16211199760437012 2.07600998878479 0.6464470028877258 2.25 0.02908400073647499 2.0603450536727905 0.2928929924964905 2.25 0.12203700095415115 2.0126290321350098 0.045405998826026917 1.9375 -0.06066000089049339 1.9375 -0.3223479986190796 1.9412660002708435 -0.4869000017642975 1.9412660002708435 -0.5106899738311768 1.9568910002708435 -0.3845610022544861 2.0856930017471313 -0.36716800928115845 2.0955400466918945 -0.20261499285697937 2.0955400466918945 -0.16166000068187714 2.0181089639663696 0.08095700293779373 2.0185420513153076 -0.17064300179481506 2.0060060024261475 -0.3262709975242615 2.034379005432129 0.09257200360298157 2.05622398853302 -0.1617179960012436 2.034379005432129 -0.1194090023636818 2.0580339431762695 -0.10667499899864197 2.054587960243225 -0.03127099946141243 0.16851699352264404 -0.2211180031299591 0.22458899021148682 -0.385670006275177 0.22458899021148682 -0.1791439950466156 0.14800500869750977 -0.4008370041847229 0.21492302417755127 -0.01459100004285574 0.14800500869750977 0.03699300065636635 0.1269029974937439 -0.039101000875234604 0.08733701705932617 -0.2036529928445816 0.08733701705932617 -0.22550000250339508 0.09741097688674927 -0.017916999757289886 0.13125497102737427 -0.052602000534534454 0.16660797595977783 0.04199700057506561 0.14259302616119385 0.18566599488258362 0.11813801527023315 0.20437400043010712 0.1294509768486023 0.42596399784088135 0.14259302616119385 0.1900150030851364 0.16626101732254028 0.1357090026140213 0.1748409867286682 -0.06066000089049339 0.25 0.2928929924964905 0 0.045405998826026917 0.25 0.2928929924964905 0.25 0.6464470028877258 0 0.5403810143470764 0.25 0.6464470028877258 0.25 1 0 -0.3737879991531372 0.3765209913253784 -0.5925379991531372 0.42027097940444946 -0.4362879991531372 0.4077709913253784 -0.7487879991531372 0.4077709913253784 -0.592536985874176 0.42027097940444946 -0.373786985874176 0.3765220046043396 -0.4317399859428406 0.3469700217247009 -0.7487879991531372 0.4077720046043396 -0.43174099922180176 0.3469700217247009 -0.5925379991531372 0.33277201652526855 -0.8112879991531372 0.3765220046043396 -0.7487879991531372 0.3452720046043396</float_array>
                    <technique_common>
                        <accessor count="72" source="#uvarray2" stride="2">
                            <param name="S" type="float"/>
                            <param name="T" type="float"/>
                        </accessor>
                    </technique_common>
                </source>
                <vertices id="vertices2">
                    <input semantic="POSITION" source="#points2"/>
                </vertices>
                <polylist count="96" material="Material1">
                    <input offset="0" semantic="VERTEX" source="#vertices2"/>
                    <input offset="1" semantic="TEXCOORD" source="#uvs2" set="0"/>
                    <vcount>3 3 3 3 3 3 3 3 3 3 3 3 3 3 3 3 3 3 3 3 3 3 3 3 3 3 3 3 3 3 3 3 3 3 3 3 3 3 3 3 3 3 3 3 3 3 3 3 3 3 3 3 3 3 3 3 3 3 3 3 3 3 3 3 3 3 3 3 3 3 3 3 3 3 3 3 3 3 3 3 3 3 3 3 3 3 3 3 3 3 3 3 3 3 3 3</vcount>
                    <p>2 2 1 1 0 0 2 2 0 0 3 3 4 4 2 2 3 3 5 5 4 4 3 3 5 5 3 3 6 6 5 5 6 6 7 7 10 10 9 9 8 8 12 12 11 11 8 8 14 14 13 13 12 12 16 16 15 15 13 13 17 17 11 11 12 12 18 18 11 11 17 17 19 19 17 17 15 15 19 19 18 18 17 17 19 19 15 15 16 16 22 22 21 21 20 20 25 25 24 24 23 23 26 26 15 15 17 17 26 26 17 17 27 27 26 26 27 27 28 28 29 29 26 26 28 28 27 27 17 17 12 12 27 27 12 12 30 30 27 27 30 30 31 31 28 28 27 27 31 31 30 30 12 12 13 13 30 30 13 13 32 32 30 30 32 32 33 33 31 31 30 30 33 33 32 32 13 13 15 15 32 32 15 15 26 26 32 32 26 26 29 29 33 33 32 32 29 29 31 31 25 25 23 23 31 31 23 23 29 29 29 29 23 23 24 24 29 29 24 24 33 33 33 33 24 24 25 25 33 33 25 25 31 31 31 31 20 20 28 28 31 31 22 22 20 20 29 29 22 22 31 31 29 29 21 21 22 22 28 28 21 21 29 29 28 28 20 20 21 21 14 14 12 12 8 8 14 14 8 8 9 9 16 16 13 13 14 14 36 36 35 35 34 34 37 37 36 36 34 34 38 38 36 36 37 37 39 39 38 38 37 37 35 35 38 38 39 39 34 34 35 35 39 39 39 39 41 41 40 40 41 41 42 42 40 40 40 40 42 42 37 37 42 42 43 43 37 37 37 37 43 43 39 39 43 43 41 41 39 39 37 37 44 44 40 40 37 37 45 45 44 44 45 45 46 46 44 44 46 46 47 47 44 44 40 40 48 48 39 39 40 40 44 44 48 48 44 44 47 47 48 48 47 47 49 49 48 48 39 39 50 50 34 34 39 39 48 48 50 50 48 48 49 49 50 50 49 49 51 51 50 50 34 34 45 45 37 37 34 34 50 50 45 45 50 50 51 51 45 45 51 51 46 46 45 45 43 43 42 42 41 41 35 35 36 36 38 38 53 53 46 46 52 52 46 46 54 54 52 52 46 46 51 51 54 54 51 51 55 55 54 54 49 49 55 55 51 51 49 49 47 47 56 56 57 57 55 55 49 49 57 57 59 59 58 58 62 62 61 61 60 60 61 64 63 63 60 60 63 67 64 66 60 65 63 67 65 69 64 68 63 67 66 70 65 69 66 70 67 71 65 69 46 46 53 53 47 47 47 47 53 53 56 56 57 57 49 49 56 56 59 59 57 57 56 56</p>
                </polylist>
            </mesh>
        </geometry>
        <geometry id="mesh2_VC">
            <mesh>
                <source id="points2_VC">
                    <float_array id="pointarray2_VC" count="204">77 5 50 75 0 50 70 -2 51.50727462768555 75 10 50 64.85448455810547 0.2717280089855194 52.550933837890625 63 5 51.50727462768555 70 12 50 65 10 50 77 5 50 75 -10 0 75 0 50 75 10 50 76.46754455566406 8.068963050842285 30.34481430053711 71.53742218017578 10.236480712890625 27.838382720947266 75 0 0 66.60730743408203 9.068963050842285 30.34481430053711 65 0 0 71.53742980957031 11.369962692260742 37.97940444946289 70 12 50 65 10 50 73.86454772949219 26.26618766784668 49.397403717041016 69.2103042602539 26.26618766784668 49.397403717041016 71.53742218017578 29.26618766784668 46.897403717041016 71.53742218017578 25.698734283447266 26.289094924926758 69.21029663085938 22.879648208618164 24.713611602783203 73.86454772949219 22.879648208618164 24.713611602783203 68.54991149902344 16.4066219329834 37.10261917114258 74.41215515136719 15.406621932983398 37.03327178955078 71.53742218017578 19.64820098876953 39.039100646972656 69.2103042602539 21.722904205322266 34.49940490722656 74.52493286132812 15.190874099731445 31.00419044494629 73.86454772949219 21.722904205322266 34.49940490722656 68.66268920898438 15.324356079101562 30.714563369750977 71.53742218017578 17.838932037353516 31.265932083129883 -73.22760772705078 17.39636993408203 33.70342254638672 -77.15911102294922 26.69753646850586 44.917823791503906 -72.50486755371094 26.69753646850586 44.917823791503906 -70.90048217773438 19.251697540283203 29.60100555419922 -74.83198547363281 29.453632354736328 42.98459243774414 -75.55472564697266 19.251697540283203 29.60100555419922 -73.22760772705078 15.465555191040039 25.380544662475586 -75.55472564697266 19.944936752319336 17.467470169067383 -70.90048217773438 19.944936752319336 17.467470169067383 -73.22760772705078 22.88997459411621 19.482221603393555 -68.66268920898438 12.453736305236816 26.250911712646484 -70.24009704589844 15.012177467346191 33.321537017822266 -66.60730743408203 8.703736305236816 28.518678665161133 -71.53742218017578 9.5702543258667 23.627656936645508 -74.81655883789062 12.3202543258667 25.89023780822754 -76.46754455566406 7.703735828399658 28.518678665161133 -76.10234069824219 14.012177467346191 33.2521858215332 -71.53742980957031 10.983254432678223 34.968292236328125 -65 10 50 -65 0 0 -70 12 50 -75 10 50 -75 0 0 -77 5 50 -75 0 50 -75 -10 0 -63 5 51.50727462768555 -70 12 50 -65 10 50 -75 10 50 -64.85448455810547 0.2717280089855194 52.550933837890625 -70 -2 51.50727462768555 -77 5 50 -75 0 50</float_array>
                    <technique_common>
                        <accessor count="68" source="#pointarray2_VC" stride="3">
                            <param name="X" type="float"/>
                            <param name="Y" type="float"/>
                            <param name="Z" type="float"/>
                        </accessor>
                    </technique_common>
                </source>
                <source id="uvs2_VC">
                    <float_array id="uvarray2_VC" count="4">0.50390625 0.00390625 0.50390625 0.99609375</float_array>
                    <technique_common>
                        <accessor count="2" source="#uvarray2_VC" stride="2">
                            <param name="S" type="float"/>
                            <param name="T" type="float"/>
                        </accessor>
                    </technique_common>
                </source>
                <vertices id="vertices2_VC">
                    <input semantic="POSITION" source="#points2_VC"/>
                </vertices>
                <polylist count="96" material="Material1">
                    <input offset="0" semantic="VERTEX" source="#vertices2_VC"/>
                    <input offset="1" semantic="TEXCOORD" source="#uvs2_VC" set="0"/>
                    <vcount>3 3 3 3 3 3 3 3 3 3 3 3 3 3 3 3 3 3 3 3 3 3 3 3 3 3 3 3 3 3 3 3 3 3 3 3 3 3 3 3 3 3 3 3 3 3 3 3 3 3 3 3 3 3 3 3 3 3 3 3 3 3 3 3 3 3 3 3 3 3 3 3 3 3 3 3 3 3 3 3 3 3 3 3 3 3 3 3 3 3 3 3 3 3 3 3</vcount>
                    <p>2 0 1 0 0 0 2 0 0 0 3 0 4 0 2 0 3 0 5 0 4 0 3 0 5 0 3 0 6 0 5 0 6 0 7 0 10 1 9 0 8 1 12 0 11 1 8 1 14 0 13 0 12 0 16 0 15 0 13 0 17 0 11 1 12 0 18 1 11 1 17 0 19 1 17 0 15 0 19 1 18 1 17 0 19 1 15 0 16 0 22 0 21 0 20 0 25 0 24 0 23 0 26 0 15 0 17 0 26 0 17 0 27 0 26 0 27 0 28 0 29 0 26 0 28 0 27 0 17 0 12 0 27 0 12 0 30 0 27 0 30 0 31 0 28 0 27 0 31 0 30 0 12 0 13 0 30 0 13 0 32 0 30 0 32 0 33 0 31 0 30 0 33 0 32 0 13 0 15 0 32 0 15 0 26 0 32 0 26 0 29 0 33 0 32 0 29 0 31 0 25 0 23 0 31 0 23 0 29 0 29 0 23 0 24 0 29 0 24 0 33 0 33 0 24 0 25 0 33 0 25 0 31 0 31 0 20 0 28 0 31 0 22 0 20 0 29 0 22 0 31 0 29 0 21 0 22 0 28 0 21 0 29 0 28 0 20 0 21 0 14 0 12 0 8 1 14 0 8 1 9 0 16 0 13 0 14 0 36 0 35 0 34 0 37 0 36 0 34 0 38 0 36 0 37 0 39 0 38 0 37 0 35 0 38 0 39 0 34 0 35 0 39 0 39 0 41 0 40 0 41 0 42 0 40 0 40 0 42 0 37 0 42 0 43 0 37 0 37 0 43 0 39 0 43 0 41 0 39 0 37 0 44 0 40 0 37 0 45 0 44 0 45 0 46 0 44 0 46 0 47 0 44 0 40 0 48 0 39 0 40 0 44 0 48 0 44 0 47 0 48 0 47 0 49 0 48 0 39 0 50 0 34 0 39 0 48 0 50 0 48 0 49 0 50 0 49 0 51 0 50 0 34 0 45 0 37 0 34 0 50 0 45 0 50 0 51 0 45 0 51 0 46 0 45 0 43 0 42 0 41 0 35 0 36 0 38 0 53 0 46 0 52 1 46 0 54 1 52 1 46 0 51 0 54 1 51 0 55 1 54 1 49 0 55 1 51 0 49 0 47 0 56 0 57 1 55 1 49 0 57 1 59 0 58 1 62 0 61 0 60 0 61 0 63 0 60 0 63 0 64 0 60 0 63 0 65 0 64 0 63 0 66 0 65 0 66 0 67 0 65 0 46 0 53 0 47 0 47 0 53 0 56 0 57 1 49 0 56 0 59 0 57 1 56 0</p>
                </polylist>
            </mesh>
        </geometry>
        <geometry id="mesh3">
            <mesh>
                <source id="points3">
                    <float_array id="pointarray3" count="24">75 -10 0 75 -60 0 75 0 50 75 -60 50 -75 0 50 -75 -60 50 -75 -10 0 -75 -60 0</float_array>
                    <technique_common>
                        <accessor count="8" source="#pointarray3" stride="3">
                            <param name="X" type="float"/>
                            <param name="Y" type="float"/>
                            <param name="Z" type="float"/>
                        </accessor>
                    </technique_common>
                </source>
                <source id="uvs3">
                    <float_array id="uvarray3" count="2">0 1</float_array>
                    <technique_common>
                        <accessor count="1" source="#uvarray3" stride="2">
                            <param name="S" type="float"/>
                            <param name="T" type="float"/>
                        </accessor>
                    </technique_common>
                </source>
                <vertices id="vertices3">
                    <input semantic="POSITION" source="#points3"/>
                </vertices>
                <polylist count="4" material="Material1">
                    <input offset="0" semantic="VERTEX" source="#vertices3"/>
                    <input offset="1" semantic="TEXCOORD" source="#uvs3" set="0"/>
                    <vcount>3 3 3 3</vcount>
                    <p>2 0 1 0 0 0 2 0 3 0 1 0 6 0 5 0 4 0 6 0 7 0 5 0</p>
                </polylist>
            </mesh>
        </geometry>
        <geometry id="mesh3_VC">
            <mesh>
                <source id="points3_VC">
                    <float_array id="pointarray3_VC" count="24">75 -10 0 75 -60 0 75 0 50 75 -60 50 -75 0 50 -75 -60 50 -75 -10 0 -75 -60 0</float_array>
                    <technique_common>
                        <accessor count="8" source="#pointarray3_VC" stride="3">
                            <param name="X" type="float"/>
                            <param name="Y" type="float"/>
                            <param name="Z" type="float"/>
                        </accessor>
                    </technique_common>
                </source>
                <source id="uvs3_VC">
                    <float_array id="uvarray3_VC" count="6">0.00390625 0.00390625 0.49609375 0.00390625 0.00390625 0.99609375</float_array>
                    <technique_common>
                        <accessor count="3" source="#uvarray3_VC" stride="2">
                            <param name="S" type="float"/>
                            <param name="T" type="float"/>
                        </accessor>
                    </technique_common>
                </source>
                <vertices id="vertices3_VC">
                    <input semantic="POSITION" source="#points3_VC"/>
                </vertices>
                <polylist count="4" material="Material1">
                    <input offset="0" semantic="VERTEX" source="#vertices3_VC"/>
                    <input offset="1" semantic="TEXCOORD" source="#uvs3_VC" set="0"/>
                    <vcount>3 3 3 3</vcount>
                    <p>2 0 1 1 0 2 2 0 3 1 1 1 6 2 5 1 4 0 6 2 7 1 5 1</p>
                </polylist>
            </mesh>
        </geometry>
        <geometry id="mesh4">
            <mesh>
                <source id="points4">
                    <float_array id="pointarray4" count="12">75 -60 50 -75 -60 50 75 0 50 -75 0 50</float_array>
                    <technique_common>
                        <accessor count="4" source="#pointarray4" stride="3">
                            <param name="X" type="float"/>
                            <param name="Y" type="float"/>
                            <param name="Z" type="float"/>
                        </accessor>
                    </technique_common>
                </source>
                <source id="uvs4">
                    <float_array id="uvarray4" count="2">0 1</float_array>
                    <technique_common>
                        <accessor count="1" source="#uvarray4" stride="2">
                            <param name="S" type="float"/>
                            <param name="T" type="float"/>
                        </accessor>
                    </technique_common>
                </source>
                <vertices id="vertices4">
                    <input semantic="POSITION" source="#points4"/>
                </vertices>
                <polylist count="2" material="Material1">
                    <input offset="0" semantic="VERTEX" source="#vertices4"/>
                    <input offset="1" semantic="TEXCOORD" source="#uvs4" set="0"/>
                    <vcount>3 3</vcount>
                    <p>2 0 1 0 0 0 2 0 3 0 1 0</p>
                </polylist>
            </mesh>
        </geometry>
        <geometry id="mesh4_VC">
            <mesh>
                <source id="points4_VC">
                    <float_array id="pointarray4_VC" count="12">75 -60 50 -75 -60 50 75 0 50 -75 0 50</float_array>
                    <technique_common>
                        <accessor count="4" source="#pointarray4_VC" stride="3">
                            <param name="X" type="float"/>
                            <param name="Y" type="float"/>
                            <param name="Z" type="float"/>
                        </accessor>
                    </technique_common>
                </source>
                <source id="uvs4_VC">
                    <float_array id="uvarray4_VC" count="4">0.00390625 0.00390625 0.49609375 0.00390625</float_array>
                    <technique_common>
                        <accessor count="2" source="#uvarray4_VC" stride="2">
                            <param name="S" type="float"/>
                            <param name="T" type="float"/>
                        </accessor>
                    </technique_common>
                </source>
                <vertices id="vertices4_VC">
                    <input semantic="POSITION" source="#points4_VC"/>
                </vertices>
                <polylist count="2" material="Material1">
                    <input offset="0" semantic="VERTEX" source="#vertices4_VC"/>
                    <input offset="1" semantic="TEXCOORD" source="#uvs4_VC" set="0"/>
                    <vcount>3 3</vcount>
                    <p>2 0 1 1 0 1 2 0 3 0 1 1</p>
                </polylist>
            </mesh>
        </geometry>
        <geometry id="mesh5">
            <mesh>
                <source id="points5">
                    <float_array id="pointarray5" count="261">64.31739807128906 25.31087875366211 44.440738677978516 62.86835861206055 29.101621627807617 46.424049377441406 61.85067367553711 33.469478607177734 44.858436584472656 60.28063201904297 35.12214279174805 40.93033218383789 64.31739807128906 23.75684928894043 40.06389617919922 62.80862808227539 24.908044815063477 36.44121551513672 60.655704498291016 33.2261848449707 36.86656188964844 60.67283248901367 28.73395347595215 35.025264739990234 62.86835861206055 29.101621627807617 46.424049377441406 36.23047637939453 21.269092559814453 46.4727897644043 61.85067367553711 33.469478607177734 44.858436584472656 33.87428283691406 25.888702392578125 44.89696502685547 46.94296646118164 31.822681427001953 41.06416320800781 60.28063201904297 35.12214279174805 40.93033218383789 32.279239654541016 27.889890670776367 40.95472717285156 38.85066604614258 29.021268844604492 36.89042282104492 53.53208923339844 33.66748046875 37.077110290527344 60.655704498291016 33.2261848449707 36.86656188964844 60.67283248901367 28.73395347595215 35.025264739990234 48.4034538269043 26.747928619384766 35.28669738769531 49.81333541870117 45.43944549560547 28.996479034423828 54.476097106933594 43.35477828979492 28.48691177368164 53.590457916259766 46.4014778137207 31.240379333496094 26.735919952392578 36.51002502441406 32.436309814453125 27.621559143066406 33.46332931518555 29.68284034729004 28.25484275817871 37.1115837097168 29.529550552368164 50.15556335449219 32.96402359008789 33.9373664855957 48.548255920410156 35.291229248046875 37.437774658203125 46.824222564697266 37.57797622680664 33.89487075805664 42.45661926269531 37.02541732788086 30.427907943725586 41.548309326171875 33.66337585449219 36.91935729980469 41.570980072021484 40.072113037109375 33.181373596191406 43.141910552978516 29.902185440063477 34.60546875 39.475341796875 35.591514587402344 33.82699966430664 62.80862808227539 24.908044815063477 36.44121551513672 20.312694549560547 28.45615577697754 36.041664123535156 -16.333332061767578 28.10640525817871 36.041664123535156 27.839372634887695 7.5 31.04166603088379 -16.333332061767578 7.5 31.04166603088379 -57.77302551269531 35.14002227783203 33.703582763671875 -16.333332061767578 25.884235382080078 39.40729522705078 -59.84706115722656 30.911296844482422 33.703582763671875 -16.333332061767578 24.080598831176758 36.28330612182617 -57.77302551269531 32.97566223144531 29.37485694885254 60 29.60640525817871 36.041664123535156 57 28.10640525817871 52.79166793823242 57 32.606407165527344 44.791664123535156 63.75 12.651601791381836 55.97916793823242 60 13.026601791381836 30.60416603088379 60.25 7.5 35.854164123535156 62.75 7.5 49.979164123535156 -57 28.10640525817871 36.041664123535156 -60 12.651601791381836 30.60416603088379 -60.25 7.5 35.854164123535156 -57 26.60640525817871 52.79166793823242 -57 31.10640525817871 44.791664123535156 -63.75 12.276601791381836 55.97916793823242 -62.75 7.5 49.979164123535156 -54.86349868774414 38.224952697753906 30.2817325592041 -51.3298225402832 39.15412139892578 27.220651626586914 -50.631744384765625 40.57374954223633 31.17935562133789 -47.46002960205078 33.1994743347168 34.128089904785156 -42.686424255371094 32.04057312011719 32.81291198730469 -48.40412902832031 31.6755313873291 30.68604278564453 -16.333332061767578 7.5 54.79166793823242 -16.333332061767578 26.60640525817871 50.916664123535156 16.333332061767578 26.60640525817871 50.916664123535156 16.333332061767578 7.5 54.79166793823242 -51.84812545776367 33.926578521728516 55.29594039916992 -51.448944091796875 29.469280242919922 58.1475830078125 -53.9897575378418 28.374805450439453 54.86964797973633 -11.306325912475586 25.28436279296875 47.75077438354492 -10.991120338439941 22.130126953125 50.00253677368164 -42.613494873046875 32.07026672363281 54.08112335205078 -10.8631591796875 26.60640525817871 50.916664123535156 -41.37769317626953 28.4749813079834 56.139183044433594 54.680660247802734 39.353782653808594 55.70847702026367 53.93375778198242 41.444393157958984 51.3797492980957 57.39642333984375 37.762359619140625 51.3797492980957 17.722606658935547 22.717775344848633 50.675025939941406 17.100187301635742 24.45995330810547 47.5510368347168 46.07966613769531 36.27931594848633 54.39728927612305 44.6418342590332 37.56806945800781 50.95524597167969 40.430816650390625 35.52203369140625 52.27042007446289 50.05878448486328 43.85942459106445 54.80160140991211 45.16067123413086 45.30674743652344 53.90397644042969 46.324867248535156 44.07099914550781 57.86267852783203</float_array>
                    <technique_common>
                        <accessor count="87" source="#pointarray5" stride="3">
                            <param name="X" type="float"/>
                            <param name="Y" type="float"/>
                            <param name="Z" type="float"/>
                        </accessor>
                    </technique_common>
                </source>
                <source id="uvs5">
                    <float_array id="uvarray5" count="186">0.06033499911427498 1.146468997001648 0.08353699743747711 1.1730200052261353 0.10698600113391876 1.1559869945049286 0.11507999897003174 1.1082990020513535 0.049341000616550446 1.0915160030126572 0.11507999897003174 1.1082980036735535 0.055546000599861145 1.0475150011479855 0.049341000616550446 1.0915149971842766 0.10219699889421463 1.057032998651266 0.05554499849677086 1.0475150011479855 0.10219600051641464 1.0570340007543564 0.07669500261545181 1.0316580012440681 0.9920780062675476 0.35007399320602417 0.9394180178642273 0.25066202878952026 0.9288859963417053 0.35007399320602417 0.876226007938385 0.25066202878952026 0.7596909999847412 0.3003680109977722 0.7814379930496216 0.35007399320602417 0.7287780046463013 0.25066202878952026 0.5926510095596313 0.27427202463150024 0.6453109979629517 0.326462984085083 0.6339899897575378 0.35007399320602417 0.5707989931106567 0.35007399320602417 0.5528889894485474 0.3009589910507202 0.41150999069213867 0.35095900297164917 0.40232500433921814 0.3625109791755676 0.500361979007721 0.3625109791755676 0.5063940286636353 0.23224502801895142 0.40835699439048767 0.23224502801895142 0.40303200483322144 0.23921602964401245 0.5244560241699219 0.31695497035980225 0.6485679745674133 0.31339097023010254 0.49630001187324524 0.3116750121116638 0.41495999693870544 0.29853397607803345 0.5976539850234985 0.2887510061264038 0.45961201190948486 0.2995460033416748 0.5171939730644226 0.28968697786331177 0.4803360104560852 0.2867509722709656 0.5927129983901978 0.5260420143604279 0.805429995059967 0.5260420143604279 0.5983030200004578 0.10556602478027344 0.8100849986076355 0.10293298959732056 0.41961100697517395 0.6577990055084229 0.6275010108947754 0.6015239953994751 0.4093030095100403 0.6488609910011292 0.4840579926967621 0.5949810147285461 0.4840579926967621 0.6991139948368073 0.22687800228595734 0.5898459851741791 0.6275010108947754 0.6915119886398315 0.41526898741722107 0.7113339900970459 0.10468599945306778 1.1794500052928925 0.10468599945306778 1.0360529981553555 0.04409800097346306 1.0920870006084442 0.286734014749527 0.454925000667572 0.271109014749527 0.8736750036478043 0.317984014749527 0.673675000667572 0.11012200266122818 0.9533619992434978 0.11402799934148788 0.31898701190948486 0.05645899847149849 0.450236976146698 0.05645899847149849 0.8033619970083237 1.0044829845428467 0.5246089994907379 1.006140947341919 0.1452620029449463 1.0029020309448242 0.02051001787185669 0.255484014749527 0.8736750036478043 0.271109014749527 0.454925000667572 0.302359014749527 0.673675000667572 0.11012200266122818 0.31898701190948486 0.10621500015258789 0.9533619992434978 0.04015500098466873 0.2781509757041931 0.028342999517917633 0.36268502473831177 0.07122699916362762 0.33695197105407715 0.5050899982452393 0.6366330087184906 0.47606098651885986 0.6677590012550354 0.5420029759407043 0.6745179891586304 0.45521798729896545 0.6889240145683289 0.48040398955345154 0.6988840103149414 0.44479700922966003 0.6615340113639832 0.602429986000061 0.6458640098571777 0.9950000047683716 1.198293998837471 0.8037629723548889 1.273730993270874 0.9965800046920776 1.3925420045852661 0.9981610178947449 0.9665829986333847 0.8053439855575562 0.8741199970245361 0.5983030200004578 0.8718789964914322 0.5967220067977905 1.264820009469986 0.3975830078125 0.9507840014994144 0.39916399121284485 1.2191500067710876 0.3944219946861267 1.3539279997348785 0.398048996925354 0.7447920143604279 0.398048996925354 0.5260420143604279 1.0060629844665527 0.7240090072154999 0.4133099913597107 0.1452620029449463 0.41496801376342773 0.026574015617370605</float_array>
                    <technique_common>
                        <accessor count="93" source="#uvarray5" stride="2">
                            <param name="S" type="float"/>
                            <param name="T" type="float"/>
                        </accessor>
                    </technique_common>
                </source>
                <vertices id="vertices5">
                    <input semantic="POSITION" source="#points5"/>
                </vertices>
                <polylist count="130" material="Material1">
                    <input offset="0" semantic="VERTEX" source="#vertices5"/>
                    <input offset="1" semantic="TEXCOORD" source="#uvs5" set="0"/>
                    <vcount>3 3 3 3 3 3 3 3 3 3 3 3 3 3 3 3 3 3 3 3 3 3 3 3 3 3 3 3 3 3 3 3 3 3 3 3 3 3 3 3 3 3 3 3 3 3 3 3 3 3 3 3 3 3 3 3 3 3 3 3 3 3 3 3 3 3 3 3 3 3 3 3 3 3 3 3 3 3 3 3 3 3 3 3 3 3 3 3 3 3 3 3 3 3 3 3 3 3 3 3 3 3 3 3 3 3 3 3 3 3 3 3 3 3 3 3 3 3 3 3 3 3 3 3 3 3 3 3 3 3</vcount>
                    <p>2 2 1 1 0 0 3 3 2 2 0 0 3 5 0 0 4 4 3 5 4 7 5 6 6 8 3 5 5 6 7 11 6 10 5 9 10 14 9 13 8 12 10 14 11 15 9 13 10 14 13 17 12 16 11 15 10 14 12 16 14 18 11 15 12 16 12 16 15 19 14 18 12 16 13 17 16 20 16 20 13 17 17 21 19 23 17 21 18 22 19 23 16 20 17 21 22 26 21 25 20 24 25 29 24 28 23 27 16 20 19 23 26 30 27 31 16 20 26 30 28 32 27 31 26 30 28 32 26 30 29 33 12 16 16 20 27 31 30 34 12 16 27 31 31 35 30 34 27 31 31 35 27 31 28 32 15 19 12 16 30 34 32 36 15 19 30 34 33 37 32 36 30 34 33 37 30 34 31 35 19 23 15 19 32 36 26 30 19 23 32 36 29 33 26 30 32 36 29 33 32 36 33 37 25 29 23 27 31 35 29 33 25 29 31 35 24 28 25 29 29 33 33 37 24 28 29 33 23 27 24 28 33 37 31 35 23 27 33 37 28 32 22 26 31 35 22 26 20 24 31 35 31 35 20 24 29 33 20 24 21 25 29 33 29 33 21 25 28 32 21 25 22 26 28 32 19 20 18 17 34 21 37 40 36 39 35 38 37 40 38 41 36 39 41 44 40 43 39 42 41 47 42 46 40 45 43 49 42 48 41 44 41 52 39 51 43 50 46 55 45 54 44 53 45 54 47 56 44 53 47 56 48 57 44 53 47 56 49 58 48 57 47 56 50 59 49 58 36 39 52 61 51 60 36 39 38 41 52 61 38 41 53 62 52 61 55 65 51 64 54 63 51 64 52 66 54 63 52 66 56 67 54 63 52 66 57 59 56 67 52 66 53 58 57 59 60 70 59 69 58 68 62 73 60 72 61 71 62 73 59 74 60 72 63 75 59 74 62 73 63 75 58 76 59 74 61 71 58 76 63 75 61 71 60 72 58 76 62 73 36 77 63 75 62 73 61 71 36 77 40 43 36 77 61 71 61 71 39 42 40 43 63 75 39 42 61 71 63 75 43 49 39 42 63 75 36 77 42 48 42 48 43 49 63 75 57 80 64 79 56 78 64 79 54 81 56 78 64 79 65 82 54 81 64 79 66 83 65 82 64 79 67 84 66 83 67 84 45 85 66 83 67 84 47 86 45 85 67 84 50 87 47 86 45 85 46 88 66 83 46 88 35 38 66 83 46 88 44 89 35 38 35 38 65 82 66 83 35 38 36 39 65 82 36 39 55 90 65 82 36 39 51 60 55 90 55 90 54 81 65 82 44 89 37 40 35 38 44 89 48 91 37 40 70 52 69 51 68 50 68 49 71 48 70 44 70 47 71 46 72 45 70 44 72 43 69 42 71 48 68 49 73 75 73 75 74 77 71 48 73 75 69 42 75 71 73 75 68 49 69 42 75 71 69 42 72 43 72 43 74 77 75 71 73 73 75 71 74 77 78 52 77 51 76 50 76 49 79 48 78 44 78 47 79 46 80 45 78 44 80 43 77 42 79 48 76 49 81 75 81 75 66 77 79 48 81 75 77 42 82 71 81 75 76 49 77 42 82 71 77 42 80 43 80 43 66 77 82 71 83 73 82 71 66 77 83 73 66 77 81 75 82 71 85 72 84 76 82 71 84 76 81 75 81 75 84 76 86 74 81 75 86 74 83 73 83 73 86 74 85 72 83 73 85 72 82 71 85 70 86 69 84 68 48 91 49 92 37 40</p>
                </polylist>
            </mesh>
        </geometry>
        <geometry id="mesh5_VC">
            <mesh>
                <source id="points5_VC">
                    <float_array id="pointarray5_VC" count="261">64.31739807128906 25.31087875366211 44.440738677978516 62.86835861206055 29.101621627807617 46.424049377441406 61.85067367553711 33.469478607177734 44.858436584472656 60.28063201904297 35.12214279174805 40.93033218383789 64.31739807128906 23.75684928894043 40.06389617919922 62.80862808227539 24.908044815063477 36.44121551513672 60.655704498291016 33.2261848449707 36.86656188964844 60.67283248901367 28.73395347595215 35.025264739990234 62.86835861206055 29.101621627807617 46.424049377441406 36.23047637939453 21.269092559814453 46.4727897644043 61.85067367553711 33.469478607177734 44.858436584472656 33.87428283691406 25.888702392578125 44.89696502685547 46.94296646118164 31.822681427001953 41.06416320800781 60.28063201904297 35.12214279174805 40.93033218383789 32.279239654541016 27.889890670776367 40.95472717285156 38.85066604614258 29.021268844604492 36.89042282104492 53.53208923339844 33.66748046875 37.077110290527344 60.655704498291016 33.2261848449707 36.86656188964844 60.67283248901367 28.73395347595215 35.025264739990234 48.4034538269043 26.747928619384766 35.28669738769531 49.81333541870117 45.43944549560547 28.996479034423828 54.476097106933594 43.35477828979492 28.48691177368164 53.590457916259766 46.4014778137207 31.240379333496094 26.735919952392578 36.51002502441406 32.436309814453125 27.621559143066406 33.46332931518555 29.68284034729004 28.25484275817871 37.1115837097168 29.529550552368164 50.15556335449219 32.96402359008789 33.9373664855957 48.548255920410156 35.291229248046875 37.437774658203125 46.824222564697266 37.57797622680664 33.89487075805664 42.45661926269531 37.02541732788086 30.427907943725586 41.548309326171875 33.66337585449219 36.91935729980469 41.570980072021484 40.072113037109375 33.181373596191406 43.141910552978516 29.902185440063477 34.60546875 39.475341796875 35.591514587402344 33.82699966430664 62.80862808227539 24.908044815063477 36.44121551513672 20.312694549560547 28.45615577697754 36.041664123535156 -16.333332061767578 28.10640525817871 36.041664123535156 27.839372634887695 7.5 31.04166603088379 -16.333332061767578 7.5 31.04166603088379 -57.77302551269531 35.14002227783203 33.703582763671875 -16.333332061767578 25.884235382080078 39.40729522705078 -59.84706115722656 30.911296844482422 33.703582763671875 -16.333332061767578 24.080598831176758 36.28330612182617 -57.77302551269531 32.97566223144531 29.37485694885254 60 29.60640525817871 36.041664123535156 57 28.10640525817871 52.79166793823242 57 32.606407165527344 44.791664123535156 63.75 12.651601791381836 55.97916793823242 60 13.026601791381836 30.60416603088379 60.25 7.5 35.854164123535156 62.75 7.5 49.979164123535156 -57 28.10640525817871 36.041664123535156 -60 12.651601791381836 30.60416603088379 -60.25 7.5 35.854164123535156 -57 26.60640525817871 52.79166793823242 -57 31.10640525817871 44.791664123535156 -63.75 12.276601791381836 55.97916793823242 -62.75 7.5 49.979164123535156 -54.86349868774414 38.224952697753906 30.2817325592041 -51.3298225402832 39.15412139892578 27.220651626586914 -50.631744384765625 40.57374954223633 31.17935562133789 -47.46002960205078 33.1994743347168 34.128089904785156 -42.686424255371094 32.04057312011719 32.81291198730469 -48.40412902832031 31.6755313873291 30.68604278564453 -16.333332061767578 7.5 54.79166793823242 -16.333332061767578 26.60640525817871 50.916664123535156 16.333332061767578 26.60640525817871 50.916664123535156 16.333332061767578 7.5 54.79166793823242 -51.84812545776367 33.926578521728516 55.29594039916992 -51.448944091796875 29.469280242919922 58.1475830078125 -53.9897575378418 28.374805450439453 54.86964797973633 -11.306325912475586 25.28436279296875 47.75077438354492 -10.991120338439941 22.130126953125 50.00253677368164 -42.613494873046875 32.07026672363281 54.08112335205078 -10.8631591796875 26.60640525817871 50.916664123535156 -41.37769317626953 28.4749813079834 56.139183044433594 54.680660247802734 39.353782653808594 55.70847702026367 53.93375778198242 41.444393157958984 51.3797492980957 57.39642333984375 37.762359619140625 51.3797492980957 17.722606658935547 22.717775344848633 50.675025939941406 17.100187301635742 24.45995330810547 47.5510368347168 46.07966613769531 36.27931594848633 54.39728927612305 44.6418342590332 37.56806945800781 50.95524597167969 40.430816650390625 35.52203369140625 52.27042007446289 50.05878448486328 43.85942459106445 54.80160140991211 45.16067123413086 45.30674743652344 53.90397644042969 46.324867248535156 44.07099914550781 57.86267852783203</float_array>
                    <technique_common>
                        <accessor count="87" source="#pointarray5_VC" stride="3">
                            <param name="X" type="float"/>
                            <param name="Y" type="float"/>
                            <param name="Z" type="float"/>
                        </accessor>
                    </technique_common>
                </source>
                <source id="uvs5_VC">
                    <float_array id="uvarray5_VC" count="4">0.50390625 0.00390625 0.50390625 0.99609375</float_array>
                    <technique_common>
                        <accessor count="2" source="#uvarray5_VC" stride="2">
                            <param name="S" type="float"/>
                            <param name="T" type="float"/>
                        </accessor>
                    </technique_common>
                </source>
                <vertices id="vertices5_VC">
                    <input semantic="POSITION" source="#points5_VC"/>
                </vertices>
                <polylist count="130" material="Material1">
                    <input offset="0" semantic="VERTEX" source="#vertices5_VC"/>
                    <input offset="1" semantic="TEXCOORD" source="#uvs5_VC" set="0"/>
                    <vcount>3 3 3 3 3 3 3 3 3 3 3 3 3 3 3 3 3 3 3 3 3 3 3 3 3 3 3 3 3 3 3 3 3 3 3 3 3 3 3 3 3 3 3 3 3 3 3 3 3 3 3 3 3 3 3 3 3 3 3 3 3 3 3 3 3 3 3 3 3 3 3 3 3 3 3 3 3 3 3 3 3 3 3 3 3 3 3 3 3 3 3 3 3 3 3 3 3 3 3 3 3 3 3 3 3 3 3 3 3 3 3 3 3 3 3 3 3 3 3 3 3 3 3 3 3 3 3 3 3 3</vcount>
                    <p>2 0 1 0 0 0 3 0 2 0 0 0 3 0 0 0 4 0 3 0 4 0 5 0 6 0 3 0 5 0 7 0 6 0 5 0 10 1 9 1 8 1 10 1 11 1 9 1 10 1 13 1 12 0 11 1 10 1 12 0 14 1 11 1 12 0 12 0 15 0 14 1 12 0 13 1 16 0 16 0 13 1 17 1 19 0 17 1 18 1 19 0 16 0 17 1 22 0 21 0 20 0 25 0 24 0 23 0 16 0 19 0 26 0 27 0 16 0 26 0 28 0 27 0 26 0 28 0 26 0 29 0 12 0 16 0 27 0 30 0 12 0 27 0 31 0 30 0 27 0 31 0 27 0 28 0 15 0 12 0 30 0 32 0 15 0 30 0 33 0 32 0 30 0 33 0 30 0 31 0 19 0 15 0 32 0 26 0 19 0 32 0 29 0 26 0 32 0 29 0 32 0 33 0 25 0 23 0 31 0 29 0 25 0 31 0 24 0 25 0 29 0 33 0 24 0 29 0 23 0 24 0 33 0 31 0 23 0 33 0 28 0 22 0 31 0 22 0 20 0 31 0 31 0 20 0 29 0 20 0 21 0 29 0 29 0 21 0 28 0 21 0 22 0 28 0 19 0 18 1 34 1 37 0 36 0 35 0 37 0 38 1 36 0 41 0 40 0 39 0 41 0 42 0 40 0 43 0 42 0 41 0 41 0 39 0 43 0 46 0 45 0 44 0 45 0 47 0 44 0 47 0 48 0 44 0 47 0 49 1 48 0 47 0 50 1 49 1 36 0 52 0 51 0 36 0 38 1 52 0 38 1 53 1 52 0 55 0 51 0 54 0 51 0 52 0 54 0 52 0 56 0 54 0 52 0 57 1 56 0 52 0 53 1 57 1 60 0 59 0 58 0 62 0 60 0 61 0 62 0 59 0 60 0 63 0 59 0 62 0 63 0 58 0 59 0 61 0 58 0 63 0 61 0 60 0 58 0 62 0 36 0 63 0 62 0 61 0 36 0 40 0 36 0 61 0 61 0 39 0 40 0 63 0 39 0 61 0 63 0 43 0 39 0 63 0 36 0 42 0 42 0 43 0 63 0 57 1 64 1 56 0 64 1 54 0 56 0 64 1 65 0 54 0 64 1 66 0 65 0 64 1 67 1 66 0 67 1 45 0 66 0 67 1 47 0 45 0 67 1 50 1 47 0 45 0 46 0 66 0 46 0 35 0 66 0 46 0 44 0 35 0 35 0 65 0 66 0 35 0 36 0 65 0 36 0 55 0 65 0 36 0 51 0 55 0 55 0 54 0 65 0 44 0 37 0 35 0 44 0 48 0 37 0 70 0 69 0 68 0 68 0 71 0 70 0 70 0 71 0 72 0 70 0 72 0 69 0 71 0 68 0 73 0 73 0 74 0 71 0 73 0 69 0 75 0 73 0 68 0 69 0 75 0 69 0 72 0 72 0 74 0 75 0 73 0 75 0 74 0 78 0 77 0 76 0 76 0 79 0 78 0 78 0 79 0 80 0 78 0 80 0 77 0 79 0 76 0 81 0 81 0 66 0 79 0 81 0 77 0 82 0 81 0 76 0 77 0 82 0 77 0 80 0 80 0 66 0 82 0 83 0 82 0 66 0 83 0 66 0 81 0 82 0 85 0 84 0 82 0 84 0 81 0 81 0 84 0 86 0 81 0 86 0 83 0 83 0 86 0 85 0 83 0 85 0 82 0 85 0 86 0 84 0 48 0 49 1 37 0</p>
                </polylist>
            </mesh>
        </geometry>
        <geometry id="mesh6">
            <mesh>
                <source id="points6">
                    <float_array id="pointarray6" count="30">-67.5 10 70 -65 10 50 70 10 70 65 10 50 80 0 70 -77.5 0 70 -77.5 0 70 -75 0 50 80 0 70 75 0 50</float_array>
                    <technique_common>
                        <accessor count="10" source="#pointarray6" stride="3">
                            <param name="X" type="float"/>
                            <param name="Y" type="float"/>
                            <param name="Z" type="float"/>
                        </accessor>
                    </technique_common>
                </source>
                <source id="uvs6">
                    <float_array id="uvarray6" count="28">1.027343988418579 0.546875 1.0078129768371582 0.390625 -0.046875 0.546875 -0.007813000120222569 0.390625 -0.046875 0 -0.125 0.078125 1.027343988418579 0 1.105468988418579 0.078125 1.0223829746246338 0.234375 1.002851963043213 0.078125 -0.05183500051498413 0.234375 1.0182290077209473 0.078125 0.002604000037536025 0.078125 -0.03645800054073334 0.234375</float_array>
                    <technique_common>
                        <accessor count="14" source="#uvarray6" stride="2">
                            <param name="S" type="float"/>
                            <param name="T" type="float"/>
                        </accessor>
                    </technique_common>
                </source>
                <vertices id="vertices6">
                    <input semantic="POSITION" source="#points6"/>
                </vertices>
                <polylist count="6" material="Material1">
                    <input offset="0" semantic="VERTEX" source="#vertices6"/>
                    <input offset="1" semantic="TEXCOORD" source="#uvs6" set="0"/>
                    <vcount>3 3 3 3 3 3</vcount>
                    <p>2 2 1 1 0 0 2 2 3 3 1 1 0 6 4 5 2 4 0 6 5 7 4 5 8 10 7 9 6 8 8 13 9 12 7 11</p>
                </polylist>
            </mesh>
        </geometry>
        <geometry id="mesh6_VC">
            <mesh>
                <source id="points6_VC">
                    <float_array id="pointarray6_VC" count="30">-67.5 10 70 -65 10 50 70 10 70 65 10 50 80 0 70 -77.5 0 70 -77.5 0 70 -75 0 50 80 0 70 75 0 50</float_array>
                    <technique_common>
                        <accessor count="10" source="#pointarray6_VC" stride="3">
                            <param name="X" type="float"/>
                            <param name="Y" type="float"/>
                            <param name="Z" type="float"/>
                        </accessor>
                    </technique_common>
                </source>
                <source id="uvs6_VC">
                    <float_array id="uvarray6_VC" count="4">0.50390625 0.00390625 0.50390625 0.99609375</float_array>
                    <technique_common>
                        <accessor count="2" source="#uvarray6_VC" stride="2">
                            <param name="S" type="float"/>
                            <param name="T" type="float"/>
                        </accessor>
                    </technique_common>
                </source>
                <vertices id="vertices6_VC">
                    <input semantic="POSITION" source="#points6_VC"/>
                </vertices>
                <polylist count="6" material="Material1">
                    <input offset="0" semantic="VERTEX" source="#vertices6_VC"/>
                    <input offset="1" semantic="TEXCOORD" source="#uvs6_VC" set="0"/>
                    <vcount>3 3 3 3 3 3</vcount>
                    <p>2 0 1 0 0 0 2 0 3 0 1 0 0 0 4 0 2 0 0 0 5 0 4 0 8 1 7 1 6 1 8 1 9 1 7 1</p>
                </polylist>
            </mesh>
        </geometry>
        <geometry id="mesh7">
            <mesh>
                <source id="points7">
                    <float_array id="pointarray7" count="216">82 5 70 80 0 70 75 -2 71.50727844238281 80 10 70 69.85448455810547 0.2717280089855194 72.55093383789062 68 5 71.50727844238281 75 12 70 70 10 70 82 5 70 77 5 50 80 0 70 75 0 50 80 10 70 78.96754455566406 10 60 75 10 50 71.53742218017578 13 54.75 70 12 50 65 10 50 69.10730743408203 11 60 74.03742980957031 13 65.25 75 12 70 70 10 70 78.86454772949219 27.83145523071289 74.43111419677734 74.2103042602539 27.83145523071289 74.43111419677734 76.18026733398438 30.83145523071289 71.95054626464844 77.6788101196289 32.52265930175781 47.896793365478516 75.3516845703125 30.479326248168945 46.43867492675781 79.9417953491211 30.13755226135254 46.036319732666016 73.13681030273438 15.75 63.4023551940918 76.91215515136719 14.75 63.26776885986328 74.03742218017578 19 64.5 73.0850601196289 21.774808883666992 61.21200942993164 76.27593994140625 15.75 58.310203552246094 77.73931121826172 21.774808883666992 61.21200942993164 72.4136734008789 14.75 58.35041427612305 75.466064453125 18.658227920532227 57.541770935058594 -74.03742218017578 20.074209213256836 62.2749137878418 -76.36454772949219 30.857023239135742 72.50215911865234 -71.7103042602539 30.857023239135742 72.50215911865234 -70.95243835449219 23.385210037231445 59.834716796875 -74.03742218017578 32.74809265136719 70.17816925048828 -75.606689453125 23.385210037231445 59.834716796875 -73.2795639038086 20.074209213256836 57.26045608520508 -71.75148010253906 26.322261810302734 46.13983917236328 -67.09722900390625 26.322261810302734 46.13983917236328 -69.42435455322266 28.90218734741211 47.54216384887695 -69.70513153076172 14.75 57.85115432739258 -71.04991149902344 15.75 63.33711624145508 -67.64974975585938 11 60.11892318725586 -71.53742218017578 13 54.75 -74.52493286132812 15.75 57.66288375854492 -76.46754455566406 10 60 -75.9420394897461 14.75 62.62004089355469 -74.03742980957031 13 65.25 -67.5 10 70 -65 10 50 -72.5 12 70 -77.5 10 70 -70 12 50 -75 10 50 -77 5 50 -79.5 5 70 -77.5 0 70 -75 0 50 -65.5 5 71.50727844238281 -72.5 12 70 -67.5 10 70 -77.5 10 70 -67.35448455810547 0.2717280089855194 72.55093383789062 -72.5 -2 71.50727844238281 -79.5 5 70 -77.5 0 70</float_array>
                    <technique_common>
                        <accessor count="72" source="#pointarray7" stride="3">
                            <param name="X" type="float"/>
                            <param name="Y" type="float"/>
                            <param name="Z" type="float"/>
                        </accessor>
                    </technique_common>
                </source>
                <source id="uvs7">
                    <float_array id="uvarray7" count="148">0.5357969999313354 0.01846998929977417 0.47329699993133545 -0.0010609626770019531 0.31704699993133545 -0.008874058723449707 0.47329699993133545 0.03800100088119507 0.15625 0 0.09829699993133545 0.01846998929977417 0.31704699993133545 0.04581397771835327 0.16079699993133545 0.03800100088119507 0.7171570062637329 1.8125 0.5403810143470764 1.9375 0.8232229948043823 1.8125 0.6464470028877258 1.9375 0.46966999769210815 1.8125 0.4331670105457306 1.875 0.2928929924964905 1.9375 0.06440699845552444 1.9078119993209839 0.045405998826026917 1.9375 -0.06066000089049339 1.9375 0.04919999837875366 1.875 0.1527950018644333 1.8421880006790161 0.2221830040216446 1.8125 0.11611700057983398 1.8125 -0.2009119987487793 1.7848060131072998 -0.3654640018939972 1.7848060131072998 -0.40188100934028625 1.8003090023994446 -0.40869298577308655 1.9506450295448303 -0.41872599720954895 1.9597579836845398 -0.24435800313949585 1.9622730016708374 0.023725999519228935 1.8537350296974182 0.19256000220775604 1.8545759916305542 -0.05933700129389763 1.846875011920929 -0.1911119967699051 1.86742502450943 0.13471099734306335 1.8855609893798828 -0.026559999212622643 1.86742502450943 0.033514998853206635 1.8853099942207336 0.0032560001127421856 1.8903639912605286 -0.09731599688529968 0.3113750219345093 -0.3962700068950653 0.3625109791755676 -0.5608220100402832 0.3625109791755676 -0.3234480023384094 0.2991740107536316 -0.5454059839248657 0.35089099407196045 -0.15889599919319153 0.2991740107536316 -0.12411099672317505 0.28630197048187256 -0.3990379869937897 0.23069900274276733 -0.5635910034179688 0.23069900274276733 -0.5725290179252625 0.23771101236343384 -0.06224599853157997 0.2892559766769409 -0.050057001411914825 0.3166859745979309 -0.0023330000694841146 0.3005949854850769 0.06440699845552444 0.2737500071525574 0.07280399650335312 0.28831398487091064 0.34477901458740234 0.30000001192092896 0.1582610011100769 0.3130999803543091 0.1527950018644333 0.32625001668930054 0.027728000655770302 0.3500000238418579 -0.06066000089049339 0.25 0.13379399478435516 0.3500000238418579 0.3812820017337799 0.3500000238418579 0.045405998826026917 0.25 0.2928929924964905 0.25 0.5403810143470764 0.25 0.6287689805030823 0.3500000238418579 0.7348350286483765 0.3500000238418579 0.6464470028877258 0.25 -0.4519129991531372 0.3765209913253784 -0.6706629991531372 0.42027097940444946 -0.5144129991531372 0.4077709913253784 -0.8269129991531372 0.4077709913253784 -0.4519129991531372 0.3765220046043396 -0.5098659992218018 0.3469700217247009 -0.8269129991531372 0.4077720046043396 -0.6706629991531372 0.33277201652526855 -0.8894129991531372 0.3765220046043396 -0.8269129991531372 0.3452720046043396</float_array>
                    <technique_common>
                        <accessor count="74" source="#uvarray7" stride="2">
                            <param name="S" type="float"/>
                            <param name="T" type="float"/>
                        </accessor>
                    </technique_common>
                </source>
                <vertices id="vertices7">
                    <input semantic="POSITION" source="#points7"/>
                </vertices>
                <polylist count="100" material="Material1">
                    <input offset="0" semantic="VERTEX" source="#vertices7"/>
                    <input offset="1" semantic="TEXCOORD" source="#uvs7" set="0"/>
                    <vcount>3 3 3 3 3 3 3 3 3 3 3 3 3 3 3 3 3 3 3 3 3 3 3 3 3 3 3 3 3 3 3 3 3 3 3 3 3 3 3 3 3 3 3 3 3 3 3 3 3 3 3 3 3 3 3 3 3 3 3 3 3 3 3 3 3 3 3 3 3 3 3 3 3 3 3 3 3 3 3 3 3 3 3 3 3 3 3 3 3 3 3 3 3 3 3 3 3 3 3 3</vcount>
                    <p>2 2 1 1 0 0 2 2 0 0 3 3 4 4 2 2 3 3 5 5 4 4 3 3 5 5 3 3 6 6 5 5 6 6 7 7 10 10 9 9 8 8 10 10 11 11 9 9 13 13 12 12 8 8 13 13 8 8 9 9 13 13 9 9 14 14 16 16 15 15 14 14 14 14 15 15 13 13 17 17 15 15 16 16 17 17 18 18 15 15 19 19 12 12 13 13 20 20 12 12 19 19 21 21 19 19 18 18 21 21 20 20 19 19 21 21 18 18 17 17 24 24 23 23 22 22 27 27 26 26 25 25 28 28 18 18 19 19 28 28 19 19 29 29 28 28 29 29 30 30 31 31 28 28 30 30 29 29 19 19 13 13 29 29 13 13 32 32 29 29 32 32 33 33 30 30 29 29 33 33 32 32 13 13 15 15 32 32 15 15 34 34 32 32 34 34 35 35 33 33 32 32 35 35 34 34 15 15 18 18 34 34 18 18 28 28 34 34 28 28 31 31 35 35 34 34 31 31 33 33 27 27 25 25 33 33 25 25 31 31 31 31 25 25 26 26 31 31 26 26 35 35 35 35 26 26 27 27 35 35 27 27 33 33 33 33 22 22 30 30 33 33 24 24 22 22 31 31 24 24 33 33 31 31 23 23 24 24 30 30 23 23 31 31 30 30 22 22 23 23 38 38 37 37 36 36 39 39 38 38 36 36 40 40 38 38 39 39 41 41 40 40 39 39 37 37 40 40 41 41 36 36 37 37 41 41 41 41 43 43 42 42 43 43 44 44 42 42 42 42 44 44 39 39 44 44 45 45 39 39 39 39 45 45 41 41 45 45 43 43 41 41 39 39 46 46 42 42 39 39 47 47 46 46 47 47 48 48 46 46 48 48 49 49 46 46 42 42 50 50 41 41 42 42 46 46 50 50 46 46 49 49 50 50 49 49 51 51 50 50 41 41 52 52 36 36 41 41 50 50 52 52 50 50 51 51 52 52 51 51 53 53 52 52 36 36 47 47 39 39 36 36 52 52 47 47 52 52 53 53 47 47 53 53 48 48 47 47 45 45 44 44 43 43 37 37 38 38 40 40 55 55 48 48 54 54 48 48 56 56 54 54 48 48 53 53 56 56 53 53 57 57 56 56 51 51 57 57 53 53 58 58 48 48 55 55 58 58 49 49 48 48 51 51 49 49 59 59 59 59 49 49 58 58 59 59 60 60 51 51 60 60 61 61 51 51 61 61 57 57 51 51 61 61 63 63 62 62 61 61 60 60 63 63 66 66 65 65 64 64 65 65 67 67 64 64 67 70 68 69 64 68 67 70 69 71 68 69 67 70 70 72 69 71 70 72 71 73 69 71</p>
                </polylist>
            </mesh>
        </geometry>
        <geometry id="mesh7_VC">
            <mesh>
                <source id="points7_VC">
                    <float_array id="pointarray7_VC" count="216">82 5 70 80 0 70 75 -2 71.50727844238281 80 10 70 69.85448455810547 0.2717280089855194 72.55093383789062 68 5 71.50727844238281 75 12 70 70 10 70 82 5 70 77 5 50 80 0 70 75 0 50 80 10 70 78.96754455566406 10 60 75 10 50 71.53742218017578 13 54.75 70 12 50 65 10 50 69.10730743408203 11 60 74.03742980957031 13 65.25 75 12 70 70 10 70 78.86454772949219 27.83145523071289 74.43111419677734 74.2103042602539 27.83145523071289 74.43111419677734 76.18026733398438 30.83145523071289 71.95054626464844 77.6788101196289 32.52265930175781 47.896793365478516 75.3516845703125 30.479326248168945 46.43867492675781 79.9417953491211 30.13755226135254 46.036319732666016 73.13681030273438 15.75 63.4023551940918 76.91215515136719 14.75 63.26776885986328 74.03742218017578 19 64.5 73.0850601196289 21.774808883666992 61.21200942993164 76.27593994140625 15.75 58.310203552246094 77.73931121826172 21.774808883666992 61.21200942993164 72.4136734008789 14.75 58.35041427612305 75.466064453125 18.658227920532227 57.541770935058594 -74.03742218017578 20.074209213256836 62.2749137878418 -76.36454772949219 30.857023239135742 72.50215911865234 -71.7103042602539 30.857023239135742 72.50215911865234 -70.95243835449219 23.385210037231445 59.834716796875 -74.03742218017578 32.74809265136719 70.17816925048828 -75.606689453125 23.385210037231445 59.834716796875 -73.2795639038086 20.074209213256836 57.26045608520508 -71.75148010253906 26.322261810302734 46.13983917236328 -67.09722900390625 26.322261810302734 46.13983917236328 -69.42435455322266 28.90218734741211 47.54216384887695 -69.70513153076172 14.75 57.85115432739258 -71.04991149902344 15.75 63.33711624145508 -67.64974975585938 11 60.11892318725586 -71.53742218017578 13 54.75 -74.52493286132812 15.75 57.66288375854492 -76.46754455566406 10 60 -75.9420394897461 14.75 62.62004089355469 -74.03742980957031 13 65.25 -67.5 10 70 -65 10 50 -72.5 12 70 -77.5 10 70 -70 12 50 -75 10 50 -77 5 50 -79.5 5 70 -77.5 0 70 -75 0 50 -65.5 5 71.50727844238281 -72.5 12 70 -67.5 10 70 -77.5 10 70 -67.35448455810547 0.2717280089855194 72.55093383789062 -72.5 -2 71.50727844238281 -79.5 5 70 -77.5 0 70</float_array>
                    <technique_common>
                        <accessor count="72" source="#pointarray7_VC" stride="3">
                            <param name="X" type="float"/>
                            <param name="Y" type="float"/>
                            <param name="Z" type="float"/>
                        </accessor>
                    </technique_common>
                </source>
                <source id="uvs7_VC">
                    <float_array id="uvarray7_VC" count="4">0.50390625 0.00390625 0.50390625 0.99609375</float_array>
                    <technique_common>
                        <accessor count="2" source="#uvarray7_VC" stride="2">
                            <param name="S" type="float"/>
                            <param name="T" type="float"/>
                        </accessor>
                    </technique_common>
                </source>
                <vertices id="vertices7_VC">
                    <input semantic="POSITION" source="#points7_VC"/>
                </vertices>
                <polylist count="100" material="Material1">
                    <input offset="0" semantic="VERTEX" source="#vertices7_VC"/>
                    <input offset="1" semantic="TEXCOORD" source="#uvs7_VC" set="0"/>
                    <vcount>3 3 3 3 3 3 3 3 3 3 3 3 3 3 3 3 3 3 3 3 3 3 3 3 3 3 3 3 3 3 3 3 3 3 3 3 3 3 3 3 3 3 3 3 3 3 3 3 3 3 3 3 3 3 3 3 3 3 3 3 3 3 3 3 3 3 3 3 3 3 3 3 3 3 3 3 3 3 3 3 3 3 3 3 3 3 3 3 3 3 3 3 3 3 3 3 3 3 3 3</vcount>
                    <p>2 0 1 0 0 0 2 0 0 0 3 0 4 0 2 0 3 0 5 0 4 0 3 0 5 0 3 0 6 0 5 0 6 0 7 0 10 1 9 1 8 1 10 1 11 1 9 1 13 0 12 1 8 1 13 0 8 1 9 1 13 0 9 1 14 1 16 1 15 0 14 1 14 1 15 0 13 0 17 1 15 0 16 1 17 1 18 0 15 0 19 0 12 1 13 0 20 1 12 1 19 0 21 1 19 0 18 0 21 1 20 1 19 0 21 1 18 0 17 1 24 0 23 0 22 0 27 0 26 0 25 0 28 0 18 0 19 0 28 0 19 0 29 0 28 0 29 0 30 0 31 0 28 0 30 0 29 0 19 0 13 0 29 0 13 0 32 0 29 0 32 0 33 0 30 0 29 0 33 0 32 0 13 0 15 0 32 0 15 0 34 0 32 0 34 0 35 0 33 0 32 0 35 0 34 0 15 0 18 0 34 0 18 0 28 0 34 0 28 0 31 0 35 0 34 0 31 0 33 0 27 0 25 0 33 0 25 0 31 0 31 0 25 0 26 0 31 0 26 0 35 0 35 0 26 0 27 0 35 0 27 0 33 0 33 0 22 0 30 0 33 0 24 0 22 0 31 0 24 0 33 0 31 0 23 0 24 0 30 0 23 0 31 0 30 0 22 0 23 0 38 0 37 0 36 0 39 0 38 0 36 0 40 0 38 0 39 0 41 0 40 0 39 0 37 0 40 0 41 0 36 0 37 0 41 0 41 0 43 0 42 0 43 0 44 0 42 0 42 0 44 0 39 0 44 0 45 0 39 0 39 0 45 0 41 0 45 0 43 0 41 0 39 0 46 0 42 0 39 0 47 0 46 0 47 0 48 0 46 0 48 0 49 0 46 0 42 0 50 0 41 0 42 0 46 0 50 0 46 0 49 0 50 0 49 0 51 0 50 0 41 0 52 0 36 0 41 0 50 0 52 0 50 0 51 0 52 0 51 0 53 0 52 0 36 0 47 0 39 0 36 0 52 0 47 0 52 0 53 0 47 0 53 0 48 0 47 0 45 0 44 0 43 0 37 0 38 0 40 0 55 1 48 0 54 1 48 0 56 1 54 1 48 0 53 0 56 1 53 0 57 1 56 1 51 0 57 1 53 0 58 1 48 0 55 1 58 1 49 0 48 0 51 0 49 0 59 1 59 1 49 0 58 1 59 1 60 1 51 0 60 1 61 1 51 0 61 1 57 1 51 0 61 1 63 1 62 1 61 1 60 1 63 1 66 0 65 0 64 0 65 0 67 0 64 0 67 0 68 0 64 0 67 0 69 0 68 0 67 0 70 0 69 0 70 0 71 0 69 0</p>
                </polylist>
            </mesh>
        </geometry>
        <geometry id="mesh8">
            <mesh>
                <source id="points8">
                    <float_array id="pointarray8" count="24">-77.5 0 70 -77.5 -60 70 -75 0 50 -75 -60 50 75 0 50 75 -60 50 80 0 70 80 -60 70</float_array>
                    <technique_common>
                        <accessor count="8" source="#pointarray8" stride="3">
                            <param name="X" type="float"/>
                            <param name="Y" type="float"/>
                            <param name="Z" type="float"/>
                        </accessor>
                    </technique_common>
                </source>
                <source id="uvs8">
                    <float_array id="uvarray8" count="2">0 1</float_array>
                    <technique_common>
                        <accessor count="1" source="#uvarray8" stride="2">
                            <param name="S" type="float"/>
                            <param name="T" type="float"/>
                        </accessor>
                    </technique_common>
                </source>
                <vertices id="vertices8">
                    <input semantic="POSITION" source="#points8"/>
                </vertices>
                <polylist count="4" material="Material1">
                    <input offset="0" semantic="VERTEX" source="#vertices8"/>
                    <input offset="1" semantic="TEXCOORD" source="#uvs8" set="0"/>
                    <vcount>3 3 3 3</vcount>
                    <p>2 0 1 0 0 0 2 0 3 0 1 0 6 0 5 0 4 0 6 0 7 0 5 0</p>
                </polylist>
            </mesh>
        </geometry>
        <geometry id="mesh8_VC">
            <mesh>
                <source id="points8_VC">
                    <float_array id="pointarray8_VC" count="24">-77.5 0 70 -77.5 -60 70 -75 0 50 -75 -60 50 75 0 50 75 -60 50 80 0 70 80 -60 70</float_array>
                    <technique_common>
                        <accessor count="8" source="#pointarray8_VC" stride="3">
                            <param name="X" type="float"/>
                            <param name="Y" type="float"/>
                            <param name="Z" type="float"/>
                        </accessor>
                    </technique_common>
                </source>
                <source id="uvs8_VC">
                    <float_array id="uvarray8_VC" count="4">0.00390625 0.00390625 0.49609375 0.00390625</float_array>
                    <technique_common>
                        <accessor count="2" source="#uvarray8_VC" stride="2">
                            <param name="S" type="float"/>
                            <param name="T" type="float"/>
                        </accessor>
                    </technique_common>
                </source>
                <vertices id="vertices8_VC">
                    <input semantic="POSITION" source="#points8_VC"/>
                </vertices>
                <polylist count="4" material="Material1">
                    <input offset="0" semantic="VERTEX" source="#vertices8_VC"/>
                    <input offset="1" semantic="TEXCOORD" source="#uvs8_VC" set="0"/>
                    <vcount>3 3 3 3</vcount>
                    <p>2 0 1 1 0 0 2 0 3 1 1 1 6 0 5 1 4 0 6 0 7 1 5 1</p>
                </polylist>
            </mesh>
        </geometry>
        <geometry id="mesh9">
            <mesh>
                <source id="points9">
                    <float_array id="pointarray9" count="12">80 -60 70 -77.5 -60 70 80 0 70 -77.5 0 70</float_array>
                    <technique_common>
                        <accessor count="4" source="#pointarray9" stride="3">
                            <param name="X" type="float"/>
                            <param name="Y" type="float"/>
                            <param name="Z" type="float"/>
                        </accessor>
                    </technique_common>
                </source>
                <source id="uvs9">
                    <float_array id="uvarray9" count="2">0 1</float_array>
                    <technique_common>
                        <accessor count="1" source="#uvarray9" stride="2">
                            <param name="S" type="float"/>
                            <param name="T" type="float"/>
                        </accessor>
                    </technique_common>
                </source>
                <vertices id="vertices9">
                    <input semantic="POSITION" source="#points9"/>
                </vertices>
                <polylist count="2" material="Material1">
                    <input offset="0" semantic="VERTEX" source="#vertices9"/>
                    <input offset="1" semantic="TEXCOORD" source="#uvs9" set="0"/>
                    <vcount>3 3</vcount>
                    <p>2 0 1 0 0 0 2 0 3 0 1 0</p>
                </polylist>
            </mesh>
        </geometry>
        <geometry id="mesh9_VC">
            <mesh>
                <source id="points9_VC">
                    <float_array id="pointarray9_VC" count="12">80 -60 70 -77.5 -60 70 80 0 70 -77.5 0 70</float_array>
                    <technique_common>
                        <accessor count="4" source="#pointarray9_VC" stride="3">
                            <param name="X" type="float"/>
                            <param name="Y" type="float"/>
                            <param name="Z" type="float"/>
                        </accessor>
                    </technique_common>
                </source>
                <source id="uvs9_VC">
                    <float_array id="uvarray9_VC" count="4">0.00390625 0.00390625 0.49609375 0.00390625</float_array>
                    <technique_common>
                        <accessor count="2" source="#uvarray9_VC" stride="2">
                            <param name="S" type="float"/>
                            <param name="T" type="float"/>
                        </accessor>
                    </technique_common>
                </source>
                <vertices id="vertices9_VC">
                    <input semantic="POSITION" source="#points9_VC"/>
                </vertices>
                <polylist count="2" material="Material1">
                    <input offset="0" semantic="VERTEX" source="#vertices9_VC"/>
                    <input offset="1" semantic="TEXCOORD" source="#uvs9_VC" set="0"/>
                    <vcount>3 3</vcount>
                    <p>2 0 1 1 0 1 2 0 3 0 1 1</p>
                </polylist>
            </mesh>
        </geometry>
        <geometry id="mesh10">
            <mesh>
                <source id="points10">
                    <float_array id="pointarray10" count="261">64.31739807128906 25.31087875366211 64.44074249267578 62.86835861206055 29.101621627807617 66.4240493774414 61.85067367553711 33.469478607177734 64.85843658447266 60.28063201904297 35.12214279174805 60.93033218383789 64.31739807128906 23.75684928894043 60.06389617919922 62.80862808227539 24.908044815063477 56.44121551513672 60.655704498291016 33.2261848449707 56.86656188964844 60.67283248901367 28.73395347595215 55.025264739990234 62.86835861206055 29.101621627807617 66.4240493774414 36.23047637939453 21.269092559814453 66.47279357910156 61.85067367553711 33.469478607177734 64.85843658447266 33.87428283691406 25.888702392578125 64.89696502685547 46.94296646118164 31.822681427001953 61.06416320800781 60.28063201904297 35.12214279174805 60.93033218383789 32.279239654541016 27.889890670776367 60.95472717285156 38.85066604614258 29.021268844604492 56.89042282104492 53.53208923339844 33.66748046875 57.077110290527344 60.655704498291016 33.2261848449707 56.86656188964844 60.67283248901367 28.73395347595215 55.025264739990234 48.4034538269043 26.747928619384766 55.28669738769531 49.81333541870117 45.43944549560547 48.99647903442383 54.476097106933594 43.35477828979492 48.48691177368164 53.590457916259766 46.4014778137207 51.240379333496094 26.735919952392578 36.51002502441406 52.436309814453125 27.621559143066406 33.46332931518555 49.68284225463867 28.25484275817871 37.1115837097168 49.52954864501953 50.15556335449219 32.96402359008789 53.9373664855957 48.548255920410156 35.291229248046875 57.437774658203125 46.824222564697266 37.57797622680664 53.89487075805664 42.45661926269531 37.02541732788086 50.42790985107422 41.548309326171875 33.66337585449219 56.91935729980469 41.570980072021484 40.072113037109375 53.181373596191406 43.141910552978516 29.902185440063477 54.60546875 39.475341796875 35.591514587402344 53.82699966430664 62.80862808227539 24.908044815063477 56.44121551513672 20.312694549560547 28.45615577697754 56.041664123535156 -16.333332061767578 28.10640525817871 56.041664123535156 27.839372634887695 7.5 51.041664123535156 -16.333332061767578 7.5 51.041664123535156 -57.77302551269531 35.14002227783203 53.703582763671875 -16.333332061767578 25.884235382080078 59.40729522705078 -59.84706115722656 30.911296844482422 53.703582763671875 -16.333332061767578 24.080598831176758 56.28330612182617 -57.77302551269531 32.97566223144531 49.374855041503906 60 29.60640525817871 56.041664123535156 57 28.10640525817871 72.79166412353516 57 32.606407165527344 64.79166412353516 63.75 12.651601791381836 75.97916412353516 60 13.026601791381836 50.604164123535156 60.25 7.5 55.854164123535156 62.75 7.5 69.97916412353516 -57 28.10640525817871 56.041664123535156 -60 12.651601791381836 50.604164123535156 -60.25 7.5 55.854164123535156 -57 26.60640525817871 72.79166412353516 -57 31.10640525817871 64.79166412353516 -63.75 12.276601791381836 75.97916412353516 -62.75 7.5 69.97916412353516 -54.86349868774414 38.224952697753906 50.28173065185547 -51.3298225402832 39.15412139892578 47.22065353393555 -50.631744384765625 40.57374954223633 51.17935562133789 -47.46002960205078 33.1994743347168 54.128089904785156 -42.686424255371094 32.04057312011719 52.81291198730469 -48.40412902832031 31.6755313873291 50.68604278564453 -16.333332061767578 7.5 74.79166412353516 -16.333332061767578 26.60640525817871 70.91666412353516 16.333332061767578 26.60640525817871 70.91666412353516 16.333332061767578 7.5 74.79166412353516 -51.84812545776367 33.926578521728516 75.29593658447266 -51.448944091796875 29.469280242919922 78.1475830078125 -53.9897575378418 28.374805450439453 74.8696517944336 -11.306325912475586 25.28436279296875 67.75077819824219 -10.991120338439941 22.130126953125 70.0025405883789 -42.613494873046875 32.07026672363281 74.08112335205078 -10.8631591796875 26.60640525817871 70.91666412353516 -41.37769317626953 28.4749813079834 76.1391830444336 54.680660247802734 39.353782653808594 75.7084732055664 53.93375778198242 41.444393157958984 71.37974548339844 57.39642333984375 37.762359619140625 71.37974548339844 17.722606658935547 22.717775344848633 70.6750259399414 17.100187301635742 24.45995330810547 67.55103302001953 46.07966613769531 36.27931594848633 74.39728546142578 44.6418342590332 37.56806945800781 70.95524597167969 40.430816650390625 35.52203369140625 72.27041625976562 50.05878448486328 43.85942459106445 74.80159759521484 45.16067123413086 45.30674743652344 73.90397644042969 46.324867248535156 44.07099914550781 77.86267852783203</float_array>
                    <technique_common>
                        <accessor count="87" source="#pointarray10" stride="3">
                            <param name="X" type="float"/>
                            <param name="Y" type="float"/>
                            <param name="Z" type="float"/>
                        </accessor>
                    </technique_common>
                </source>
                <source id="uvs10">
                    <float_array id="uvarray10" count="186">0.06033499911427498 1.146468997001648 0.08353699743747711 1.1730200052261353 0.10698600113391876 1.1559869945049286 0.11507999897003174 1.1082990020513535 0.049341000616550446 1.0915160030126572 0.11507999897003174 1.1082980036735535 0.055546000599861145 1.0475150011479855 0.049341000616550446 1.0915149971842766 0.10219699889421463 1.057032998651266 0.05554499849677086 1.0475150011479855 0.10219600051641464 1.0570340007543564 0.07669500261545181 1.0316580012440681 0.9920780062675476 0.35007399320602417 0.9394180178642273 0.25066202878952026 0.9288859963417053 0.35007399320602417 0.876226007938385 0.25066202878952026 0.7596909999847412 0.3003680109977722 0.7814379930496216 0.35007399320602417 0.7287780046463013 0.25066202878952026 0.5926510095596313 0.27427202463150024 0.6453109979629517 0.326462984085083 0.6339899897575378 0.35007399320602417 0.5707989931106567 0.35007399320602417 0.5528889894485474 0.3009589910507202 0.41150999069213867 0.35095900297164917 0.40232500433921814 0.3625109791755676 0.500361979007721 0.3625109791755676 0.5063940286636353 0.23224502801895142 0.40835699439048767 0.23224502801895142 0.40303200483322144 0.23921602964401245 0.5244560241699219 0.31695497035980225 0.6485679745674133 0.31339097023010254 0.49630001187324524 0.3116750121116638 0.41495999693870544 0.29853397607803345 0.5976539850234985 0.2887510061264038 0.45961201190948486 0.2995460033416748 0.5171939730644226 0.28968697786331177 0.4803360104560852 0.2867509722709656 0.5927129983901978 0.5260420143604279 0.805429995059967 0.5260420143604279 0.5983030200004578 0.10556602478027344 0.8100849986076355 0.10293298959732056 0.41961100697517395 0.6577990055084229 0.6275010108947754 0.6015239953994751 0.4093030095100403 0.6488609910011292 0.4840579926967621 0.5949810147285461 0.4840579926967621 0.6991139948368073 0.22687800228595734 0.5898459851741791 0.6275010108947754 0.6915119886398315 0.41526898741722107 0.7113339900970459 0.10468599945306778 1.1794500052928925 0.10468599945306778 1.0360529981553555 0.04409800097346306 1.0920870006084442 0.286734014749527 0.454925000667572 0.271109014749527 0.8736750036478043 0.317984014749527 0.673675000667572 0.11012200266122818 0.9533619992434978 0.11402799934148788 0.31898701190948486 0.05645899847149849 0.450236976146698 0.05645899847149849 0.8033619970083237 1.0044829845428467 0.5246089994907379 1.006140947341919 0.1452620029449463 1.0029020309448242 0.02051001787185669 0.255484014749527 0.8736750036478043 0.271109014749527 0.454925000667572 0.302359014749527 0.673675000667572 0.11012200266122818 0.31898701190948486 0.10621500015258789 0.9533619992434978 0.04015500098466873 0.2781509757041931 0.028342999517917633 0.36268502473831177 0.07122699916362762 0.33695197105407715 0.5050899982452393 0.6366330087184906 0.47606098651885986 0.6677590012550354 0.5420029759407043 0.6745179891586304 0.45521798729896545 0.6889240145683289 0.48040398955345154 0.6988840103149414 0.44479700922966003 0.6615340113639832 0.602429986000061 0.6458640098571777 0.9950000047683716 1.198293998837471 0.8037629723548889 1.273730993270874 0.9965800046920776 1.3925420045852661 0.9981610178947449 0.9665829986333847 0.8053439855575562 0.8741199970245361 0.5983030200004578 0.8718789964914322 0.5967220067977905 1.264820009469986 0.3975830078125 0.9507840014994144 0.39916399121284485 1.2191500067710876 0.3944219946861267 1.3539279997348785 0.398048996925354 0.7447920143604279 0.398048996925354 0.5260420143604279 1.0060629844665527 0.7240090072154999 0.4133099913597107 0.1452620029449463 0.41496801376342773 0.026574015617370605</float_array>
                    <technique_common>
                        <accessor count="93" source="#uvarray10" stride="2">
                            <param name="S" type="float"/>
                            <param name="T" type="float"/>
                        </accessor>
                    </technique_common>
                </source>
                <vertices id="vertices10">
                    <input semantic="POSITION" source="#points10"/>
                </vertices>
                <polylist count="130" material="Material1">
                    <input offset="0" semantic="VERTEX" source="#vertices10"/>
                    <input offset="1" semantic="TEXCOORD" source="#uvs10" set="0"/>
                    <vcount>3 3 3 3 3 3 3 3 3 3 3 3 3 3 3 3 3 3 3 3 3 3 3 3 3 3 3 3 3 3 3 3 3 3 3 3 3 3 3 3 3 3 3 3 3 3 3 3 3 3 3 3 3 3 3 3 3 3 3 3 3 3 3 3 3 3 3 3 3 3 3 3 3 3 3 3 3 3 3 3 3 3 3 3 3 3 3 3 3 3 3 3 3 3 3 3 3 3 3 3 3 3 3 3 3 3 3 3 3 3 3 3 3 3 3 3 3 3 3 3 3 3 3 3 3 3 3 3 3 3</vcount>
                    <p>2 2 1 1 0 0 3 3 2 2 0 0 3 5 0 0 4 4 3 5 4 7 5 6 6 8 3 5 5 6 7 11 6 10 5 9 10 14 9 13 8 12 10 14 11 15 9 13 10 14 13 17 12 16 11 15 10 14 12 16 14 18 11 15 12 16 12 16 15 19 14 18 12 16 13 17 16 20 16 20 13 17 17 21 19 23 17 21 18 22 19 23 16 20 17 21 22 26 21 25 20 24 25 29 24 28 23 27 16 20 19 23 26 30 27 31 16 20 26 30 28 32 27 31 26 30 28 32 26 30 29 33 12 16 16 20 27 31 30 34 12 16 27 31 31 35 30 34 27 31 31 35 27 31 28 32 15 19 12 16 30 34 32 36 15 19 30 34 33 37 32 36 30 34 33 37 30 34 31 35 19 23 15 19 32 36 26 30 19 23 32 36 29 33 26 30 32 36 29 33 32 36 33 37 25 29 23 27 31 35 29 33 25 29 31 35 24 28 25 29 29 33 33 37 24 28 29 33 23 27 24 28 33 37 31 35 23 27 33 37 28 32 22 26 31 35 22 26 20 24 31 35 31 35 20 24 29 33 20 24 21 25 29 33 29 33 21 25 28 32 21 25 22 26 28 32 19 20 18 17 34 21 37 40 36 39 35 38 37 40 38 41 36 39 41 44 40 43 39 42 41 47 42 46 40 45 43 49 42 48 41 44 41 52 39 51 43 50 46 55 45 54 44 53 45 54 47 56 44 53 47 56 48 57 44 53 47 56 49 58 48 57 47 56 50 59 49 58 36 39 52 61 51 60 36 39 38 41 52 61 38 41 53 62 52 61 55 65 51 64 54 63 51 64 52 66 54 63 52 66 56 67 54 63 52 66 57 59 56 67 52 66 53 58 57 59 60 70 59 69 58 68 62 73 60 72 61 71 62 73 59 74 60 72 63 75 59 74 62 73 63 75 58 76 59 74 61 71 58 76 63 75 61 71 60 72 58 76 62 73 36 77 63 75 62 73 61 71 36 77 40 43 36 77 61 71 61 71 39 42 40 43 63 75 39 42 61 71 63 75 43 49 39 42 63 75 36 77 42 48 42 48 43 49 63 75 57 80 64 79 56 78 64 79 54 81 56 78 64 79 65 82 54 81 64 79 66 83 65 82 64 79 67 84 66 83 67 84 45 85 66 83 67 84 47 86 45 85 67 84 50 87 47 86 45 85 46 88 66 83 46 88 35 38 66 83 46 88 44 89 35 38 35 38 65 82 66 83 35 38 36 39 65 82 36 39 55 90 65 82 36 39 51 60 55 90 55 90 54 81 65 82 44 89 37 40 35 38 44 89 48 91 37 40 70 52 69 51 68 50 68 49 71 48 70 44 70 47 71 46 72 45 70 44 72 43 69 42 71 48 68 49 73 75 73 75 74 77 71 48 73 75 69 42 75 71 73 75 68 49 69 42 75 71 69 42 72 43 72 43 74 77 75 71 73 73 75 71 74 77 78 52 77 51 76 50 76 49 79 48 78 44 78 47 79 46 80 45 78 44 80 43 77 42 79 48 76 49 81 75 81 75 66 77 79 48 81 75 77 42 82 71 81 75 76 49 77 42 82 71 77 42 80 43 80 43 66 77 82 71 83 73 82 71 66 77 83 73 66 77 81 75 82 71 85 72 84 76 82 71 84 76 81 75 81 75 84 76 86 74 81 75 86 74 83 73 83 73 86 74 85 72 83 73 85 72 82 71 85 70 86 69 84 68 48 91 49 92 37 40</p>
                </polylist>
            </mesh>
        </geometry>
        <geometry id="mesh10_VC">
            <mesh>
                <source id="points10_VC">
                    <float_array id="pointarray10_VC" count="261">64.31739807128906 25.31087875366211 64.44074249267578 62.86835861206055 29.101621627807617 66.4240493774414 61.85067367553711 33.469478607177734 64.85843658447266 60.28063201904297 35.12214279174805 60.93033218383789 64.31739807128906 23.75684928894043 60.06389617919922 62.80862808227539 24.908044815063477 56.44121551513672 60.655704498291016 33.2261848449707 56.86656188964844 60.67283248901367 28.73395347595215 55.025264739990234 62.86835861206055 29.101621627807617 66.4240493774414 36.23047637939453 21.269092559814453 66.47279357910156 61.85067367553711 33.469478607177734 64.85843658447266 33.87428283691406 25.888702392578125 64.89696502685547 46.94296646118164 31.822681427001953 61.06416320800781 60.28063201904297 35.12214279174805 60.93033218383789 32.279239654541016 27.889890670776367 60.95472717285156 38.85066604614258 29.021268844604492 56.89042282104492 53.53208923339844 33.66748046875 57.077110290527344 60.655704498291016 33.2261848449707 56.86656188964844 60.67283248901367 28.73395347595215 55.025264739990234 48.4034538269043 26.747928619384766 55.28669738769531 49.81333541870117 45.43944549560547 48.99647903442383 54.476097106933594 43.35477828979492 48.48691177368164 53.590457916259766 46.4014778137207 51.240379333496094 26.735919952392578 36.51002502441406 52.436309814453125 27.621559143066406 33.46332931518555 49.68284225463867 28.25484275817871 37.1115837097168 49.52954864501953 50.15556335449219 32.96402359008789 53.9373664855957 48.548255920410156 35.291229248046875 57.437774658203125 46.824222564697266 37.57797622680664 53.89487075805664 42.45661926269531 37.02541732788086 50.42790985107422 41.548309326171875 33.66337585449219 56.91935729980469 41.570980072021484 40.072113037109375 53.181373596191406 43.141910552978516 29.902185440063477 54.60546875 39.475341796875 35.591514587402344 53.82699966430664 62.80862808227539 24.908044815063477 56.44121551513672 20.312694549560547 28.45615577697754 56.041664123535156 -16.333332061767578 28.10640525817871 56.041664123535156 27.839372634887695 7.5 51.041664123535156 -16.333332061767578 7.5 51.041664123535156 -57.77302551269531 35.14002227783203 53.703582763671875 -16.333332061767578 25.884235382080078 59.40729522705078 -59.84706115722656 30.911296844482422 53.703582763671875 -16.333332061767578 24.080598831176758 56.28330612182617 -57.77302551269531 32.97566223144531 49.374855041503906 60 29.60640525817871 56.041664123535156 57 28.10640525817871 72.79166412353516 57 32.606407165527344 64.79166412353516 63.75 12.651601791381836 75.97916412353516 60 13.026601791381836 50.604164123535156 60.25 7.5 55.854164123535156 62.75 7.5 69.97916412353516 -57 28.10640525817871 56.041664123535156 -60 12.651601791381836 50.604164123535156 -60.25 7.5 55.854164123535156 -57 26.60640525817871 72.79166412353516 -57 31.10640525817871 64.79166412353516 -63.75 12.276601791381836 75.97916412353516 -62.75 7.5 69.97916412353516 -54.86349868774414 38.224952697753906 50.28173065185547 -51.3298225402832 39.15412139892578 47.22065353393555 -50.631744384765625 40.57374954223633 51.17935562133789 -47.46002960205078 33.1994743347168 54.128089904785156 -42.686424255371094 32.04057312011719 52.81291198730469 -48.40412902832031 31.6755313873291 50.68604278564453 -16.333332061767578 7.5 74.79166412353516 -16.333332061767578 26.60640525817871 70.91666412353516 16.333332061767578 26.60640525817871 70.91666412353516 16.333332061767578 7.5 74.79166412353516 -51.84812545776367 33.926578521728516 75.29593658447266 -51.448944091796875 29.469280242919922 78.1475830078125 -53.9897575378418 28.374805450439453 74.8696517944336 -11.306325912475586 25.28436279296875 67.75077819824219 -10.991120338439941 22.130126953125 70.0025405883789 -42.613494873046875 32.07026672363281 74.08112335205078 -10.8631591796875 26.60640525817871 70.91666412353516 -41.37769317626953 28.4749813079834 76.1391830444336 54.680660247802734 39.353782653808594 75.7084732055664 53.93375778198242 41.444393157958984 71.37974548339844 57.39642333984375 37.762359619140625 71.37974548339844 17.722606658935547 22.717775344848633 70.6750259399414 17.100187301635742 24.45995330810547 67.55103302001953 46.07966613769531 36.27931594848633 74.39728546142578 44.6418342590332 37.56806945800781 70.95524597167969 40.430816650390625 35.52203369140625 72.27041625976562 50.05878448486328 43.85942459106445 74.80159759521484 45.16067123413086 45.30674743652344 73.90397644042969 46.324867248535156 44.07099914550781 77.86267852783203</float_array>
                    <technique_common>
                        <accessor count="87" source="#pointarray10_VC" stride="3">
                            <param name="X" type="float"/>
                            <param name="Y" type="float"/>
                            <param name="Z" type="float"/>
                        </accessor>
                    </technique_common>
                </source>
                <source id="uvs10_VC">
                    <float_array id="uvarray10_VC" count="4">0.50390625 0.00390625 0.50390625 0.99609375</float_array>
                    <technique_common>
                        <accessor count="2" source="#uvarray10_VC" stride="2">
                            <param name="S" type="float"/>
                            <param name="T" type="float"/>
                        </accessor>
                    </technique_common>
                </source>
                <vertices id="vertices10_VC">
                    <input semantic="POSITION" source="#points10_VC"/>
                </vertices>
                <polylist count="130" material="Material1">
                    <input offset="0" semantic="VERTEX" source="#vertices10_VC"/>
                    <input offset="1" semantic="TEXCOORD" source="#uvs10_VC" set="0"/>
                    <vcount>3 3 3 3 3 3 3 3 3 3 3 3 3 3 3 3 3 3 3 3 3 3 3 3 3 3 3 3 3 3 3 3 3 3 3 3 3 3 3 3 3 3 3 3 3 3 3 3 3 3 3 3 3 3 3 3 3 3 3 3 3 3 3 3 3 3 3 3 3 3 3 3 3 3 3 3 3 3 3 3 3 3 3 3 3 3 3 3 3 3 3 3 3 3 3 3 3 3 3 3 3 3 3 3 3 3 3 3 3 3 3 3 3 3 3 3 3 3 3 3 3 3 3 3 3 3 3 3 3 3</vcount>
                    <p>2 0 1 0 0 0 3 0 2 0 0 0 3 0 0 0 4 0 3 0 4 0 5 0 6 0 3 0 5 0 7 0 6 0 5 0 10 1 9 1 8 1 10 1 11 1 9 1 10 1 13 1 12 0 11 1 10 1 12 0 14 1 11 1 12 0 12 0 15 0 14 1 12 0 13 1 16 0 16 0 13 1 17 1 19 0 17 1 18 1 19 0 16 0 17 1 22 0 21 0 20 0 25 0 24 0 23 0 16 0 19 0 26 0 27 0 16 0 26 0 28 0 27 0 26 0 28 0 26 0 29 0 12 0 16 0 27 0 30 0 12 0 27 0 31 0 30 0 27 0 31 0 27 0 28 0 15 0 12 0 30 0 32 0 15 0 30 0 33 0 32 0 30 0 33 0 30 0 31 0 19 0 15 0 32 0 26 0 19 0 32 0 29 0 26 0 32 0 29 0 32 0 33 0 25 0 23 0 31 0 29 0 25 0 31 0 24 0 25 0 29 0 33 0 24 0 29 0 23 0 24 0 33 0 31 0 23 0 33 0 28 0 22 0 31 0 22 0 20 0 31 0 31 0 20 0 29 0 20 0 21 0 29 0 29 0 21 0 28 0 21 0 22 0 28 0 19 0 18 1 34 1 37 0 36 0 35 0 37 0 38 1 36 0 41 0 40 0 39 0 41 0 42 0 40 0 43 0 42 0 41 0 41 0 39 0 43 0 46 0 45 0 44 0 45 0 47 0 44 0 47 0 48 0 44 0 47 0 49 1 48 0 47 0 50 1 49 1 36 0 52 0 51 0 36 0 38 1 52 0 38 1 53 1 52 0 55 0 51 0 54 0 51 0 52 0 54 0 52 0 56 0 54 0 52 0 57 1 56 0 52 0 53 1 57 1 60 0 59 0 58 0 62 0 60 0 61 0 62 0 59 0 60 0 63 0 59 0 62 0 63 0 58 0 59 0 61 0 58 0 63 0 61 0 60 0 58 0 62 0 36 0 63 0 62 0 61 0 36 0 40 0 36 0 61 0 61 0 39 0 40 0 63 0 39 0 61 0 63 0 43 0 39 0 63 0 36 0 42 0 42 0 43 0 63 0 57 1 64 1 56 0 64 1 54 0 56 0 64 1 65 0 54 0 64 1 66 0 65 0 64 1 67 1 66 0 67 1 45 0 66 0 67 1 47 0 45 0 67 1 50 1 47 0 45 0 46 0 66 0 46 0 35 0 66 0 46 0 44 0 35 0 35 0 65 0 66 0 35 0 36 0 65 0 36 0 55 0 65 0 36 0 51 0 55 0 55 0 54 0 65 0 44 0 37 0 35 0 44 0 48 0 37 0 70 0 69 0 68 0 68 0 71 0 70 0 70 0 71 0 72 0 70 0 72 0 69 0 71 0 68 0 73 0 73 0 74 0 71 0 73 0 69 0 75 0 73 0 68 0 69 0 75 0 69 0 72 0 72 0 74 0 75 0 73 0 75 0 74 0 78 0 77 0 76 0 76 0 79 0 78 0 78 0 79 0 80 0 78 0 80 0 77 0 79 0 76 0 81 0 81 0 66 0 79 0 81 0 77 0 82 0 81 0 76 0 77 0 82 0 77 0 80 0 80 0 66 0 82 0 83 0 82 0 66 0 83 0 66 0 81 0 82 0 85 0 84 0 82 0 84 0 81 0 81 0 84 0 86 0 81 0 86 0 83 0 83 0 86 0 85 0 83 0 85 0 82 0 85 0 86 0 84 0 48 0 49 1 37 0</p>
                </polylist>
            </mesh>
        </geometry>
        <geometry id="mesh11">
            <mesh>
                <source id="points11">
                    <float_array id="pointarray11" count="30">-70 10 90 -67.5 10 70 67.5 10 90 70 10 70 -80 0 90 77.5 0 90 -80 0 90 -77.5 0 70 77.5 0 90 80 0 70</float_array>
                    <technique_common>
                        <accessor count="10" source="#pointarray11" stride="3">
                            <param name="X" type="float"/>
                            <param name="Y" type="float"/>
                            <param name="Z" type="float"/>
                        </accessor>
                    </technique_common>
                </source>
                <source id="uvs11">
                    <float_array id="uvarray11" count="24">1.046875 0.703125 1.027343988418579 0.546875 -0.027343999594449997 0.703125 -0.046875 0.546875 1.046875 0 -0.027343999594449997 0 1.125 0.078125 -0.1054690033197403 0.078125 1.0419150590896606 0.390625 1.0223829746246338 0.234375 -0.03230400010943413 0.390625 -0.05183500051498413 0.234375</float_array>
                    <technique_common>
                        <accessor count="12" source="#uvarray11" stride="2">
                            <param name="S" type="float"/>
                            <param name="T" type="float"/>
                        </accessor>
                    </technique_common>
                </source>
                <vertices id="vertices11">
                    <input semantic="POSITION" source="#points11"/>
                </vertices>
                <polylist count="6" material="Material1">
                    <input offset="0" semantic="VERTEX" source="#vertices11"/>
                    <input offset="1" semantic="TEXCOORD" source="#uvs11" set="0"/>
                    <vcount>3 3 3 3 3 3</vcount>
                    <p>2 2 1 1 0 0 2 2 3 3 1 1 4 6 2 5 0 4 4 6 5 7 2 5 8 10 7 9 6 8 8 10 9 11 7 9</p>
                </polylist>
            </mesh>
        </geometry>
        <geometry id="mesh11_VC">
            <mesh>
                <source id="points11_VC">
                    <float_array id="pointarray11_VC" count="30">-70 10 90 -67.5 10 70 67.5 10 90 70 10 70 -80 0 90 77.5 0 90 -80 0 90 -77.5 0 70 77.5 0 90 80 0 70</float_array>
                    <technique_common>
                        <accessor count="10" source="#pointarray11_VC" stride="3">
                            <param name="X" type="float"/>
                            <param name="Y" type="float"/>
                            <param name="Z" type="float"/>
                        </accessor>
                    </technique_common>
                </source>
                <source id="uvs11_VC">
                    <float_array id="uvarray11_VC" count="4">0.50390625 0.00390625 0.50390625 0.99609375</float_array>
                    <technique_common>
                        <accessor count="2" source="#uvarray11_VC" stride="2">
                            <param name="S" type="float"/>
                            <param name="T" type="float"/>
                        </accessor>
                    </technique_common>
                </source>
                <vertices id="vertices11_VC">
                    <input semantic="POSITION" source="#points11_VC"/>
                </vertices>
                <polylist count="6" material="Material1">
                    <input offset="0" semantic="VERTEX" source="#vertices11_VC"/>
                    <input offset="1" semantic="TEXCOORD" source="#uvs11_VC" set="0"/>
                    <vcount>3 3 3 3 3 3</vcount>
                    <p>2 0 1 0 0 0 2 0 3 0 1 0 4 0 2 0 0 0 4 0 5 0 2 0 8 1 7 1 6 1 8 1 9 1 7 1</p>
                </polylist>
            </mesh>
        </geometry>
        <geometry id="mesh12">
            <mesh>
                <source id="points12">
                    <float_array id="pointarray12" count="216">79.5 5 90 77.5 0 90 72.5 -2 91.50727844238281 77.5 10 90 67.35448455810547 0.2717280089855194 92.55093383789062 65.5 5 91.50727844238281 72.5 12 90 67.5 10 90 79.5 5 90 82 5 70 77.5 0 90 80 0 70 77.5 10 90 76.46754455566406 10 80 80 10 70 76.53742218017578 13 74.75 75 12 70 70 10 70 69.66252136230469 11 80.35733795166016 71.53742980957031 13 85.25 72.5 12 90 67.5 10 90 74.83686065673828 22.787517547607422 94.46342468261719 70.18260955810547 22.787517547607422 94.46342468261719 72.50973510742188 25.787517547607422 91.96342468261719 69.72795867919922 29.44318389892578 73.80937194824219 67.5342788696289 27.44318389892578 71.11609649658203 72.18852996826172 27.44318389892578 71.11609649658203 70.70370483398438 15.75 83.6090087890625 74.41215515136719 14.75 83.26776885986328 71.53742218017578 19 84.5 69.2103042602539 21.5 82 74.52493286132812 15.75 77.66287994384766 73.86454772949219 21.5 82 70.81648254394531 14.75 78.00411987304688 71.53742218017578 19 79.5 -76.53742218017578 19.74458885192871 83.40208435058594 -78.86454772949219 24 91 -74.2103042602539 24 91 -74.927490234375 22.68755531311035 78.46258544921875 -76.53742218017578 26.784841537475586 89.63878631591797 -79.58173370361328 22.68755531311035 78.46258544921875 -76.18290710449219 20.59667205810547 75.65452575683594 -82.08173370361328 28.104450225830078 70.19200134277344 -77.427490234375 28.104450225830078 70.19200134277344 -79.04765319824219 30.104450225830078 72.87316131591797 -72.73075866699219 15.184288024902344 77.51986694335938 -73.54991149902344 15.75 83.33712005615234 -70.90123748779297 11 80.41392517089844 -74.03742218017578 13 74.75 -75.79202270507812 16.184288024902344 76.96207427978516 -77.70275115966797 10 79.75555419921875 -77.19459533691406 14.75 82.26555633544922 -76.53742980957031 13 85.25 -70 10 90 -67.5 10 70 -75 12 90 -80 10 90 -72.5 12 70 -77.5 10 70 -79.5 5 70 -82 5 90 -80 0 90 -77.5 0 70 -68 5 91.50727844238281 -75 12 90 -70 10 90 -80 10 90 -69.85448455810547 0.2717280089855194 92.55093383789062 -75 -2 91.50727844238281 -82 5 90 -80 0 90</float_array>
                    <technique_common>
                        <accessor count="72" source="#pointarray12" stride="3">
                            <param name="X" type="float"/>
                            <param name="Y" type="float"/>
                            <param name="Z" type="float"/>
                        </accessor>
                    </technique_common>
                </source>
                <source id="uvs12">
                    <float_array id="uvarray12" count="150">0.45767199993133545 0.01846998929977417 0.39517199993133545 -0.0010609626770019531 0.23892199993133545 -0.008874058723449707 0.39517199993133545 0.03800100088119507 0.078125 0 0.02017199993133545 0.01846998929977417 0.23892199993133545 0.04581397771835327 0.08267199993133545 0.03800100088119507 0.6287689805030823 1.6875 0.7171570062637329 1.8125 0.7348350286483765 1.6875 0.8232229948043823 1.8125 0.3812820017337799 1.6875 0.34477901458740234 1.75 0.46966999769210815 1.8125 0.24118299782276154 1.7828119993209839 0.2221830040216446 1.8125 0.11611700057983398 1.8125 0.06882999837398529 1.7477669715881348 0.06440699845552444 1.7171880006790161 0.13379399478435516 1.6875 0.027728000655770302 1.6875 -0.16498200595378876 1.659604012966156 -0.32953399419784546 1.659604012966156 -0.3533239960670471 1.675229012966156 -0.58092200756073 1.788690984249115 -0.5877689719200134 1.8055239915847778 -0.4232169985771179 1.8055239915847778 -0.06229700148105621 1.7274439930915833 0.1041719987988472 1.7295759916305542 -0.14772500097751617 1.721875011920929 -0.31839001178741455 1.737500011920929 0.07280399650335312 1.764607012271881 -0.15383699536323547 1.737500011920929 -0.022954000160098076 1.762474000453949 -0.14772500097751617 1.753125011920929 0.0027260000351816416 0.41701000928878784 -0.06544899940490723 0.45499998331069946 -0.2300020009279251 0.45499998331069946 -0.15824300050735474 0.39231300354003906 -0.24618400633335114 0.4481940269470215 0.006308999843895435 0.39231300354003906 -0.03993399813771248 0.37827301025390625 -0.09681899845600128 0.35096001625061035 -0.261370986700058 0.35096001625061035 -0.27480000257492065 0.36436599493026733 0.029371000826358795 0.38759899139404297 0.038332000374794006 0.4166859984397888 0.11262500286102295 0.40206998586654663 0.1527950018644333 0.3737499713897705 0.10224799811840057 0.3848099708557129 0.3884499967098236 0.3987780213356018 0.20254600048065186 0.4113280177116394 0.24118299782276154 0.42624998092651367 0.11611700057983398 0.44999998807907104 0.027728000655770302 0.3500000238418579 0.2221830040216446 0.44999998807907104 0.46966999769210815 0.44999998807907104 0.13379399478435516 0.3500000238418579 0.3812820017337799 0.3500000238418579 0.6287689805030823 0.3500000238418579 0.7171570062637329 0.44999998807907104 0.8232229948043823 0.44999998807907104 0.7348350286483765 0.3500000238418579 -0.5300379991531372 0.3765209913253784 -0.7487879991531372 0.42027097940444946 -0.5925379991531372 0.4077709913253784 -0.9050379991531372 0.4077709913253784 -0.5300379991531372 0.3765220046043396 -0.5879909992218018 0.3469700217247009 -0.9050379991531372 0.4077720046043396 -0.5879899859428406 0.3469700217247009 -0.7487879991531372 0.33277201652526855 -0.9675390124320984 0.3765220046043396 -0.9050379991531372 0.3452720046043396</float_array>
                    <technique_common>
                        <accessor count="75" source="#uvarray12" stride="2">
                            <param name="S" type="float"/>
                            <param name="T" type="float"/>
                        </accessor>
                    </technique_common>
                </source>
                <vertices id="vertices12">
                    <input semantic="POSITION" source="#points12"/>
                </vertices>
                <polylist count="100" material="Material1">
                    <input offset="0" semantic="VERTEX" source="#vertices12"/>
                    <input offset="1" semantic="TEXCOORD" source="#uvs12" set="0"/>
                    <vcount>3 3 3 3 3 3 3 3 3 3 3 3 3 3 3 3 3 3 3 3 3 3 3 3 3 3 3 3 3 3 3 3 3 3 3 3 3 3 3 3 3 3 3 3 3 3 3 3 3 3 3 3 3 3 3 3 3 3 3 3 3 3 3 3 3 3 3 3 3 3 3 3 3 3 3 3 3 3 3 3 3 3 3 3 3 3 3 3 3 3 3 3 3 3 3 3 3 3 3 3</vcount>
                    <p>2 2 1 1 0 0 2 2 0 0 3 3 4 4 2 2 3 3 5 5 4 4 3 3 5 5 3 3 6 6 5 5 6 6 7 7 10 10 9 9 8 8 10 10 11 11 9 9 13 13 12 12 8 8 13 13 8 8 9 9 13 13 9 9 14 14 16 16 15 15 14 14 14 14 15 15 13 13 17 17 15 15 16 16 17 17 18 18 15 15 19 19 12 12 13 13 20 20 12 12 19 19 21 21 19 19 18 18 21 21 20 20 19 19 21 21 18 18 17 17 24 24 23 23 22 22 27 27 26 26 25 25 28 28 18 18 19 19 28 28 19 19 29 29 28 28 29 29 30 30 31 31 28 28 30 30 29 29 19 19 13 13 29 29 13 13 32 32 29 29 32 32 33 33 30 30 29 29 33 33 32 32 13 13 15 15 32 32 15 15 34 34 32 32 34 34 35 35 33 33 32 32 35 35 34 34 15 15 18 18 34 34 18 18 28 28 34 34 28 28 31 31 35 35 34 34 31 31 33 33 27 27 25 25 33 33 25 25 31 31 31 31 25 25 26 26 31 31 26 26 35 35 35 35 26 26 27 27 35 35 27 27 33 33 33 33 22 22 30 30 33 33 24 24 22 22 31 31 24 24 33 33 31 31 23 23 24 24 30 30 23 23 31 31 30 30 22 22 23 23 38 38 37 37 36 36 39 39 38 38 36 36 40 40 38 38 39 39 41 41 40 40 39 39 37 37 40 40 41 41 36 36 37 37 41 41 41 41 43 43 42 42 43 43 44 44 42 42 42 42 44 44 39 39 44 44 45 45 39 39 39 39 45 45 41 41 45 45 43 43 41 41 39 39 46 46 42 42 39 39 47 47 46 46 47 47 48 48 46 46 48 48 49 49 46 46 42 42 50 50 41 41 42 42 46 46 50 50 46 46 49 49 50 50 49 49 51 51 50 50 41 41 52 52 36 36 41 41 50 50 52 52 50 50 51 51 52 52 51 51 53 53 52 52 36 36 47 47 39 39 36 36 52 52 47 47 52 52 53 53 47 47 53 53 48 48 47 47 45 45 44 44 43 43 37 37 38 38 40 40 55 55 48 48 54 54 48 48 56 56 54 54 48 48 53 53 56 56 53 53 57 57 56 56 51 51 57 57 53 53 58 58 48 48 55 55 58 58 49 49 48 48 51 51 49 49 59 59 59 59 49 49 58 58 59 59 60 60 51 51 60 60 61 61 51 51 61 61 57 57 51 51 61 61 63 63 62 62 61 61 60 60 63 63 66 66 65 65 64 64 65 65 67 67 64 64 67 70 68 69 64 68 67 70 69 72 68 71 67 70 70 73 69 72 70 73 71 74 69 72</p>
                </polylist>
            </mesh>
        </geometry>
        <geometry id="mesh12_VC">
            <mesh>
                <source id="points12_VC">
                    <float_array id="pointarray12_VC" count="216">79.5 5 90 77.5 0 90 72.5 -2 91.50727844238281 77.5 10 90 67.35448455810547 0.2717280089855194 92.55093383789062 65.5 5 91.50727844238281 72.5 12 90 67.5 10 90 79.5 5 90 82 5 70 77.5 0 90 80 0 70 77.5 10 90 76.46754455566406 10 80 80 10 70 76.53742218017578 13 74.75 75 12 70 70 10 70 69.66252136230469 11 80.35733795166016 71.53742980957031 13 85.25 72.5 12 90 67.5 10 90 74.83686065673828 22.787517547607422 94.46342468261719 70.18260955810547 22.787517547607422 94.46342468261719 72.50973510742188 25.787517547607422 91.96342468261719 69.72795867919922 29.44318389892578 73.80937194824219 67.5342788696289 27.44318389892578 71.11609649658203 72.18852996826172 27.44318389892578 71.11609649658203 70.70370483398438 15.75 83.6090087890625 74.41215515136719 14.75 83.26776885986328 71.53742218017578 19 84.5 69.2103042602539 21.5 82 74.52493286132812 15.75 77.66287994384766 73.86454772949219 21.5 82 70.81648254394531 14.75 78.00411987304688 71.53742218017578 19 79.5 -76.53742218017578 19.74458885192871 83.40208435058594 -78.86454772949219 24 91 -74.2103042602539 24 91 -74.927490234375 22.68755531311035 78.46258544921875 -76.53742218017578 26.784841537475586 89.63878631591797 -79.58173370361328 22.68755531311035 78.46258544921875 -76.18290710449219 20.59667205810547 75.65452575683594 -82.08173370361328 28.104450225830078 70.19200134277344 -77.427490234375 28.104450225830078 70.19200134277344 -79.04765319824219 30.104450225830078 72.87316131591797 -72.73075866699219 15.184288024902344 77.51986694335938 -73.54991149902344 15.75 83.33712005615234 -70.90123748779297 11 80.41392517089844 -74.03742218017578 13 74.75 -75.79202270507812 16.184288024902344 76.96207427978516 -77.70275115966797 10 79.75555419921875 -77.19459533691406 14.75 82.26555633544922 -76.53742980957031 13 85.25 -70 10 90 -67.5 10 70 -75 12 90 -80 10 90 -72.5 12 70 -77.5 10 70 -79.5 5 70 -82 5 90 -80 0 90 -77.5 0 70 -68 5 91.50727844238281 -75 12 90 -70 10 90 -80 10 90 -69.85448455810547 0.2717280089855194 92.55093383789062 -75 -2 91.50727844238281 -82 5 90 -80 0 90</float_array>
                    <technique_common>
                        <accessor count="72" source="#pointarray12_VC" stride="3">
                            <param name="X" type="float"/>
                            <param name="Y" type="float"/>
                            <param name="Z" type="float"/>
                        </accessor>
                    </technique_common>
                </source>
                <source id="uvs12_VC">
                    <float_array id="uvarray12_VC" count="4">0.50390625 0.00390625 0.50390625 0.99609375</float_array>
                    <technique_common>
                        <accessor count="2" source="#uvarray12_VC" stride="2">
                            <param name="S" type="float"/>
                            <param name="T" type="float"/>
                        </accessor>
                    </technique_common>
                </source>
                <vertices id="vertices12_VC">
                    <input semantic="POSITION" source="#points12_VC"/>
                </vertices>
                <polylist count="100" material="Material1">
                    <input offset="0" semantic="VERTEX" source="#vertices12_VC"/>
                    <input offset="1" semantic="TEXCOORD" source="#uvs12_VC" set="0"/>
                    <vcount>3 3 3 3 3 3 3 3 3 3 3 3 3 3 3 3 3 3 3 3 3 3 3 3 3 3 3 3 3 3 3 3 3 3 3 3 3 3 3 3 3 3 3 3 3 3 3 3 3 3 3 3 3 3 3 3 3 3 3 3 3 3 3 3 3 3 3 3 3 3 3 3 3 3 3 3 3 3 3 3 3 3 3 3 3 3 3 3 3 3 3 3 3 3 3 3 3 3 3 3</vcount>
                    <p>2 0 1 0 0 0 2 0 0 0 3 0 4 0 2 0 3 0 5 0 4 0 3 0 5 0 3 0 6 0 5 0 6 0 7 0 10 1 9 1 8 1 10 1 11 1 9 1 13 0 12 1 8 1 13 0 8 1 9 1 13 0 9 1 14 1 16 1 15 0 14 1 14 1 15 0 13 0 17 1 15 0 16 1 17 1 18 0 15 0 19 0 12 1 13 0 20 1 12 1 19 0 21 1 19 0 18 0 21 1 20 1 19 0 21 1 18 0 17 1 24 0 23 0 22 0 27 0 26 0 25 0 28 0 18 0 19 0 28 0 19 0 29 0 28 0 29 0 30 0 31 0 28 0 30 0 29 0 19 0 13 0 29 0 13 0 32 0 29 0 32 0 33 0 30 0 29 0 33 0 32 0 13 0 15 0 32 0 15 0 34 0 32 0 34 0 35 0 33 0 32 0 35 0 34 0 15 0 18 0 34 0 18 0 28 0 34 0 28 0 31 0 35 0 34 0 31 0 33 0 27 0 25 0 33 0 25 0 31 0 31 0 25 0 26 0 31 0 26 0 35 0 35 0 26 0 27 0 35 0 27 0 33 0 33 0 22 0 30 0 33 0 24 0 22 0 31 0 24 0 33 0 31 0 23 0 24 0 30 0 23 0 31 0 30 0 22 0 23 0 38 0 37 0 36 0 39 0 38 0 36 0 40 0 38 0 39 0 41 0 40 0 39 0 37 0 40 0 41 0 36 0 37 0 41 0 41 0 43 0 42 0 43 0 44 0 42 0 42 0 44 0 39 0 44 0 45 0 39 0 39 0 45 0 41 0 45 0 43 0 41 0 39 0 46 0 42 0 39 0 47 0 46 0 47 0 48 0 46 0 48 0 49 0 46 0 42 0 50 0 41 0 42 0 46 0 50 0 46 0 49 0 50 0 49 0 51 0 50 0 41 0 52 0 36 0 41 0 50 0 52 0 50 0 51 0 52 0 51 0 53 0 52 0 36 0 47 0 39 0 36 0 52 0 47 0 52 0 53 0 47 0 53 0 48 0 47 0 45 0 44 0 43 0 37 0 38 0 40 0 55 1 48 0 54 1 48 0 56 1 54 1 48 0 53 0 56 1 53 0 57 1 56 1 51 0 57 1 53 0 58 1 48 0 55 1 58 1 49 0 48 0 51 0 49 0 59 1 59 1 49 0 58 1 59 1 60 1 51 0 60 1 61 1 51 0 61 1 57 1 51 0 61 1 63 1 62 1 61 1 60 1 63 1 66 0 65 0 64 0 65 0 67 0 64 0 67 0 68 0 64 0 67 0 69 0 68 0 67 0 70 0 69 0 70 0 71 0 69 0</p>
                </polylist>
            </mesh>
        </geometry>
        <geometry id="mesh13">
            <mesh>
                <source id="points13">
                    <float_array id="pointarray13" count="24">-80 0 90 -80 -60 90 -77.5 0 70 -77.5 -60 70 80 0 70 80 -60 70 77.5 0 90 77.5 -60 90</float_array>
                    <technique_common>
                        <accessor count="8" source="#pointarray13" stride="3">
                            <param name="X" type="float"/>
                            <param name="Y" type="float"/>
                            <param name="Z" type="float"/>
                        </accessor>
                    </technique_common>
                </source>
                <source id="uvs13">
                    <float_array id="uvarray13" count="2">0 1</float_array>
                    <technique_common>
                        <accessor count="1" source="#uvarray13" stride="2">
                            <param name="S" type="float"/>
                            <param name="T" type="float"/>
                        </accessor>
                    </technique_common>
                </source>
                <vertices id="vertices13">
                    <input semantic="POSITION" source="#points13"/>
                </vertices>
                <polylist count="4" material="Material1">
                    <input offset="0" semantic="VERTEX" source="#vertices13"/>
                    <input offset="1" semantic="TEXCOORD" source="#uvs13" set="0"/>
                    <vcount>3 3 3 3</vcount>
                    <p>2 0 1 0 0 0 2 0 3 0 1 0 6 0 5 0 4 0 6 0 7 0 5 0</p>
                </polylist>
            </mesh>
        </geometry>
        <geometry id="mesh13_VC">
            <mesh>
                <source id="points13_VC">
                    <float_array id="pointarray13_VC" count="24">-80 0 90 -80 -60 90 -77.5 0 70 -77.5 -60 70 80 0 70 80 -60 70 77.5 0 90 77.5 -60 90</float_array>
                    <technique_common>
                        <accessor count="8" source="#pointarray13_VC" stride="3">
                            <param name="X" type="float"/>
                            <param name="Y" type="float"/>
                            <param name="Z" type="float"/>
                        </accessor>
                    </technique_common>
                </source>
                <source id="uvs13_VC">
                    <float_array id="uvarray13_VC" count="4">0.00390625 0.00390625 0.49609375 0.00390625</float_array>
                    <technique_common>
                        <accessor count="2" source="#uvarray13_VC" stride="2">
                            <param name="S" type="float"/>
                            <param name="T" type="float"/>
                        </accessor>
                    </technique_common>
                </source>
                <vertices id="vertices13_VC">
                    <input semantic="POSITION" source="#points13_VC"/>
                </vertices>
                <polylist count="4" material="Material1">
                    <input offset="0" semantic="VERTEX" source="#vertices13_VC"/>
                    <input offset="1" semantic="TEXCOORD" source="#uvs13_VC" set="0"/>
                    <vcount>3 3 3 3</vcount>
                    <p>2 0 1 1 0 0 2 0 3 1 1 1 6 0 5 1 4 0 6 0 7 1 5 1</p>
                </polylist>
            </mesh>
        </geometry>
        <geometry id="mesh14">
            <mesh>
                <source id="points14">
                    <float_array id="pointarray14" count="12">77.5 -60 90 -80 -60 90 77.5 0 90 -80 0 90</float_array>
                    <technique_common>
                        <accessor count="4" source="#pointarray14" stride="3">
                            <param name="X" type="float"/>
                            <param name="Y" type="float"/>
                            <param name="Z" type="float"/>
                        </accessor>
                    </technique_common>
                </source>
                <source id="uvs14">
                    <float_array id="uvarray14" count="2">0 1</float_array>
                    <technique_common>
                        <accessor count="1" source="#uvarray14" stride="2">
                            <param name="S" type="float"/>
                            <param name="T" type="float"/>
                        </accessor>
                    </technique_common>
                </source>
                <vertices id="vertices14">
                    <input semantic="POSITION" source="#points14"/>
                </vertices>
                <polylist count="2" material="Material1">
                    <input offset="0" semantic="VERTEX" source="#vertices14"/>
                    <input offset="1" semantic="TEXCOORD" source="#uvs14" set="0"/>
                    <vcount>3 3</vcount>
                    <p>2 0 1 0 0 0 2 0 3 0 1 0</p>
                </polylist>
            </mesh>
        </geometry>
        <geometry id="mesh14_VC">
            <mesh>
                <source id="points14_VC">
                    <float_array id="pointarray14_VC" count="12">77.5 -60 90 -80 -60 90 77.5 0 90 -80 0 90</float_array>
                    <technique_common>
                        <accessor count="4" source="#pointarray14_VC" stride="3">
                            <param name="X" type="float"/>
                            <param name="Y" type="float"/>
                            <param name="Z" type="float"/>
                        </accessor>
                    </technique_common>
                </source>
                <source id="uvs14_VC">
                    <float_array id="uvarray14_VC" count="4">0.00390625 0.00390625 0.49609375 0.00390625</float_array>
                    <technique_common>
                        <accessor count="2" source="#uvarray14_VC" stride="2">
                            <param name="S" type="float"/>
                            <param name="T" type="float"/>
                        </accessor>
                    </technique_common>
                </source>
                <vertices id="vertices14_VC">
                    <input semantic="POSITION" source="#points14_VC"/>
                </vertices>
                <polylist count="2" material="Material1">
                    <input offset="0" semantic="VERTEX" source="#vertices14_VC"/>
                    <input offset="1" semantic="TEXCOORD" source="#uvs14_VC" set="0"/>
                    <vcount>3 3</vcount>
                    <p>2 0 1 1 0 1 2 0 3 0 1 1</p>
                </polylist>
            </mesh>
        </geometry>
        <geometry id="mesh15">
            <mesh>
                <source id="points15">
                    <float_array id="pointarray15" count="261">64.31739807128906 25.31087875366211 84.44074249267578 62.86835861206055 29.101621627807617 86.4240493774414 61.85067367553711 33.469478607177734 84.85843658447266 60.28063201904297 35.12214279174805 80.93033599853516 64.31739807128906 23.75684928894043 80.06389617919922 62.80862808227539 24.908044815063477 76.44121551513672 60.655704498291016 33.2261848449707 76.86656188964844 60.67283248901367 28.73395347595215 75.0252685546875 62.86835861206055 29.101621627807617 86.4240493774414 36.23047637939453 21.269092559814453 86.47279357910156 61.85067367553711 33.469478607177734 84.85843658447266 33.87428283691406 25.888702392578125 84.89696502685547 46.94296646118164 31.822681427001953 81.06416320800781 60.28063201904297 35.12214279174805 80.93033599853516 32.279239654541016 27.889890670776367 80.95472717285156 38.85066604614258 29.021268844604492 76.89042663574219 53.53208923339844 33.66748046875 77.07711029052734 60.655704498291016 33.2261848449707 76.86656188964844 60.67283248901367 28.73395347595215 75.0252685546875 48.4034538269043 26.747928619384766 75.28669738769531 49.81333541870117 45.43944549560547 68.99647521972656 54.476097106933594 43.35477828979492 68.4869155883789 53.590457916259766 46.4014778137207 71.2403793334961 26.735919952392578 36.51002502441406 72.43630981445312 27.621559143066406 33.46332931518555 69.6828384399414 28.25484275817871 37.1115837097168 69.52954864501953 50.15556335449219 32.96402359008789 73.93736267089844 48.548255920410156 35.291229248046875 77.43777465820312 46.824222564697266 37.57797622680664 73.8948745727539 42.45661926269531 37.02541732788086 70.42790985107422 41.548309326171875 33.66337585449219 76.91935729980469 41.570980072021484 40.072113037109375 73.1813735961914 43.141910552978516 29.902185440063477 74.60546875 39.475341796875 35.591514587402344 73.82699584960938 62.80862808227539 24.908044815063477 76.44121551513672 20.312694549560547 28.45615577697754 76.04166412353516 -16.333332061767578 28.10640525817871 76.04166412353516 27.839372634887695 7.5 71.04166412353516 -16.333332061767578 7.5 71.04166412353516 -57.77302551269531 35.14002227783203 73.70358276367188 -16.333332061767578 25.884235382080078 79.40729522705078 -59.84706115722656 30.911296844482422 73.70358276367188 -16.333332061767578 24.080598831176758 76.28330993652344 -57.77302551269531 32.97566223144531 69.3748550415039 60 29.60640525817871 76.04166412353516 57 28.10640525817871 92.79166412353516 57 32.606407165527344 84.79166412353516 63.75 12.651601791381836 95.97916412353516 60 13.026601791381836 70.60416412353516 60.25 7.5 75.85416412353516 62.75 7.5 89.97916412353516 -57 28.10640525817871 76.04166412353516 -60 12.651601791381836 70.60416412353516 -60.25 7.5 75.85416412353516 -57 26.60640525817871 92.79166412353516 -57 31.10640525817871 84.79166412353516 -63.75 12.276601791381836 95.97916412353516 -62.75 7.5 89.97916412353516 -54.86349868774414 38.224952697753906 70.28173065185547 -51.3298225402832 39.15412139892578 67.22064971923828 -50.631744384765625 40.57374954223633 71.17935943603516 -47.46002960205078 33.1994743347168 74.12808990478516 -42.686424255371094 32.04057312011719 72.81291198730469 -48.40412902832031 31.6755313873291 70.68604278564453 -16.333332061767578 7.5 94.79166412353516 -16.333332061767578 26.60640525817871 90.91666412353516 16.333332061767578 26.60640525817871 90.91666412353516 16.333332061767578 7.5 94.79166412353516 -51.84812545776367 33.926578521728516 95.29593658447266 -51.448944091796875 29.469280242919922 98.1475830078125 -53.9897575378418 28.374805450439453 94.8696517944336 -11.306325912475586 25.28436279296875 87.75077819824219 -10.991120338439941 22.130126953125 90.0025405883789 -42.613494873046875 32.07026672363281 94.08112335205078 -10.8631591796875 26.60640525817871 90.91666412353516 -41.37769317626953 28.4749813079834 96.1391830444336 54.680660247802734 39.353782653808594 95.7084732055664 53.93375778198242 41.444393157958984 91.37974548339844 57.39642333984375 37.762359619140625 91.37974548339844 17.722606658935547 22.717775344848633 90.6750259399414 17.100187301635742 24.45995330810547 87.55103302001953 46.07966613769531 36.27931594848633 94.39728546142578 44.6418342590332 37.56806945800781 90.95524597167969 40.430816650390625 35.52203369140625 92.27041625976562 50.05878448486328 43.85942459106445 94.80159759521484 45.16067123413086 45.30674743652344 93.90397644042969 46.324867248535156 44.07099914550781 97.86267852783203</float_array>
                    <technique_common>
                        <accessor count="87" source="#pointarray15" stride="3">
                            <param name="X" type="float"/>
                            <param name="Y" type="float"/>
                            <param name="Z" type="float"/>
                        </accessor>
                    </technique_common>
                </source>
                <source id="uvs15">
                    <float_array id="uvarray15" count="186">0.06033499911427498 1.146468997001648 0.08353699743747711 1.1730200052261353 0.10698600113391876 1.1559869945049286 0.11507999897003174 1.1082990020513535 0.049341000616550446 1.0915160030126572 0.11507999897003174 1.1082980036735535 0.055546000599861145 1.0475150011479855 0.049341000616550446 1.0915149971842766 0.10219699889421463 1.057032998651266 0.05554499849677086 1.0475150011479855 0.10219600051641464 1.0570340007543564 0.07669500261545181 1.0316580012440681 0.9920780062675476 0.35007399320602417 0.9394180178642273 0.25066202878952026 0.9288859963417053 0.35007399320602417 0.876226007938385 0.25066202878952026 0.7596909999847412 0.3003680109977722 0.7814379930496216 0.35007399320602417 0.7287780046463013 0.25066202878952026 0.5926510095596313 0.27427202463150024 0.6453109979629517 0.326462984085083 0.6339899897575378 0.35007399320602417 0.5707989931106567 0.35007399320602417 0.5528889894485474 0.3009589910507202 0.41150999069213867 0.35095900297164917 0.40232500433921814 0.3625109791755676 0.500361979007721 0.3625109791755676 0.5063940286636353 0.23224502801895142 0.40835699439048767 0.23224502801895142 0.40303200483322144 0.23921602964401245 0.5244560241699219 0.31695497035980225 0.6485679745674133 0.31339097023010254 0.49630001187324524 0.3116750121116638 0.41495999693870544 0.29853397607803345 0.5976539850234985 0.2887510061264038 0.45961201190948486 0.2995460033416748 0.5171939730644226 0.28968697786331177 0.4803360104560852 0.2867509722709656 0.5927129983901978 0.5260420143604279 0.805429995059967 0.5260420143604279 0.5983030200004578 0.10556602478027344 0.8100849986076355 0.10293298959732056 0.41961100697517395 0.6577990055084229 0.6275010108947754 0.6015239953994751 0.4093030095100403 0.6488609910011292 0.4840579926967621 0.5949810147285461 0.4840579926967621 0.6991139948368073 0.22687800228595734 0.5898459851741791 0.6275010108947754 0.6915119886398315 0.41526898741722107 0.7113339900970459 0.10468599945306778 1.1794500052928925 0.10468599945306778 1.0360529981553555 0.04409800097346306 1.0920870006084442 0.286734014749527 0.454925000667572 0.271109014749527 0.8736750036478043 0.317984014749527 0.673675000667572 0.11012200266122818 0.9533619992434978 0.11402799934148788 0.31898701190948486 0.05645899847149849 0.450236976146698 0.05645899847149849 0.8033619970083237 1.0044829845428467 0.5246089994907379 1.006140947341919 0.1452620029449463 1.0029020309448242 0.02051001787185669 0.255484014749527 0.8736750036478043 0.271109014749527 0.454925000667572 0.302359014749527 0.673675000667572 0.11012200266122818 0.31898701190948486 0.10621500015258789 0.9533619992434978 0.04015500098466873 0.2781509757041931 0.028342999517917633 0.36268502473831177 0.07122699916362762 0.33695197105407715 0.5050899982452393 0.6366330087184906 0.47606098651885986 0.6677590012550354 0.5420029759407043 0.6745179891586304 0.45521798729896545 0.6889240145683289 0.48040398955345154 0.6988840103149414 0.44479700922966003 0.6615340113639832 0.602429986000061 0.6458640098571777 0.9950000047683716 1.198293998837471 0.8037629723548889 1.273730993270874 0.9965800046920776 1.3925420045852661 0.9981610178947449 0.9665829986333847 0.8053439855575562 0.8741199970245361 0.5983030200004578 0.8718789964914322 0.5967220067977905 1.264820009469986 0.3975830078125 0.9507840014994144 0.39916399121284485 1.2191500067710876 0.3944219946861267 1.3539279997348785 0.398048996925354 0.7447920143604279 0.398048996925354 0.5260420143604279 1.0060629844665527 0.7240090072154999 0.4133099913597107 0.1452620029449463 0.41496801376342773 0.026574015617370605</float_array>
                    <technique_common>
                        <accessor count="93" source="#uvarray15" stride="2">
                            <param name="S" type="float"/>
                            <param name="T" type="float"/>
                        </accessor>
                    </technique_common>
                </source>
                <vertices id="vertices15">
                    <input semantic="POSITION" source="#points15"/>
                </vertices>
                <polylist count="130" material="Material1">
                    <input offset="0" semantic="VERTEX" source="#vertices15"/>
                    <input offset="1" semantic="TEXCOORD" source="#uvs15" set="0"/>
                    <vcount>3 3 3 3 3 3 3 3 3 3 3 3 3 3 3 3 3 3 3 3 3 3 3 3 3 3 3 3 3 3 3 3 3 3 3 3 3 3 3 3 3 3 3 3 3 3 3 3 3 3 3 3 3 3 3 3 3 3 3 3 3 3 3 3 3 3 3 3 3 3 3 3 3 3 3 3 3 3 3 3 3 3 3 3 3 3 3 3 3 3 3 3 3 3 3 3 3 3 3 3 3 3 3 3 3 3 3 3 3 3 3 3 3 3 3 3 3 3 3 3 3 3 3 3 3 3 3 3 3 3</vcount>
                    <p>2 2 1 1 0 0 3 3 2 2 0 0 3 5 0 0 4 4 3 5 4 7 5 6 6 8 3 5 5 6 7 11 6 10 5 9 10 14 9 13 8 12 10 14 11 15 9 13 10 14 13 17 12 16 11 15 10 14 12 16 14 18 11 15 12 16 12 16 15 19 14 18 12 16 13 17 16 20 16 20 13 17 17 21 19 23 17 21 18 22 19 23 16 20 17 21 22 26 21 25 20 24 25 29 24 28 23 27 16 20 19 23 26 30 27 31 16 20 26 30 28 32 27 31 26 30 28 32 26 30 29 33 12 16 16 20 27 31 30 34 12 16 27 31 31 35 30 34 27 31 31 35 27 31 28 32 15 19 12 16 30 34 32 36 15 19 30 34 33 37 32 36 30 34 33 37 30 34 31 35 19 23 15 19 32 36 26 30 19 23 32 36 29 33 26 30 32 36 29 33 32 36 33 37 25 29 23 27 31 35 29 33 25 29 31 35 24 28 25 29 29 33 33 37 24 28 29 33 23 27 24 28 33 37 31 35 23 27 33 37 28 32 22 26 31 35 22 26 20 24 31 35 31 35 20 24 29 33 20 24 21 25 29 33 29 33 21 25 28 32 21 25 22 26 28 32 19 20 18 17 34 21 37 40 36 39 35 38 37 40 38 41 36 39 41 44 40 43 39 42 41 47 42 46 40 45 43 49 42 48 41 44 41 52 39 51 43 50 46 55 45 54 44 53 45 54 47 56 44 53 47 56 48 57 44 53 47 56 49 58 48 57 47 56 50 59 49 58 36 39 52 61 51 60 36 39 38 41 52 61 38 41 53 62 52 61 55 65 51 64 54 63 51 64 52 66 54 63 52 66 56 67 54 63 52 66 57 59 56 67 52 66 53 58 57 59 60 70 59 69 58 68 62 73 60 72 61 71 62 73 59 74 60 72 63 75 59 74 62 73 63 75 58 76 59 74 61 71 58 76 63 75 61 71 60 72 58 76 62 73 36 77 63 75 62 73 61 71 36 77 40 43 36 77 61 71 61 71 39 42 40 43 63 75 39 42 61 71 63 75 43 49 39 42 63 75 36 77 42 48 42 48 43 49 63 75 57 80 64 79 56 78 64 79 54 81 56 78 64 79 65 82 54 81 64 79 66 83 65 82 64 79 67 84 66 83 67 84 45 85 66 83 67 84 47 86 45 85 67 84 50 87 47 86 45 85 46 88 66 83 46 88 35 38 66 83 46 88 44 89 35 38 35 38 65 82 66 83 35 38 36 39 65 82 36 39 55 90 65 82 36 39 51 60 55 90 55 90 54 81 65 82 44 89 37 40 35 38 44 89 48 91 37 40 70 52 69 51 68 50 68 49 71 48 70 44 70 47 71 46 72 45 70 44 72 43 69 42 71 48 68 49 73 75 73 75 74 77 71 48 73 75 69 42 75 71 73 75 68 49 69 42 75 71 69 42 72 43 72 43 74 77 75 71 73 73 75 71 74 77 78 52 77 51 76 50 76 49 79 48 78 44 78 47 79 46 80 45 78 44 80 43 77 42 79 48 76 49 81 75 81 75 66 77 79 48 81 75 77 42 82 71 81 75 76 49 77 42 82 71 77 42 80 43 80 43 66 77 82 71 83 73 82 71 66 77 83 73 66 77 81 75 82 71 85 72 84 76 82 71 84 76 81 75 81 75 84 76 86 74 81 75 86 74 83 73 83 73 86 74 85 72 83 73 85 72 82 71 85 70 86 69 84 68 48 91 49 92 37 40</p>
                </polylist>
            </mesh>
        </geometry>
        <geometry id="mesh15_VC">
            <mesh>
                <source id="points15_VC">
                    <float_array id="pointarray15_VC" count="261">64.31739807128906 25.31087875366211 84.44074249267578 62.86835861206055 29.101621627807617 86.4240493774414 61.85067367553711 33.469478607177734 84.85843658447266 60.28063201904297 35.12214279174805 80.93033599853516 64.31739807128906 23.75684928894043 80.06389617919922 62.80862808227539 24.908044815063477 76.44121551513672 60.655704498291016 33.2261848449707 76.86656188964844 60.67283248901367 28.73395347595215 75.0252685546875 62.86835861206055 29.101621627807617 86.4240493774414 36.23047637939453 21.269092559814453 86.47279357910156 61.85067367553711 33.469478607177734 84.85843658447266 33.87428283691406 25.888702392578125 84.89696502685547 46.94296646118164 31.822681427001953 81.06416320800781 60.28063201904297 35.12214279174805 80.93033599853516 32.279239654541016 27.889890670776367 80.95472717285156 38.85066604614258 29.021268844604492 76.89042663574219 53.53208923339844 33.66748046875 77.07711029052734 60.655704498291016 33.2261848449707 76.86656188964844 60.67283248901367 28.73395347595215 75.0252685546875 48.4034538269043 26.747928619384766 75.28669738769531 49.81333541870117 45.43944549560547 68.99647521972656 54.476097106933594 43.35477828979492 68.4869155883789 53.590457916259766 46.4014778137207 71.2403793334961 26.735919952392578 36.51002502441406 72.43630981445312 27.621559143066406 33.46332931518555 69.6828384399414 28.25484275817871 37.1115837097168 69.52954864501953 50.15556335449219 32.96402359008789 73.93736267089844 48.548255920410156 35.291229248046875 77.43777465820312 46.824222564697266 37.57797622680664 73.8948745727539 42.45661926269531 37.02541732788086 70.42790985107422 41.548309326171875 33.66337585449219 76.91935729980469 41.570980072021484 40.072113037109375 73.1813735961914 43.141910552978516 29.902185440063477 74.60546875 39.475341796875 35.591514587402344 73.82699584960938 62.80862808227539 24.908044815063477 76.44121551513672 20.312694549560547 28.45615577697754 76.04166412353516 -16.333332061767578 28.10640525817871 76.04166412353516 27.839372634887695 7.5 71.04166412353516 -16.333332061767578 7.5 71.04166412353516 -57.77302551269531 35.14002227783203 73.70358276367188 -16.333332061767578 25.884235382080078 79.40729522705078 -59.84706115722656 30.911296844482422 73.70358276367188 -16.333332061767578 24.080598831176758 76.28330993652344 -57.77302551269531 32.97566223144531 69.3748550415039 60 29.60640525817871 76.04166412353516 57 28.10640525817871 92.79166412353516 57 32.606407165527344 84.79166412353516 63.75 12.651601791381836 95.97916412353516 60 13.026601791381836 70.60416412353516 60.25 7.5 75.85416412353516 62.75 7.5 89.97916412353516 -57 28.10640525817871 76.04166412353516 -60 12.651601791381836 70.60416412353516 -60.25 7.5 75.85416412353516 -57 26.60640525817871 92.79166412353516 -57 31.10640525817871 84.79166412353516 -63.75 12.276601791381836 95.97916412353516 -62.75 7.5 89.97916412353516 -54.86349868774414 38.224952697753906 70.28173065185547 -51.3298225402832 39.15412139892578 67.22064971923828 -50.631744384765625 40.57374954223633 71.17935943603516 -47.46002960205078 33.1994743347168 74.12808990478516 -42.686424255371094 32.04057312011719 72.81291198730469 -48.40412902832031 31.6755313873291 70.68604278564453 -16.333332061767578 7.5 94.79166412353516 -16.333332061767578 26.60640525817871 90.91666412353516 16.333332061767578 26.60640525817871 90.91666412353516 16.333332061767578 7.5 94.79166412353516 -51.84812545776367 33.926578521728516 95.29593658447266 -51.448944091796875 29.469280242919922 98.1475830078125 -53.9897575378418 28.374805450439453 94.8696517944336 -11.306325912475586 25.28436279296875 87.75077819824219 -10.991120338439941 22.130126953125 90.0025405883789 -42.613494873046875 32.07026672363281 94.08112335205078 -10.8631591796875 26.60640525817871 90.91666412353516 -41.37769317626953 28.4749813079834 96.1391830444336 54.680660247802734 39.353782653808594 95.7084732055664 53.93375778198242 41.444393157958984 91.37974548339844 57.39642333984375 37.762359619140625 91.37974548339844 17.722606658935547 22.717775344848633 90.6750259399414 17.100187301635742 24.45995330810547 87.55103302001953 46.07966613769531 36.27931594848633 94.39728546142578 44.6418342590332 37.56806945800781 90.95524597167969 40.430816650390625 35.52203369140625 92.27041625976562 50.05878448486328 43.85942459106445 94.80159759521484 45.16067123413086 45.30674743652344 93.90397644042969 46.324867248535156 44.07099914550781 97.86267852783203</float_array>
                    <technique_common>
                        <accessor count="87" source="#pointarray15_VC" stride="3">
                            <param name="X" type="float"/>
                            <param name="Y" type="float"/>
                            <param name="Z" type="float"/>
                        </accessor>
                    </technique_common>
                </source>
                <source id="uvs15_VC">
                    <float_array id="uvarray15_VC" count="4">0.50390625 0.00390625 0.50390625 0.99609375</float_array>
                    <technique_common>
                        <accessor count="2" source="#uvarray15_VC" stride="2">
                            <param name="S" type="float"/>
                            <param name="T" type="float"/>
                        </accessor>
                    </technique_common>
                </source>
                <vertices id="vertices15_VC">
                    <input semantic="POSITION" source="#points15_VC"/>
                </vertices>
                <polylist count="130" material="Material1">
                    <input offset="0" semantic="VERTEX" source="#vertices15_VC"/>
                    <input offset="1" semantic="TEXCOORD" source="#uvs15_VC" set="0"/>
                    <vcount>3 3 3 3 3 3 3 3 3 3 3 3 3 3 3 3 3 3 3 3 3 3 3 3 3 3 3 3 3 3 3 3 3 3 3 3 3 3 3 3 3 3 3 3 3 3 3 3 3 3 3 3 3 3 3 3 3 3 3 3 3 3 3 3 3 3 3 3 3 3 3 3 3 3 3 3 3 3 3 3 3 3 3 3 3 3 3 3 3 3 3 3 3 3 3 3 3 3 3 3 3 3 3 3 3 3 3 3 3 3 3 3 3 3 3 3 3 3 3 3 3 3 3 3 3 3 3 3 3 3</vcount>
                    <p>2 0 1 0 0 0 3 0 2 0 0 0 3 0 0 0 4 0 3 0 4 0 5 0 6 0 3 0 5 0 7 0 6 0 5 0 10 1 9 1 8 1 10 1 11 1 9 1 10 1 13 1 12 0 11 1 10 1 12 0 14 1 11 1 12 0 12 0 15 0 14 1 12 0 13 1 16 0 16 0 13 1 17 1 19 0 17 1 18 1 19 0 16 0 17 1 22 0 21 0 20 0 25 0 24 0 23 0 16 0 19 0 26 0 27 0 16 0 26 0 28 0 27 0 26 0 28 0 26 0 29 0 12 0 16 0 27 0 30 0 12 0 27 0 31 0 30 0 27 0 31 0 27 0 28 0 15 0 12 0 30 0 32 0 15 0 30 0 33 0 32 0 30 0 33 0 30 0 31 0 19 0 15 0 32 0 26 0 19 0 32 0 29 0 26 0 32 0 29 0 32 0 33 0 25 0 23 0 31 0 29 0 25 0 31 0 24 0 25 0 29 0 33 0 24 0 29 0 23 0 24 0 33 0 31 0 23 0 33 0 28 0 22 0 31 0 22 0 20 0 31 0 31 0 20 0 29 0 20 0 21 0 29 0 29 0 21 0 28 0 21 0 22 0 28 0 19 0 18 1 34 1 37 0 36 0 35 0 37 0 38 1 36 0 41 0 40 0 39 0 41 0 42 0 40 0 43 0 42 0 41 0 41 0 39 0 43 0 46 0 45 0 44 0 45 0 47 0 44 0 47 0 48 0 44 0 47 0 49 1 48 0 47 0 50 1 49 1 36 0 52 0 51 0 36 0 38 1 52 0 38 1 53 1 52 0 55 0 51 0 54 0 51 0 52 0 54 0 52 0 56 0 54 0 52 0 57 1 56 0 52 0 53 1 57 1 60 0 59 0 58 0 62 0 60 0 61 0 62 0 59 0 60 0 63 0 59 0 62 0 63 0 58 0 59 0 61 0 58 0 63 0 61 0 60 0 58 0 62 0 36 0 63 0 62 0 61 0 36 0 40 0 36 0 61 0 61 0 39 0 40 0 63 0 39 0 61 0 63 0 43 0 39 0 63 0 36 0 42 0 42 0 43 0 63 0 57 1 64 1 56 0 64 1 54 0 56 0 64 1 65 0 54 0 64 1 66 0 65 0 64 1 67 1 66 0 67 1 45 0 66 0 67 1 47 0 45 0 67 1 50 1 47 0 45 0 46 0 66 0 46 0 35 0 66 0 46 0 44 0 35 0 35 0 65 0 66 0 35 0 36 0 65 0 36 0 55 0 65 0 36 0 51 0 55 0 55 0 54 0 65 0 44 0 37 0 35 0 44 0 48 0 37 0 70 0 69 0 68 0 68 0 71 0 70 0 70 0 71 0 72 0 70 0 72 0 69 0 71 0 68 0 73 0 73 0 74 0 71 0 73 0 69 0 75 0 73 0 68 0 69 0 75 0 69 0 72 0 72 0 74 0 75 0 73 0 75 0 74 0 78 0 77 0 76 0 76 0 79 0 78 0 78 0 79 0 80 0 78 0 80 0 77 0 79 0 76 0 81 0 81 0 66 0 79 0 81 0 77 0 82 0 81 0 76 0 77 0 82 0 77 0 80 0 80 0 66 0 82 0 83 0 82 0 66 0 83 0 66 0 81 0 82 0 85 0 84 0 82 0 84 0 81 0 81 0 84 0 86 0 81 0 86 0 83 0 83 0 86 0 85 0 83 0 85 0 82 0 85 0 86 0 84 0 48 0 49 1 37 0</p>
                </polylist>
            </mesh>
        </geometry>
        <geometry id="mesh16">
            <mesh>
                <source id="points16">
                    <float_array id="pointarray16" count="30">-67.5 7.5 110 -70 10 90 65 10 110 67.5 10 90 -77.5 -2.5 110 75 0 110 -77.5 -2.5 110 -80 0 90 75 0 110 77.5 0 90</float_array>
                    <technique_common>
                        <accessor count="10" source="#pointarray16" stride="3">
                            <param name="X" type="float"/>
                            <param name="Y" type="float"/>
                            <param name="Z" type="float"/>
                        </accessor>
                    </technique_common>
                </source>
                <source id="uvs16">
                    <float_array id="uvarray16" count="28">1.046875 0.859375 1.046875 0.703125 -0.007813000120222569 0.859375 -0.027343999594449997 0.703125 1.046875 0.0195310115814209 -0.007813000120222569 0 1.125 0.0976560115814209 -0.0859379991889 0.078125 1.046875 0.546875 1.046875 0.390625 -0.007813000120222569 0.546875 1.0419150590896606 0.390625 -0.03230400010943413 0.390625 -0.012772999703884125 0.546875</float_array>
                    <technique_common>
                        <accessor count="14" source="#uvarray16" stride="2">
                            <param name="S" type="float"/>
                            <param name="T" type="float"/>
                        </accessor>
                    </technique_common>
                </source>
                <vertices id="vertices16">
                    <input semantic="POSITION" source="#points16"/>
                </vertices>
                <polylist count="6" material="Material1">
                    <input offset="0" semantic="VERTEX" source="#vertices16"/>
                    <input offset="1" semantic="TEXCOORD" source="#uvs16" set="0"/>
                    <vcount>3 3 3 3 3 3</vcount>
                    <p>2 2 1 1 0 0 2 2 3 3 1 1 4 6 2 5 0 4 4 6 5 7 2 5 8 10 7 9 6 8 8 13 9 12 7 11</p>
                </polylist>
            </mesh>
        </geometry>
        <geometry id="mesh16_VC">
            <mesh>
                <source id="points16_VC">
                    <float_array id="pointarray16_VC" count="30">-67.5 7.5 110 -70 10 90 65 10 110 67.5 10 90 -77.5 -2.5 110 75 0 110 -77.5 -2.5 110 -80 0 90 75 0 110 77.5 0 90</float_array>
                    <technique_common>
                        <accessor count="10" source="#pointarray16_VC" stride="3">
                            <param name="X" type="float"/>
                            <param name="Y" type="float"/>
                            <param name="Z" type="float"/>
                        </accessor>
                    </technique_common>
                </source>
                <source id="uvs16_VC">
                    <float_array id="uvarray16_VC" count="4">0.50390625 0.00390625 0.50390625 0.99609375</float_array>
                    <technique_common>
                        <accessor count="2" source="#uvarray16_VC" stride="2">
                            <param name="S" type="float"/>
                            <param name="T" type="float"/>
                        </accessor>
                    </technique_common>
                </source>
                <vertices id="vertices16_VC">
                    <input semantic="POSITION" source="#points16_VC"/>
                </vertices>
                <polylist count="6" material="Material1">
                    <input offset="0" semantic="VERTEX" source="#vertices16_VC"/>
                    <input offset="1" semantic="TEXCOORD" source="#uvs16_VC" set="0"/>
                    <vcount>3 3 3 3 3 3</vcount>
                    <p>2 0 1 0 0 0 2 0 3 0 1 0 4 0 2 0 0 0 4 0 5 0 2 0 8 1 7 1 6 1 8 1 9 1 7 1</p>
                </polylist>
            </mesh>
        </geometry>
        <geometry id="mesh17">
            <mesh>
                <source id="points17">
                    <float_array id="pointarray17" count="216">77 5 110 75 0 110 70 -2 111.50727844238281 75 10 110 64.85448455810547 0.2717280089855194 112.55093383789062 63 5 111.50727844238281 70 12 110 65 10 110 77 5 110 79.5 5 90 75 0 110 77.5 0 90 75 10 110 76.46754455566406 10 100 77.5 10 90 74.03742218017578 13 94.75 72.5 12 90 67.5 10 90 67.54617309570312 11 100.01042938232422 71.53742980957031 13 105.25 70 12 110 65 10 110 76.7674331665039 25.892379760742188 113.4616928100586 72.11318969726562 25.892379760742188 113.4616928100586 74.4403076171875 28.892379760742188 110.9616928100586 77.30719757080078 31.131811141967773 93.64309692382812 74.98007202148438 29.131811141967773 91.14309692382812 79.63431549072266 29.131811141967773 91.14309692382812 68.54991149902344 15.75 103.33712005615234 74.41215515136719 14.75 103.26776885986328 71.53742218017578 19.13649559020996 103.86593627929688 72.48007202148438 21.63649559020996 101.73461151123047 74.86883544921875 15.75 98.96137237548828 77.13431549072266 21.63649559020996 101.73461151123047 71.16268920898438 14.75 97.73223114013672 71.53742218017578 19.13649559020996 98.86593627929688 -74.03742218017578 24.15867042541504 103.4181900024414 -76.36454772949219 34.00812911987305 111.14202117919922 -71.7103042602539 34.00812911987305 111.14202880859375 -71.7103042602539 26.860820770263672 100.33978271484375 -74.03742218017578 35.61054611206055 108.7002182006836 -76.36454772949219 26.860820770263672 100.33978271484375 -74.03742218017578 24.15867042541504 98.4181900024414 -76.36454772949219 27.042783737182617 94.65092468261719 -71.71029663085938 27.042783737182617 94.65092468261719 -74.03742218017578 29.464221954345703 96.4583740234375 -71.16268920898438 14.75 97.73223114013672 -71.04991149902344 15.75 103.33712005615234 -69.10730743408203 11 100 -74.03742218017578 13 94.75 -77.02493286132812 15.75 97.66287994384766 -78.96754455566406 10 100 -76.91215515136719 14.75 103.26776885986328 -74.03742980957031 13 105.25 -67.5 7.5 110 -70 10 90 -72.5 9.5 110 -77.5 7.5 110 -75 12 90 -80 10 90 -82 5 90 -79.5 2.5 110 -77.5 -2.5 110 -80 0 90 -65.5 2.5 111.50727844238281 -72.5 9.5 110 -67.5 7.5 110 -77.5 7.5 110 -67.35448455810547 -2.228271961212158 112.55093383789062 -72.5 -4.5 111.50727844238281 -79.5 2.5 110 -77.5 -2.5 110</float_array>
                    <technique_common>
                        <accessor count="72" source="#pointarray17" stride="3">
                            <param name="X" type="float"/>
                            <param name="Y" type="float"/>
                            <param name="Z" type="float"/>
                        </accessor>
                    </technique_common>
                </source>
                <source id="uvs17">
                    <float_array id="uvarray17" count="150">0.37954699993133545 0.01846998929977417 0.31704699993133545 -0.0010609626770019531 0.16079699993133545 -0.008874058723449707 0.31704699993133545 0.03800100088119507 0 0 -0.05795300006866455 0.01846998929977417 0.16079699993133545 0.04581397771835327 0.004546999931335449 0.03800100088119507 0.5403810143470764 1.5625 0.6287689805030823 1.6875 0.6464470028877258 1.5625 0.7348350286483765 1.6875 0.2928929924964905 1.5625 0.34477901458740234 1.625 0.3812820017337799 1.6875 0.1527950018644333 1.6578119993209839 0.13379399478435516 1.6875 0.027728000655770302 1.6875 -0.005994999781250954 1.62493497133255 0.06440699845552444 1.5921880006790161 0.045405998826026917 1.5625 -0.06066000089049339 1.5625 -0.20649899542331696 1.5408639907836914 -0.37105101346969604 1.5408639907836914 -0.3948409855365753 1.5564889907836914 -0.37265700101852417 1.6647310256958008 -0.38422301411628723 1.6803560256958008 -0.21967099606990814 1.6803560256958008 -0.13844500482082367 1.6041430234909058 0.1041719987988472 1.6045759916305542 -0.15255099534988403 1.6008380055427551 -0.20761199295520782 1.6141589879989624 0.08496300131082535 1.6314910054206848 -0.04305899888277054 1.6141589879989624 -0.010714000090956688 1.639173984527588 -0.15255099534988403 1.6320880055427551 0.023440999910235405 0.5170910060405731 -0.2425130009651184 0.5557099878787994 -0.4070659875869751 0.5557099878787994 -0.1543699949979782 0.5016990005970001 -0.3814440071582794 0.5435009896755219 0.010181999765336514 0.5016990005970001 0.023440999910235405 0.49209100008010864 0.003748999908566475 0.4732549786567688 -0.16080400347709656 0.4732549786567688 -0.16413800418376923 0.4822919964790344 0.077674001455307 0.488660991191864 0.038332000374794006 0.5166859924793243 0.1375879943370819 0.5 0.24118299782276154 0.4737499952316284 0.2495809942483902 0.4883139729499817 0.5215550065040588 0.5 0.2809489965438843 0.5163390040397644 0.24118299782276154 0.5262500047683716 0.20450499653816223 0.550000011920929 0.11611700057983398 0.44999998807907104 0.31057101488113403 0.550000011920929 0.5580580234527588 0.550000011920929 0.2221830040216446 0.44999998807907104 0.46966999769210815 0.44999998807907104 0.7171570062637329 0.44999998807907104 0.8055459856987 0.550000011920929 0.9116119742393494 0.550000011920929 0.8232229948043823 0.44999998807907104 -0.5300379991531372 0.3608959913253784 -0.7487879991531372 0.40464597940444946 -0.5925379991531372 0.3921459913253784 -0.5300379991531372 0.3608970046043396 -0.9050379991531372 0.3921459913253784 -0.5879909992218018 0.3313450217247009 -0.9050379991531372 0.3921470046043396 -0.5879899859428406 0.3313450217247009 -0.7487879991531372 0.31714701652526855 -0.9675390124320984 0.3608970046043396 -0.9050379991531372 0.3296470046043396</float_array>
                    <technique_common>
                        <accessor count="75" source="#uvarray17" stride="2">
                            <param name="S" type="float"/>
                            <param name="T" type="float"/>
                        </accessor>
                    </technique_common>
                </source>
                <vertices id="vertices17">
                    <input semantic="POSITION" source="#points17"/>
                </vertices>
                <polylist count="100" material="Material1">
                    <input offset="0" semantic="VERTEX" source="#vertices17"/>
                    <input offset="1" semantic="TEXCOORD" source="#uvs17" set="0"/>
                    <vcount>3 3 3 3 3 3 3 3 3 3 3 3 3 3 3 3 3 3 3 3 3 3 3 3 3 3 3 3 3 3 3 3 3 3 3 3 3 3 3 3 3 3 3 3 3 3 3 3 3 3 3 3 3 3 3 3 3 3 3 3 3 3 3 3 3 3 3 3 3 3 3 3 3 3 3 3 3 3 3 3 3 3 3 3 3 3 3 3 3 3 3 3 3 3 3 3 3 3 3 3</vcount>
                    <p>2 2 1 1 0 0 2 2 0 0 3 3 4 4 2 2 3 3 5 5 4 4 3 3 5 5 3 3 6 6 5 5 6 6 7 7 10 10 9 9 8 8 10 10 11 11 9 9 13 13 12 12 8 8 13 13 8 8 9 9 13 13 9 9 14 14 16 16 15 15 14 14 14 14 15 15 13 13 17 17 15 15 16 16 17 17 18 18 15 15 19 19 12 12 13 13 20 20 12 12 19 19 21 21 19 19 18 18 21 21 20 20 19 19 21 21 18 18 17 17 24 24 23 23 22 22 27 27 26 26 25 25 28 28 18 18 19 19 28 28 19 19 29 29 28 28 29 29 30 30 31 31 28 28 30 30 29 29 19 19 13 13 29 29 13 13 32 32 29 29 32 32 33 33 30 30 29 29 33 33 32 32 13 13 15 15 32 32 15 15 34 34 32 32 34 34 35 35 33 33 32 32 35 35 34 34 15 15 18 18 34 34 18 18 28 28 34 34 28 28 31 31 35 35 34 34 31 31 33 33 27 27 25 25 33 33 25 25 31 31 31 31 25 25 26 26 31 31 26 26 35 35 35 35 26 26 27 27 35 35 27 27 33 33 33 33 22 22 30 30 33 33 24 24 22 22 31 31 24 24 33 33 31 31 23 23 24 24 30 30 23 23 31 31 30 30 22 22 23 23 38 38 37 37 36 36 39 39 38 38 36 36 40 40 38 38 39 39 41 41 40 40 39 39 37 37 40 40 41 41 36 36 37 37 41 41 41 41 43 43 42 42 43 43 44 44 42 42 42 42 44 44 39 39 44 44 45 45 39 39 39 39 45 45 41 41 45 45 43 43 41 41 39 39 46 46 42 42 39 39 47 47 46 46 47 47 48 48 46 46 48 48 49 49 46 46 42 42 50 50 41 41 42 42 46 46 50 50 46 46 49 49 50 50 49 49 51 51 50 50 41 41 52 52 36 36 41 41 50 50 52 52 50 50 51 51 52 52 51 51 53 53 52 52 36 36 47 47 39 39 36 36 52 52 47 47 52 52 53 53 47 47 53 53 48 48 47 47 45 45 44 44 43 43 37 37 38 38 40 40 55 55 48 48 54 54 48 48 56 56 54 54 48 48 53 53 56 56 53 53 57 57 56 56 51 51 57 57 53 53 58 58 48 48 55 55 58 58 49 49 48 48 51 51 49 49 59 59 59 59 49 49 58 58 59 59 60 60 51 51 60 60 61 61 51 51 61 61 57 57 51 51 61 61 63 63 62 62 61 61 60 60 63 63 66 66 65 65 64 64 65 65 67 68 64 67 67 70 68 69 64 67 67 70 69 72 68 71 67 70 70 73 69 72 70 73 71 74 69 72</p>
                </polylist>
            </mesh>
        </geometry>
        <geometry id="mesh17_VC">
            <mesh>
                <source id="points17_VC">
                    <float_array id="pointarray17_VC" count="216">77 5 110 75 0 110 70 -2 111.50727844238281 75 10 110 64.85448455810547 0.2717280089855194 112.55093383789062 63 5 111.50727844238281 70 12 110 65 10 110 77 5 110 79.5 5 90 75 0 110 77.5 0 90 75 10 110 76.46754455566406 10 100 77.5 10 90 74.03742218017578 13 94.75 72.5 12 90 67.5 10 90 67.54617309570312 11 100.01042938232422 71.53742980957031 13 105.25 70 12 110 65 10 110 76.7674331665039 25.892379760742188 113.4616928100586 72.11318969726562 25.892379760742188 113.4616928100586 74.4403076171875 28.892379760742188 110.9616928100586 77.30719757080078 31.131811141967773 93.64309692382812 74.98007202148438 29.131811141967773 91.14309692382812 79.63431549072266 29.131811141967773 91.14309692382812 68.54991149902344 15.75 103.33712005615234 74.41215515136719 14.75 103.26776885986328 71.53742218017578 19.13649559020996 103.86593627929688 72.48007202148438 21.63649559020996 101.73461151123047 74.86883544921875 15.75 98.96137237548828 77.13431549072266 21.63649559020996 101.73461151123047 71.16268920898438 14.75 97.73223114013672 71.53742218017578 19.13649559020996 98.86593627929688 -74.03742218017578 24.15867042541504 103.4181900024414 -76.36454772949219 34.00812911987305 111.14202117919922 -71.7103042602539 34.00812911987305 111.14202880859375 -71.7103042602539 26.860820770263672 100.33978271484375 -74.03742218017578 35.61054611206055 108.7002182006836 -76.36454772949219 26.860820770263672 100.33978271484375 -74.03742218017578 24.15867042541504 98.4181900024414 -76.36454772949219 27.042783737182617 94.65092468261719 -71.71029663085938 27.042783737182617 94.65092468261719 -74.03742218017578 29.464221954345703 96.4583740234375 -71.16268920898438 14.75 97.73223114013672 -71.04991149902344 15.75 103.33712005615234 -69.10730743408203 11 100 -74.03742218017578 13 94.75 -77.02493286132812 15.75 97.66287994384766 -78.96754455566406 10 100 -76.91215515136719 14.75 103.26776885986328 -74.03742980957031 13 105.25 -67.5 7.5 110 -70 10 90 -72.5 9.5 110 -77.5 7.5 110 -75 12 90 -80 10 90 -82 5 90 -79.5 2.5 110 -77.5 -2.5 110 -80 0 90 -65.5 2.5 111.50727844238281 -72.5 9.5 110 -67.5 7.5 110 -77.5 7.5 110 -67.35448455810547 -2.228271961212158 112.55093383789062 -72.5 -4.5 111.50727844238281 -79.5 2.5 110 -77.5 -2.5 110</float_array>
                    <technique_common>
                        <accessor count="72" source="#pointarray17_VC" stride="3">
                            <param name="X" type="float"/>
                            <param name="Y" type="float"/>
                            <param name="Z" type="float"/>
                        </accessor>
                    </technique_common>
                </source>
                <source id="uvs17_VC">
                    <float_array id="uvarray17_VC" count="4">0.50390625 0.00390625 0.50390625 0.99609375</float_array>
                    <technique_common>
                        <accessor count="2" source="#uvarray17_VC" stride="2">
                            <param name="S" type="float"/>
                            <param name="T" type="float"/>
                        </accessor>
                    </technique_common>
                </source>
                <vertices id="vertices17_VC">
                    <input semantic="POSITION" source="#points17_VC"/>
                </vertices>
                <polylist count="100" material="Material1">
                    <input offset="0" semantic="VERTEX" source="#vertices17_VC"/>
                    <input offset="1" semantic="TEXCOORD" source="#uvs17_VC" set="0"/>
                    <vcount>3 3 3 3 3 3 3 3 3 3 3 3 3 3 3 3 3 3 3 3 3 3 3 3 3 3 3 3 3 3 3 3 3 3 3 3 3 3 3 3 3 3 3 3 3 3 3 3 3 3 3 3 3 3 3 3 3 3 3 3 3 3 3 3 3 3 3 3 3 3 3 3 3 3 3 3 3 3 3 3 3 3 3 3 3 3 3 3 3 3 3 3 3 3 3 3 3 3 3 3</vcount>
                    <p>2 0 1 0 0 0 2 0 0 0 3 0 4 0 2 0 3 0 5 0 4 0 3 0 5 0 3 0 6 0 5 0 6 0 7 0 10 1 9 1 8 1 10 1 11 1 9 1 13 0 12 1 8 1 13 0 8 1 9 1 13 0 9 1 14 1 16 1 15 0 14 1 14 1 15 0 13 0 17 1 15 0 16 1 17 1 18 0 15 0 19 0 12 1 13 0 20 1 12 1 19 0 21 1 19 0 18 0 21 1 20 1 19 0 21 1 18 0 17 1 24 0 23 0 22 0 27 0 26 0 25 0 28 0 18 0 19 0 28 0 19 0 29 0 28 0 29 0 30 0 31 0 28 0 30 0 29 0 19 0 13 0 29 0 13 0 32 0 29 0 32 0 33 0 30 0 29 0 33 0 32 0 13 0 15 0 32 0 15 0 34 0 32 0 34 0 35 0 33 0 32 0 35 0 34 0 15 0 18 0 34 0 18 0 28 0 34 0 28 0 31 0 35 0 34 0 31 0 33 0 27 0 25 0 33 0 25 0 31 0 31 0 25 0 26 0 31 0 26 0 35 0 35 0 26 0 27 0 35 0 27 0 33 0 33 0 22 0 30 0 33 0 24 0 22 0 31 0 24 0 33 0 31 0 23 0 24 0 30 0 23 0 31 0 30 0 22 0 23 0 38 0 37 0 36 0 39 0 38 0 36 0 40 0 38 0 39 0 41 0 40 0 39 0 37 0 40 0 41 0 36 0 37 0 41 0 41 0 43 0 42 0 43 0 44 0 42 0 42 0 44 0 39 0 44 0 45 0 39 0 39 0 45 0 41 0 45 0 43 0 41 0 39 0 46 0 42 0 39 0 47 0 46 0 47 0 48 0 46 0 48 0 49 0 46 0 42 0 50 0 41 0 42 0 46 0 50 0 46 0 49 0 50 0 49 0 51 0 50 0 41 0 52 0 36 0 41 0 50 0 52 0 50 0 51 0 52 0 51 0 53 0 52 0 36 0 47 0 39 0 36 0 52 0 47 0 52 0 53 0 47 0 53 0 48 0 47 0 45 0 44 0 43 0 37 0 38 0 40 0 55 1 48 0 54 1 48 0 56 1 54 1 48 0 53 0 56 1 53 0 57 1 56 1 51 0 57 1 53 0 58 1 48 0 55 1 58 1 49 0 48 0 51 0 49 0 59 1 59 1 49 0 58 1 59 1 60 1 51 0 60 1 61 1 51 0 61 1 57 1 51 0 61 1 63 1 62 1 61 1 60 1 63 1 66 0 65 0 64 0 65 0 67 0 64 0 67 0 68 0 64 0 67 0 69 0 68 0 67 0 70 0 69 0 70 0 71 0 69 0</p>
                </polylist>
            </mesh>
        </geometry>
        <geometry id="mesh18">
            <mesh>
                <source id="points18">
                    <float_array id="pointarray18" count="24">-77.5 -2.5 110 -77.5 -60 110 -80 0 90 -80 -60 90 77.5 0 90 77.5 -60 90 75 0 110 75 -60 110</float_array>
                    <technique_common>
                        <accessor count="8" source="#pointarray18" stride="3">
                            <param name="X" type="float"/>
                            <param name="Y" type="float"/>
                            <param name="Z" type="float"/>
                        </accessor>
                    </technique_common>
                </source>
                <source id="uvs18">
                    <float_array id="uvarray18" count="2">0 1</float_array>
                    <technique_common>
                        <accessor count="1" source="#uvarray18" stride="2">
                            <param name="S" type="float"/>
                            <param name="T" type="float"/>
                        </accessor>
                    </technique_common>
                </source>
                <vertices id="vertices18">
                    <input semantic="POSITION" source="#points18"/>
                </vertices>
                <polylist count="4" material="Material1">
                    <input offset="0" semantic="VERTEX" source="#vertices18"/>
                    <input offset="1" semantic="TEXCOORD" source="#uvs18" set="0"/>
                    <vcount>3 3 3 3</vcount>
                    <p>2 0 1 0 0 0 2 0 3 0 1 0 6 0 5 0 4 0 6 0 7 0 5 0</p>
                </polylist>
            </mesh>
        </geometry>
        <geometry id="mesh18_VC">
            <mesh>
                <source id="points18_VC">
                    <float_array id="pointarray18_VC" count="24">-77.5 -2.5 110 -77.5 -60 110 -80 0 90 -80 -60 90 77.5 0 90 77.5 -60 90 75 0 110 75 -60 110</float_array>
                    <technique_common>
                        <accessor count="8" source="#pointarray18_VC" stride="3">
                            <param name="X" type="float"/>
                            <param name="Y" type="float"/>
                            <param name="Z" type="float"/>
                        </accessor>
                    </technique_common>
                </source>
                <source id="uvs18_VC">
                    <float_array id="uvarray18_VC" count="4">0.00390625 0.00390625 0.49609375 0.00390625</float_array>
                    <technique_common>
                        <accessor count="2" source="#uvarray18_VC" stride="2">
                            <param name="S" type="float"/>
                            <param name="T" type="float"/>
                        </accessor>
                    </technique_common>
                </source>
                <vertices id="vertices18_VC">
                    <input semantic="POSITION" source="#points18_VC"/>
                </vertices>
                <polylist count="4" material="Material1">
                    <input offset="0" semantic="VERTEX" source="#vertices18_VC"/>
                    <input offset="1" semantic="TEXCOORD" source="#uvs18_VC" set="0"/>
                    <vcount>3 3 3 3</vcount>
                    <p>2 0 1 1 0 0 2 0 3 1 1 1 6 0 5 1 4 0 6 0 7 1 5 1</p>
                </polylist>
            </mesh>
        </geometry>
        <geometry id="mesh19">
            <mesh>
                <source id="points19">
                    <float_array id="pointarray19" count="12">75 -60 110 -77.5 -60 110 75 0 110 -77.5 -2.5 110</float_array>
                    <technique_common>
                        <accessor count="4" source="#pointarray19" stride="3">
                            <param name="X" type="float"/>
                            <param name="Y" type="float"/>
                            <param name="Z" type="float"/>
                        </accessor>
                    </technique_common>
                </source>
                <source id="uvs19">
                    <float_array id="uvarray19" count="2">0 1</float_array>
                    <technique_common>
                        <accessor count="1" source="#uvarray19" stride="2">
                            <param name="S" type="float"/>
                            <param name="T" type="float"/>
                        </accessor>
                    </technique_common>
                </source>
                <vertices id="vertices19">
                    <input semantic="POSITION" source="#points19"/>
                </vertices>
                <polylist count="2" material="Material1">
                    <input offset="0" semantic="VERTEX" source="#vertices19"/>
                    <input offset="1" semantic="TEXCOORD" source="#uvs19" set="0"/>
                    <vcount>3 3</vcount>
                    <p>2 0 1 0 0 0 2 0 3 0 1 0</p>
                </polylist>
            </mesh>
        </geometry>
        <geometry id="mesh19_VC">
            <mesh>
                <source id="points19_VC">
                    <float_array id="pointarray19_VC" count="12">75 -60 110 -77.5 -60 110 75 0 110 -77.5 -2.5 110</float_array>
                    <technique_common>
                        <accessor count="4" source="#pointarray19_VC" stride="3">
                            <param name="X" type="float"/>
                            <param name="Y" type="float"/>
                            <param name="Z" type="float"/>
                        </accessor>
                    </technique_common>
                </source>
                <source id="uvs19_VC">
                    <float_array id="uvarray19_VC" count="4">0.00390625 0.00390625 0.49609375 0.00390625</float_array>
                    <technique_common>
                        <accessor count="2" source="#uvarray19_VC" stride="2">
                            <param name="S" type="float"/>
                            <param name="T" type="float"/>
                        </accessor>
                    </technique_common>
                </source>
                <vertices id="vertices19_VC">
                    <input semantic="POSITION" source="#points19_VC"/>
                </vertices>
                <polylist count="2" material="Material1">
                    <input offset="0" semantic="VERTEX" source="#vertices19_VC"/>
                    <input offset="1" semantic="TEXCOORD" source="#uvs19_VC" set="0"/>
                    <vcount>3 3</vcount>
                    <p>2 0 1 1 0 1 2 0 3 0 1 1</p>
                </polylist>
            </mesh>
        </geometry>
        <geometry id="mesh20">
            <mesh>
                <source id="points20">
                    <float_array id="pointarray20" count="261">64.31739807128906 25.31087875366211 104.44074249267578 62.86835861206055 29.101621627807617 106.4240493774414 61.85067367553711 33.469478607177734 104.85843658447266 60.28063201904297 35.12214279174805 100.93033599853516 64.31739807128906 23.75684928894043 100.06389617919922 62.80862808227539 24.908044815063477 96.44121551513672 60.655704498291016 33.2261848449707 96.86656188964844 60.67283248901367 28.73395347595215 95.0252685546875 62.86835861206055 29.101621627807617 106.4240493774414 36.23047637939453 21.269092559814453 106.47279357910156 61.85067367553711 33.469478607177734 104.85843658447266 33.87428283691406 25.888702392578125 104.89696502685547 46.94296646118164 31.822681427001953 101.06416320800781 60.28063201904297 35.12214279174805 100.93033599853516 32.279239654541016 27.889890670776367 100.95472717285156 38.85066604614258 29.021268844604492 96.89042663574219 53.53208923339844 33.66748046875 97.07711029052734 60.655704498291016 33.2261848449707 96.86656188964844 60.67283248901367 28.73395347595215 95.0252685546875 48.4034538269043 26.747928619384766 95.28669738769531 49.81333541870117 45.43944549560547 88.99647521972656 54.476097106933594 43.35477828979492 88.4869155883789 53.590457916259766 46.4014778137207 91.2403793334961 26.735919952392578 36.51002502441406 92.43630981445312 27.621559143066406 33.46332931518555 89.6828384399414 28.25484275817871 37.1115837097168 89.52954864501953 50.15556335449219 32.96402359008789 93.93736267089844 48.548255920410156 35.291229248046875 97.43777465820312 46.824222564697266 37.57797622680664 93.8948745727539 42.45661926269531 37.02541732788086 90.42790985107422 41.548309326171875 33.66337585449219 96.91935729980469 41.570980072021484 40.072113037109375 93.1813735961914 43.141910552978516 29.902185440063477 94.60546875 39.475341796875 35.591514587402344 93.82699584960938 62.80862808227539 24.908044815063477 96.44121551513672 20.312694549560547 28.45615577697754 96.04166412353516 -16.333332061767578 28.10640525817871 96.04166412353516 27.839372634887695 7.5 91.04166412353516 -16.333332061767578 7.5 91.04166412353516 -57.77302551269531 35.14002227783203 93.70358276367188 -16.333332061767578 25.884235382080078 99.40729522705078 -59.84706115722656 30.911296844482422 93.70358276367188 -16.333332061767578 24.080598831176758 96.28330993652344 -57.77302551269531 32.97566223144531 89.3748550415039 60 29.60640525817871 96.04166412353516 57 28.10640525817871 112.79166412353516 57 32.606407165527344 104.79166412353516 63.75 12.651601791381836 115.97916412353516 60 13.026601791381836 90.60416412353516 60.25 7.5 95.85416412353516 62.75 7.5 109.97916412353516 -57 28.10640525817871 96.04166412353516 -60 12.651601791381836 90.60416412353516 -60.25 7.5 95.85416412353516 -57 26.60640525817871 112.79166412353516 -57 31.10640525817871 104.79166412353516 -63.75 12.276601791381836 115.97916412353516 -62.75 7.5 109.97916412353516 -54.86349868774414 38.224952697753906 90.28173065185547 -51.3298225402832 39.15412139892578 87.22064971923828 -50.631744384765625 40.57374954223633 91.17935943603516 -47.46002960205078 33.1994743347168 94.12808990478516 -42.686424255371094 32.04057312011719 92.81291198730469 -48.40412902832031 31.6755313873291 90.68604278564453 -16.333332061767578 7.5 114.79166412353516 -16.333332061767578 26.60640525817871 110.91666412353516 16.333332061767578 26.60640525817871 110.91666412353516 16.333332061767578 7.5 114.79166412353516 -51.84812545776367 33.926578521728516 115.29593658447266 -51.448944091796875 29.469280242919922 118.1475830078125 -53.9897575378418 28.374805450439453 114.8696517944336 -11.306325912475586 25.28436279296875 107.75077819824219 -10.991120338439941 22.130126953125 110.0025405883789 -42.613494873046875 32.07026672363281 114.08112335205078 -10.8631591796875 26.60640525817871 110.91666412353516 -41.37769317626953 28.4749813079834 116.1391830444336 54.680660247802734 39.353782653808594 115.7084732055664 53.93375778198242 41.444393157958984 111.37974548339844 57.39642333984375 37.762359619140625 111.37974548339844 17.722606658935547 22.717775344848633 110.6750259399414 17.100187301635742 24.45995330810547 107.55103302001953 46.07966613769531 36.27931594848633 114.39728546142578 44.6418342590332 37.56806945800781 110.95524597167969 40.430816650390625 35.52203369140625 112.27041625976562 50.05878448486328 43.85942459106445 114.80159759521484 45.16067123413086 45.30674743652344 113.90397644042969 46.324867248535156 44.07099914550781 117.86267852783203</float_array>
                    <technique_common>
                        <accessor count="87" source="#pointarray20" stride="3">
                            <param name="X" type="float"/>
                            <param name="Y" type="float"/>
                            <param name="Z" type="float"/>
                        </accessor>
                    </technique_common>
                </source>
                <source id="uvs20">
                    <float_array id="uvarray20" count="186">0.06033499911427498 1.146468997001648 0.08353699743747711 1.1730200052261353 0.10698600113391876 1.1559869945049286 0.11507999897003174 1.1082990020513535 0.049341000616550446 1.0915160030126572 0.11507999897003174 1.1082980036735535 0.055546000599861145 1.0475150011479855 0.049341000616550446 1.0915149971842766 0.10219699889421463 1.057032998651266 0.05554499849677086 1.0475150011479855 0.10219600051641464 1.0570340007543564 0.07669500261545181 1.0316580012440681 0.9920780062675476 0.35007399320602417 0.9394180178642273 0.25066202878952026 0.9288859963417053 0.35007399320602417 0.876226007938385 0.25066202878952026 0.7596909999847412 0.3003680109977722 0.7814379930496216 0.35007399320602417 0.7287780046463013 0.25066202878952026 0.5926510095596313 0.27427202463150024 0.6453109979629517 0.326462984085083 0.6339899897575378 0.35007399320602417 0.5707989931106567 0.35007399320602417 0.5528889894485474 0.3009589910507202 0.41150999069213867 0.35095900297164917 0.40232500433921814 0.3625109791755676 0.500361979007721 0.3625109791755676 0.5063940286636353 0.23224502801895142 0.40835699439048767 0.23224502801895142 0.40303200483322144 0.23921602964401245 0.5244560241699219 0.31695497035980225 0.6485679745674133 0.31339097023010254 0.49630001187324524 0.3116750121116638 0.41495999693870544 0.29853397607803345 0.5976539850234985 0.2887510061264038 0.45961201190948486 0.2995460033416748 0.5171939730644226 0.28968697786331177 0.4803360104560852 0.2867509722709656 0.5927129983901978 0.5260420143604279 0.805429995059967 0.5260420143604279 0.5983030200004578 0.10556602478027344 0.8100849986076355 0.10293298959732056 0.41961100697517395 0.6577990055084229 0.6275010108947754 0.6015239953994751 0.4093030095100403 0.6488609910011292 0.4840579926967621 0.5949810147285461 0.4840579926967621 0.6991139948368073 0.22687800228595734 0.5898459851741791 0.6275010108947754 0.6915119886398315 0.41526898741722107 0.7113339900970459 0.10468599945306778 1.1794500052928925 0.10468599945306778 1.0360529981553555 0.04409800097346306 1.0920870006084442 0.286734014749527 0.454925000667572 0.271109014749527 0.8736750036478043 0.317984014749527 0.673675000667572 0.11012200266122818 0.9533619992434978 0.11402799934148788 0.31898701190948486 0.05645899847149849 0.450236976146698 0.05645899847149849 0.8033619970083237 1.0044829845428467 0.5246089994907379 1.006140947341919 0.1452620029449463 1.0029020309448242 0.02051001787185669 0.255484014749527 0.8736750036478043 0.271109014749527 0.454925000667572 0.302359014749527 0.673675000667572 0.11012200266122818 0.31898701190948486 0.10621500015258789 0.9533619992434978 0.04015500098466873 0.2781509757041931 0.028342999517917633 0.36268502473831177 0.07122699916362762 0.33695197105407715 0.5050899982452393 0.6366330087184906 0.47606098651885986 0.6677590012550354 0.5420029759407043 0.6745179891586304 0.45521798729896545 0.6889240145683289 0.48040398955345154 0.6988840103149414 0.44479700922966003 0.6615340113639832 0.602429986000061 0.6458640098571777 0.9950000047683716 1.198293998837471 0.8037629723548889 1.273730993270874 0.9965800046920776 1.3925420045852661 0.9981610178947449 0.9665829986333847 0.8053439855575562 0.8741199970245361 0.5983030200004578 0.8718789964914322 0.5967220067977905 1.264820009469986 0.3975830078125 0.9507840014994144 0.39916399121284485 1.2191500067710876 0.3944219946861267 1.3539279997348785 0.398048996925354 0.7447920143604279 0.398048996925354 0.5260420143604279 1.0060629844665527 0.7240090072154999 0.4133099913597107 0.1452620029449463 0.41496801376342773 0.026574015617370605</float_array>
                    <technique_common>
                        <accessor count="93" source="#uvarray20" stride="2">
                            <param name="S" type="float"/>
                            <param name="T" type="float"/>
                        </accessor>
                    </technique_common>
                </source>
                <vertices id="vertices20">
                    <input semantic="POSITION" source="#points20"/>
                </vertices>
                <polylist count="130" material="Material1">
                    <input offset="0" semantic="VERTEX" source="#vertices20"/>
                    <input offset="1" semantic="TEXCOORD" source="#uvs20" set="0"/>
                    <vcount>3 3 3 3 3 3 3 3 3 3 3 3 3 3 3 3 3 3 3 3 3 3 3 3 3 3 3 3 3 3 3 3 3 3 3 3 3 3 3 3 3 3 3 3 3 3 3 3 3 3 3 3 3 3 3 3 3 3 3 3 3 3 3 3 3 3 3 3 3 3 3 3 3 3 3 3 3 3 3 3 3 3 3 3 3 3 3 3 3 3 3 3 3 3 3 3 3 3 3 3 3 3 3 3 3 3 3 3 3 3 3 3 3 3 3 3 3 3 3 3 3 3 3 3 3 3 3 3 3 3</vcount>
                    <p>2 2 1 1 0 0 3 3 2 2 0 0 3 5 0 0 4 4 3 5 4 7 5 6 6 8 3 5 5 6 7 11 6 10 5 9 10 14 9 13 8 12 10 14 11 15 9 13 10 14 13 17 12 16 11 15 10 14 12 16 14 18 11 15 12 16 12 16 15 19 14 18 12 16 13 17 16 20 16 20 13 17 17 21 19 23 17 21 18 22 19 23 16 20 17 21 22 26 21 25 20 24 25 29 24 28 23 27 16 20 19 23 26 30 27 31 16 20 26 30 28 32 27 31 26 30 28 32 26 30 29 33 12 16 16 20 27 31 30 34 12 16 27 31 31 35 30 34 27 31 31 35 27 31 28 32 15 19 12 16 30 34 32 36 15 19 30 34 33 37 32 36 30 34 33 37 30 34 31 35 19 23 15 19 32 36 26 30 19 23 32 36 29 33 26 30 32 36 29 33 32 36 33 37 25 29 23 27 31 35 29 33 25 29 31 35 24 28 25 29 29 33 33 37 24 28 29 33 23 27 24 28 33 37 31 35 23 27 33 37 28 32 22 26 31 35 22 26 20 24 31 35 31 35 20 24 29 33 20 24 21 25 29 33 29 33 21 25 28 32 21 25 22 26 28 32 19 20 18 17 34 21 37 40 36 39 35 38 37 40 38 41 36 39 41 44 40 43 39 42 41 47 42 46 40 45 43 49 42 48 41 44 41 52 39 51 43 50 46 55 45 54 44 53 45 54 47 56 44 53 47 56 48 57 44 53 47 56 49 58 48 57 47 56 50 59 49 58 36 39 52 61 51 60 36 39 38 41 52 61 38 41 53 62 52 61 55 65 51 64 54 63 51 64 52 66 54 63 52 66 56 67 54 63 52 66 57 59 56 67 52 66 53 58 57 59 60 70 59 69 58 68 62 73 60 72 61 71 62 73 59 74 60 72 63 75 59 74 62 73 63 75 58 76 59 74 61 71 58 76 63 75 61 71 60 72 58 76 62 73 36 77 63 75 62 73 61 71 36 77 40 43 36 77 61 71 61 71 39 42 40 43 63 75 39 42 61 71 63 75 43 49 39 42 63 75 36 77 42 48 42 48 43 49 63 75 57 80 64 79 56 78 64 79 54 81 56 78 64 79 65 82 54 81 64 79 66 83 65 82 64 79 67 84 66 83 67 84 45 85 66 83 67 84 47 86 45 85 67 84 50 87 47 86 45 85 46 88 66 83 46 88 35 38 66 83 46 88 44 89 35 38 35 38 65 82 66 83 35 38 36 39 65 82 36 39 55 90 65 82 36 39 51 60 55 90 55 90 54 81 65 82 44 89 37 40 35 38 44 89 48 91 37 40 70 52 69 51 68 50 68 49 71 48 70 44 70 47 71 46 72 45 70 44 72 43 69 42 71 48 68 49 73 75 73 75 74 77 71 48 73 75 69 42 75 71 73 75 68 49 69 42 75 71 69 42 72 43 72 43 74 77 75 71 73 73 75 71 74 77 78 52 77 51 76 50 76 49 79 48 78 44 78 47 79 46 80 45 78 44 80 43 77 42 79 48 76 49 81 75 81 75 66 77 79 48 81 75 77 42 82 71 81 75 76 49 77 42 82 71 77 42 80 43 80 43 66 77 82 71 83 73 82 71 66 77 83 73 66 77 81 75 82 71 85 72 84 76 82 71 84 76 81 75 81 75 84 76 86 74 81 75 86 74 83 73 83 73 86 74 85 72 83 73 85 72 82 71 85 70 86 69 84 68 48 91 49 92 37 40</p>
                </polylist>
            </mesh>
        </geometry>
        <geometry id="mesh20_VC">
            <mesh>
                <source id="points20_VC">
                    <float_array id="pointarray20_VC" count="261">64.31739807128906 25.31087875366211 104.44074249267578 62.86835861206055 29.101621627807617 106.4240493774414 61.85067367553711 33.469478607177734 104.85843658447266 60.28063201904297 35.12214279174805 100.93033599853516 64.31739807128906 23.75684928894043 100.06389617919922 62.80862808227539 24.908044815063477 96.44121551513672 60.655704498291016 33.2261848449707 96.86656188964844 60.67283248901367 28.73395347595215 95.0252685546875 62.86835861206055 29.101621627807617 106.4240493774414 36.23047637939453 21.269092559814453 106.47279357910156 61.85067367553711 33.469478607177734 104.85843658447266 33.87428283691406 25.888702392578125 104.89696502685547 46.94296646118164 31.822681427001953 101.06416320800781 60.28063201904297 35.12214279174805 100.93033599853516 32.279239654541016 27.889890670776367 100.95472717285156 38.85066604614258 29.021268844604492 96.89042663574219 53.53208923339844 33.66748046875 97.07711029052734 60.655704498291016 33.2261848449707 96.86656188964844 60.67283248901367 28.73395347595215 95.0252685546875 48.4034538269043 26.747928619384766 95.28669738769531 49.81333541870117 45.43944549560547 88.99647521972656 54.476097106933594 43.35477828979492 88.4869155883789 53.590457916259766 46.4014778137207 91.2403793334961 26.735919952392578 36.51002502441406 92.43630981445312 27.621559143066406 33.46332931518555 89.6828384399414 28.25484275817871 37.1115837097168 89.52954864501953 50.15556335449219 32.96402359008789 93.93736267089844 48.548255920410156 35.291229248046875 97.43777465820312 46.824222564697266 37.57797622680664 93.8948745727539 42.45661926269531 37.02541732788086 90.42790985107422 41.548309326171875 33.66337585449219 96.91935729980469 41.570980072021484 40.072113037109375 93.1813735961914 43.141910552978516 29.902185440063477 94.60546875 39.475341796875 35.591514587402344 93.82699584960938 62.80862808227539 24.908044815063477 96.44121551513672 20.312694549560547 28.45615577697754 96.04166412353516 -16.333332061767578 28.10640525817871 96.04166412353516 27.839372634887695 7.5 91.04166412353516 -16.333332061767578 7.5 91.04166412353516 -57.77302551269531 35.14002227783203 93.70358276367188 -16.333332061767578 25.884235382080078 99.40729522705078 -59.84706115722656 30.911296844482422 93.70358276367188 -16.333332061767578 24.080598831176758 96.28330993652344 -57.77302551269531 32.97566223144531 89.3748550415039 60 29.60640525817871 96.04166412353516 57 28.10640525817871 112.79166412353516 57 32.606407165527344 104.79166412353516 63.75 12.651601791381836 115.97916412353516 60 13.026601791381836 90.60416412353516 60.25 7.5 95.85416412353516 62.75 7.5 109.97916412353516 -57 28.10640525817871 96.04166412353516 -60 12.651601791381836 90.60416412353516 -60.25 7.5 95.85416412353516 -57 26.60640525817871 112.79166412353516 -57 31.10640525817871 104.79166412353516 -63.75 12.276601791381836 115.97916412353516 -62.75 7.5 109.97916412353516 -54.86349868774414 38.224952697753906 90.28173065185547 -51.3298225402832 39.15412139892578 87.22064971923828 -50.631744384765625 40.57374954223633 91.17935943603516 -47.46002960205078 33.1994743347168 94.12808990478516 -42.686424255371094 32.04057312011719 92.81291198730469 -48.40412902832031 31.6755313873291 90.68604278564453 -16.333332061767578 7.5 114.79166412353516 -16.333332061767578 26.60640525817871 110.91666412353516 16.333332061767578 26.60640525817871 110.91666412353516 16.333332061767578 7.5 114.79166412353516 -51.84812545776367 33.926578521728516 115.29593658447266 -51.448944091796875 29.469280242919922 118.1475830078125 -53.9897575378418 28.374805450439453 114.8696517944336 -11.306325912475586 25.28436279296875 107.75077819824219 -10.991120338439941 22.130126953125 110.0025405883789 -42.613494873046875 32.07026672363281 114.08112335205078 -10.8631591796875 26.60640525817871 110.91666412353516 -41.37769317626953 28.4749813079834 116.1391830444336 54.680660247802734 39.353782653808594 115.7084732055664 53.93375778198242 41.444393157958984 111.37974548339844 57.39642333984375 37.762359619140625 111.37974548339844 17.722606658935547 22.717775344848633 110.6750259399414 17.100187301635742 24.45995330810547 107.55103302001953 46.07966613769531 36.27931594848633 114.39728546142578 44.6418342590332 37.56806945800781 110.95524597167969 40.430816650390625 35.52203369140625 112.27041625976562 50.05878448486328 43.85942459106445 114.80159759521484 45.16067123413086 45.30674743652344 113.90397644042969 46.324867248535156 44.07099914550781 117.86267852783203</float_array>
                    <technique_common>
                        <accessor count="87" source="#pointarray20_VC" stride="3">
                            <param name="X" type="float"/>
                            <param name="Y" type="float"/>
                            <param name="Z" type="float"/>
                        </accessor>
                    </technique_common>
                </source>
                <source id="uvs20_VC">
                    <float_array id="uvarray20_VC" count="4">0.50390625 0.00390625 0.50390625 0.99609375</float_array>
                    <technique_common>
                        <accessor count="2" source="#uvarray20_VC" stride="2">
                            <param name="S" type="float"/>
                            <param name="T" type="float"/>
                        </accessor>
                    </technique_common>
                </source>
                <vertices id="vertices20_VC">
                    <input semantic="POSITION" source="#points20_VC"/>
                </vertices>
                <polylist count="130" material="Material1">
                    <input offset="0" semantic="VERTEX" source="#vertices20_VC"/>
                    <input offset="1" semantic="TEXCOORD" source="#uvs20_VC" set="0"/>
                    <vcount>3 3 3 3 3 3 3 3 3 3 3 3 3 3 3 3 3 3 3 3 3 3 3 3 3 3 3 3 3 3 3 3 3 3 3 3 3 3 3 3 3 3 3 3 3 3 3 3 3 3 3 3 3 3 3 3 3 3 3 3 3 3 3 3 3 3 3 3 3 3 3 3 3 3 3 3 3 3 3 3 3 3 3 3 3 3 3 3 3 3 3 3 3 3 3 3 3 3 3 3 3 3 3 3 3 3 3 3 3 3 3 3 3 3 3 3 3 3 3 3 3 3 3 3 3 3 3 3 3 3</vcount>
                    <p>2 0 1 0 0 0 3 0 2 0 0 0 3 0 0 0 4 0 3 0 4 0 5 0 6 0 3 0 5 0 7 0 6 0 5 0 10 1 9 1 8 1 10 1 11 1 9 1 10 1 13 1 12 0 11 1 10 1 12 0 14 1 11 1 12 0 12 0 15 0 14 1 12 0 13 1 16 0 16 0 13 1 17 1 19 0 17 1 18 1 19 0 16 0 17 1 22 0 21 0 20 0 25 0 24 0 23 0 16 0 19 0 26 0 27 0 16 0 26 0 28 0 27 0 26 0 28 0 26 0 29 0 12 0 16 0 27 0 30 0 12 0 27 0 31 0 30 0 27 0 31 0 27 0 28 0 15 0 12 0 30 0 32 0 15 0 30 0 33 0 32 0 30 0 33 0 30 0 31 0 19 0 15 0 32 0 26 0 19 0 32 0 29 0 26 0 32 0 29 0 32 0 33 0 25 0 23 0 31 0 29 0 25 0 31 0 24 0 25 0 29 0 33 0 24 0 29 0 23 0 24 0 33 0 31 0 23 0 33 0 28 0 22 0 31 0 22 0 20 0 31 0 31 0 20 0 29 0 20 0 21 0 29 0 29 0 21 0 28 0 21 0 22 0 28 0 19 0 18 1 34 1 37 0 36 0 35 0 37 0 38 1 36 0 41 0 40 0 39 0 41 0 42 0 40 0 43 0 42 0 41 0 41 0 39 0 43 0 46 0 45 0 44 0 45 0 47 0 44 0 47 0 48 0 44 0 47 0 49 1 48 0 47 0 50 1 49 1 36 0 52 0 51 0 36 0 38 1 52 0 38 1 53 1 52 0 55 0 51 0 54 0 51 0 52 0 54 0 52 0 56 0 54 0 52 0 57 1 56 0 52 0 53 1 57 1 60 0 59 0 58 0 62 0 60 0 61 0 62 0 59 0 60 0 63 0 59 0 62 0 63 0 58 0 59 0 61 0 58 0 63 0 61 0 60 0 58 0 62 0 36 0 63 0 62 0 61 0 36 0 40 0 36 0 61 0 61 0 39 0 40 0 63 0 39 0 61 0 63 0 43 0 39 0 63 0 36 0 42 0 42 0 43 0 63 0 57 1 64 1 56 0 64 1 54 0 56 0 64 1 65 0 54 0 64 1 66 0 65 0 64 1 67 1 66 0 67 1 45 0 66 0 67 1 47 0 45 0 67 1 50 1 47 0 45 0 46 0 66 0 46 0 35 0 66 0 46 0 44 0 35 0 35 0 65 0 66 0 35 0 36 0 65 0 36 0 55 0 65 0 36 0 51 0 55 0 55 0 54 0 65 0 44 0 37 0 35 0 44 0 48 0 37 0 70 0 69 0 68 0 68 0 71 0 70 0 70 0 71 0 72 0 70 0 72 0 69 0 71 0 68 0 73 0 73 0 74 0 71 0 73 0 69 0 75 0 73 0 68 0 69 0 75 0 69 0 72 0 72 0 74 0 75 0 73 0 75 0 74 0 78 0 77 0 76 0 76 0 79 0 78 0 78 0 79 0 80 0 78 0 80 0 77 0 79 0 76 0 81 0 81 0 66 0 79 0 81 0 77 0 82 0 81 0 76 0 77 0 82 0 77 0 80 0 80 0 66 0 82 0 83 0 82 0 66 0 83 0 66 0 81 0 82 0 85 0 84 0 82 0 84 0 81 0 81 0 84 0 86 0 81 0 86 0 83 0 83 0 86 0 85 0 83 0 85 0 82 0 85 0 86 0 84 0 48 0 49 1 37 0</p>
                </polylist>
            </mesh>
        </geometry>
        <geometry id="mesh21">
            <mesh>
                <source id="points21">
                    <float_array id="pointarray21" count="30">65 10 130 75 0 130 -65 10 130 -75 0 130 -67.5 7.5 110 65 10 110 -75 0 130 -77.5 -2.5 110 75 0 130 75 0 110</float_array>
                    <technique_common>
                        <accessor count="10" source="#pointarray21" stride="3">
                            <param name="X" type="float"/>
                            <param name="Y" type="float"/>
                            <param name="Z" type="float"/>
                        </accessor>
                    </technique_common>
                </source>
                <source id="uvs21">
                    <float_array id="uvarray21" count="28">-0.046875 0 -0.125 0.078125 1.027343988418579 0.0390629768371582 1.105468988418579 0.1171879768371582 1.027343988418579 1.015625 1.046875 0.859375 -0.046875 1.015625 -0.007813000120222569 0.859375 1.032304048538208 0.703125 1.0518349409103394 0.546875 -0.04191499948501587 0.703125 1.0569560527801514 0.546875 0.002268000040203333 0.546875 -0.03679399937391281 0.703125</float_array>
                    <technique_common>
                        <accessor count="14" source="#uvarray21" stride="2">
                            <param name="S" type="float"/>
                            <param name="T" type="float"/>
                        </accessor>
                    </technique_common>
                </source>
                <vertices id="vertices21">
                    <input semantic="POSITION" source="#points21"/>
                </vertices>
                <polylist count="6" material="Material1">
                    <input offset="0" semantic="VERTEX" source="#vertices21"/>
                    <input offset="1" semantic="TEXCOORD" source="#uvs21" set="0"/>
                    <vcount>3 3 3 3 3 3</vcount>
                    <p>2 2 1 1 0 0 2 2 3 3 1 1 0 6 4 5 2 4 0 6 5 7 4 5 8 10 7 9 6 8 8 13 9 12 7 11</p>
                </polylist>
            </mesh>
        </geometry>
        <geometry id="mesh21_VC">
            <mesh>
                <source id="points21_VC">
                    <float_array id="pointarray21_VC" count="30">65 10 130 75 0 130 -65 10 130 -75 0 130 -67.5 7.5 110 65 10 110 -75 0 130 -77.5 -2.5 110 75 0 130 75 0 110</float_array>
                    <technique_common>
                        <accessor count="10" source="#pointarray21_VC" stride="3">
                            <param name="X" type="float"/>
                            <param name="Y" type="float"/>
                            <param name="Z" type="float"/>
                        </accessor>
                    </technique_common>
                </source>
                <source id="uvs21_VC">
                    <float_array id="uvarray21_VC" count="4">0.50390625 0.00390625 0.50390625 0.99609375</float_array>
                    <technique_common>
                        <accessor count="2" source="#uvarray21_VC" stride="2">
                            <param name="S" type="float"/>
                            <param name="T" type="float"/>
                        </accessor>
                    </technique_common>
                </source>
                <vertices id="vertices21_VC">
                    <input semantic="POSITION" source="#points21_VC"/>
                </vertices>
                <polylist count="6" material="Material1">
                    <input offset="0" semantic="VERTEX" source="#vertices21_VC"/>
                    <input offset="1" semantic="TEXCOORD" source="#uvs21_VC" set="0"/>
                    <vcount>3 3 3 3 3 3</vcount>
                    <p>2 0 1 0 0 0 2 0 3 0 1 0 0 0 4 0 2 0 0 0 5 0 4 0 8 1 7 1 6 1 8 1 9 1 7 1</p>
                </polylist>
            </mesh>
        </geometry>
        <geometry id="mesh22">
            <mesh>
                <source id="points22">
                    <float_array id="pointarray22" count="216">67.6661376953125 20.46601104736328 119.58126831054688 69.74686431884766 14.75 118.15875244140625 69.52493286132812 15.75 117.66287994384766 66.957763671875 22.96601104736328 122.23393249511719 71.61200714111328 22.96601104736328 122.23393249511719 71.53742980957031 13 125.25 75 10 130 70 12 130 76.19512939453125 26.101364135742188 132.79791259765625 73.86801147460938 29.101364135742188 130.29791259765625 -77.5 7.5 110 -74.03742218017578 10.5 114.75 -77.95600891113281 7.5 119.90623474121094 -63 5 131.5072784423828 -64.85448455810547 0.2717280089855194 132.55093383789062 -75 10 130 -70 -2 131.5072784423828 -75 0 130 -77 5 130 -70 12 130 -65 10 130 -72.5 9.5 110 -75 0 130 -77.5 -2.5 110 -77 5 130 -79.5 2.5 110 -65 10 130 -70 12 130 -69.03742980957031 12.014870643615723 126.27845001220703 -69.10730743408203 8.5 120 -75 10 130 -67.5 7.5 110 -76.36454772949219 27.752716064453125 109.5847396850586 -71.71029663085938 27.752716064453125 109.58474731445312 -74.03742218017578 30.68766975402832 111.67902374267578 -70.50342559814453 25 121.77174377441406 -72.92633056640625 26.083465576171875 125.67496490478516 -75.15766906738281 25 121.77174377441406 -70.59921264648438 24.054901123046875 126.71778106689453 71.54088592529297 26.101364135742188 132.79791259765625 67.6661376953125 20.46601104736328 124.58126831054688 -72.83055114746094 21.5 124.27174377441406 -75.25345611572266 24.054901123046875 126.71778106689453 65 10 110 68.52169799804688 11 120.65941619873047 65 10 130 -74.03742218017578 21.5 118.5 77 5 130 71.46754455566406 10 120 71.53742218017578 13 114.75 75 10 110 75 10 130 77 5 130 70 -2 131.5072784423828 75 0 130 70 12 130 63 5 131.5072784423828 70 12 110 65 10 130 77 5 110 64.85448455810547 0.2717280089855194 132.55093383789062 75 0 130 75 0 110 -77.02493286132812 19.75 120.66287994384766 -71.16268920898438 17.25 117.73223114013672 -69.8430404663086 18.25 123.10885620117188 72.5440902709961 26.34203338623047 113.8558120727539 -73.13655090332031 17.25 123.39674377441406 74.41215515136719 14.75 123.26776885986328 69.63408660888672 15.75 123.76363372802734 70.21697235107422 28.34203338623047 116.3558120727539 67.88984680175781 26.34203338623047 113.8558120727539</float_array>
                    <technique_common>
                        <accessor count="72" source="#pointarray22" stride="3">
                            <param name="X" type="float"/>
                            <param name="Y" type="float"/>
                            <param name="Z" type="float"/>
                        </accessor>
                    </technique_common>
                </source>
                <source id="uvs22">
                    <float_array id="uvarray22" count="148">-0.1596509963274002 1.5026170015335083 -0.060770999640226364 1.5115079879760742 0.07280399650335312 1.514607012271881 -0.27308401465415955 1.4860379993915558 -0.10853099822998047 1.4860379993915558 0.24118299782276154 1.4671880006790161 0.46966999769210815 1.4375 0.2221830040216446 1.4375 -0.05734499916434288 1.4200130105018616 -0.24568699300289154 1.4356380105018616 0.5580580234527588 0.550000011920929 0.32957199215888977 0.5737499892711639 0.5741810202598572 0.5995309948921204 -0.4519129991531372 0.3452720046043396 -0.5098659992218018 0.3157200217247009 -0.8269129991531372 0.3765220046043396 -0.6706629991531372 0.30152201652526855 -0.8269129991531372 0.3140220046043396 -0.8894129991531372 0.3452720046043396 -0.4519129991531372 0.3452709913253784 -0.8269129991531372 0.3765209913253784 -0.6706629991531372 0.38902097940444946 -0.5144129991531372 0.3765209913253784 0.31057101488113403 0.550000011920929 0.9116119742393494 0.6500000059604645 0.9116119742393494 0.550000011920929 0.8055459856987 0.6500000059604645 0.8055459856987 0.550000011920929 0.20450499653816223 0.6500000059604645 0.31057101488113403 0.6500000059604645 0.1876250058412552 0.6313920021057129 0.22597600519657135 0.5999999940395355 0.5580580234527588 0.6500000059604645 0.20450499653816223 0.550000011920929 -0.021351000294089317 0.5479240119457245 -0.18590399622917175 0.5479240119457245 -0.20739300549030304 0.5583949983119965 -0.13124999403953552 0.6088590025901794 -0.08389300107955933 0.6283749938011169 0.033303000032901764 0.6088590025901794 -0.0944489985704422 0.6335889995098114 -0.22189800441265106 1.4200130105018616 -0.1596509963274002 1.4713670015335083 0.0747700035572052 0.6213589906692505 0.07010400295257568 0.6335889995098114 -0.06066000089049339 1.5625 0.028495000675320625 1.4958789944648743 0.11611700057983398 1.4375 0.11744000017642975 0.5925000011920929 0.7171570062637329 1.4375 0.34477901458740234 1.5 0.06440699845552444 1.5328119993209839 0.2928929924964905 1.5625 0.47329699993133545 0.03800100088119507 0.5357969999313354 0.01846998929977417 0.31704699993133545 -0.008874058723449707 0.47329699993133545 -0.0010609626770019531 0.31704699993133545 0.04581397771835327 0.09829699993133545 0.01846998929977417 0.045405998826026917 1.5625 0.16079699993133545 0.03800100088119507 0.5403810143470764 1.5625 0.15625 0 0.8232229948043823 1.4375 0.6464470028877258 1.5625 0.28493601083755493 0.6033140122890472 0.16606299579143524 0.5886609852313995 0.08405099809169769 0.6155439913272858 -0.3717139959335327 1.5384010076522827 0.23584899306297302 0.6169840097427368 0.1041719987988472 1.4795759916305542 -0.10011400282382965 1.4764769971370697 -0.5247009992599487 1.5227760076522827 -0.5362669825553894 1.5384010076522827</float_array>
                    <technique_common>
                        <accessor count="74" source="#uvarray22" stride="2">
                            <param name="S" type="float"/>
                            <param name="T" type="float"/>
                        </accessor>
                    </technique_common>
                </source>
                <vertices id="vertices22">
                    <input semantic="POSITION" source="#points22"/>
                </vertices>
                <polylist count="100" material="Material1">
                    <input offset="0" semantic="VERTEX" source="#vertices22"/>
                    <input offset="1" semantic="TEXCOORD" source="#uvs22" set="0"/>
                    <vcount>3 3 3 3 3 3 3 3 3 3 3 3 3 3 3 3 3 3 3 3 3 3 3 3 3 3 3 3 3 3 3 3 3 3 3 3 3 3 3 3 3 3 3 3 3 3 3 3 3 3 3 3 3 3 3 3 3 3 3 3 3 3 3 3 3 3 3 3 3 3 3 3 3 3 3 3 3 3 3 3 3 3 3 3 3 3 3 3 3 3 3 3 3 3 3 3 3 3 3 3</vcount>
                    <p>2 2 1 1 0 0 0 0 1 1 3 3 4 4 2 2 0 0 7 7 6 6 5 5 4 4 9 9 8 8 12 12 11 11 10 10 15 15 14 14 13 13 18 18 17 17 16 16 15 15 16 16 14 14 19 21 15 20 13 19 20 22 19 21 13 19 10 10 11 11 21 23 24 26 23 25 22 24 24 26 25 27 23 25 28 30 27 29 26 28 28 30 26 28 29 31 24 26 30 32 12 12 28 30 30 32 27 29 15 15 18 18 16 16 12 12 30 32 28 30 10 10 25 27 12 12 21 23 29 31 31 33 21 23 11 11 29 31 34 36 33 35 32 34 25 27 24 26 12 12 31 33 29 31 26 28 37 39 36 38 35 37 36 38 38 40 35 37 40 42 8 8 39 41 38 40 42 44 41 43 35 37 38 40 41 43 45 47 44 46 43 45 42 44 38 40 36 38 3 3 39 41 9 9 3 3 9 9 4 4 41 43 42 44 37 39 42 44 36 38 37 39 40 42 39 41 3 3 37 39 32 34 46 48 32 34 33 35 46 48 48 50 6 6 47 49 50 52 49 51 48 50 5 5 6 6 48 50 53 55 52 54 51 53 53 55 54 56 52 54 56 58 51 53 55 57 57 59 49 51 50 52 56 58 55 57 58 60 48 50 59 61 50 52 56 58 60 62 51 53 61 63 59 61 47 49 61 63 62 64 59 61 9 9 39 41 8 8 60 62 53 55 51 53 43 45 49 51 57 59 43 45 44 46 49 51 48 50 47 49 59 61 4 4 8 8 40 42 33 35 34 36 35 37 64 66 11 11 63 65 28 30 29 31 65 67 0 0 66 68 4 4 67 69 28 30 65 67 41 43 67 69 65 67 41 43 65 67 35 37 12 12 28 30 67 69 63 65 12 12 67 69 37 39 63 65 67 69 37 39 67 69 41 43 11 11 12 12 63 65 46 48 64 66 63 65 35 37 65 67 64 66 35 37 34 36 37 39 34 36 32 34 37 39 46 48 63 65 37 39 29 31 11 11 64 66 65 67 29 31 64 66 46 48 33 35 35 37 35 37 64 66 46 48 68 70 48 50 2 2 68 70 5 5 48 50 3 3 69 71 40 42 66 68 71 73 70 72 4 4 70 72 3 3 3 3 71 73 0 0 69 71 68 70 40 42 45 47 5 5 44 46 45 47 7 7 5 5 3 3 70 72 71 73 69 71 5 5 68 70 69 71 44 46 5 5 0 0 71 73 66 68 4 4 66 68 70 72 1 1 69 71 3 3 1 1 49 51 44 46 2 2 48 50 49 51 2 2 49 51 1 1 68 70 2 2 4 4 40 42 68 70 4 4 1 1 44 46 69 71</p>
                </polylist>
            </mesh>
        </geometry>
        <geometry id="mesh22_VC">
            <mesh>
                <source id="points22_VC">
                    <float_array id="pointarray22_VC" count="216">67.6661376953125 20.46601104736328 119.58126831054688 69.74686431884766 14.75 118.15875244140625 69.52493286132812 15.75 117.66287994384766 66.957763671875 22.96601104736328 122.23393249511719 71.61200714111328 22.96601104736328 122.23393249511719 71.53742980957031 13 125.25 75 10 130 70 12 130 76.19512939453125 26.101364135742188 132.79791259765625 73.86801147460938 29.101364135742188 130.29791259765625 -77.5 7.5 110 -74.03742218017578 10.5 114.75 -77.95600891113281 7.5 119.90623474121094 -63 5 131.5072784423828 -64.85448455810547 0.2717280089855194 132.55093383789062 -75 10 130 -70 -2 131.5072784423828 -75 0 130 -77 5 130 -70 12 130 -65 10 130 -72.5 9.5 110 -75 0 130 -77.5 -2.5 110 -77 5 130 -79.5 2.5 110 -65 10 130 -70 12 130 -69.03742980957031 12.014870643615723 126.27845001220703 -69.10730743408203 8.5 120 -75 10 130 -67.5 7.5 110 -76.36454772949219 27.752716064453125 109.5847396850586 -71.71029663085938 27.752716064453125 109.58474731445312 -74.03742218017578 30.68766975402832 111.67902374267578 -70.50342559814453 25 121.77174377441406 -72.92633056640625 26.083465576171875 125.67496490478516 -75.15766906738281 25 121.77174377441406 -70.59921264648438 24.054901123046875 126.71778106689453 71.54088592529297 26.101364135742188 132.79791259765625 67.6661376953125 20.46601104736328 124.58126831054688 -72.83055114746094 21.5 124.27174377441406 -75.25345611572266 24.054901123046875 126.71778106689453 65 10 110 68.52169799804688 11 120.65941619873047 65 10 130 -74.03742218017578 21.5 118.5 77 5 130 71.46754455566406 10 120 71.53742218017578 13 114.75 75 10 110 75 10 130 77 5 130 70 -2 131.5072784423828 75 0 130 70 12 130 63 5 131.5072784423828 70 12 110 65 10 130 77 5 110 64.85448455810547 0.2717280089855194 132.55093383789062 75 0 130 75 0 110 -77.02493286132812 19.75 120.66287994384766 -71.16268920898438 17.25 117.73223114013672 -69.8430404663086 18.25 123.10885620117188 72.5440902709961 26.34203338623047 113.8558120727539 -73.13655090332031 17.25 123.39674377441406 74.41215515136719 14.75 123.26776885986328 69.63408660888672 15.75 123.76363372802734 70.21697235107422 28.34203338623047 116.3558120727539 67.88984680175781 26.34203338623047 113.8558120727539</float_array>
                    <technique_common>
                        <accessor count="72" source="#pointarray22_VC" stride="3">
                            <param name="X" type="float"/>
                            <param name="Y" type="float"/>
                            <param name="Z" type="float"/>
                        </accessor>
                    </technique_common>
                </source>
                <source id="uvs22_VC">
                    <float_array id="uvarray22_VC" count="4">0.50390625 0.00390625 0.50390625 0.99609375</float_array>
                    <technique_common>
                        <accessor count="2" source="#uvarray22_VC" stride="2">
                            <param name="S" type="float"/>
                            <param name="T" type="float"/>
                        </accessor>
                    </technique_common>
                </source>
                <vertices id="vertices22_VC">
                    <input semantic="POSITION" source="#points22_VC"/>
                </vertices>
                <polylist count="100" material="Material1">
                    <input offset="0" semantic="VERTEX" source="#vertices22_VC"/>
                    <input offset="1" semantic="TEXCOORD" source="#uvs22_VC" set="0"/>
                    <vcount>3 3 3 3 3 3 3 3 3 3 3 3 3 3 3 3 3 3 3 3 3 3 3 3 3 3 3 3 3 3 3 3 3 3 3 3 3 3 3 3 3 3 3 3 3 3 3 3 3 3 3 3 3 3 3 3 3 3 3 3 3 3 3 3 3 3 3 3 3 3 3 3 3 3 3 3 3 3 3 3 3 3 3 3 3 3 3 3 3 3 3 3 3 3 3 3 3 3 3 3</vcount>
                    <p>2 0 1 0 0 0 0 0 1 0 3 0 4 0 2 0 0 0 7 1 6 1 5 0 4 0 9 0 8 0 12 0 11 0 10 1 15 0 14 0 13 0 18 0 17 0 16 0 15 0 16 0 14 0 19 0 15 0 13 0 20 0 19 0 13 0 10 1 11 0 21 1 24 1 23 1 22 1 24 1 25 1 23 1 28 0 27 1 26 1 28 0 26 1 29 0 24 1 30 1 12 0 28 0 30 1 27 1 15 0 18 0 16 0 12 0 30 1 28 0 10 1 25 1 12 0 21 1 29 0 31 1 21 1 11 0 29 0 34 0 33 0 32 0 25 1 24 1 12 0 31 1 29 0 26 1 37 0 36 0 35 0 36 0 38 0 35 0 40 0 8 0 39 0 38 0 42 0 41 0 35 0 38 0 41 0 45 1 44 0 43 1 42 0 38 0 36 0 3 0 39 0 9 0 3 0 9 0 4 0 41 0 42 0 37 0 42 0 36 0 37 0 40 0 39 0 3 0 37 0 32 0 46 0 32 0 33 0 46 0 48 0 6 1 47 1 50 1 49 0 48 0 5 0 6 1 48 0 53 0 52 0 51 0 53 0 54 0 52 0 56 0 51 0 55 0 57 1 49 0 50 1 56 0 55 0 58 0 48 0 59 1 50 1 56 0 60 0 51 0 61 1 59 1 47 1 61 1 62 1 59 1 9 0 39 0 8 0 60 0 53 0 51 0 43 1 49 0 57 1 43 1 44 0 49 0 48 0 47 1 59 1 4 0 8 0 40 0 33 0 34 0 35 0 64 0 11 0 63 0 28 0 29 0 65 0 0 0 66 0 4 0 67 0 28 0 65 0 41 0 67 0 65 0 41 0 65 0 35 0 12 0 28 0 67 0 63 0 12 0 67 0 37 0 63 0 67 0 37 0 67 0 41 0 11 0 12 0 63 0 46 0 64 0 63 0 35 0 65 0 64 0 35 0 34 0 37 0 34 0 32 0 37 0 46 0 63 0 37 0 29 0 11 0 64 0 65 0 29 0 64 0 46 0 33 0 35 0 35 0 64 0 46 0 68 0 48 0 2 0 68 0 5 0 48 0 3 0 69 0 40 0 66 0 71 0 70 0 4 0 70 0 3 0 3 0 71 0 0 0 69 0 68 0 40 0 45 1 5 0 44 0 45 1 7 1 5 0 3 0 70 0 71 0 69 0 5 0 68 0 69 0 44 0 5 0 0 0 71 0 66 0 4 0 66 0 70 0 1 0 69 0 3 0 1 0 49 0 44 0 2 0 48 0 49 0 2 0 49 0 1 0 68 0 2 0 4 0 40 0 68 0 4 0 1 0 44 0 69 0</p>
                </polylist>
            </mesh>
        </geometry>
        <geometry id="mesh23">
            <mesh>
                <source id="points23">
                    <float_array id="pointarray23" count="24">-75 0 130 -75 -60 130 -77.5 -2.5 110 -77.5 -60 110 75 0 110 75 -60 110 75 0 130 75 -60 130</float_array>
                    <technique_common>
                        <accessor count="8" source="#pointarray23" stride="3">
                            <param name="X" type="float"/>
                            <param name="Y" type="float"/>
                            <param name="Z" type="float"/>
                        </accessor>
                    </technique_common>
                </source>
                <source id="uvs23">
                    <float_array id="uvarray23" count="2">0 1</float_array>
                    <technique_common>
                        <accessor count="1" source="#uvarray23" stride="2">
                            <param name="S" type="float"/>
                            <param name="T" type="float"/>
                        </accessor>
                    </technique_common>
                </source>
                <vertices id="vertices23">
                    <input semantic="POSITION" source="#points23"/>
                </vertices>
                <polylist count="4" material="Material1">
                    <input offset="0" semantic="VERTEX" source="#vertices23"/>
                    <input offset="1" semantic="TEXCOORD" source="#uvs23" set="0"/>
                    <vcount>3 3 3 3</vcount>
                    <p>2 0 1 0 0 0 2 0 3 0 1 0 6 0 5 0 4 0 6 0 7 0 5 0</p>
                </polylist>
            </mesh>
        </geometry>
        <geometry id="mesh23_VC">
            <mesh>
                <source id="points23_VC">
                    <float_array id="pointarray23_VC" count="24">-75 0 130 -75 -60 130 -77.5 -2.5 110 -77.5 -60 110 75 0 110 75 -60 110 75 0 130 75 -60 130</float_array>
                    <technique_common>
                        <accessor count="8" source="#pointarray23_VC" stride="3">
                            <param name="X" type="float"/>
                            <param name="Y" type="float"/>
                            <param name="Z" type="float"/>
                        </accessor>
                    </technique_common>
                </source>
                <source id="uvs23_VC">
                    <float_array id="uvarray23_VC" count="4">0.00390625 0.00390625 0.49609375 0.00390625</float_array>
                    <technique_common>
                        <accessor count="2" source="#uvarray23_VC" stride="2">
                            <param name="S" type="float"/>
                            <param name="T" type="float"/>
                        </accessor>
                    </technique_common>
                </source>
                <vertices id="vertices23_VC">
                    <input semantic="POSITION" source="#points23_VC"/>
                </vertices>
                <polylist count="4" material="Material1">
                    <input offset="0" semantic="VERTEX" source="#vertices23_VC"/>
                    <input offset="1" semantic="TEXCOORD" source="#uvs23_VC" set="0"/>
                    <vcount>3 3 3 3</vcount>
                    <p>2 0 1 1 0 0 2 0 3 1 1 1 6 0 5 1 4 0 6 0 7 1 5 1</p>
                </polylist>
            </mesh>
        </geometry>
        <geometry id="mesh24">
            <mesh>
                <source id="points24">
                    <float_array id="pointarray24" count="12">75 -60 130 -75 -60 130 75 0 130 -75 0 130</float_array>
                    <technique_common>
                        <accessor count="4" source="#pointarray24" stride="3">
                            <param name="X" type="float"/>
                            <param name="Y" type="float"/>
                            <param name="Z" type="float"/>
                        </accessor>
                    </technique_common>
                </source>
                <source id="uvs24">
                    <float_array id="uvarray24" count="2">0 1</float_array>
                    <technique_common>
                        <accessor count="1" source="#uvarray24" stride="2">
                            <param name="S" type="float"/>
                            <param name="T" type="float"/>
                        </accessor>
                    </technique_common>
                </source>
                <vertices id="vertices24">
                    <input semantic="POSITION" source="#points24"/>
                </vertices>
                <polylist count="2" material="Material1">
                    <input offset="0" semantic="VERTEX" source="#vertices24"/>
                    <input offset="1" semantic="TEXCOORD" source="#uvs24" set="0"/>
                    <vcount>3 3</vcount>
                    <p>2 0 1 0 0 0 2 0 3 0 1 0</p>
                </polylist>
            </mesh>
        </geometry>
        <geometry id="mesh24_VC">
            <mesh>
                <source id="points24_VC">
                    <float_array id="pointarray24_VC" count="12">75 -60 130 -75 -60 130 75 0 130 -75 0 130</float_array>
                    <technique_common>
                        <accessor count="4" source="#pointarray24_VC" stride="3">
                            <param name="X" type="float"/>
                            <param name="Y" type="float"/>
                            <param name="Z" type="float"/>
                        </accessor>
                    </technique_common>
                </source>
                <source id="uvs24_VC">
                    <float_array id="uvarray24_VC" count="4">0.00390625 0.00390625 0.49609375 0.00390625</float_array>
                    <technique_common>
                        <accessor count="2" source="#uvarray24_VC" stride="2">
                            <param name="S" type="float"/>
                            <param name="T" type="float"/>
                        </accessor>
                    </technique_common>
                </source>
                <vertices id="vertices24_VC">
                    <input semantic="POSITION" source="#points24_VC"/>
                </vertices>
                <polylist count="2" material="Material1">
                    <input offset="0" semantic="VERTEX" source="#vertices24_VC"/>
                    <input offset="1" semantic="TEXCOORD" source="#uvs24_VC" set="0"/>
                    <vcount>3 3</vcount>
                    <p>2 0 1 1 0 1 2 0 3 0 1 1</p>
                </polylist>
            </mesh>
        </geometry>
        <geometry id="mesh25">
            <mesh>
                <source id="points25">
                    <float_array id="pointarray25" count="261">64.31739807128906 25.31087875366211 124.44074249267578 62.86835861206055 29.101621627807617 126.4240493774414 61.85067367553711 33.469478607177734 124.85843658447266 60.28063201904297 35.12214279174805 120.93033599853516 64.31739807128906 23.75684928894043 120.06389617919922 62.80862808227539 24.908044815063477 116.44121551513672 60.655704498291016 33.2261848449707 116.86656188964844 60.67283248901367 28.73395347595215 115.0252685546875 62.86835861206055 29.101621627807617 126.4240493774414 36.23047637939453 21.269092559814453 126.47279357910156 61.85067367553711 33.469478607177734 124.85843658447266 33.87428283691406 25.888702392578125 124.89696502685547 46.94296646118164 31.822681427001953 121.06416320800781 60.28063201904297 35.12214279174805 120.93033599853516 32.279239654541016 27.889890670776367 120.95472717285156 38.85066604614258 29.021268844604492 116.89042663574219 53.53208923339844 33.66748046875 117.07711029052734 60.655704498291016 33.2261848449707 116.86656188964844 60.67283248901367 28.73395347595215 115.0252685546875 48.4034538269043 26.747928619384766 115.28669738769531 49.81333541870117 45.43944549560547 108.99647521972656 54.476097106933594 43.35477828979492 108.4869155883789 53.590457916259766 46.4014778137207 111.2403793334961 26.735919952392578 36.51002502441406 112.43630981445312 27.621559143066406 33.46332931518555 109.6828384399414 28.25484275817871 37.1115837097168 109.52954864501953 50.15556335449219 32.96402359008789 113.93736267089844 48.548255920410156 35.291229248046875 117.43777465820312 46.824222564697266 37.57797622680664 113.8948745727539 42.45661926269531 37.02541732788086 110.42790985107422 41.548309326171875 33.66337585449219 116.91935729980469 41.570980072021484 40.072113037109375 113.1813735961914 43.141910552978516 29.902185440063477 114.60546875 39.475341796875 35.591514587402344 113.82699584960938 62.80862808227539 24.908044815063477 116.44121551513672 20.312694549560547 28.45615577697754 116.04166412353516 -16.333332061767578 28.10640525817871 116.04166412353516 27.839372634887695 7.5 111.04166412353516 -16.333332061767578 7.5 111.04166412353516 -57.77302551269531 35.14002227783203 113.70358276367188 -16.333332061767578 25.884235382080078 119.40729522705078 -59.84706115722656 30.911296844482422 113.70358276367188 -16.333332061767578 24.080598831176758 116.28330993652344 -57.77302551269531 32.97566223144531 109.3748550415039 60 29.60640525817871 116.04166412353516 57 28.10640525817871 132.7916717529297 57 32.606407165527344 124.79166412353516 63.75 12.651601791381836 135.9791717529297 60 13.026601791381836 110.60416412353516 60.25 7.5 115.85416412353516 62.75 7.5 129.9791717529297 -57 28.10640525817871 116.04166412353516 -60 12.651601791381836 110.60416412353516 -60.25 7.5 115.85416412353516 -57 26.60640525817871 132.7916717529297 -57 31.10640525817871 124.79166412353516 -63.75 12.276601791381836 135.9791717529297 -62.75 7.5 129.9791717529297 -54.86349868774414 38.224952697753906 110.28173065185547 -51.3298225402832 39.15412139892578 107.22064971923828 -50.631744384765625 40.57374954223633 111.17935943603516 -47.46002960205078 33.1994743347168 114.12808990478516 -42.686424255371094 32.04057312011719 112.81291198730469 -48.40412902832031 31.6755313873291 110.68604278564453 -16.333332061767578 7.5 134.7916717529297 -16.333332061767578 26.60640525817871 130.9166717529297 16.333332061767578 26.60640525817871 130.9166717529297 16.333332061767578 7.5 134.7916717529297 -51.84812545776367 33.926578521728516 135.2959442138672 -51.448944091796875 29.469280242919922 138.1475830078125 -53.9897575378418 28.374805450439453 134.86964416503906 -11.306325912475586 25.28436279296875 127.75077819824219 -10.991120338439941 22.130126953125 130.00253295898438 -42.613494873046875 32.07026672363281 134.08111572265625 -10.8631591796875 26.60640525817871 130.9166717529297 -41.37769317626953 28.4749813079834 136.13919067382812 54.680660247802734 39.353782653808594 135.70848083496094 53.93375778198242 41.444393157958984 131.37974548339844 57.39642333984375 37.762359619140625 131.37974548339844 17.722606658935547 22.717775344848633 130.67501831054688 17.100187301635742 24.45995330810547 127.55103302001953 46.07966613769531 36.27931594848633 134.3972930908203 44.6418342590332 37.56806945800781 130.9552459716797 40.430816650390625 35.52203369140625 132.27041625976562 50.05878448486328 43.85942459106445 134.80160522460938 45.16067123413086 45.30674743652344 133.9039764404297 46.324867248535156 44.07099914550781 137.86268615722656</float_array>
                    <technique_common>
                        <accessor count="87" source="#pointarray25" stride="3">
                            <param name="X" type="float"/>
                            <param name="Y" type="float"/>
                            <param name="Z" type="float"/>
                        </accessor>
                    </technique_common>
                </source>
                <source id="uvs25">
                    <float_array id="uvarray25" count="186">0.06033499911427498 1.146468997001648 0.08353699743747711 1.1730200052261353 0.10698600113391876 1.1559869945049286 0.11507999897003174 1.1082990020513535 0.049341000616550446 1.0915160030126572 0.11507999897003174 1.1082980036735535 0.055546000599861145 1.0475150011479855 0.049341000616550446 1.0915149971842766 0.10219699889421463 1.057032998651266 0.05554499849677086 1.0475150011479855 0.10219600051641464 1.0570340007543564 0.07669500261545181 1.0316580012440681 0.9920780062675476 0.35007399320602417 0.9394180178642273 0.25066202878952026 0.9288859963417053 0.35007399320602417 0.876226007938385 0.25066202878952026 0.7596909999847412 0.3003680109977722 0.7814379930496216 0.35007399320602417 0.7287780046463013 0.25066202878952026 0.5926510095596313 0.27427202463150024 0.6453109979629517 0.326462984085083 0.6339899897575378 0.35007399320602417 0.5707989931106567 0.35007399320602417 0.5528889894485474 0.3009589910507202 0.41150999069213867 0.35095900297164917 0.40232500433921814 0.3625109791755676 0.500361979007721 0.3625109791755676 0.5063940286636353 0.23224502801895142 0.40835699439048767 0.23224502801895142 0.40303200483322144 0.23921602964401245 0.5244560241699219 0.31695497035980225 0.6485679745674133 0.31339097023010254 0.49630001187324524 0.3116750121116638 0.41495999693870544 0.29853397607803345 0.5976539850234985 0.2887510061264038 0.45961201190948486 0.2995460033416748 0.5171939730644226 0.28968697786331177 0.4803360104560852 0.2867509722709656 0.5927129983901978 0.5260420143604279 0.805429995059967 0.5260420143604279 0.5983030200004578 0.10556602478027344 0.8100849986076355 0.10293298959732056 0.41961100697517395 0.6577990055084229 0.6275010108947754 0.6015239953994751 0.4093030095100403 0.6488609910011292 0.4840579926967621 0.5949810147285461 0.4840579926967621 0.6991139948368073 0.22687800228595734 0.5898459851741791 0.6275010108947754 0.6915119886398315 0.41526898741722107 0.7113339900970459 0.10468599945306778 1.1794500052928925 0.10468599945306778 1.0360529981553555 0.04409800097346306 1.0920870006084442 0.286734014749527 0.454925000667572 0.271109014749527 0.8736750036478043 0.317984014749527 0.673675000667572 0.11012200266122818 0.9533619992434978 0.11402799934148788 0.31898701190948486 0.05645899847149849 0.450236976146698 0.05645899847149849 0.8033619970083237 1.0044829845428467 0.5246089994907379 1.006140947341919 0.1452620029449463 1.0029020309448242 0.02051001787185669 0.255484014749527 0.8736750036478043 0.271109014749527 0.454925000667572 0.302359014749527 0.673675000667572 0.11012200266122818 0.31898701190948486 0.10621500015258789 0.9533619992434978 0.04015500098466873 0.2781509757041931 0.028342999517917633 0.36268502473831177 0.07122699916362762 0.33695197105407715 0.5050899982452393 0.6366330087184906 0.47606098651885986 0.6677590012550354 0.5420029759407043 0.6745179891586304 0.45521798729896545 0.6889240145683289 0.48040398955345154 0.6988840103149414 0.44479700922966003 0.6615340113639832 0.602429986000061 0.6458640098571777 0.9950000047683716 1.198293998837471 0.8037629723548889 1.273730993270874 0.9965800046920776 1.3925420045852661 0.9981610178947449 0.9665829986333847 0.8053439855575562 0.8741199970245361 0.5983030200004578 0.8718789964914322 0.5967220067977905 1.264820009469986 0.3975830078125 0.9507840014994144 0.39916399121284485 1.2191500067710876 0.3944219946861267 1.3539279997348785 0.398048996925354 0.7447920143604279 0.398048996925354 0.5260420143604279 1.0060629844665527 0.7240090072154999 0.4133099913597107 0.1452620029449463 0.41496801376342773 0.026574015617370605</float_array>
                    <technique_common>
                        <accessor count="93" source="#uvarray25" stride="2">
                            <param name="S" type="float"/>
                            <param name="T" type="float"/>
                        </accessor>
                    </technique_common>
                </source>
                <vertices id="vertices25">
                    <input semantic="POSITION" source="#points25"/>
                </vertices>
                <polylist count="130" material="Material1">
                    <input offset="0" semantic="VERTEX" source="#vertices25"/>
                    <input offset="1" semantic="TEXCOORD" source="#uvs25" set="0"/>
                    <vcount>3 3 3 3 3 3 3 3 3 3 3 3 3 3 3 3 3 3 3 3 3 3 3 3 3 3 3 3 3 3 3 3 3 3 3 3 3 3 3 3 3 3 3 3 3 3 3 3 3 3 3 3 3 3 3 3 3 3 3 3 3 3 3 3 3 3 3 3 3 3 3 3 3 3 3 3 3 3 3 3 3 3 3 3 3 3 3 3 3 3 3 3 3 3 3 3 3 3 3 3 3 3 3 3 3 3 3 3 3 3 3 3 3 3 3 3 3 3 3 3 3 3 3 3 3 3 3 3 3 3</vcount>
                    <p>2 2 1 1 0 0 3 3 2 2 0 0 3 5 0 0 4 4 3 5 4 7 5 6 6 8 3 5 5 6 7 11 6 10 5 9 10 14 9 13 8 12 10 14 11 15 9 13 10 14 13 17 12 16 11 15 10 14 12 16 14 18 11 15 12 16 12 16 15 19 14 18 12 16 13 17 16 20 16 20 13 17 17 21 19 23 17 21 18 22 19 23 16 20 17 21 22 26 21 25 20 24 25 29 24 28 23 27 16 20 19 23 26 30 27 31 16 20 26 30 28 32 27 31 26 30 28 32 26 30 29 33 12 16 16 20 27 31 30 34 12 16 27 31 31 35 30 34 27 31 31 35 27 31 28 32 15 19 12 16 30 34 32 36 15 19 30 34 33 37 32 36 30 34 33 37 30 34 31 35 19 23 15 19 32 36 26 30 19 23 32 36 29 33 26 30 32 36 29 33 32 36 33 37 25 29 23 27 31 35 29 33 25 29 31 35 24 28 25 29 29 33 33 37 24 28 29 33 23 27 24 28 33 37 31 35 23 27 33 37 28 32 22 26 31 35 22 26 20 24 31 35 31 35 20 24 29 33 20 24 21 25 29 33 29 33 21 25 28 32 21 25 22 26 28 32 19 20 18 17 34 21 37 40 36 39 35 38 37 40 38 41 36 39 41 44 40 43 39 42 41 47 42 46 40 45 43 49 42 48 41 44 41 52 39 51 43 50 46 55 45 54 44 53 45 54 47 56 44 53 47 56 48 57 44 53 47 56 49 58 48 57 47 56 50 59 49 58 36 39 52 61 51 60 36 39 38 41 52 61 38 41 53 62 52 61 55 65 51 64 54 63 51 64 52 66 54 63 52 66 56 67 54 63 52 66 57 59 56 67 52 66 53 58 57 59 60 70 59 69 58 68 62 73 60 72 61 71 62 73 59 74 60 72 63 75 59 74 62 73 63 75 58 76 59 74 61 71 58 76 63 75 61 71 60 72 58 76 62 73 36 77 63 75 62 73 61 71 36 77 40 43 36 77 61 71 61 71 39 42 40 43 63 75 39 42 61 71 63 75 43 49 39 42 63 75 36 77 42 48 42 48 43 49 63 75 57 80 64 79 56 78 64 79 54 81 56 78 64 79 65 82 54 81 64 79 66 83 65 82 64 79 67 84 66 83 67 84 45 85 66 83 67 84 47 86 45 85 67 84 50 87 47 86 45 85 46 88 66 83 46 88 35 38 66 83 46 88 44 89 35 38 35 38 65 82 66 83 35 38 36 39 65 82 36 39 55 90 65 82 36 39 51 60 55 90 55 90 54 81 65 82 44 89 37 40 35 38 44 89 48 91 37 40 70 52 69 51 68 50 68 49 71 48 70 44 70 47 71 46 72 45 70 44 72 43 69 42 71 48 68 49 73 75 73 75 74 77 71 48 73 75 69 42 75 71 73 75 68 49 69 42 75 71 69 42 72 43 72 43 74 77 75 71 73 73 75 71 74 77 78 52 77 51 76 50 76 49 79 48 78 44 78 47 79 46 80 45 78 44 80 43 77 42 79 48 76 49 81 75 81 75 66 77 79 48 81 75 77 42 82 71 81 75 76 49 77 42 82 71 77 42 80 43 80 43 66 77 82 71 83 73 82 71 66 77 83 73 66 77 81 75 82 71 85 72 84 76 82 71 84 76 81 75 81 75 84 76 86 74 81 75 86 74 83 73 83 73 86 74 85 72 83 73 85 72 82 71 85 70 86 69 84 68 48 91 49 92 37 40</p>
                </polylist>
            </mesh>
        </geometry>
        <geometry id="mesh25_VC">
            <mesh>
                <source id="points25_VC">
                    <float_array id="pointarray25_VC" count="261">64.31739807128906 25.31087875366211 124.44074249267578 62.86835861206055 29.101621627807617 126.4240493774414 61.85067367553711 33.469478607177734 124.85843658447266 60.28063201904297 35.12214279174805 120.93033599853516 64.31739807128906 23.75684928894043 120.06389617919922 62.80862808227539 24.908044815063477 116.44121551513672 60.655704498291016 33.2261848449707 116.86656188964844 60.67283248901367 28.73395347595215 115.0252685546875 62.86835861206055 29.101621627807617 126.4240493774414 36.23047637939453 21.269092559814453 126.47279357910156 61.85067367553711 33.469478607177734 124.85843658447266 33.87428283691406 25.888702392578125 124.89696502685547 46.94296646118164 31.822681427001953 121.06416320800781 60.28063201904297 35.12214279174805 120.93033599853516 32.279239654541016 27.889890670776367 120.95472717285156 38.85066604614258 29.021268844604492 116.89042663574219 53.53208923339844 33.66748046875 117.07711029052734 60.655704498291016 33.2261848449707 116.86656188964844 60.67283248901367 28.73395347595215 115.0252685546875 48.4034538269043 26.747928619384766 115.28669738769531 49.81333541870117 45.43944549560547 108.99647521972656 54.476097106933594 43.35477828979492 108.4869155883789 53.590457916259766 46.4014778137207 111.2403793334961 26.735919952392578 36.51002502441406 112.43630981445312 27.621559143066406 33.46332931518555 109.6828384399414 28.25484275817871 37.1115837097168 109.52954864501953 50.15556335449219 32.96402359008789 113.93736267089844 48.548255920410156 35.291229248046875 117.43777465820312 46.824222564697266 37.57797622680664 113.8948745727539 42.45661926269531 37.02541732788086 110.42790985107422 41.548309326171875 33.66337585449219 116.91935729980469 41.570980072021484 40.072113037109375 113.1813735961914 43.141910552978516 29.902185440063477 114.60546875 39.475341796875 35.591514587402344 113.82699584960938 62.80862808227539 24.908044815063477 116.44121551513672 20.312694549560547 28.45615577697754 116.04166412353516 -16.333332061767578 28.10640525817871 116.04166412353516 27.839372634887695 7.5 111.04166412353516 -16.333332061767578 7.5 111.04166412353516 -57.77302551269531 35.14002227783203 113.70358276367188 -16.333332061767578 25.884235382080078 119.40729522705078 -59.84706115722656 30.911296844482422 113.70358276367188 -16.333332061767578 24.080598831176758 116.28330993652344 -57.77302551269531 32.97566223144531 109.3748550415039 60 29.60640525817871 116.04166412353516 57 28.10640525817871 132.7916717529297 57 32.606407165527344 124.79166412353516 63.75 12.651601791381836 135.9791717529297 60 13.026601791381836 110.60416412353516 60.25 7.5 115.85416412353516 62.75 7.5 129.9791717529297 -57 28.10640525817871 116.04166412353516 -60 12.651601791381836 110.60416412353516 -60.25 7.5 115.85416412353516 -57 26.60640525817871 132.7916717529297 -57 31.10640525817871 124.79166412353516 -63.75 12.276601791381836 135.9791717529297 -62.75 7.5 129.9791717529297 -54.86349868774414 38.224952697753906 110.28173065185547 -51.3298225402832 39.15412139892578 107.22064971923828 -50.631744384765625 40.57374954223633 111.17935943603516 -47.46002960205078 33.1994743347168 114.12808990478516 -42.686424255371094 32.04057312011719 112.81291198730469 -48.40412902832031 31.6755313873291 110.68604278564453 -16.333332061767578 7.5 134.7916717529297 -16.333332061767578 26.60640525817871 130.9166717529297 16.333332061767578 26.60640525817871 130.9166717529297 16.333332061767578 7.5 134.7916717529297 -51.84812545776367 33.926578521728516 135.2959442138672 -51.448944091796875 29.469280242919922 138.1475830078125 -53.9897575378418 28.374805450439453 134.86964416503906 -11.306325912475586 25.28436279296875 127.75077819824219 -10.991120338439941 22.130126953125 130.00253295898438 -42.613494873046875 32.07026672363281 134.08111572265625 -10.8631591796875 26.60640525817871 130.9166717529297 -41.37769317626953 28.4749813079834 136.13919067382812 54.680660247802734 39.353782653808594 135.70848083496094 53.93375778198242 41.444393157958984 131.37974548339844 57.39642333984375 37.762359619140625 131.37974548339844 17.722606658935547 22.717775344848633 130.67501831054688 17.100187301635742 24.45995330810547 127.55103302001953 46.07966613769531 36.27931594848633 134.3972930908203 44.6418342590332 37.56806945800781 130.9552459716797 40.430816650390625 35.52203369140625 132.27041625976562 50.05878448486328 43.85942459106445 134.80160522460938 45.16067123413086 45.30674743652344 133.9039764404297 46.324867248535156 44.07099914550781 137.86268615722656</float_array>
                    <technique_common>
                        <accessor count="87" source="#pointarray25_VC" stride="3">
                            <param name="X" type="float"/>
                            <param name="Y" type="float"/>
                            <param name="Z" type="float"/>
                        </accessor>
                    </technique_common>
                </source>
                <source id="uvs25_VC">
                    <float_array id="uvarray25_VC" count="4">0.50390625 0.00390625 0.50390625 0.99609375</float_array>
                    <technique_common>
                        <accessor count="2" source="#uvarray25_VC" stride="2">
                            <param name="S" type="float"/>
                            <param name="T" type="float"/>
                        </accessor>
                    </technique_common>
                </source>
                <vertices id="vertices25_VC">
                    <input semantic="POSITION" source="#points25_VC"/>
                </vertices>
                <polylist count="130" material="Material1">
                    <input offset="0" semantic="VERTEX" source="#vertices25_VC"/>
                    <input offset="1" semantic="TEXCOORD" source="#uvs25_VC" set="0"/>
                    <vcount>3 3 3 3 3 3 3 3 3 3 3 3 3 3 3 3 3 3 3 3 3 3 3 3 3 3 3 3 3 3 3 3 3 3 3 3 3 3 3 3 3 3 3 3 3 3 3 3 3 3 3 3 3 3 3 3 3 3 3 3 3 3 3 3 3 3 3 3 3 3 3 3 3 3 3 3 3 3 3 3 3 3 3 3 3 3 3 3 3 3 3 3 3 3 3 3 3 3 3 3 3 3 3 3 3 3 3 3 3 3 3 3 3 3 3 3 3 3 3 3 3 3 3 3 3 3 3 3 3 3</vcount>
                    <p>2 0 1 0 0 0 3 0 2 0 0 0 3 0 0 0 4 0 3 0 4 0 5 0 6 0 3 0 5 0 7 0 6 0 5 0 10 1 9 1 8 1 10 1 11 1 9 1 10 1 13 1 12 0 11 1 10 1 12 0 14 1 11 1 12 0 12 0 15 0 14 1 12 0 13 1 16 0 16 0 13 1 17 1 19 0 17 1 18 1 19 0 16 0 17 1 22 0 21 0 20 0 25 0 24 0 23 0 16 0 19 0 26 0 27 0 16 0 26 0 28 0 27 0 26 0 28 0 26 0 29 0 12 0 16 0 27 0 30 0 12 0 27 0 31 0 30 0 27 0 31 0 27 0 28 0 15 0 12 0 30 0 32 0 15 0 30 0 33 0 32 0 30 0 33 0 30 0 31 0 19 0 15 0 32 0 26 0 19 0 32 0 29 0 26 0 32 0 29 0 32 0 33 0 25 0 23 0 31 0 29 0 25 0 31 0 24 0 25 0 29 0 33 0 24 0 29 0 23 0 24 0 33 0 31 0 23 0 33 0 28 0 22 0 31 0 22 0 20 0 31 0 31 0 20 0 29 0 20 0 21 0 29 0 29 0 21 0 28 0 21 0 22 0 28 0 19 0 18 1 34 1 37 0 36 0 35 0 37 0 38 1 36 0 41 0 40 0 39 0 41 0 42 0 40 0 43 0 42 0 41 0 41 0 39 0 43 0 46 0 45 0 44 0 45 0 47 0 44 0 47 0 48 0 44 0 47 0 49 1 48 0 47 0 50 1 49 1 36 0 52 0 51 0 36 0 38 1 52 0 38 1 53 1 52 0 55 0 51 0 54 0 51 0 52 0 54 0 52 0 56 0 54 0 52 0 57 1 56 0 52 0 53 1 57 1 60 0 59 0 58 0 62 0 60 0 61 0 62 0 59 0 60 0 63 0 59 0 62 0 63 0 58 0 59 0 61 0 58 0 63 0 61 0 60 0 58 0 62 0 36 0 63 0 62 0 61 0 36 0 40 0 36 0 61 0 61 0 39 0 40 0 63 0 39 0 61 0 63 0 43 0 39 0 63 0 36 0 42 0 42 0 43 0 63 0 57 1 64 1 56 0 64 1 54 0 56 0 64 1 65 0 54 0 64 1 66 0 65 0 64 1 67 1 66 0 67 1 45 0 66 0 67 1 47 0 45 0 67 1 50 1 47 0 45 0 46 0 66 0 46 0 35 0 66 0 46 0 44 0 35 0 35 0 65 0 66 0 35 0 36 0 65 0 36 0 55 0 65 0 36 0 51 0 55 0 55 0 54 0 65 0 44 0 37 0 35 0 44 0 48 0 37 0 70 0 69 0 68 0 68 0 71 0 70 0 70 0 71 0 72 0 70 0 72 0 69 0 71 0 68 0 73 0 73 0 74 0 71 0 73 0 69 0 75 0 73 0 68 0 69 0 75 0 69 0 72 0 72 0 74 0 75 0 73 0 75 0 74 0 78 0 77 0 76 0 76 0 79 0 78 0 78 0 79 0 80 0 78 0 80 0 77 0 79 0 76 0 81 0 81 0 66 0 79 0 81 0 77 0 82 0 81 0 76 0 77 0 82 0 77 0 80 0 80 0 66 0 82 0 83 0 82 0 66 0 83 0 66 0 81 0 82 0 85 0 84 0 82 0 84 0 81 0 81 0 84 0 86 0 81 0 86 0 83 0 83 0 86 0 85 0 83 0 85 0 82 0 85 0 86 0 84 0 48 0 49 1 37 0</p>
                </polylist>
            </mesh>
        </geometry>
        <geometry id="mesh26">
            <mesh>
                <source id="points26">
                    <float_array id="pointarray26" count="36">-65 10 130 65 10 130 -65 0 180 65 0 180 75 -10 180 -75 -10 180 75 0 180 -75 0 180 75 0 130 75 -10 180 -75 -10 180 -75 0 130</float_array>
                    <technique_common>
                        <accessor count="12" source="#pointarray26" stride="3">
                            <param name="X" type="float"/>
                            <param name="Y" type="float"/>
                            <param name="Z" type="float"/>
                        </accessor>
                    </technique_common>
                </source>
                <source id="uvs26">
                    <float_array id="uvarray26" count="28">1.0078129768371582 2.421875 -0.007813000120222569 2.421875 1.0078129768371582 2.8125 -0.007813000120222569 2.8125 -0.007813000120222569 1.8125 -0.0859379991889 1.890625 1.0078129768371582 1.8125 1.0859379768371582 1.890625 -0.0859379991889 1.8125 1.0859379768371582 1.8125 -0.007813000120222569 2.109375 -0.007813000120222569 2.5 1.0078129768371582 2.5 1.0078129768371582 2.109375</float_array>
                    <technique_common>
                        <accessor count="14" source="#uvarray26" stride="2">
                            <param name="S" type="float"/>
                            <param name="T" type="float"/>
                        </accessor>
                    </technique_common>
                </source>
                <vertices id="vertices26">
                    <input semantic="POSITION" source="#points26"/>
                </vertices>
                <polylist count="8" material="Material1">
                    <input offset="0" semantic="VERTEX" source="#vertices26"/>
                    <input offset="1" semantic="TEXCOORD" source="#uvs26" set="0"/>
                    <vcount>3 3 3 3 3 3 3 3</vcount>
                    <p>2 2 1 1 0 0 2 2 3 3 1 1 2 6 4 5 3 4 2 6 5 7 4 5 4 5 6 8 3 4 7 9 5 7 2 6 10 12 9 11 8 10 10 12 8 10 11 13</p>
                </polylist>
            </mesh>
        </geometry>
        <geometry id="mesh26_VC">
            <mesh>
                <source id="points26_VC">
                    <float_array id="pointarray26_VC" count="36">-65 10 130 65 10 130 -65 0 180 65 0 180 75 -10 180 -75 -10 180 75 0 180 -75 0 180 75 0 130 75 -10 180 -75 -10 180 -75 0 130</float_array>
                    <technique_common>
                        <accessor count="12" source="#pointarray26_VC" stride="3">
                            <param name="X" type="float"/>
                            <param name="Y" type="float"/>
                            <param name="Z" type="float"/>
                        </accessor>
                    </technique_common>
                </source>
                <source id="uvs26_VC">
                    <float_array id="uvarray26_VC" count="4">0.50390625 0.00390625 0.50390625 0.99609375</float_array>
                    <technique_common>
                        <accessor count="2" source="#uvarray26_VC" stride="2">
                            <param name="S" type="float"/>
                            <param name="T" type="float"/>
                        </accessor>
                    </technique_common>
                </source>
                <vertices id="vertices26_VC">
                    <input semantic="POSITION" source="#points26_VC"/>
                </vertices>
                <polylist count="8" material="Material1">
                    <input offset="0" semantic="VERTEX" source="#vertices26_VC"/>
                    <input offset="1" semantic="TEXCOORD" source="#uvs26_VC" set="0"/>
                    <vcount>3 3 3 3 3 3 3 3</vcount>
                    <p>2 0 1 0 0 0 2 0 3 0 1 0 2 0 4 0 3 0 2 0 5 0 4 0 4 0 6 0 3 0 7 0 5 0 2 0 10 1 9 1 8 1 10 1 8 1 11 1</p>
                </polylist>
            </mesh>
        </geometry>
        <geometry id="mesh27">
            <mesh>
                <source id="points27">
                    <float_array id="pointarray27" count="156">-77 5 130 -75 -10 180 -75 0 130 -75 10 130 -76.46754455566406 8.068963050842285 149.65518188476562 -71.53742218017578 9.935481071472168 154.54620361328125 -75 0 180 -66.60730743408203 9.068963050842285 149.65518188476562 -65 0 180 -71.53742980957031 11.493379592895508 142.7411346435547 -70 12 130 -65 10 130 -73.86454772949219 25.942935943603516 133.032958984375 -69.2103042602539 25.942935943603516 133.032958984375 -71.53742218017578 28.942935943603516 135.532958984375 -71.53742218017578 21.80721092224121 156.88551330566406 -69.21029663085938 18.55734634399414 158.61703491210938 -73.86454772949219 18.55734634399414 158.61703491210938 -68.54991149902344 14.243379592895508 144.65402221679688 -74.41215515136719 13.243379592895508 144.72337341308594 -71.53742218017578 15.757955551147461 144.70753479003906 -69.2103042602539 18.330400466918945 147.78599548339844 -74.52493286132812 12.685481071472168 151.63333129882812 -73.86454772949219 18.330400466918945 147.78599548339844 -68.66268920898438 12.818963050842285 151.92295837402344 -71.53742218017578 15.333539009094238 151.37158203125 71.53742218017578 15.91923999786377 143.29254150390625 73.86454772949219 24.507226943969727 133.3595733642578 69.2103042602539 24.507226943969727 133.3595733642578 69.2103042602539 19.488954544067383 145.98280334472656 71.53742218017578 27.507226943969727 135.8595733642578 73.86454772949219 19.488954544067383 145.98280334472656 71.53742218017578 15.249115943908691 150.3901824951172 73.86454772949219 17.164541244506836 160.0699920654297 69.21029663085938 17.164541244506836 160.0699920654297 71.53742218017578 21.253135681152344 158.73721313476562 68.66268920898438 12.734539985656738 150.94154357910156 68.54991149902344 14.404664039611816 143.23902893066406 66.60730743408203 8.894165992736816 148.6932830810547 71.53742218017578 8.650633811950684 155.0059814453125 74.52493286132812 12.601058006286621 150.65191650390625 76.46754455566406 7.703735828399658 151.4813232421875 74.41215515136719 13.404664039611816 143.30838012695312 71.53742980957031 11.64731502532959 141.3692626953125 65 10 130 65 0 180 70 12 130 75 10 130 75 0 180 77 5 130 75 0 130 75 -10 180</float_array>
                    <technique_common>
                        <accessor count="52" source="#pointarray27" stride="3">
                            <param name="X" type="float"/>
                            <param name="Y" type="float"/>
                            <param name="Z" type="float"/>
                        </accessor>
                    </technique_common>
                </source>
                <source id="uvs27">
                    <float_array id="uvarray27" count="104">0.5403810143470764 1.550000011920929 1 1.800000011920929 0.6464470028877258 1.550000011920929 0.2928929924964905 1.550000011920929 0.4130510091781616 1.6482759714126587 0.17275400459766388 1.6727309823036194 0.6464470028877258 1.800000011920929 0.02908400073647499 1.6482759714126587 0.2928929924964905 1.800000011920929 0.11767400056123734 1.6137059926986694 0.045405998826026917 1.550000011920929 -0.06066000089049339 1.550000011920929 -0.31091898679733276 1.5651649832725525 -0.47547098994255066 1.5651649832725525 -0.4992609918117523 1.5776649713516235 -0.24697500467300415 1.6844279766082764 -0.21435099840164185 1.6930850148200989 -0.04979899898171425 1.6930850148200989 -0.08517800271511078 1.6232699751853943 0.1574389934539795 1.6236169934272766 -0.03310199826955795 1.6235380172729492 -0.20632800459861755 1.6389300227165222 0.18115100264549255 1.6581670045852661 -0.04177499935030937 1.6389300227165222 -0.03082999959588051 1.6596149802207947 -0.01809599995613098 1.6568580269813538 -0.03880399838089943 0.2294219732284546 -0.2601589858531952 0.29150301218032837 -0.4247109889984131 0.29150301218032837 -0.2472890019416809 0.2126070261001587 -0.44850099086761475 0.27587801218032837 -0.08273600041866302 0.2126070261001587 -0.015111999586224556 0.18506097793579102 -0.0005559999844990671 0.12456297874450684 -0.16510799527168274 0.12456297874450684 -0.2273859977722168 0.13289201259613037 -0.027845000848174095 0.18161499500274658 -0.09087999910116196 0.22975599765777588 0.03526400029659271 0.19566702842712402 0.21818000078201294 0.15621298551559448 0.18413600325584412 0.18342500925064087 0.42596399784088135 0.178242027759552 0.1517370045185089 0.22932302951812744 0.11223100125789642 0.2414420247077942 -0.06066000089049339 0.3125 0.2928929924964905 0 0.045405998826026917 0.3125 0.2928929924964905 0.3125 0.6464470028877258 0 0.5403810143470764 0.3125 0.6464470028877258 0.3125 1 0</float_array>
                    <technique_common>
                        <accessor count="52" source="#uvarray27" stride="2">
                            <param name="S" type="float"/>
                            <param name="T" type="float"/>
                        </accessor>
                    </technique_common>
                </source>
                <vertices id="vertices27">
                    <input semantic="POSITION" source="#points27"/>
                </vertices>
                <polylist count="84" material="Material1">
                    <input offset="0" semantic="VERTEX" source="#vertices27"/>
                    <input offset="1" semantic="TEXCOORD" source="#uvs27" set="0"/>
                    <vcount>3 3 3 3 3 3 3 3 3 3 3 3 3 3 3 3 3 3 3 3 3 3 3 3 3 3 3 3 3 3 3 3 3 3 3 3 3 3 3 3 3 3 3 3 3 3 3 3 3 3 3 3 3 3 3 3 3 3 3 3 3 3 3 3 3 3 3 3 3 3 3 3 3 3 3 3 3 3 3 3 3 3 3 3</vcount>
                    <p>2 2 1 1 0 0 4 4 3 3 0 0 6 6 5 5 4 4 8 8 7 7 5 5 9 9 3 3 4 4 10 10 3 3 9 9 11 11 9 9 7 7 11 11 10 10 9 9 11 11 7 7 8 8 14 14 13 13 12 12 17 17 16 16 15 15 18 18 7 7 9 9 18 18 9 9 19 19 18 18 19 19 20 20 21 21 18 18 20 20 19 19 9 9 4 4 19 19 4 4 22 22 19 19 22 22 23 23 20 20 19 19 23 23 22 22 4 4 5 5 22 22 5 5 24 24 22 22 24 24 25 25 23 23 22 22 25 25 24 24 5 5 7 7 24 24 7 7 18 18 24 24 18 18 21 21 25 25 24 24 21 21 23 23 17 17 15 15 23 23 15 15 21 21 21 21 15 15 16 16 21 21 16 16 25 25 25 25 16 16 17 17 25 25 17 17 23 23 23 23 12 12 20 20 23 23 14 14 12 12 21 21 14 14 23 23 21 21 13 13 14 14 20 20 13 13 21 21 20 20 12 12 13 13 6 6 4 4 0 0 6 6 0 0 1 1 8 8 5 5 6 6 28 28 27 27 26 26 29 29 28 28 26 26 30 30 28 28 29 29 31 31 30 30 29 29 27 27 30 30 31 31 26 26 27 27 31 31 31 31 33 33 32 32 33 33 34 34 32 32 32 32 34 34 29 29 34 34 35 35 29 29 29 29 35 35 31 31 35 35 33 33 31 31 29 29 36 36 32 32 29 29 37 37 36 36 37 37 38 38 36 36 38 38 39 39 36 36 32 32 40 40 31 31 32 32 36 36 40 40 36 36 39 39 40 40 39 39 41 41 40 40 31 31 42 42 26 26 31 31 40 40 42 42 40 40 41 41 42 42 41 41 43 43 42 42 26 26 37 37 29 29 26 26 42 42 37 37 42 42 43 43 37 37 43 43 38 38 37 37 35 35 34 34 33 33 27 27 28 28 30 30 45 45 38 38 44 44 38 38 46 46 44 44 38 38 43 43 46 46 43 43 47 47 46 46 41 41 47 47 43 43 41 41 39 39 48 48 49 49 47 47 41 41 49 49 51 51 50 50 38 38 45 45 39 39 39 39 45 45 48 48 49 49 41 41 48 48 51 51 49 49 48 48</p>
                </polylist>
            </mesh>
        </geometry>
        <geometry id="mesh27_VC">
            <mesh>
                <source id="points27_VC">
                    <float_array id="pointarray27_VC" count="156">-77 5 130 -75 -10 180 -75 0 130 -75 10 130 -76.46754455566406 8.068963050842285 149.65518188476562 -71.53742218017578 9.935481071472168 154.54620361328125 -75 0 180 -66.60730743408203 9.068963050842285 149.65518188476562 -65 0 180 -71.53742980957031 11.493379592895508 142.7411346435547 -70 12 130 -65 10 130 -73.86454772949219 25.942935943603516 133.032958984375 -69.2103042602539 25.942935943603516 133.032958984375 -71.53742218017578 28.942935943603516 135.532958984375 -71.53742218017578 21.80721092224121 156.88551330566406 -69.21029663085938 18.55734634399414 158.61703491210938 -73.86454772949219 18.55734634399414 158.61703491210938 -68.54991149902344 14.243379592895508 144.65402221679688 -74.41215515136719 13.243379592895508 144.72337341308594 -71.53742218017578 15.757955551147461 144.70753479003906 -69.2103042602539 18.330400466918945 147.78599548339844 -74.52493286132812 12.685481071472168 151.63333129882812 -73.86454772949219 18.330400466918945 147.78599548339844 -68.66268920898438 12.818963050842285 151.92295837402344 -71.53742218017578 15.333539009094238 151.37158203125 71.53742218017578 15.91923999786377 143.29254150390625 73.86454772949219 24.507226943969727 133.3595733642578 69.2103042602539 24.507226943969727 133.3595733642578 69.2103042602539 19.488954544067383 145.98280334472656 71.53742218017578 27.507226943969727 135.8595733642578 73.86454772949219 19.488954544067383 145.98280334472656 71.53742218017578 15.249115943908691 150.3901824951172 73.86454772949219 17.164541244506836 160.0699920654297 69.21029663085938 17.164541244506836 160.0699920654297 71.53742218017578 21.253135681152344 158.73721313476562 68.66268920898438 12.734539985656738 150.94154357910156 68.54991149902344 14.404664039611816 143.23902893066406 66.60730743408203 8.894165992736816 148.6932830810547 71.53742218017578 8.650633811950684 155.0059814453125 74.52493286132812 12.601058006286621 150.65191650390625 76.46754455566406 7.703735828399658 151.4813232421875 74.41215515136719 13.404664039611816 143.30838012695312 71.53742980957031 11.64731502532959 141.3692626953125 65 10 130 65 0 180 70 12 130 75 10 130 75 0 180 77 5 130 75 0 130 75 -10 180</float_array>
                    <technique_common>
                        <accessor count="52" source="#pointarray27_VC" stride="3">
                            <param name="X" type="float"/>
                            <param name="Y" type="float"/>
                            <param name="Z" type="float"/>
                        </accessor>
                    </technique_common>
                </source>
                <source id="uvs27_VC">
                    <float_array id="uvarray27_VC" count="4">0.50390625 0.99609375 0.50390625 0.00390625</float_array>
                    <technique_common>
                        <accessor count="2" source="#uvarray27_VC" stride="2">
                            <param name="S" type="float"/>
                            <param name="T" type="float"/>
                        </accessor>
                    </technique_common>
                </source>
                <vertices id="vertices27_VC">
                    <input semantic="POSITION" source="#points27_VC"/>
                </vertices>
                <polylist count="84" material="Material1">
                    <input offset="0" semantic="VERTEX" source="#vertices27_VC"/>
                    <input offset="1" semantic="TEXCOORD" source="#uvs27_VC" set="0"/>
                    <vcount>3 3 3 3 3 3 3 3 3 3 3 3 3 3 3 3 3 3 3 3 3 3 3 3 3 3 3 3 3 3 3 3 3 3 3 3 3 3 3 3 3 3 3 3 3 3 3 3 3 3 3 3 3 3 3 3 3 3 3 3 3 3 3 3 3 3 3 3 3 3 3 3 3 3 3 3 3 3 3 3 3 3 3 3</vcount>
                    <p>2 0 1 0 0 0 4 1 3 0 0 0 6 1 5 1 4 1 8 1 7 1 5 1 9 1 3 0 4 1 10 0 3 0 9 1 11 0 9 1 7 1 11 0 10 0 9 1 11 0 7 1 8 1 14 1 13 1 12 1 17 1 16 1 15 1 18 1 7 1 9 1 18 1 9 1 19 1 18 1 19 1 20 1 21 1 18 1 20 1 19 1 9 1 4 1 19 1 4 1 22 1 19 1 22 1 23 1 20 1 19 1 23 1 22 1 4 1 5 1 22 1 5 1 24 1 22 1 24 1 25 1 23 1 22 1 25 1 24 1 5 1 7 1 24 1 7 1 18 1 24 1 18 1 21 1 25 1 24 1 21 1 23 1 17 1 15 1 23 1 15 1 21 1 21 1 15 1 16 1 21 1 16 1 25 1 25 1 16 1 17 1 25 1 17 1 23 1 23 1 12 1 20 1 23 1 14 1 12 1 21 1 14 1 23 1 21 1 13 1 14 1 20 1 13 1 21 1 20 1 12 1 13 1 6 1 4 1 0 0 6 1 0 0 1 0 8 1 5 1 6 1 28 1 27 1 26 1 29 1 28 1 26 1 30 1 28 1 29 1 31 1 30 1 29 1 27 1 30 1 31 1 26 1 27 1 31 1 31 1 33 1 32 1 33 1 34 1 32 1 32 1 34 1 29 1 34 1 35 1 29 1 29 1 35 1 31 1 35 1 33 1 31 1 29 1 36 1 32 1 29 1 37 1 36 1 37 1 38 1 36 1 38 1 39 1 36 1 32 1 40 1 31 1 32 1 36 1 40 1 36 1 39 1 40 1 39 1 41 1 40 1 31 1 42 1 26 1 31 1 40 1 42 1 40 1 41 1 42 1 41 1 43 1 42 1 26 1 37 1 29 1 26 1 42 1 37 1 42 1 43 1 37 1 43 1 38 1 37 1 35 1 34 1 33 1 27 1 28 1 30 1 45 1 38 1 44 0 38 1 46 0 44 0 38 1 43 1 46 0 43 1 47 0 46 0 41 1 47 0 43 1 41 1 39 1 48 1 49 0 47 0 41 1 49 0 51 1 50 0 38 1 45 1 39 1 39 1 45 1 48 1 49 0 41 1 48 1 51 1 49 0 48 1</p>
                </polylist>
            </mesh>
        </geometry>
        <geometry id="mesh28">
            <mesh>
                <source id="points28">
                    <float_array id="pointarray28" count="24">-75 -10 180 -75 -60 180 -75 0 130 -75 -60 130 75 0 130 75 -60 130 75 -10 180 75 -60 180</float_array>
                    <technique_common>
                        <accessor count="8" source="#pointarray28" stride="3">
                            <param name="X" type="float"/>
                            <param name="Y" type="float"/>
                            <param name="Z" type="float"/>
                        </accessor>
                    </technique_common>
                </source>
                <source id="uvs28">
                    <float_array id="uvarray28" count="2">0 1</float_array>
                    <technique_common>
                        <accessor count="1" source="#uvarray28" stride="2">
                            <param name="S" type="float"/>
                            <param name="T" type="float"/>
                        </accessor>
                    </technique_common>
                </source>
                <vertices id="vertices28">
                    <input semantic="POSITION" source="#points28"/>
                </vertices>
                <polylist count="4" material="Material1">
                    <input offset="0" semantic="VERTEX" source="#vertices28"/>
                    <input offset="1" semantic="TEXCOORD" source="#uvs28" set="0"/>
                    <vcount>3 3 3 3</vcount>
                    <p>2 0 1 0 0 0 2 0 3 0 1 0 6 0 5 0 4 0 6 0 7 0 5 0</p>
                </polylist>
            </mesh>
        </geometry>
        <geometry id="mesh28_VC">
            <mesh>
                <source id="points28_VC">
                    <float_array id="pointarray28_VC" count="24">-75 -10 180 -75 -60 180 -75 0 130 -75 -60 130 75 0 130 75 -60 130 75 -10 180 75 -60 180</float_array>
                    <technique_common>
                        <accessor count="8" source="#pointarray28_VC" stride="3">
                            <param name="X" type="float"/>
                            <param name="Y" type="float"/>
                            <param name="Z" type="float"/>
                        </accessor>
                    </technique_common>
                </source>
                <source id="uvs28_VC">
                    <float_array id="uvarray28_VC" count="6">0.00390625 0.00390625 0.49609375 0.00390625 0.00390625 0.99609375</float_array>
                    <technique_common>
                        <accessor count="3" source="#uvarray28_VC" stride="2">
                            <param name="S" type="float"/>
                            <param name="T" type="float"/>
                        </accessor>
                    </technique_common>
                </source>
                <vertices id="vertices28_VC">
                    <input semantic="POSITION" source="#points28_VC"/>
                </vertices>
                <polylist count="4" material="Material1">
                    <input offset="0" semantic="VERTEX" source="#vertices28_VC"/>
                    <input offset="1" semantic="TEXCOORD" source="#uvs28_VC" set="0"/>
                    <vcount>3 3 3 3</vcount>
                    <p>2 0 1 1 0 2 2 0 3 1 1 1 6 2 5 1 4 0 6 2 7 1 5 1</p>
                </polylist>
            </mesh>
        </geometry>
    </library_geometries>
    <library_controllers>
        <controller id="controller0">
            <skin source="#mesh0">
                <bind_shape_matrix>1 0 0 0 0 1 0 0 0 0 1 0 0 0 0 1</bind_shape_matrix>
                <source id="joints0">
                    <Name_array id="JointArr0" count="14">jointnode-1 jointnode0 jointnode1 jointnode2 jointnode3 jointnode4 jointnode5 jointnode6 jointnode7 jointnode8 jointnode9 jointnode10 jointnode11 jointnode12</Name_array>
                    <technique_common>
                        <accessor source="#JointArr0" count="14">
                            <param name="JOINT" type="Name" />
                        </accessor>
                    </technique_common>
                </source>
                <source id="matrices0">
                    <float_array id="MatArr0" count="224">1 0 0 0 0 1 0 0 0 0 1 0 0 0 0 1 1 0 0 0 0 1 0 0 0 0 1 0 0 0 0 1 1 0 0 0 0 1 0 0 0 0 1 0 0 0 0 1 1 0 0 0 0 1 0 0 0 0 1 0 0 0 0 1 1 0 0 0 0 1 0 0 0 0 1 0 0 0 0 1 1 0 0 0 0 1 0 0 0 0 1 0 0 0 0 1 1 0 0 0 0 1 0 0 0 0 1 0 0 0 0 1 1 0 0 0 0 1 0 0 0 0 1 0 0 0 0 1 1 0 0 0 0 1 0 0 0 0 1 0 0 0 0 1 1 0 0 0 0 1 0 0 0 0 1 0 0 0 0 1 1 0 0 0 0 1 0 0 0 0 1 0 0 0 0 1 1 0 0 0 0 1 0 0 0 0 1 0 0 0 0 1 1 0 0 0 0 1 0 0 0 0 1 0 0 0 0 1 1 0 0 0 0 1 0 0 0 0 1 0 0 0 0 1</float_array>
                    <technique_common>
                        <accessor source="#MatArr0" count="14" stride="16">
                            <param type="float4x4" />
                        </accessor>
                    </technique_common>
                </source>
                <source id="weights0">
                    <float_array id="WeightArr0" count="1">1</float_array>
                    <technique_common>
                        <accessor source="#WeightArr0" count="1">
                            <param type="float" />
                        </accessor>
                    </technique_common>
                </source>
                <joints>
                    <input semantic="JOINT" source="#joints0" />
                    <input semantic="INV_BIND_MATRIX" source="#matrices0" />
                </joints>
                <vertex_weights count="88">
                    <input semantic="JOINT" offset="0" source="#joints0" />
                    <input semantic="WEIGHT" offset="1" source="#weights0" />
                    <vcount>1 1 1 1 1 1 1 1 1 1 1 1 1 1 1 1 1 1 1 1 1 1 1 1 1 1 1 1 1 1 1 1 1 1 1 1 1 1 1 1 1 1 1 1 1 1 1 1 1 1 1 1 1 1 1 1 1 1 1 1 1 1 1 1 1 1 1 1 1 1 1 1 1 1 1 1 1 1 1 1 1 1 1 1 1 1 1 1</vcount>
                    <v>13 0 13 0 13 0 13 0 13 0 13 0 13 0 13 0 13 0 13 0 13 0 13 0 13 0 13 0 13 0 13 0 13 0 13 0 13 0 13 0 13 0 13 0 13 0 13 0 13 0 13 0 13 0 13 0 13 0 13 0 13 0 13 0 13 0 13 0 13 0 13 0 13 0 13 0 13 0 13 0 13 0 13 0 13 0 13 0 13 0 13 0 13 0 13 0 13 0 13 0 13 0 13 0 13 0 13 0 13 0 13 0 13 0 13 0 13 0 13 0 13 0 13 0 13 0 13 0 13 0 13 0 13 0 13 0 13 0 13 0 13 0 13 0 13 0 13 0 13 0 13 0 13 0 13 0 13 0 13 0 13 0 13 0 13 0 13 0 13 0 13 0 13 0 13 0</v>
                </vertex_weights>
            </skin>
        </controller>
        <controller id="controller0_VC">
            <skin source="#mesh0_VC">
                <bind_shape_matrix>1 0 0 0 0 1 0 0 0 0 1 0 0 0 0 1</bind_shape_matrix>
                <source id="joints0_VC">
                    <Name_array id="JointArr0_VC" count="14">jointnode-1 jointnode0 jointnode1 jointnode2 jointnode3 jointnode4 jointnode5 jointnode6 jointnode7 jointnode8 jointnode9 jointnode10 jointnode11 jointnode12</Name_array>
                    <technique_common>
                        <accessor source="#JointArr0_VC" count="14">
                            <param name="JOINT" type="Name" />
                        </accessor>
                    </technique_common>
                </source>
                <source id="matrices0_VC">
                    <float_array id="MatArr0_VC" count="224">1 0 0 0 0 1 0 0 0 0 1 0 0 0 0 1 1 0 0 0 0 1 0 0 0 0 1 0 0 0 0 1 1 0 0 0 0 1 0 0 0 0 1 0 0 0 0 1 1 0 0 0 0 1 0 0 0 0 1 0 0 0 0 1 1 0 0 0 0 1 0 0 0 0 1 0 0 0 0 1 1 0 0 0 0 1 0 0 0 0 1 0 0 0 0 1 1 0 0 0 0 1 0 0 0 0 1 0 0 0 0 1 1 0 0 0 0 1 0 0 0 0 1 0 0 0 0 1 1 0 0 0 0 1 0 0 0 0 1 0 0 0 0 1 1 0 0 0 0 1 0 0 0 0 1 0 0 0 0 1 1 0 0 0 0 1 0 0 0 0 1 0 0 0 0 1 1 0 0 0 0 1 0 0 0 0 1 0 0 0 0 1 1 0 0 0 0 1 0 0 0 0 1 0 0 0 0 1 1 0 0 0 0 1 0 0 0 0 1 0 0 0 0 1</float_array>
                    <technique_common>
                        <accessor source="#MatArr0_VC" count="14" stride="16">
                            <param type="float4x4" />
                        </accessor>
                    </technique_common>
                </source>
                <source id="weights0_VC">
                    <float_array id="WeightArr0_VC" count="1">1</float_array>
                    <technique_common>
                        <accessor source="#WeightArr0_VC" count="1">
                            <param type="float" />
                        </accessor>
                    </technique_common>
                </source>
                <joints>
                    <input semantic="JOINT" source="#joints0_VC" />
                    <input semantic="INV_BIND_MATRIX" source="#matrices0_VC" />
                </joints>
                <vertex_weights count="88">
                    <input semantic="JOINT" offset="0" source="#joints0_VC" />
                    <input semantic="WEIGHT" offset="1" source="#weights0_VC" />
                    <vcount>1 1 1 1 1 1 1 1 1 1 1 1 1 1 1 1 1 1 1 1 1 1 1 1 1 1 1 1 1 1 1 1 1 1 1 1 1 1 1 1 1 1 1 1 1 1 1 1 1 1 1 1 1 1 1 1 1 1 1 1 1 1 1 1 1 1 1 1 1 1 1 1 1 1 1 1 1 1 1 1 1 1 1 1 1 1 1 1</vcount>
                    <v>13 0 13 0 13 0 13 0 13 0 13 0 13 0 13 0 13 0 13 0 13 0 13 0 13 0 13 0 13 0 13 0 13 0 13 0 13 0 13 0 13 0 13 0 13 0 13 0 13 0 13 0 13 0 13 0 13 0 13 0 13 0 13 0 13 0 13 0 13 0 13 0 13 0 13 0 13 0 13 0 13 0 13 0 13 0 13 0 13 0 13 0 13 0 13 0 13 0 13 0 13 0 13 0 13 0 13 0 13 0 13 0 13 0 13 0 13 0 13 0 13 0 13 0 13 0 13 0 13 0 13 0 13 0 13 0 13 0 13 0 13 0 13 0 13 0 13 0 13 0 13 0 13 0 13 0 13 0 13 0 13 0 13 0 13 0 13 0 13 0 13 0 13 0 13 0</v>
                </vertex_weights>
            </skin>
        </controller>
        <controller id="controller1">
            <skin source="#mesh1">
                <bind_shape_matrix>1 0 0 0 0 1 0 0 0 0 1 0 0 0 0 1</bind_shape_matrix>
                <source id="joints1">
                    <Name_array id="JointArr1" count="14">jointnode-1 jointnode0 jointnode1 jointnode2 jointnode3 jointnode4 jointnode5 jointnode6 jointnode7 jointnode8 jointnode9 jointnode10 jointnode11 jointnode12</Name_array>
                    <technique_common>
                        <accessor source="#JointArr1" count="14">
                            <param name="JOINT" type="Name" />
                        </accessor>
                    </technique_common>
                </source>
                <source id="matrices1">
                    <float_array id="MatArr1" count="224">1 0 0 0 0 1 0 0 0 0 1 0 0 0 0 1 1 0 0 0 0 1 0 0 0 0 1 0 0 0 0 1 1 0 0 0 0 1 0 0 0 0 1 0 0 0 0 1 1 0 0 0 0 1 0 0 0 0 1 0 0 0 0 1 1 0 0 0 0 1 0 0 0 0 1 0 0 0 0 1 1 0 0 0 0 1 0 0 0 0 1 0 0 0 0 1 1 0 0 0 0 1 0 0 0 0 1 0 0 0 0 1 1 0 0 0 0 1 0 0 0 0 1 0 0 0 0 1 1 0 0 0 0 1 0 0 0 0 1 0 0 0 0 1 1 0 0 0 0 1 0 0 0 0 1 0 0 0 0 1 1 0 0 0 0 1 0 0 0 0 1 0 0 0 0 1 1 0 0 0 0 1 0 0 0 0 1 0 0 0 0 1 1 0 0 0 0 1 0 0 0 0 1 0 0 0 0 1 1 0 0 0 0 1 0 0 0 0 1 0 0 0 0 1</float_array>
                    <technique_common>
                        <accessor source="#MatArr1" count="14" stride="16">
                            <param type="float4x4" />
                        </accessor>
                    </technique_common>
                </source>
                <source id="weights1">
                    <float_array id="WeightArr1" count="1">1</float_array>
                    <technique_common>
                        <accessor source="#WeightArr1" count="1">
                            <param type="float" />
                        </accessor>
                    </technique_common>
                </source>
                <joints>
                    <input semantic="JOINT" source="#joints1" />
                    <input semantic="INV_BIND_MATRIX" source="#matrices1" />
                </joints>
                <vertex_weights count="14">
                    <input semantic="JOINT" offset="0" source="#joints1" />
                    <input semantic="WEIGHT" offset="1" source="#weights1" />
                    <vcount>1 1 1 1 1 1 1 1 1 1 1 1 1 1</vcount>
                    <v>12 0 12 0 12 0 12 0 12 0 12 0 12 0 12 0 12 0 12 0 12 0 12 0 12 0 12 0</v>
                </vertex_weights>
            </skin>
        </controller>
        <controller id="controller1_VC">
            <skin source="#mesh1_VC">
                <bind_shape_matrix>1 0 0 0 0 1 0 0 0 0 1 0 0 0 0 1</bind_shape_matrix>
                <source id="joints1_VC">
                    <Name_array id="JointArr1_VC" count="14">jointnode-1 jointnode0 jointnode1 jointnode2 jointnode3 jointnode4 jointnode5 jointnode6 jointnode7 jointnode8 jointnode9 jointnode10 jointnode11 jointnode12</Name_array>
                    <technique_common>
                        <accessor source="#JointArr1_VC" count="14">
                            <param name="JOINT" type="Name" />
                        </accessor>
                    </technique_common>
                </source>
                <source id="matrices1_VC">
                    <float_array id="MatArr1_VC" count="224">1 0 0 0 0 1 0 0 0 0 1 0 0 0 0 1 1 0 0 0 0 1 0 0 0 0 1 0 0 0 0 1 1 0 0 0 0 1 0 0 0 0 1 0 0 0 0 1 1 0 0 0 0 1 0 0 0 0 1 0 0 0 0 1 1 0 0 0 0 1 0 0 0 0 1 0 0 0 0 1 1 0 0 0 0 1 0 0 0 0 1 0 0 0 0 1 1 0 0 0 0 1 0 0 0 0 1 0 0 0 0 1 1 0 0 0 0 1 0 0 0 0 1 0 0 0 0 1 1 0 0 0 0 1 0 0 0 0 1 0 0 0 0 1 1 0 0 0 0 1 0 0 0 0 1 0 0 0 0 1 1 0 0 0 0 1 0 0 0 0 1 0 0 0 0 1 1 0 0 0 0 1 0 0 0 0 1 0 0 0 0 1 1 0 0 0 0 1 0 0 0 0 1 0 0 0 0 1 1 0 0 0 0 1 0 0 0 0 1 0 0 0 0 1</float_array>
                    <technique_common>
                        <accessor source="#MatArr1_VC" count="14" stride="16">
                            <param type="float4x4" />
                        </accessor>
                    </technique_common>
                </source>
                <source id="weights1_VC">
                    <float_array id="WeightArr1_VC" count="1">1</float_array>
                    <technique_common>
                        <accessor source="#WeightArr1_VC" count="1">
                            <param type="float" />
                        </accessor>
                    </technique_common>
                </source>
                <joints>
                    <input semantic="JOINT" source="#joints1_VC" />
                    <input semantic="INV_BIND_MATRIX" source="#matrices1_VC" />
                </joints>
                <vertex_weights count="14">
                    <input semantic="JOINT" offset="0" source="#joints1_VC" />
                    <input semantic="WEIGHT" offset="1" source="#weights1_VC" />
                    <vcount>1 1 1 1 1 1 1 1 1 1 1 1 1 1</vcount>
                    <v>12 0 12 0 12 0 12 0 12 0 12 0 12 0 12 0 12 0 12 0 12 0 12 0 12 0 12 0</v>
                </vertex_weights>
            </skin>
        </controller>
        <controller id="controller2">
            <skin source="#mesh2">
                <bind_shape_matrix>1 0 0 0 0 1 0 0 0 0 1 0 0 0 0 1</bind_shape_matrix>
                <source id="joints2">
                    <Name_array id="JointArr2" count="14">jointnode-1 jointnode0 jointnode1 jointnode2 jointnode3 jointnode4 jointnode5 jointnode6 jointnode7 jointnode8 jointnode9 jointnode10 jointnode11 jointnode12</Name_array>
                    <technique_common>
                        <accessor source="#JointArr2" count="14">
                            <param name="JOINT" type="Name" />
                        </accessor>
                    </technique_common>
                </source>
                <source id="matrices2">
                    <float_array id="MatArr2" count="224">1 0 0 0 0 1 0 0 0 0 1 0 0 0 0 1 1 0 0 0 0 1 0 0 0 0 1 0 0 0 0 1 1 0 0 0 0 1 0 0 0 0 1 0 0 0 0 1 1 0 0 0 0 1 0 0 0 0 1 0 0 0 0 1 1 0 0 0 0 1 0 0 0 0 1 0 0 0 0 1 1 0 0 0 0 1 0 0 0 0 1 0 0 0 0 1 1 0 0 0 0 1 0 0 0 0 1 0 0 0 0 1 1 0 0 0 0 1 0 0 0 0 1 0 0 0 0 1 1 0 0 0 0 1 0 0 0 0 1 0 0 0 0 1 1 0 0 0 0 1 0 0 0 0 1 0 0 0 0 1 1 0 0 0 0 1 0 0 0 0 1 0 0 0 0 1 1 0 0 0 0 1 0 0 0 0 1 0 0 0 0 1 1 0 0 0 0 1 0 0 0 0 1 0 0 0 0 1 1 0 0 0 0 1 0 0 0 0 1 0 0 0 0 1</float_array>
                    <technique_common>
                        <accessor source="#MatArr2" count="14" stride="16">
                            <param type="float4x4" />
                        </accessor>
                    </technique_common>
                </source>
                <source id="weights2">
                    <float_array id="WeightArr2" count="1">1</float_array>
                    <technique_common>
                        <accessor source="#WeightArr2" count="1">
                            <param type="float" />
                        </accessor>
                    </technique_common>
                </source>
                <joints>
                    <input semantic="JOINT" source="#joints2" />
                    <input semantic="INV_BIND_MATRIX" source="#matrices2" />
                </joints>
                <vertex_weights count="68">
                    <input semantic="JOINT" offset="0" source="#joints2" />
                    <input semantic="WEIGHT" offset="1" source="#weights2" />
                    <vcount>1 1 1 1 1 1 1 1 1 1 1 1 1 1 1 1 1 1 1 1 1 1 1 1 1 1 1 1 1 1 1 1 1 1 1 1 1 1 1 1 1 1 1 1 1 1 1 1 1 1 1 1 1 1 1 1 1 1 1 1 1 1 1 1 1 1 1 1</vcount>
                    <v>12 0 12 0 12 0 12 0 12 0 12 0 12 0 12 0 12 0 12 0 12 0 12 0 12 0 12 0 12 0 12 0 12 0 12 0 12 0 12 0 12 0 12 0 12 0 12 0 12 0 12 0 12 0 12 0 12 0 12 0 12 0 12 0 12 0 12 0 12 0 12 0 12 0 12 0 12 0 12 0 12 0 12 0 12 0 12 0 12 0 12 0 12 0 12 0 12 0 12 0 12 0 12 0 12 0 12 0 12 0 12 0 12 0 12 0 12 0 12 0 12 0 12 0 12 0 12 0 12 0 12 0 12 0 12 0</v>
                </vertex_weights>
            </skin>
        </controller>
        <controller id="controller2_VC">
            <skin source="#mesh2_VC">
                <bind_shape_matrix>1 0 0 0 0 1 0 0 0 0 1 0 0 0 0 1</bind_shape_matrix>
                <source id="joints2_VC">
                    <Name_array id="JointArr2_VC" count="14">jointnode-1 jointnode0 jointnode1 jointnode2 jointnode3 jointnode4 jointnode5 jointnode6 jointnode7 jointnode8 jointnode9 jointnode10 jointnode11 jointnode12</Name_array>
                    <technique_common>
                        <accessor source="#JointArr2_VC" count="14">
                            <param name="JOINT" type="Name" />
                        </accessor>
                    </technique_common>
                </source>
                <source id="matrices2_VC">
                    <float_array id="MatArr2_VC" count="224">1 0 0 0 0 1 0 0 0 0 1 0 0 0 0 1 1 0 0 0 0 1 0 0 0 0 1 0 0 0 0 1 1 0 0 0 0 1 0 0 0 0 1 0 0 0 0 1 1 0 0 0 0 1 0 0 0 0 1 0 0 0 0 1 1 0 0 0 0 1 0 0 0 0 1 0 0 0 0 1 1 0 0 0 0 1 0 0 0 0 1 0 0 0 0 1 1 0 0 0 0 1 0 0 0 0 1 0 0 0 0 1 1 0 0 0 0 1 0 0 0 0 1 0 0 0 0 1 1 0 0 0 0 1 0 0 0 0 1 0 0 0 0 1 1 0 0 0 0 1 0 0 0 0 1 0 0 0 0 1 1 0 0 0 0 1 0 0 0 0 1 0 0 0 0 1 1 0 0 0 0 1 0 0 0 0 1 0 0 0 0 1 1 0 0 0 0 1 0 0 0 0 1 0 0 0 0 1 1 0 0 0 0 1 0 0 0 0 1 0 0 0 0 1</float_array>
                    <technique_common>
                        <accessor source="#MatArr2_VC" count="14" stride="16">
                            <param type="float4x4" />
                        </accessor>
                    </technique_common>
                </source>
                <source id="weights2_VC">
                    <float_array id="WeightArr2_VC" count="1">1</float_array>
                    <technique_common>
                        <accessor source="#WeightArr2_VC" count="1">
                            <param type="float" />
                        </accessor>
                    </technique_common>
                </source>
                <joints>
                    <input semantic="JOINT" source="#joints2_VC" />
                    <input semantic="INV_BIND_MATRIX" source="#matrices2_VC" />
                </joints>
                <vertex_weights count="68">
                    <input semantic="JOINT" offset="0" source="#joints2_VC" />
                    <input semantic="WEIGHT" offset="1" source="#weights2_VC" />
                    <vcount>1 1 1 1 1 1 1 1 1 1 1 1 1 1 1 1 1 1 1 1 1 1 1 1 1 1 1 1 1 1 1 1 1 1 1 1 1 1 1 1 1 1 1 1 1 1 1 1 1 1 1 1 1 1 1 1 1 1 1 1 1 1 1 1 1 1 1 1</vcount>
                    <v>12 0 12 0 12 0 12 0 12 0 12 0 12 0 12 0 12 0 12 0 12 0 12 0 12 0 12 0 12 0 12 0 12 0 12 0 12 0 12 0 12 0 12 0 12 0 12 0 12 0 12 0 12 0 12 0 12 0 12 0 12 0 12 0 12 0 12 0 12 0 12 0 12 0 12 0 12 0 12 0 12 0 12 0 12 0 12 0 12 0 12 0 12 0 12 0 12 0 12 0 12 0 12 0 12 0 12 0 12 0 12 0 12 0 12 0 12 0 12 0 12 0 12 0 12 0 12 0 12 0 12 0 12 0 12 0</v>
                </vertex_weights>
            </skin>
        </controller>
        <controller id="controller3">
            <skin source="#mesh3">
                <bind_shape_matrix>1 0 0 0 0 1 0 0 0 0 1 0 0 0 0 1</bind_shape_matrix>
                <source id="joints3">
                    <Name_array id="JointArr3" count="14">jointnode-1 jointnode0 jointnode1 jointnode2 jointnode3 jointnode4 jointnode5 jointnode6 jointnode7 jointnode8 jointnode9 jointnode10 jointnode11 jointnode12</Name_array>
                    <technique_common>
                        <accessor source="#JointArr3" count="14">
                            <param name="JOINT" type="Name" />
                        </accessor>
                    </technique_common>
                </source>
                <source id="matrices3">
                    <float_array id="MatArr3" count="224">1 0 0 0 0 1 0 0 0 0 1 0 0 0 0 1 1 0 0 0 0 1 0 0 0 0 1 0 0 0 0 1 1 0 0 0 0 1 0 0 0 0 1 0 0 0 0 1 1 0 0 0 0 1 0 0 0 0 1 0 0 0 0 1 1 0 0 0 0 1 0 0 0 0 1 0 0 0 0 1 1 0 0 0 0 1 0 0 0 0 1 0 0 0 0 1 1 0 0 0 0 1 0 0 0 0 1 0 0 0 0 1 1 0 0 0 0 1 0 0 0 0 1 0 0 0 0 1 1 0 0 0 0 1 0 0 0 0 1 0 0 0 0 1 1 0 0 0 0 1 0 0 0 0 1 0 0 0 0 1 1 0 0 0 0 1 0 0 0 0 1 0 0 0 0 1 1 0 0 0 0 1 0 0 0 0 1 0 0 0 0 1 1 0 0 0 0 1 0 0 0 0 1 0 0 0 0 1 1 0 0 0 0 1 0 0 0 0 1 0 0 0 0 1</float_array>
                    <technique_common>
                        <accessor source="#MatArr3" count="14" stride="16">
                            <param type="float4x4" />
                        </accessor>
                    </technique_common>
                </source>
                <source id="weights3">
                    <float_array id="WeightArr3" count="1">1</float_array>
                    <technique_common>
                        <accessor source="#WeightArr3" count="1">
                            <param type="float" />
                        </accessor>
                    </technique_common>
                </source>
                <joints>
                    <input semantic="JOINT" source="#joints3" />
                    <input semantic="INV_BIND_MATRIX" source="#matrices3" />
                </joints>
                <vertex_weights count="8">
                    <input semantic="JOINT" offset="0" source="#joints3" />
                    <input semantic="WEIGHT" offset="1" source="#weights3" />
                    <vcount>1 1 1 1 1 1 1 1</vcount>
                    <v>12 0 12 0 12 0 12 0 12 0 12 0 12 0 12 0</v>
                </vertex_weights>
            </skin>
        </controller>
        <controller id="controller3_VC">
            <skin source="#mesh3_VC">
                <bind_shape_matrix>1 0 0 0 0 1 0 0 0 0 1 0 0 0 0 1</bind_shape_matrix>
                <source id="joints3_VC">
                    <Name_array id="JointArr3_VC" count="14">jointnode-1 jointnode0 jointnode1 jointnode2 jointnode3 jointnode4 jointnode5 jointnode6 jointnode7 jointnode8 jointnode9 jointnode10 jointnode11 jointnode12</Name_array>
                    <technique_common>
                        <accessor source="#JointArr3_VC" count="14">
                            <param name="JOINT" type="Name" />
                        </accessor>
                    </technique_common>
                </source>
                <source id="matrices3_VC">
                    <float_array id="MatArr3_VC" count="224">1 0 0 0 0 1 0 0 0 0 1 0 0 0 0 1 1 0 0 0 0 1 0 0 0 0 1 0 0 0 0 1 1 0 0 0 0 1 0 0 0 0 1 0 0 0 0 1 1 0 0 0 0 1 0 0 0 0 1 0 0 0 0 1 1 0 0 0 0 1 0 0 0 0 1 0 0 0 0 1 1 0 0 0 0 1 0 0 0 0 1 0 0 0 0 1 1 0 0 0 0 1 0 0 0 0 1 0 0 0 0 1 1 0 0 0 0 1 0 0 0 0 1 0 0 0 0 1 1 0 0 0 0 1 0 0 0 0 1 0 0 0 0 1 1 0 0 0 0 1 0 0 0 0 1 0 0 0 0 1 1 0 0 0 0 1 0 0 0 0 1 0 0 0 0 1 1 0 0 0 0 1 0 0 0 0 1 0 0 0 0 1 1 0 0 0 0 1 0 0 0 0 1 0 0 0 0 1 1 0 0 0 0 1 0 0 0 0 1 0 0 0 0 1</float_array>
                    <technique_common>
                        <accessor source="#MatArr3_VC" count="14" stride="16">
                            <param type="float4x4" />
                        </accessor>
                    </technique_common>
                </source>
                <source id="weights3_VC">
                    <float_array id="WeightArr3_VC" count="1">1</float_array>
                    <technique_common>
                        <accessor source="#WeightArr3_VC" count="1">
                            <param type="float" />
                        </accessor>
                    </technique_common>
                </source>
                <joints>
                    <input semantic="JOINT" source="#joints3_VC" />
                    <input semantic="INV_BIND_MATRIX" source="#matrices3_VC" />
                </joints>
                <vertex_weights count="8">
                    <input semantic="JOINT" offset="0" source="#joints3_VC" />
                    <input semantic="WEIGHT" offset="1" source="#weights3_VC" />
                    <vcount>1 1 1 1 1 1 1 1</vcount>
                    <v>12 0 12 0 12 0 12 0 12 0 12 0 12 0 12 0</v>
                </vertex_weights>
            </skin>
        </controller>
        <controller id="controller4">
            <skin source="#mesh4">
                <bind_shape_matrix>1 0 0 0 0 1 0 0 0 0 1 0 0 0 0 1</bind_shape_matrix>
                <source id="joints4">
                    <Name_array id="JointArr4" count="14">jointnode-1 jointnode0 jointnode1 jointnode2 jointnode3 jointnode4 jointnode5 jointnode6 jointnode7 jointnode8 jointnode9 jointnode10 jointnode11 jointnode12</Name_array>
                    <technique_common>
                        <accessor source="#JointArr4" count="14">
                            <param name="JOINT" type="Name" />
                        </accessor>
                    </technique_common>
                </source>
                <source id="matrices4">
                    <float_array id="MatArr4" count="224">1 0 0 0 0 1 0 0 0 0 1 0 0 0 0 1 1 0 0 0 0 1 0 0 0 0 1 0 0 0 0 1 1 0 0 0 0 1 0 0 0 0 1 0 0 0 0 1 1 0 0 0 0 1 0 0 0 0 1 0 0 0 0 1 1 0 0 0 0 1 0 0 0 0 1 0 0 0 0 1 1 0 0 0 0 1 0 0 0 0 1 0 0 0 0 1 1 0 0 0 0 1 0 0 0 0 1 0 0 0 0 1 1 0 0 0 0 1 0 0 0 0 1 0 0 0 0 1 1 0 0 0 0 1 0 0 0 0 1 0 0 0 0 1 1 0 0 0 0 1 0 0 0 0 1 0 0 0 0 1 1 0 0 0 0 1 0 0 0 0 1 0 0 0 0 1 1 0 0 0 0 1 0 0 0 0 1 0 0 0 0 1 1 0 0 0 0 1 0 0 0 0 1 0 0 0 0 1 1 0 0 0 0 1 0 0 0 0 1 0 0 0 0 1</float_array>
                    <technique_common>
                        <accessor source="#MatArr4" count="14" stride="16">
                            <param type="float4x4" />
                        </accessor>
                    </technique_common>
                </source>
                <source id="weights4">
                    <float_array id="WeightArr4" count="1">1</float_array>
                    <technique_common>
                        <accessor source="#WeightArr4" count="1">
                            <param type="float" />
                        </accessor>
                    </technique_common>
                </source>
                <joints>
                    <input semantic="JOINT" source="#joints4" />
                    <input semantic="INV_BIND_MATRIX" source="#matrices4" />
                </joints>
                <vertex_weights count="4">
                    <input semantic="JOINT" offset="0" source="#joints4" />
                    <input semantic="WEIGHT" offset="1" source="#weights4" />
                    <vcount>1 1 1 1</vcount>
                    <v>11 0 11 0 11 0 11 0</v>
                </vertex_weights>
            </skin>
        </controller>
        <controller id="controller4_VC">
            <skin source="#mesh4_VC">
                <bind_shape_matrix>1 0 0 0 0 1 0 0 0 0 1 0 0 0 0 1</bind_shape_matrix>
                <source id="joints4_VC">
                    <Name_array id="JointArr4_VC" count="14">jointnode-1 jointnode0 jointnode1 jointnode2 jointnode3 jointnode4 jointnode5 jointnode6 jointnode7 jointnode8 jointnode9 jointnode10 jointnode11 jointnode12</Name_array>
                    <technique_common>
                        <accessor source="#JointArr4_VC" count="14">
                            <param name="JOINT" type="Name" />
                        </accessor>
                    </technique_common>
                </source>
                <source id="matrices4_VC">
                    <float_array id="MatArr4_VC" count="224">1 0 0 0 0 1 0 0 0 0 1 0 0 0 0 1 1 0 0 0 0 1 0 0 0 0 1 0 0 0 0 1 1 0 0 0 0 1 0 0 0 0 1 0 0 0 0 1 1 0 0 0 0 1 0 0 0 0 1 0 0 0 0 1 1 0 0 0 0 1 0 0 0 0 1 0 0 0 0 1 1 0 0 0 0 1 0 0 0 0 1 0 0 0 0 1 1 0 0 0 0 1 0 0 0 0 1 0 0 0 0 1 1 0 0 0 0 1 0 0 0 0 1 0 0 0 0 1 1 0 0 0 0 1 0 0 0 0 1 0 0 0 0 1 1 0 0 0 0 1 0 0 0 0 1 0 0 0 0 1 1 0 0 0 0 1 0 0 0 0 1 0 0 0 0 1 1 0 0 0 0 1 0 0 0 0 1 0 0 0 0 1 1 0 0 0 0 1 0 0 0 0 1 0 0 0 0 1 1 0 0 0 0 1 0 0 0 0 1 0 0 0 0 1</float_array>
                    <technique_common>
                        <accessor source="#MatArr4_VC" count="14" stride="16">
                            <param type="float4x4" />
                        </accessor>
                    </technique_common>
                </source>
                <source id="weights4_VC">
                    <float_array id="WeightArr4_VC" count="1">1</float_array>
                    <technique_common>
                        <accessor source="#WeightArr4_VC" count="1">
                            <param type="float" />
                        </accessor>
                    </technique_common>
                </source>
                <joints>
                    <input semantic="JOINT" source="#joints4_VC" />
                    <input semantic="INV_BIND_MATRIX" source="#matrices4_VC" />
                </joints>
                <vertex_weights count="4">
                    <input semantic="JOINT" offset="0" source="#joints4_VC" />
                    <input semantic="WEIGHT" offset="1" source="#weights4_VC" />
                    <vcount>1 1 1 1</vcount>
                    <v>11 0 11 0 11 0 11 0</v>
                </vertex_weights>
            </skin>
        </controller>
        <controller id="controller5">
            <skin source="#mesh5">
                <bind_shape_matrix>1 0 0 0 0 1 0 0 0 0 1 0 0 0 0 1</bind_shape_matrix>
                <source id="joints5">
                    <Name_array id="JointArr5" count="14">jointnode-1 jointnode0 jointnode1 jointnode2 jointnode3 jointnode4 jointnode5 jointnode6 jointnode7 jointnode8 jointnode9 jointnode10 jointnode11 jointnode12</Name_array>
                    <technique_common>
                        <accessor source="#JointArr5" count="14">
                            <param name="JOINT" type="Name" />
                        </accessor>
                    </technique_common>
                </source>
                <source id="matrices5">
                    <float_array id="MatArr5" count="224">1 0 0 0 0 1 0 0 0 0 1 0 0 0 0 1 1 0 0 0 0 1 0 0 0 0 1 0 0 0 0 1 1 0 0 0 0 1 0 0 0 0 1 0 0 0 0 1 1 0 0 0 0 1 0 0 0 0 1 0 0 0 0 1 1 0 0 0 0 1 0 0 0 0 1 0 0 0 0 1 1 0 0 0 0 1 0 0 0 0 1 0 0 0 0 1 1 0 0 0 0 1 0 0 0 0 1 0 0 0 0 1 1 0 0 0 0 1 0 0 0 0 1 0 0 0 0 1 1 0 0 0 0 1 0 0 0 0 1 0 0 0 0 1 1 0 0 0 0 1 0 0 0 0 1 0 0 0 0 1 1 0 0 0 0 1 0 0 0 0 1 0 0 0 0 1 1 0 0 0 0 1 0 0 0 0 1 0 0 0 0 1 1 0 0 0 0 1 0 0 0 0 1 0 0 0 0 1 1 0 0 0 0 1 0 0 0 0 1 0 0 0 0 1</float_array>
                    <technique_common>
                        <accessor source="#MatArr5" count="14" stride="16">
                            <param type="float4x4" />
                        </accessor>
                    </technique_common>
                </source>
                <source id="weights5">
                    <float_array id="WeightArr5" count="1">1</float_array>
                    <technique_common>
                        <accessor source="#WeightArr5" count="1">
                            <param type="float" />
                        </accessor>
                    </technique_common>
                </source>
                <joints>
                    <input semantic="JOINT" source="#joints5" />
                    <input semantic="INV_BIND_MATRIX" source="#matrices5" />
                </joints>
                <vertex_weights count="87">
                    <input semantic="JOINT" offset="0" source="#joints5" />
                    <input semantic="WEIGHT" offset="1" source="#weights5" />
                    <vcount>1 1 1 1 1 1 1 1 1 1 1 1 1 1 1 1 1 1 1 1 1 1 1 1 1 1 1 1 1 1 1 1 1 1 1 1 1 1 1 1 1 1 1 1 1 1 1 1 1 1 1 1 1 1 1 1 1 1 1 1 1 1 1 1 1 1 1 1 1 1 1 1 1 1 1 1 1 1 1 1 1 1 1 1 1 1 1</vcount>
                    <v>11 0 11 0 11 0 11 0 11 0 11 0 11 0 11 0 11 0 11 0 11 0 11 0 11 0 11 0 11 0 11 0 11 0 11 0 11 0 11 0 11 0 11 0 11 0 11 0 11 0 11 0 11 0 11 0 11 0 11 0 11 0 11 0 11 0 11 0 11 0 11 0 11 0 11 0 11 0 11 0 11 0 11 0 11 0 11 0 11 0 11 0 11 0 11 0 11 0 11 0 11 0 11 0 11 0 11 0 11 0 11 0 11 0 11 0 11 0 11 0 11 0 11 0 11 0 11 0 11 0 11 0 11 0 11 0 11 0 11 0 11 0 11 0 11 0 11 0 11 0 11 0 11 0 11 0 11 0 11 0 11 0 11 0 11 0 11 0 11 0 11 0 11 0</v>
                </vertex_weights>
            </skin>
        </controller>
        <controller id="controller5_VC">
            <skin source="#mesh5_VC">
                <bind_shape_matrix>1 0 0 0 0 1 0 0 0 0 1 0 0 0 0 1</bind_shape_matrix>
                <source id="joints5_VC">
                    <Name_array id="JointArr5_VC" count="14">jointnode-1 jointnode0 jointnode1 jointnode2 jointnode3 jointnode4 jointnode5 jointnode6 jointnode7 jointnode8 jointnode9 jointnode10 jointnode11 jointnode12</Name_array>
                    <technique_common>
                        <accessor source="#JointArr5_VC" count="14">
                            <param name="JOINT" type="Name" />
                        </accessor>
                    </technique_common>
                </source>
                <source id="matrices5_VC">
                    <float_array id="MatArr5_VC" count="224">1 0 0 0 0 1 0 0 0 0 1 0 0 0 0 1 1 0 0 0 0 1 0 0 0 0 1 0 0 0 0 1 1 0 0 0 0 1 0 0 0 0 1 0 0 0 0 1 1 0 0 0 0 1 0 0 0 0 1 0 0 0 0 1 1 0 0 0 0 1 0 0 0 0 1 0 0 0 0 1 1 0 0 0 0 1 0 0 0 0 1 0 0 0 0 1 1 0 0 0 0 1 0 0 0 0 1 0 0 0 0 1 1 0 0 0 0 1 0 0 0 0 1 0 0 0 0 1 1 0 0 0 0 1 0 0 0 0 1 0 0 0 0 1 1 0 0 0 0 1 0 0 0 0 1 0 0 0 0 1 1 0 0 0 0 1 0 0 0 0 1 0 0 0 0 1 1 0 0 0 0 1 0 0 0 0 1 0 0 0 0 1 1 0 0 0 0 1 0 0 0 0 1 0 0 0 0 1 1 0 0 0 0 1 0 0 0 0 1 0 0 0 0 1</float_array>
                    <technique_common>
                        <accessor source="#MatArr5_VC" count="14" stride="16">
                            <param type="float4x4" />
                        </accessor>
                    </technique_common>
                </source>
                <source id="weights5_VC">
                    <float_array id="WeightArr5_VC" count="1">1</float_array>
                    <technique_common>
                        <accessor source="#WeightArr5_VC" count="1">
                            <param type="float" />
                        </accessor>
                    </technique_common>
                </source>
                <joints>
                    <input semantic="JOINT" source="#joints5_VC" />
                    <input semantic="INV_BIND_MATRIX" source="#matrices5_VC" />
                </joints>
                <vertex_weights count="87">
                    <input semantic="JOINT" offset="0" source="#joints5_VC" />
                    <input semantic="WEIGHT" offset="1" source="#weights5_VC" />
                    <vcount>1 1 1 1 1 1 1 1 1 1 1 1 1 1 1 1 1 1 1 1 1 1 1 1 1 1 1 1 1 1 1 1 1 1 1 1 1 1 1 1 1 1 1 1 1 1 1 1 1 1 1 1 1 1 1 1 1 1 1 1 1 1 1 1 1 1 1 1 1 1 1 1 1 1 1 1 1 1 1 1 1 1 1 1 1 1 1</vcount>
                    <v>11 0 11 0 11 0 11 0 11 0 11 0 11 0 11 0 11 0 11 0 11 0 11 0 11 0 11 0 11 0 11 0 11 0 11 0 11 0 11 0 11 0 11 0 11 0 11 0 11 0 11 0 11 0 11 0 11 0 11 0 11 0 11 0 11 0 11 0 11 0 11 0 11 0 11 0 11 0 11 0 11 0 11 0 11 0 11 0 11 0 11 0 11 0 11 0 11 0 11 0 11 0 11 0 11 0 11 0 11 0 11 0 11 0 11 0 11 0 11 0 11 0 11 0 11 0 11 0 11 0 11 0 11 0 11 0 11 0 11 0 11 0 11 0 11 0 11 0 11 0 11 0 11 0 11 0 11 0 11 0 11 0 11 0 11 0 11 0 11 0 11 0 11 0</v>
                </vertex_weights>
            </skin>
        </controller>
        <controller id="controller6">
            <skin source="#mesh6">
                <bind_shape_matrix>1 0 0 0 0 1 0 0 0 0 1 0 0 0 0 1</bind_shape_matrix>
                <source id="joints6">
                    <Name_array id="JointArr6" count="14">jointnode-1 jointnode0 jointnode1 jointnode2 jointnode3 jointnode4 jointnode5 jointnode6 jointnode7 jointnode8 jointnode9 jointnode10 jointnode11 jointnode12</Name_array>
                    <technique_common>
                        <accessor source="#JointArr6" count="14">
                            <param name="JOINT" type="Name" />
                        </accessor>
                    </technique_common>
                </source>
                <source id="matrices6">
                    <float_array id="MatArr6" count="224">1 0 0 0 0 1 0 0 0 0 1 0 0 0 0 1 1 0 0 0 0 1 0 0 0 0 1 0 0 0 0 1 1 0 0 0 0 1 0 0 0 0 1 0 0 0 0 1 1 0 0 0 0 1 0 0 0 0 1 0 0 0 0 1 1 0 0 0 0 1 0 0 0 0 1 0 0 0 0 1 1 0 0 0 0 1 0 0 0 0 1 0 0 0 0 1 1 0 0 0 0 1 0 0 0 0 1 0 0 0 0 1 1 0 0 0 0 1 0 0 0 0 1 0 0 0 0 1 1 0 0 0 0 1 0 0 0 0 1 0 0 0 0 1 1 0 0 0 0 1 0 0 0 0 1 0 0 0 0 1 1 0 0 0 0 1 0 0 0 0 1 0 0 0 0 1 1 0 0 0 0 1 0 0 0 0 1 0 0 0 0 1 1 0 0 0 0 1 0 0 0 0 1 0 0 0 0 1 1 0 0 0 0 1 0 0 0 0 1 0 0 0 0 1</float_array>
                    <technique_common>
                        <accessor source="#MatArr6" count="14" stride="16">
                            <param type="float4x4" />
                        </accessor>
                    </technique_common>
                </source>
                <source id="weights6">
                    <float_array id="WeightArr6" count="1">1</float_array>
                    <technique_common>
                        <accessor source="#WeightArr6" count="1">
                            <param type="float" />
                        </accessor>
                    </technique_common>
                </source>
                <joints>
                    <input semantic="JOINT" source="#joints6" />
                    <input semantic="INV_BIND_MATRIX" source="#matrices6" />
                </joints>
                <vertex_weights count="10">
                    <input semantic="JOINT" offset="0" source="#joints6" />
                    <input semantic="WEIGHT" offset="1" source="#weights6" />
                    <vcount>1 1 1 1 1 1 1 1 1 1</vcount>
                    <v>10 0 10 0 10 0 10 0 10 0 10 0 10 0 10 0 10 0 10 0</v>
                </vertex_weights>
            </skin>
        </controller>
        <controller id="controller6_VC">
            <skin source="#mesh6_VC">
                <bind_shape_matrix>1 0 0 0 0 1 0 0 0 0 1 0 0 0 0 1</bind_shape_matrix>
                <source id="joints6_VC">
                    <Name_array id="JointArr6_VC" count="14">jointnode-1 jointnode0 jointnode1 jointnode2 jointnode3 jointnode4 jointnode5 jointnode6 jointnode7 jointnode8 jointnode9 jointnode10 jointnode11 jointnode12</Name_array>
                    <technique_common>
                        <accessor source="#JointArr6_VC" count="14">
                            <param name="JOINT" type="Name" />
                        </accessor>
                    </technique_common>
                </source>
                <source id="matrices6_VC">
                    <float_array id="MatArr6_VC" count="224">1 0 0 0 0 1 0 0 0 0 1 0 0 0 0 1 1 0 0 0 0 1 0 0 0 0 1 0 0 0 0 1 1 0 0 0 0 1 0 0 0 0 1 0 0 0 0 1 1 0 0 0 0 1 0 0 0 0 1 0 0 0 0 1 1 0 0 0 0 1 0 0 0 0 1 0 0 0 0 1 1 0 0 0 0 1 0 0 0 0 1 0 0 0 0 1 1 0 0 0 0 1 0 0 0 0 1 0 0 0 0 1 1 0 0 0 0 1 0 0 0 0 1 0 0 0 0 1 1 0 0 0 0 1 0 0 0 0 1 0 0 0 0 1 1 0 0 0 0 1 0 0 0 0 1 0 0 0 0 1 1 0 0 0 0 1 0 0 0 0 1 0 0 0 0 1 1 0 0 0 0 1 0 0 0 0 1 0 0 0 0 1 1 0 0 0 0 1 0 0 0 0 1 0 0 0 0 1 1 0 0 0 0 1 0 0 0 0 1 0 0 0 0 1</float_array>
                    <technique_common>
                        <accessor source="#MatArr6_VC" count="14" stride="16">
                            <param type="float4x4" />
                        </accessor>
                    </technique_common>
                </source>
                <source id="weights6_VC">
                    <float_array id="WeightArr6_VC" count="1">1</float_array>
                    <technique_common>
                        <accessor source="#WeightArr6_VC" count="1">
                            <param type="float" />
                        </accessor>
                    </technique_common>
                </source>
                <joints>
                    <input semantic="JOINT" source="#joints6_VC" />
                    <input semantic="INV_BIND_MATRIX" source="#matrices6_VC" />
                </joints>
                <vertex_weights count="10">
                    <input semantic="JOINT" offset="0" source="#joints6_VC" />
                    <input semantic="WEIGHT" offset="1" source="#weights6_VC" />
                    <vcount>1 1 1 1 1 1 1 1 1 1</vcount>
                    <v>10 0 10 0 10 0 10 0 10 0 10 0 10 0 10 0 10 0 10 0</v>
                </vertex_weights>
            </skin>
        </controller>
        <controller id="controller7">
            <skin source="#mesh7">
                <bind_shape_matrix>1 0 0 0 0 1 0 0 0 0 1 0 0 0 0 1</bind_shape_matrix>
                <source id="joints7">
                    <Name_array id="JointArr7" count="14">jointnode-1 jointnode0 jointnode1 jointnode2 jointnode3 jointnode4 jointnode5 jointnode6 jointnode7 jointnode8 jointnode9 jointnode10 jointnode11 jointnode12</Name_array>
                    <technique_common>
                        <accessor source="#JointArr7" count="14">
                            <param name="JOINT" type="Name" />
                        </accessor>
                    </technique_common>
                </source>
                <source id="matrices7">
                    <float_array id="MatArr7" count="224">1 0 0 0 0 1 0 0 0 0 1 0 0 0 0 1 1 0 0 0 0 1 0 0 0 0 1 0 0 0 0 1 1 0 0 0 0 1 0 0 0 0 1 0 0 0 0 1 1 0 0 0 0 1 0 0 0 0 1 0 0 0 0 1 1 0 0 0 0 1 0 0 0 0 1 0 0 0 0 1 1 0 0 0 0 1 0 0 0 0 1 0 0 0 0 1 1 0 0 0 0 1 0 0 0 0 1 0 0 0 0 1 1 0 0 0 0 1 0 0 0 0 1 0 0 0 0 1 1 0 0 0 0 1 0 0 0 0 1 0 0 0 0 1 1 0 0 0 0 1 0 0 0 0 1 0 0 0 0 1 1 0 0 0 0 1 0 0 0 0 1 0 0 0 0 1 1 0 0 0 0 1 0 0 0 0 1 0 0 0 0 1 1 0 0 0 0 1 0 0 0 0 1 0 0 0 0 1 1 0 0 0 0 1 0 0 0 0 1 0 0 0 0 1</float_array>
                    <technique_common>
                        <accessor source="#MatArr7" count="14" stride="16">
                            <param type="float4x4" />
                        </accessor>
                    </technique_common>
                </source>
                <source id="weights7">
                    <float_array id="WeightArr7" count="1">1</float_array>
                    <technique_common>
                        <accessor source="#WeightArr7" count="1">
                            <param type="float" />
                        </accessor>
                    </technique_common>
                </source>
                <joints>
                    <input semantic="JOINT" source="#joints7" />
                    <input semantic="INV_BIND_MATRIX" source="#matrices7" />
                </joints>
                <vertex_weights count="72">
                    <input semantic="JOINT" offset="0" source="#joints7" />
                    <input semantic="WEIGHT" offset="1" source="#weights7" />
                    <vcount>1 1 1 1 1 1 1 1 1 1 1 1 1 1 1 1 1 1 1 1 1 1 1 1 1 1 1 1 1 1 1 1 1 1 1 1 1 1 1 1 1 1 1 1 1 1 1 1 1 1 1 1 1 1 1 1 1 1 1 1 1 1 1 1 1 1 1 1 1 1 1 1</vcount>
                    <v>10 0 10 0 10 0 10 0 10 0 10 0 10 0 10 0 10 0 10 0 10 0 10 0 10 0 10 0 10 0 10 0 10 0 10 0 10 0 10 0 10 0 10 0 10 0 10 0 10 0 10 0 10 0 10 0 10 0 10 0 10 0 10 0 10 0 10 0 10 0 10 0 10 0 10 0 10 0 10 0 10 0 10 0 10 0 10 0 10 0 10 0 10 0 10 0 10 0 10 0 10 0 10 0 10 0 10 0 10 0 10 0 10 0 10 0 10 0 10 0 10 0 10 0 10 0 10 0 10 0 10 0 10 0 10 0 10 0 10 0 10 0 10 0</v>
                </vertex_weights>
            </skin>
        </controller>
        <controller id="controller7_VC">
            <skin source="#mesh7_VC">
                <bind_shape_matrix>1 0 0 0 0 1 0 0 0 0 1 0 0 0 0 1</bind_shape_matrix>
                <source id="joints7_VC">
                    <Name_array id="JointArr7_VC" count="14">jointnode-1 jointnode0 jointnode1 jointnode2 jointnode3 jointnode4 jointnode5 jointnode6 jointnode7 jointnode8 jointnode9 jointnode10 jointnode11 jointnode12</Name_array>
                    <technique_common>
                        <accessor source="#JointArr7_VC" count="14">
                            <param name="JOINT" type="Name" />
                        </accessor>
                    </technique_common>
                </source>
                <source id="matrices7_VC">
                    <float_array id="MatArr7_VC" count="224">1 0 0 0 0 1 0 0 0 0 1 0 0 0 0 1 1 0 0 0 0 1 0 0 0 0 1 0 0 0 0 1 1 0 0 0 0 1 0 0 0 0 1 0 0 0 0 1 1 0 0 0 0 1 0 0 0 0 1 0 0 0 0 1 1 0 0 0 0 1 0 0 0 0 1 0 0 0 0 1 1 0 0 0 0 1 0 0 0 0 1 0 0 0 0 1 1 0 0 0 0 1 0 0 0 0 1 0 0 0 0 1 1 0 0 0 0 1 0 0 0 0 1 0 0 0 0 1 1 0 0 0 0 1 0 0 0 0 1 0 0 0 0 1 1 0 0 0 0 1 0 0 0 0 1 0 0 0 0 1 1 0 0 0 0 1 0 0 0 0 1 0 0 0 0 1 1 0 0 0 0 1 0 0 0 0 1 0 0 0 0 1 1 0 0 0 0 1 0 0 0 0 1 0 0 0 0 1 1 0 0 0 0 1 0 0 0 0 1 0 0 0 0 1</float_array>
                    <technique_common>
                        <accessor source="#MatArr7_VC" count="14" stride="16">
                            <param type="float4x4" />
                        </accessor>
                    </technique_common>
                </source>
                <source id="weights7_VC">
                    <float_array id="WeightArr7_VC" count="1">1</float_array>
                    <technique_common>
                        <accessor source="#WeightArr7_VC" count="1">
                            <param type="float" />
                        </accessor>
                    </technique_common>
                </source>
                <joints>
                    <input semantic="JOINT" source="#joints7_VC" />
                    <input semantic="INV_BIND_MATRIX" source="#matrices7_VC" />
                </joints>
                <vertex_weights count="72">
                    <input semantic="JOINT" offset="0" source="#joints7_VC" />
                    <input semantic="WEIGHT" offset="1" source="#weights7_VC" />
                    <vcount>1 1 1 1 1 1 1 1 1 1 1 1 1 1 1 1 1 1 1 1 1 1 1 1 1 1 1 1 1 1 1 1 1 1 1 1 1 1 1 1 1 1 1 1 1 1 1 1 1 1 1 1 1 1 1 1 1 1 1 1 1 1 1 1 1 1 1 1 1 1 1 1</vcount>
                    <v>10 0 10 0 10 0 10 0 10 0 10 0 10 0 10 0 10 0 10 0 10 0 10 0 10 0 10 0 10 0 10 0 10 0 10 0 10 0 10 0 10 0 10 0 10 0 10 0 10 0 10 0 10 0 10 0 10 0 10 0 10 0 10 0 10 0 10 0 10 0 10 0 10 0 10 0 10 0 10 0 10 0 10 0 10 0 10 0 10 0 10 0 10 0 10 0 10 0 10 0 10 0 10 0 10 0 10 0 10 0 10 0 10 0 10 0 10 0 10 0 10 0 10 0 10 0 10 0 10 0 10 0 10 0 10 0 10 0 10 0 10 0 10 0</v>
                </vertex_weights>
            </skin>
        </controller>
        <controller id="controller8">
            <skin source="#mesh8">
                <bind_shape_matrix>1 0 0 0 0 1 0 0 0 0 1 0 0 0 0 1</bind_shape_matrix>
                <source id="joints8">
                    <Name_array id="JointArr8" count="14">jointnode-1 jointnode0 jointnode1 jointnode2 jointnode3 jointnode4 jointnode5 jointnode6 jointnode7 jointnode8 jointnode9 jointnode10 jointnode11 jointnode12</Name_array>
                    <technique_common>
                        <accessor source="#JointArr8" count="14">
                            <param name="JOINT" type="Name" />
                        </accessor>
                    </technique_common>
                </source>
                <source id="matrices8">
                    <float_array id="MatArr8" count="224">1 0 0 0 0 1 0 0 0 0 1 0 0 0 0 1 1 0 0 0 0 1 0 0 0 0 1 0 0 0 0 1 1 0 0 0 0 1 0 0 0 0 1 0 0 0 0 1 1 0 0 0 0 1 0 0 0 0 1 0 0 0 0 1 1 0 0 0 0 1 0 0 0 0 1 0 0 0 0 1 1 0 0 0 0 1 0 0 0 0 1 0 0 0 0 1 1 0 0 0 0 1 0 0 0 0 1 0 0 0 0 1 1 0 0 0 0 1 0 0 0 0 1 0 0 0 0 1 1 0 0 0 0 1 0 0 0 0 1 0 0 0 0 1 1 0 0 0 0 1 0 0 0 0 1 0 0 0 0 1 1 0 0 0 0 1 0 0 0 0 1 0 0 0 0 1 1 0 0 0 0 1 0 0 0 0 1 0 0 0 0 1 1 0 0 0 0 1 0 0 0 0 1 0 0 0 0 1 1 0 0 0 0 1 0 0 0 0 1 0 0 0 0 1</float_array>
                    <technique_common>
                        <accessor source="#MatArr8" count="14" stride="16">
                            <param type="float4x4" />
                        </accessor>
                    </technique_common>
                </source>
                <source id="weights8">
                    <float_array id="WeightArr8" count="1">1</float_array>
                    <technique_common>
                        <accessor source="#WeightArr8" count="1">
                            <param type="float" />
                        </accessor>
                    </technique_common>
                </source>
                <joints>
                    <input semantic="JOINT" source="#joints8" />
                    <input semantic="INV_BIND_MATRIX" source="#matrices8" />
                </joints>
                <vertex_weights count="8">
                    <input semantic="JOINT" offset="0" source="#joints8" />
                    <input semantic="WEIGHT" offset="1" source="#weights8" />
                    <vcount>1 1 1 1 1 1 1 1</vcount>
                    <v>10 0 10 0 10 0 10 0 10 0 10 0 10 0 10 0</v>
                </vertex_weights>
            </skin>
        </controller>
        <controller id="controller8_VC">
            <skin source="#mesh8_VC">
                <bind_shape_matrix>1 0 0 0 0 1 0 0 0 0 1 0 0 0 0 1</bind_shape_matrix>
                <source id="joints8_VC">
                    <Name_array id="JointArr8_VC" count="14">jointnode-1 jointnode0 jointnode1 jointnode2 jointnode3 jointnode4 jointnode5 jointnode6 jointnode7 jointnode8 jointnode9 jointnode10 jointnode11 jointnode12</Name_array>
                    <technique_common>
                        <accessor source="#JointArr8_VC" count="14">
                            <param name="JOINT" type="Name" />
                        </accessor>
                    </technique_common>
                </source>
                <source id="matrices8_VC">
                    <float_array id="MatArr8_VC" count="224">1 0 0 0 0 1 0 0 0 0 1 0 0 0 0 1 1 0 0 0 0 1 0 0 0 0 1 0 0 0 0 1 1 0 0 0 0 1 0 0 0 0 1 0 0 0 0 1 1 0 0 0 0 1 0 0 0 0 1 0 0 0 0 1 1 0 0 0 0 1 0 0 0 0 1 0 0 0 0 1 1 0 0 0 0 1 0 0 0 0 1 0 0 0 0 1 1 0 0 0 0 1 0 0 0 0 1 0 0 0 0 1 1 0 0 0 0 1 0 0 0 0 1 0 0 0 0 1 1 0 0 0 0 1 0 0 0 0 1 0 0 0 0 1 1 0 0 0 0 1 0 0 0 0 1 0 0 0 0 1 1 0 0 0 0 1 0 0 0 0 1 0 0 0 0 1 1 0 0 0 0 1 0 0 0 0 1 0 0 0 0 1 1 0 0 0 0 1 0 0 0 0 1 0 0 0 0 1 1 0 0 0 0 1 0 0 0 0 1 0 0 0 0 1</float_array>
                    <technique_common>
                        <accessor source="#MatArr8_VC" count="14" stride="16">
                            <param type="float4x4" />
                        </accessor>
                    </technique_common>
                </source>
                <source id="weights8_VC">
                    <float_array id="WeightArr8_VC" count="1">1</float_array>
                    <technique_common>
                        <accessor source="#WeightArr8_VC" count="1">
                            <param type="float" />
                        </accessor>
                    </technique_common>
                </source>
                <joints>
                    <input semantic="JOINT" source="#joints8_VC" />
                    <input semantic="INV_BIND_MATRIX" source="#matrices8_VC" />
                </joints>
                <vertex_weights count="8">
                    <input semantic="JOINT" offset="0" source="#joints8_VC" />
                    <input semantic="WEIGHT" offset="1" source="#weights8_VC" />
                    <vcount>1 1 1 1 1 1 1 1</vcount>
                    <v>10 0 10 0 10 0 10 0 10 0 10 0 10 0 10 0</v>
                </vertex_weights>
            </skin>
        </controller>
        <controller id="controller9">
            <skin source="#mesh9">
                <bind_shape_matrix>1 0 0 0 0 1 0 0 0 0 1 0 0 0 0 1</bind_shape_matrix>
                <source id="joints9">
                    <Name_array id="JointArr9" count="14">jointnode-1 jointnode0 jointnode1 jointnode2 jointnode3 jointnode4 jointnode5 jointnode6 jointnode7 jointnode8 jointnode9 jointnode10 jointnode11 jointnode12</Name_array>
                    <technique_common>
                        <accessor source="#JointArr9" count="14">
                            <param name="JOINT" type="Name" />
                        </accessor>
                    </technique_common>
                </source>
                <source id="matrices9">
                    <float_array id="MatArr9" count="224">1 0 0 0 0 1 0 0 0 0 1 0 0 0 0 1 1 0 0 0 0 1 0 0 0 0 1 0 0 0 0 1 1 0 0 0 0 1 0 0 0 0 1 0 0 0 0 1 1 0 0 0 0 1 0 0 0 0 1 0 0 0 0 1 1 0 0 0 0 1 0 0 0 0 1 0 0 0 0 1 1 0 0 0 0 1 0 0 0 0 1 0 0 0 0 1 1 0 0 0 0 1 0 0 0 0 1 0 0 0 0 1 1 0 0 0 0 1 0 0 0 0 1 0 0 0 0 1 1 0 0 0 0 1 0 0 0 0 1 0 0 0 0 1 1 0 0 0 0 1 0 0 0 0 1 0 0 0 0 1 1 0 0 0 0 1 0 0 0 0 1 0 0 0 0 1 1 0 0 0 0 1 0 0 0 0 1 0 0 0 0 1 1 0 0 0 0 1 0 0 0 0 1 0 0 0 0 1 1 0 0 0 0 1 0 0 0 0 1 0 0 0 0 1</float_array>
                    <technique_common>
                        <accessor source="#MatArr9" count="14" stride="16">
                            <param type="float4x4" />
                        </accessor>
                    </technique_common>
                </source>
                <source id="weights9">
                    <float_array id="WeightArr9" count="1">1</float_array>
                    <technique_common>
                        <accessor source="#WeightArr9" count="1">
                            <param type="float" />
                        </accessor>
                    </technique_common>
                </source>
                <joints>
                    <input semantic="JOINT" source="#joints9" />
                    <input semantic="INV_BIND_MATRIX" source="#matrices9" />
                </joints>
                <vertex_weights count="4">
                    <input semantic="JOINT" offset="0" source="#joints9" />
                    <input semantic="WEIGHT" offset="1" source="#weights9" />
                    <vcount>1 1 1 1</vcount>
                    <v>9 0 9 0 9 0 9 0</v>
                </vertex_weights>
            </skin>
        </controller>
        <controller id="controller9_VC">
            <skin source="#mesh9_VC">
                <bind_shape_matrix>1 0 0 0 0 1 0 0 0 0 1 0 0 0 0 1</bind_shape_matrix>
                <source id="joints9_VC">
                    <Name_array id="JointArr9_VC" count="14">jointnode-1 jointnode0 jointnode1 jointnode2 jointnode3 jointnode4 jointnode5 jointnode6 jointnode7 jointnode8 jointnode9 jointnode10 jointnode11 jointnode12</Name_array>
                    <technique_common>
                        <accessor source="#JointArr9_VC" count="14">
                            <param name="JOINT" type="Name" />
                        </accessor>
                    </technique_common>
                </source>
                <source id="matrices9_VC">
                    <float_array id="MatArr9_VC" count="224">1 0 0 0 0 1 0 0 0 0 1 0 0 0 0 1 1 0 0 0 0 1 0 0 0 0 1 0 0 0 0 1 1 0 0 0 0 1 0 0 0 0 1 0 0 0 0 1 1 0 0 0 0 1 0 0 0 0 1 0 0 0 0 1 1 0 0 0 0 1 0 0 0 0 1 0 0 0 0 1 1 0 0 0 0 1 0 0 0 0 1 0 0 0 0 1 1 0 0 0 0 1 0 0 0 0 1 0 0 0 0 1 1 0 0 0 0 1 0 0 0 0 1 0 0 0 0 1 1 0 0 0 0 1 0 0 0 0 1 0 0 0 0 1 1 0 0 0 0 1 0 0 0 0 1 0 0 0 0 1 1 0 0 0 0 1 0 0 0 0 1 0 0 0 0 1 1 0 0 0 0 1 0 0 0 0 1 0 0 0 0 1 1 0 0 0 0 1 0 0 0 0 1 0 0 0 0 1 1 0 0 0 0 1 0 0 0 0 1 0 0 0 0 1</float_array>
                    <technique_common>
                        <accessor source="#MatArr9_VC" count="14" stride="16">
                            <param type="float4x4" />
                        </accessor>
                    </technique_common>
                </source>
                <source id="weights9_VC">
                    <float_array id="WeightArr9_VC" count="1">1</float_array>
                    <technique_common>
                        <accessor source="#WeightArr9_VC" count="1">
                            <param type="float" />
                        </accessor>
                    </technique_common>
                </source>
                <joints>
                    <input semantic="JOINT" source="#joints9_VC" />
                    <input semantic="INV_BIND_MATRIX" source="#matrices9_VC" />
                </joints>
                <vertex_weights count="4">
                    <input semantic="JOINT" offset="0" source="#joints9_VC" />
                    <input semantic="WEIGHT" offset="1" source="#weights9_VC" />
                    <vcount>1 1 1 1</vcount>
                    <v>9 0 9 0 9 0 9 0</v>
                </vertex_weights>
            </skin>
        </controller>
        <controller id="controller10">
            <skin source="#mesh10">
                <bind_shape_matrix>1 0 0 0 0 1 0 0 0 0 1 0 0 0 0 1</bind_shape_matrix>
                <source id="joints10">
                    <Name_array id="JointArr10" count="14">jointnode-1 jointnode0 jointnode1 jointnode2 jointnode3 jointnode4 jointnode5 jointnode6 jointnode7 jointnode8 jointnode9 jointnode10 jointnode11 jointnode12</Name_array>
                    <technique_common>
                        <accessor source="#JointArr10" count="14">
                            <param name="JOINT" type="Name" />
                        </accessor>
                    </technique_common>
                </source>
                <source id="matrices10">
                    <float_array id="MatArr10" count="224">1 0 0 0 0 1 0 0 0 0 1 0 0 0 0 1 1 0 0 0 0 1 0 0 0 0 1 0 0 0 0 1 1 0 0 0 0 1 0 0 0 0 1 0 0 0 0 1 1 0 0 0 0 1 0 0 0 0 1 0 0 0 0 1 1 0 0 0 0 1 0 0 0 0 1 0 0 0 0 1 1 0 0 0 0 1 0 0 0 0 1 0 0 0 0 1 1 0 0 0 0 1 0 0 0 0 1 0 0 0 0 1 1 0 0 0 0 1 0 0 0 0 1 0 0 0 0 1 1 0 0 0 0 1 0 0 0 0 1 0 0 0 0 1 1 0 0 0 0 1 0 0 0 0 1 0 0 0 0 1 1 0 0 0 0 1 0 0 0 0 1 0 0 0 0 1 1 0 0 0 0 1 0 0 0 0 1 0 0 0 0 1 1 0 0 0 0 1 0 0 0 0 1 0 0 0 0 1 1 0 0 0 0 1 0 0 0 0 1 0 0 0 0 1</float_array>
                    <technique_common>
                        <accessor source="#MatArr10" count="14" stride="16">
                            <param type="float4x4" />
                        </accessor>
                    </technique_common>
                </source>
                <source id="weights10">
                    <float_array id="WeightArr10" count="1">1</float_array>
                    <technique_common>
                        <accessor source="#WeightArr10" count="1">
                            <param type="float" />
                        </accessor>
                    </technique_common>
                </source>
                <joints>
                    <input semantic="JOINT" source="#joints10" />
                    <input semantic="INV_BIND_MATRIX" source="#matrices10" />
                </joints>
                <vertex_weights count="87">
                    <input semantic="JOINT" offset="0" source="#joints10" />
                    <input semantic="WEIGHT" offset="1" source="#weights10" />
                    <vcount>1 1 1 1 1 1 1 1 1 1 1 1 1 1 1 1 1 1 1 1 1 1 1 1 1 1 1 1 1 1 1 1 1 1 1 1 1 1 1 1 1 1 1 1 1 1 1 1 1 1 1 1 1 1 1 1 1 1 1 1 1 1 1 1 1 1 1 1 1 1 1 1 1 1 1 1 1 1 1 1 1 1 1 1 1 1 1</vcount>
                    <v>9 0 9 0 9 0 9 0 9 0 9 0 9 0 9 0 9 0 9 0 9 0 9 0 9 0 9 0 9 0 9 0 9 0 9 0 9 0 9 0 9 0 9 0 9 0 9 0 9 0 9 0 9 0 9 0 9 0 9 0 9 0 9 0 9 0 9 0 9 0 9 0 9 0 9 0 9 0 9 0 9 0 9 0 9 0 9 0 9 0 9 0 9 0 9 0 9 0 9 0 9 0 9 0 9 0 9 0 9 0 9 0 9 0 9 0 9 0 9 0 9 0 9 0 9 0 9 0 9 0 9 0 9 0 9 0 9 0 9 0 9 0 9 0 9 0 9 0 9 0 9 0 9 0 9 0 9 0 9 0 9 0 9 0 9 0 9 0 9 0 9 0 9 0</v>
                </vertex_weights>
            </skin>
        </controller>
        <controller id="controller10_VC">
            <skin source="#mesh10_VC">
                <bind_shape_matrix>1 0 0 0 0 1 0 0 0 0 1 0 0 0 0 1</bind_shape_matrix>
                <source id="joints10_VC">
                    <Name_array id="JointArr10_VC" count="14">jointnode-1 jointnode0 jointnode1 jointnode2 jointnode3 jointnode4 jointnode5 jointnode6 jointnode7 jointnode8 jointnode9 jointnode10 jointnode11 jointnode12</Name_array>
                    <technique_common>
                        <accessor source="#JointArr10_VC" count="14">
                            <param name="JOINT" type="Name" />
                        </accessor>
                    </technique_common>
                </source>
                <source id="matrices10_VC">
                    <float_array id="MatArr10_VC" count="224">1 0 0 0 0 1 0 0 0 0 1 0 0 0 0 1 1 0 0 0 0 1 0 0 0 0 1 0 0 0 0 1 1 0 0 0 0 1 0 0 0 0 1 0 0 0 0 1 1 0 0 0 0 1 0 0 0 0 1 0 0 0 0 1 1 0 0 0 0 1 0 0 0 0 1 0 0 0 0 1 1 0 0 0 0 1 0 0 0 0 1 0 0 0 0 1 1 0 0 0 0 1 0 0 0 0 1 0 0 0 0 1 1 0 0 0 0 1 0 0 0 0 1 0 0 0 0 1 1 0 0 0 0 1 0 0 0 0 1 0 0 0 0 1 1 0 0 0 0 1 0 0 0 0 1 0 0 0 0 1 1 0 0 0 0 1 0 0 0 0 1 0 0 0 0 1 1 0 0 0 0 1 0 0 0 0 1 0 0 0 0 1 1 0 0 0 0 1 0 0 0 0 1 0 0 0 0 1 1 0 0 0 0 1 0 0 0 0 1 0 0 0 0 1</float_array>
                    <technique_common>
                        <accessor source="#MatArr10_VC" count="14" stride="16">
                            <param type="float4x4" />
                        </accessor>
                    </technique_common>
                </source>
                <source id="weights10_VC">
                    <float_array id="WeightArr10_VC" count="1">1</float_array>
                    <technique_common>
                        <accessor source="#WeightArr10_VC" count="1">
                            <param type="float" />
                        </accessor>
                    </technique_common>
                </source>
                <joints>
                    <input semantic="JOINT" source="#joints10_VC" />
                    <input semantic="INV_BIND_MATRIX" source="#matrices10_VC" />
                </joints>
                <vertex_weights count="87">
                    <input semantic="JOINT" offset="0" source="#joints10_VC" />
                    <input semantic="WEIGHT" offset="1" source="#weights10_VC" />
                    <vcount>1 1 1 1 1 1 1 1 1 1 1 1 1 1 1 1 1 1 1 1 1 1 1 1 1 1 1 1 1 1 1 1 1 1 1 1 1 1 1 1 1 1 1 1 1 1 1 1 1 1 1 1 1 1 1 1 1 1 1 1 1 1 1 1 1 1 1 1 1 1 1 1 1 1 1 1 1 1 1 1 1 1 1 1 1 1 1</vcount>
                    <v>9 0 9 0 9 0 9 0 9 0 9 0 9 0 9 0 9 0 9 0 9 0 9 0 9 0 9 0 9 0 9 0 9 0 9 0 9 0 9 0 9 0 9 0 9 0 9 0 9 0 9 0 9 0 9 0 9 0 9 0 9 0 9 0 9 0 9 0 9 0 9 0 9 0 9 0 9 0 9 0 9 0 9 0 9 0 9 0 9 0 9 0 9 0 9 0 9 0 9 0 9 0 9 0 9 0 9 0 9 0 9 0 9 0 9 0 9 0 9 0 9 0 9 0 9 0 9 0 9 0 9 0 9 0 9 0 9 0 9 0 9 0 9 0 9 0 9 0 9 0 9 0 9 0 9 0 9 0 9 0 9 0 9 0 9 0 9 0 9 0 9 0 9 0</v>
                </vertex_weights>
            </skin>
        </controller>
        <controller id="controller11">
            <skin source="#mesh11">
                <bind_shape_matrix>1 0 0 0 0 1 0 0 0 0 1 0 0 0 0 1</bind_shape_matrix>
                <source id="joints11">
                    <Name_array id="JointArr11" count="14">jointnode-1 jointnode0 jointnode1 jointnode2 jointnode3 jointnode4 jointnode5 jointnode6 jointnode7 jointnode8 jointnode9 jointnode10 jointnode11 jointnode12</Name_array>
                    <technique_common>
                        <accessor source="#JointArr11" count="14">
                            <param name="JOINT" type="Name" />
                        </accessor>
                    </technique_common>
                </source>
                <source id="matrices11">
                    <float_array id="MatArr11" count="224">1 0 0 0 0 1 0 0 0 0 1 0 0 0 0 1 1 0 0 0 0 1 0 0 0 0 1 0 0 0 0 1 1 0 0 0 0 1 0 0 0 0 1 0 0 0 0 1 1 0 0 0 0 1 0 0 0 0 1 0 0 0 0 1 1 0 0 0 0 1 0 0 0 0 1 0 0 0 0 1 1 0 0 0 0 1 0 0 0 0 1 0 0 0 0 1 1 0 0 0 0 1 0 0 0 0 1 0 0 0 0 1 1 0 0 0 0 1 0 0 0 0 1 0 0 0 0 1 1 0 0 0 0 1 0 0 0 0 1 0 0 0 0 1 1 0 0 0 0 1 0 0 0 0 1 0 0 0 0 1 1 0 0 0 0 1 0 0 0 0 1 0 0 0 0 1 1 0 0 0 0 1 0 0 0 0 1 0 0 0 0 1 1 0 0 0 0 1 0 0 0 0 1 0 0 0 0 1 1 0 0 0 0 1 0 0 0 0 1 0 0 0 0 1</float_array>
                    <technique_common>
                        <accessor source="#MatArr11" count="14" stride="16">
                            <param type="float4x4" />
                        </accessor>
                    </technique_common>
                </source>
                <source id="weights11">
                    <float_array id="WeightArr11" count="1">1</float_array>
                    <technique_common>
                        <accessor source="#WeightArr11" count="1">
                            <param type="float" />
                        </accessor>
                    </technique_common>
                </source>
                <joints>
                    <input semantic="JOINT" source="#joints11" />
                    <input semantic="INV_BIND_MATRIX" source="#matrices11" />
                </joints>
                <vertex_weights count="10">
                    <input semantic="JOINT" offset="0" source="#joints11" />
                    <input semantic="WEIGHT" offset="1" source="#weights11" />
                    <vcount>1 1 1 1 1 1 1 1 1 1</vcount>
                    <v>8 0 8 0 8 0 8 0 8 0 8 0 8 0 8 0 8 0 8 0</v>
                </vertex_weights>
            </skin>
        </controller>
        <controller id="controller11_VC">
            <skin source="#mesh11_VC">
                <bind_shape_matrix>1 0 0 0 0 1 0 0 0 0 1 0 0 0 0 1</bind_shape_matrix>
                <source id="joints11_VC">
                    <Name_array id="JointArr11_VC" count="14">jointnode-1 jointnode0 jointnode1 jointnode2 jointnode3 jointnode4 jointnode5 jointnode6 jointnode7 jointnode8 jointnode9 jointnode10 jointnode11 jointnode12</Name_array>
                    <technique_common>
                        <accessor source="#JointArr11_VC" count="14">
                            <param name="JOINT" type="Name" />
                        </accessor>
                    </technique_common>
                </source>
                <source id="matrices11_VC">
                    <float_array id="MatArr11_VC" count="224">1 0 0 0 0 1 0 0 0 0 1 0 0 0 0 1 1 0 0 0 0 1 0 0 0 0 1 0 0 0 0 1 1 0 0 0 0 1 0 0 0 0 1 0 0 0 0 1 1 0 0 0 0 1 0 0 0 0 1 0 0 0 0 1 1 0 0 0 0 1 0 0 0 0 1 0 0 0 0 1 1 0 0 0 0 1 0 0 0 0 1 0 0 0 0 1 1 0 0 0 0 1 0 0 0 0 1 0 0 0 0 1 1 0 0 0 0 1 0 0 0 0 1 0 0 0 0 1 1 0 0 0 0 1 0 0 0 0 1 0 0 0 0 1 1 0 0 0 0 1 0 0 0 0 1 0 0 0 0 1 1 0 0 0 0 1 0 0 0 0 1 0 0 0 0 1 1 0 0 0 0 1 0 0 0 0 1 0 0 0 0 1 1 0 0 0 0 1 0 0 0 0 1 0 0 0 0 1 1 0 0 0 0 1 0 0 0 0 1 0 0 0 0 1</float_array>
                    <technique_common>
                        <accessor source="#MatArr11_VC" count="14" stride="16">
                            <param type="float4x4" />
                        </accessor>
                    </technique_common>
                </source>
                <source id="weights11_VC">
                    <float_array id="WeightArr11_VC" count="1">1</float_array>
                    <technique_common>
                        <accessor source="#WeightArr11_VC" count="1">
                            <param type="float" />
                        </accessor>
                    </technique_common>
                </source>
                <joints>
                    <input semantic="JOINT" source="#joints11_VC" />
                    <input semantic="INV_BIND_MATRIX" source="#matrices11_VC" />
                </joints>
                <vertex_weights count="10">
                    <input semantic="JOINT" offset="0" source="#joints11_VC" />
                    <input semantic="WEIGHT" offset="1" source="#weights11_VC" />
                    <vcount>1 1 1 1 1 1 1 1 1 1</vcount>
                    <v>8 0 8 0 8 0 8 0 8 0 8 0 8 0 8 0 8 0 8 0</v>
                </vertex_weights>
            </skin>
        </controller>
        <controller id="controller12">
            <skin source="#mesh12">
                <bind_shape_matrix>1 0 0 0 0 1 0 0 0 0 1 0 0 0 0 1</bind_shape_matrix>
                <source id="joints12">
                    <Name_array id="JointArr12" count="14">jointnode-1 jointnode0 jointnode1 jointnode2 jointnode3 jointnode4 jointnode5 jointnode6 jointnode7 jointnode8 jointnode9 jointnode10 jointnode11 jointnode12</Name_array>
                    <technique_common>
                        <accessor source="#JointArr12" count="14">
                            <param name="JOINT" type="Name" />
                        </accessor>
                    </technique_common>
                </source>
                <source id="matrices12">
                    <float_array id="MatArr12" count="224">1 0 0 0 0 1 0 0 0 0 1 0 0 0 0 1 1 0 0 0 0 1 0 0 0 0 1 0 0 0 0 1 1 0 0 0 0 1 0 0 0 0 1 0 0 0 0 1 1 0 0 0 0 1 0 0 0 0 1 0 0 0 0 1 1 0 0 0 0 1 0 0 0 0 1 0 0 0 0 1 1 0 0 0 0 1 0 0 0 0 1 0 0 0 0 1 1 0 0 0 0 1 0 0 0 0 1 0 0 0 0 1 1 0 0 0 0 1 0 0 0 0 1 0 0 0 0 1 1 0 0 0 0 1 0 0 0 0 1 0 0 0 0 1 1 0 0 0 0 1 0 0 0 0 1 0 0 0 0 1 1 0 0 0 0 1 0 0 0 0 1 0 0 0 0 1 1 0 0 0 0 1 0 0 0 0 1 0 0 0 0 1 1 0 0 0 0 1 0 0 0 0 1 0 0 0 0 1 1 0 0 0 0 1 0 0 0 0 1 0 0 0 0 1</float_array>
                    <technique_common>
                        <accessor source="#MatArr12" count="14" stride="16">
                            <param type="float4x4" />
                        </accessor>
                    </technique_common>
                </source>
                <source id="weights12">
                    <float_array id="WeightArr12" count="1">1</float_array>
                    <technique_common>
                        <accessor source="#WeightArr12" count="1">
                            <param type="float" />
                        </accessor>
                    </technique_common>
                </source>
                <joints>
                    <input semantic="JOINT" source="#joints12" />
                    <input semantic="INV_BIND_MATRIX" source="#matrices12" />
                </joints>
                <vertex_weights count="72">
                    <input semantic="JOINT" offset="0" source="#joints12" />
                    <input semantic="WEIGHT" offset="1" source="#weights12" />
                    <vcount>1 1 1 1 1 1 1 1 1 1 1 1 1 1 1 1 1 1 1 1 1 1 1 1 1 1 1 1 1 1 1 1 1 1 1 1 1 1 1 1 1 1 1 1 1 1 1 1 1 1 1 1 1 1 1 1 1 1 1 1 1 1 1 1 1 1 1 1 1 1 1 1</vcount>
                    <v>8 0 8 0 8 0 8 0 8 0 8 0 8 0 8 0 8 0 8 0 8 0 8 0 8 0 8 0 8 0 8 0 8 0 8 0 8 0 8 0 8 0 8 0 8 0 8 0 8 0 8 0 8 0 8 0 8 0 8 0 8 0 8 0 8 0 8 0 8 0 8 0 8 0 8 0 8 0 8 0 8 0 8 0 8 0 8 0 8 0 8 0 8 0 8 0 8 0 8 0 8 0 8 0 8 0 8 0 8 0 8 0 8 0 8 0 8 0 8 0 8 0 8 0 8 0 8 0 8 0 8 0 8 0 8 0 8 0 8 0 8 0 8 0</v>
                </vertex_weights>
            </skin>
        </controller>
        <controller id="controller12_VC">
            <skin source="#mesh12_VC">
                <bind_shape_matrix>1 0 0 0 0 1 0 0 0 0 1 0 0 0 0 1</bind_shape_matrix>
                <source id="joints12_VC">
                    <Name_array id="JointArr12_VC" count="14">jointnode-1 jointnode0 jointnode1 jointnode2 jointnode3 jointnode4 jointnode5 jointnode6 jointnode7 jointnode8 jointnode9 jointnode10 jointnode11 jointnode12</Name_array>
                    <technique_common>
                        <accessor source="#JointArr12_VC" count="14">
                            <param name="JOINT" type="Name" />
                        </accessor>
                    </technique_common>
                </source>
                <source id="matrices12_VC">
                    <float_array id="MatArr12_VC" count="224">1 0 0 0 0 1 0 0 0 0 1 0 0 0 0 1 1 0 0 0 0 1 0 0 0 0 1 0 0 0 0 1 1 0 0 0 0 1 0 0 0 0 1 0 0 0 0 1 1 0 0 0 0 1 0 0 0 0 1 0 0 0 0 1 1 0 0 0 0 1 0 0 0 0 1 0 0 0 0 1 1 0 0 0 0 1 0 0 0 0 1 0 0 0 0 1 1 0 0 0 0 1 0 0 0 0 1 0 0 0 0 1 1 0 0 0 0 1 0 0 0 0 1 0 0 0 0 1 1 0 0 0 0 1 0 0 0 0 1 0 0 0 0 1 1 0 0 0 0 1 0 0 0 0 1 0 0 0 0 1 1 0 0 0 0 1 0 0 0 0 1 0 0 0 0 1 1 0 0 0 0 1 0 0 0 0 1 0 0 0 0 1 1 0 0 0 0 1 0 0 0 0 1 0 0 0 0 1 1 0 0 0 0 1 0 0 0 0 1 0 0 0 0 1</float_array>
                    <technique_common>
                        <accessor source="#MatArr12_VC" count="14" stride="16">
                            <param type="float4x4" />
                        </accessor>
                    </technique_common>
                </source>
                <source id="weights12_VC">
                    <float_array id="WeightArr12_VC" count="1">1</float_array>
                    <technique_common>
                        <accessor source="#WeightArr12_VC" count="1">
                            <param type="float" />
                        </accessor>
                    </technique_common>
                </source>
                <joints>
                    <input semantic="JOINT" source="#joints12_VC" />
                    <input semantic="INV_BIND_MATRIX" source="#matrices12_VC" />
                </joints>
                <vertex_weights count="72">
                    <input semantic="JOINT" offset="0" source="#joints12_VC" />
                    <input semantic="WEIGHT" offset="1" source="#weights12_VC" />
                    <vcount>1 1 1 1 1 1 1 1 1 1 1 1 1 1 1 1 1 1 1 1 1 1 1 1 1 1 1 1 1 1 1 1 1 1 1 1 1 1 1 1 1 1 1 1 1 1 1 1 1 1 1 1 1 1 1 1 1 1 1 1 1 1 1 1 1 1 1 1 1 1 1 1</vcount>
                    <v>8 0 8 0 8 0 8 0 8 0 8 0 8 0 8 0 8 0 8 0 8 0 8 0 8 0 8 0 8 0 8 0 8 0 8 0 8 0 8 0 8 0 8 0 8 0 8 0 8 0 8 0 8 0 8 0 8 0 8 0 8 0 8 0 8 0 8 0 8 0 8 0 8 0 8 0 8 0 8 0 8 0 8 0 8 0 8 0 8 0 8 0 8 0 8 0 8 0 8 0 8 0 8 0 8 0 8 0 8 0 8 0 8 0 8 0 8 0 8 0 8 0 8 0 8 0 8 0 8 0 8 0 8 0 8 0 8 0 8 0 8 0 8 0</v>
                </vertex_weights>
            </skin>
        </controller>
        <controller id="controller13">
            <skin source="#mesh13">
                <bind_shape_matrix>1 0 0 0 0 1 0 0 0 0 1 0 0 0 0 1</bind_shape_matrix>
                <source id="joints13">
                    <Name_array id="JointArr13" count="14">jointnode-1 jointnode0 jointnode1 jointnode2 jointnode3 jointnode4 jointnode5 jointnode6 jointnode7 jointnode8 jointnode9 jointnode10 jointnode11 jointnode12</Name_array>
                    <technique_common>
                        <accessor source="#JointArr13" count="14">
                            <param name="JOINT" type="Name" />
                        </accessor>
                    </technique_common>
                </source>
                <source id="matrices13">
                    <float_array id="MatArr13" count="224">1 0 0 0 0 1 0 0 0 0 1 0 0 0 0 1 1 0 0 0 0 1 0 0 0 0 1 0 0 0 0 1 1 0 0 0 0 1 0 0 0 0 1 0 0 0 0 1 1 0 0 0 0 1 0 0 0 0 1 0 0 0 0 1 1 0 0 0 0 1 0 0 0 0 1 0 0 0 0 1 1 0 0 0 0 1 0 0 0 0 1 0 0 0 0 1 1 0 0 0 0 1 0 0 0 0 1 0 0 0 0 1 1 0 0 0 0 1 0 0 0 0 1 0 0 0 0 1 1 0 0 0 0 1 0 0 0 0 1 0 0 0 0 1 1 0 0 0 0 1 0 0 0 0 1 0 0 0 0 1 1 0 0 0 0 1 0 0 0 0 1 0 0 0 0 1 1 0 0 0 0 1 0 0 0 0 1 0 0 0 0 1 1 0 0 0 0 1 0 0 0 0 1 0 0 0 0 1 1 0 0 0 0 1 0 0 0 0 1 0 0 0 0 1</float_array>
                    <technique_common>
                        <accessor source="#MatArr13" count="14" stride="16">
                            <param type="float4x4" />
                        </accessor>
                    </technique_common>
                </source>
                <source id="weights13">
                    <float_array id="WeightArr13" count="1">1</float_array>
                    <technique_common>
                        <accessor source="#WeightArr13" count="1">
                            <param type="float" />
                        </accessor>
                    </technique_common>
                </source>
                <joints>
                    <input semantic="JOINT" source="#joints13" />
                    <input semantic="INV_BIND_MATRIX" source="#matrices13" />
                </joints>
                <vertex_weights count="8">
                    <input semantic="JOINT" offset="0" source="#joints13" />
                    <input semantic="WEIGHT" offset="1" source="#weights13" />
                    <vcount>1 1 1 1 1 1 1 1</vcount>
                    <v>8 0 8 0 8 0 8 0 8 0 8 0 8 0 8 0</v>
                </vertex_weights>
            </skin>
        </controller>
        <controller id="controller13_VC">
            <skin source="#mesh13_VC">
                <bind_shape_matrix>1 0 0 0 0 1 0 0 0 0 1 0 0 0 0 1</bind_shape_matrix>
                <source id="joints13_VC">
                    <Name_array id="JointArr13_VC" count="14">jointnode-1 jointnode0 jointnode1 jointnode2 jointnode3 jointnode4 jointnode5 jointnode6 jointnode7 jointnode8 jointnode9 jointnode10 jointnode11 jointnode12</Name_array>
                    <technique_common>
                        <accessor source="#JointArr13_VC" count="14">
                            <param name="JOINT" type="Name" />
                        </accessor>
                    </technique_common>
                </source>
                <source id="matrices13_VC">
                    <float_array id="MatArr13_VC" count="224">1 0 0 0 0 1 0 0 0 0 1 0 0 0 0 1 1 0 0 0 0 1 0 0 0 0 1 0 0 0 0 1 1 0 0 0 0 1 0 0 0 0 1 0 0 0 0 1 1 0 0 0 0 1 0 0 0 0 1 0 0 0 0 1 1 0 0 0 0 1 0 0 0 0 1 0 0 0 0 1 1 0 0 0 0 1 0 0 0 0 1 0 0 0 0 1 1 0 0 0 0 1 0 0 0 0 1 0 0 0 0 1 1 0 0 0 0 1 0 0 0 0 1 0 0 0 0 1 1 0 0 0 0 1 0 0 0 0 1 0 0 0 0 1 1 0 0 0 0 1 0 0 0 0 1 0 0 0 0 1 1 0 0 0 0 1 0 0 0 0 1 0 0 0 0 1 1 0 0 0 0 1 0 0 0 0 1 0 0 0 0 1 1 0 0 0 0 1 0 0 0 0 1 0 0 0 0 1 1 0 0 0 0 1 0 0 0 0 1 0 0 0 0 1</float_array>
                    <technique_common>
                        <accessor source="#MatArr13_VC" count="14" stride="16">
                            <param type="float4x4" />
                        </accessor>
                    </technique_common>
                </source>
                <source id="weights13_VC">
                    <float_array id="WeightArr13_VC" count="1">1</float_array>
                    <technique_common>
                        <accessor source="#WeightArr13_VC" count="1">
                            <param type="float" />
                        </accessor>
                    </technique_common>
                </source>
                <joints>
                    <input semantic="JOINT" source="#joints13_VC" />
                    <input semantic="INV_BIND_MATRIX" source="#matrices13_VC" />
                </joints>
                <vertex_weights count="8">
                    <input semantic="JOINT" offset="0" source="#joints13_VC" />
                    <input semantic="WEIGHT" offset="1" source="#weights13_VC" />
                    <vcount>1 1 1 1 1 1 1 1</vcount>
                    <v>8 0 8 0 8 0 8 0 8 0 8 0 8 0 8 0</v>
                </vertex_weights>
            </skin>
        </controller>
        <controller id="controller14">
            <skin source="#mesh14">
                <bind_shape_matrix>1 0 0 0 0 1 0 0 0 0 1 0 0 0 0 1</bind_shape_matrix>
                <source id="joints14">
                    <Name_array id="JointArr14" count="14">jointnode-1 jointnode0 jointnode1 jointnode2 jointnode3 jointnode4 jointnode5 jointnode6 jointnode7 jointnode8 jointnode9 jointnode10 jointnode11 jointnode12</Name_array>
                    <technique_common>
                        <accessor source="#JointArr14" count="14">
                            <param name="JOINT" type="Name" />
                        </accessor>
                    </technique_common>
                </source>
                <source id="matrices14">
                    <float_array id="MatArr14" count="224">1 0 0 0 0 1 0 0 0 0 1 0 0 0 0 1 1 0 0 0 0 1 0 0 0 0 1 0 0 0 0 1 1 0 0 0 0 1 0 0 0 0 1 0 0 0 0 1 1 0 0 0 0 1 0 0 0 0 1 0 0 0 0 1 1 0 0 0 0 1 0 0 0 0 1 0 0 0 0 1 1 0 0 0 0 1 0 0 0 0 1 0 0 0 0 1 1 0 0 0 0 1 0 0 0 0 1 0 0 0 0 1 1 0 0 0 0 1 0 0 0 0 1 0 0 0 0 1 1 0 0 0 0 1 0 0 0 0 1 0 0 0 0 1 1 0 0 0 0 1 0 0 0 0 1 0 0 0 0 1 1 0 0 0 0 1 0 0 0 0 1 0 0 0 0 1 1 0 0 0 0 1 0 0 0 0 1 0 0 0 0 1 1 0 0 0 0 1 0 0 0 0 1 0 0 0 0 1 1 0 0 0 0 1 0 0 0 0 1 0 0 0 0 1</float_array>
                    <technique_common>
                        <accessor source="#MatArr14" count="14" stride="16">
                            <param type="float4x4" />
                        </accessor>
                    </technique_common>
                </source>
                <source id="weights14">
                    <float_array id="WeightArr14" count="1">1</float_array>
                    <technique_common>
                        <accessor source="#WeightArr14" count="1">
                            <param type="float" />
                        </accessor>
                    </technique_common>
                </source>
                <joints>
                    <input semantic="JOINT" source="#joints14" />
                    <input semantic="INV_BIND_MATRIX" source="#matrices14" />
                </joints>
                <vertex_weights count="4">
                    <input semantic="JOINT" offset="0" source="#joints14" />
                    <input semantic="WEIGHT" offset="1" source="#weights14" />
                    <vcount>1 1 1 1</vcount>
                    <v>7 0 7 0 7 0 7 0</v>
                </vertex_weights>
            </skin>
        </controller>
        <controller id="controller14_VC">
            <skin source="#mesh14_VC">
                <bind_shape_matrix>1 0 0 0 0 1 0 0 0 0 1 0 0 0 0 1</bind_shape_matrix>
                <source id="joints14_VC">
                    <Name_array id="JointArr14_VC" count="14">jointnode-1 jointnode0 jointnode1 jointnode2 jointnode3 jointnode4 jointnode5 jointnode6 jointnode7 jointnode8 jointnode9 jointnode10 jointnode11 jointnode12</Name_array>
                    <technique_common>
                        <accessor source="#JointArr14_VC" count="14">
                            <param name="JOINT" type="Name" />
                        </accessor>
                    </technique_common>
                </source>
                <source id="matrices14_VC">
                    <float_array id="MatArr14_VC" count="224">1 0 0 0 0 1 0 0 0 0 1 0 0 0 0 1 1 0 0 0 0 1 0 0 0 0 1 0 0 0 0 1 1 0 0 0 0 1 0 0 0 0 1 0 0 0 0 1 1 0 0 0 0 1 0 0 0 0 1 0 0 0 0 1 1 0 0 0 0 1 0 0 0 0 1 0 0 0 0 1 1 0 0 0 0 1 0 0 0 0 1 0 0 0 0 1 1 0 0 0 0 1 0 0 0 0 1 0 0 0 0 1 1 0 0 0 0 1 0 0 0 0 1 0 0 0 0 1 1 0 0 0 0 1 0 0 0 0 1 0 0 0 0 1 1 0 0 0 0 1 0 0 0 0 1 0 0 0 0 1 1 0 0 0 0 1 0 0 0 0 1 0 0 0 0 1 1 0 0 0 0 1 0 0 0 0 1 0 0 0 0 1 1 0 0 0 0 1 0 0 0 0 1 0 0 0 0 1 1 0 0 0 0 1 0 0 0 0 1 0 0 0 0 1</float_array>
                    <technique_common>
                        <accessor source="#MatArr14_VC" count="14" stride="16">
                            <param type="float4x4" />
                        </accessor>
                    </technique_common>
                </source>
                <source id="weights14_VC">
                    <float_array id="WeightArr14_VC" count="1">1</float_array>
                    <technique_common>
                        <accessor source="#WeightArr14_VC" count="1">
                            <param type="float" />
                        </accessor>
                    </technique_common>
                </source>
                <joints>
                    <input semantic="JOINT" source="#joints14_VC" />
                    <input semantic="INV_BIND_MATRIX" source="#matrices14_VC" />
                </joints>
                <vertex_weights count="4">
                    <input semantic="JOINT" offset="0" source="#joints14_VC" />
                    <input semantic="WEIGHT" offset="1" source="#weights14_VC" />
                    <vcount>1 1 1 1</vcount>
                    <v>7 0 7 0 7 0 7 0</v>
                </vertex_weights>
            </skin>
        </controller>
        <controller id="controller15">
            <skin source="#mesh15">
                <bind_shape_matrix>1 0 0 0 0 1 0 0 0 0 1 0 0 0 0 1</bind_shape_matrix>
                <source id="joints15">
                    <Name_array id="JointArr15" count="14">jointnode-1 jointnode0 jointnode1 jointnode2 jointnode3 jointnode4 jointnode5 jointnode6 jointnode7 jointnode8 jointnode9 jointnode10 jointnode11 jointnode12</Name_array>
                    <technique_common>
                        <accessor source="#JointArr15" count="14">
                            <param name="JOINT" type="Name" />
                        </accessor>
                    </technique_common>
                </source>
                <source id="matrices15">
                    <float_array id="MatArr15" count="224">1 0 0 0 0 1 0 0 0 0 1 0 0 0 0 1 1 0 0 0 0 1 0 0 0 0 1 0 0 0 0 1 1 0 0 0 0 1 0 0 0 0 1 0 0 0 0 1 1 0 0 0 0 1 0 0 0 0 1 0 0 0 0 1 1 0 0 0 0 1 0 0 0 0 1 0 0 0 0 1 1 0 0 0 0 1 0 0 0 0 1 0 0 0 0 1 1 0 0 0 0 1 0 0 0 0 1 0 0 0 0 1 1 0 0 0 0 1 0 0 0 0 1 0 0 0 0 1 1 0 0 0 0 1 0 0 0 0 1 0 0 0 0 1 1 0 0 0 0 1 0 0 0 0 1 0 0 0 0 1 1 0 0 0 0 1 0 0 0 0 1 0 0 0 0 1 1 0 0 0 0 1 0 0 0 0 1 0 0 0 0 1 1 0 0 0 0 1 0 0 0 0 1 0 0 0 0 1 1 0 0 0 0 1 0 0 0 0 1 0 0 0 0 1</float_array>
                    <technique_common>
                        <accessor source="#MatArr15" count="14" stride="16">
                            <param type="float4x4" />
                        </accessor>
                    </technique_common>
                </source>
                <source id="weights15">
                    <float_array id="WeightArr15" count="1">1</float_array>
                    <technique_common>
                        <accessor source="#WeightArr15" count="1">
                            <param type="float" />
                        </accessor>
                    </technique_common>
                </source>
                <joints>
                    <input semantic="JOINT" source="#joints15" />
                    <input semantic="INV_BIND_MATRIX" source="#matrices15" />
                </joints>
                <vertex_weights count="87">
                    <input semantic="JOINT" offset="0" source="#joints15" />
                    <input semantic="WEIGHT" offset="1" source="#weights15" />
                    <vcount>1 1 1 1 1 1 1 1 1 1 1 1 1 1 1 1 1 1 1 1 1 1 1 1 1 1 1 1 1 1 1 1 1 1 1 1 1 1 1 1 1 1 1 1 1 1 1 1 1 1 1 1 1 1 1 1 1 1 1 1 1 1 1 1 1 1 1 1 1 1 1 1 1 1 1 1 1 1 1 1 1 1 1 1 1 1 1</vcount>
                    <v>7 0 7 0 7 0 7 0 7 0 7 0 7 0 7 0 7 0 7 0 7 0 7 0 7 0 7 0 7 0 7 0 7 0 7 0 7 0 7 0 7 0 7 0 7 0 7 0 7 0 7 0 7 0 7 0 7 0 7 0 7 0 7 0 7 0 7 0 7 0 7 0 7 0 7 0 7 0 7 0 7 0 7 0 7 0 7 0 7 0 7 0 7 0 7 0 7 0 7 0 7 0 7 0 7 0 7 0 7 0 7 0 7 0 7 0 7 0 7 0 7 0 7 0 7 0 7 0 7 0 7 0 7 0 7 0 7 0 7 0 7 0 7 0 7 0 7 0 7 0 7 0 7 0 7 0 7 0 7 0 7 0 7 0 7 0 7 0 7 0 7 0 7 0</v>
                </vertex_weights>
            </skin>
        </controller>
        <controller id="controller15_VC">
            <skin source="#mesh15_VC">
                <bind_shape_matrix>1 0 0 0 0 1 0 0 0 0 1 0 0 0 0 1</bind_shape_matrix>
                <source id="joints15_VC">
                    <Name_array id="JointArr15_VC" count="14">jointnode-1 jointnode0 jointnode1 jointnode2 jointnode3 jointnode4 jointnode5 jointnode6 jointnode7 jointnode8 jointnode9 jointnode10 jointnode11 jointnode12</Name_array>
                    <technique_common>
                        <accessor source="#JointArr15_VC" count="14">
                            <param name="JOINT" type="Name" />
                        </accessor>
                    </technique_common>
                </source>
                <source id="matrices15_VC">
                    <float_array id="MatArr15_VC" count="224">1 0 0 0 0 1 0 0 0 0 1 0 0 0 0 1 1 0 0 0 0 1 0 0 0 0 1 0 0 0 0 1 1 0 0 0 0 1 0 0 0 0 1 0 0 0 0 1 1 0 0 0 0 1 0 0 0 0 1 0 0 0 0 1 1 0 0 0 0 1 0 0 0 0 1 0 0 0 0 1 1 0 0 0 0 1 0 0 0 0 1 0 0 0 0 1 1 0 0 0 0 1 0 0 0 0 1 0 0 0 0 1 1 0 0 0 0 1 0 0 0 0 1 0 0 0 0 1 1 0 0 0 0 1 0 0 0 0 1 0 0 0 0 1 1 0 0 0 0 1 0 0 0 0 1 0 0 0 0 1 1 0 0 0 0 1 0 0 0 0 1 0 0 0 0 1 1 0 0 0 0 1 0 0 0 0 1 0 0 0 0 1 1 0 0 0 0 1 0 0 0 0 1 0 0 0 0 1 1 0 0 0 0 1 0 0 0 0 1 0 0 0 0 1</float_array>
                    <technique_common>
                        <accessor source="#MatArr15_VC" count="14" stride="16">
                            <param type="float4x4" />
                        </accessor>
                    </technique_common>
                </source>
                <source id="weights15_VC">
                    <float_array id="WeightArr15_VC" count="1">1</float_array>
                    <technique_common>
                        <accessor source="#WeightArr15_VC" count="1">
                            <param type="float" />
                        </accessor>
                    </technique_common>
                </source>
                <joints>
                    <input semantic="JOINT" source="#joints15_VC" />
                    <input semantic="INV_BIND_MATRIX" source="#matrices15_VC" />
                </joints>
                <vertex_weights count="87">
                    <input semantic="JOINT" offset="0" source="#joints15_VC" />
                    <input semantic="WEIGHT" offset="1" source="#weights15_VC" />
                    <vcount>1 1 1 1 1 1 1 1 1 1 1 1 1 1 1 1 1 1 1 1 1 1 1 1 1 1 1 1 1 1 1 1 1 1 1 1 1 1 1 1 1 1 1 1 1 1 1 1 1 1 1 1 1 1 1 1 1 1 1 1 1 1 1 1 1 1 1 1 1 1 1 1 1 1 1 1 1 1 1 1 1 1 1 1 1 1 1</vcount>
                    <v>7 0 7 0 7 0 7 0 7 0 7 0 7 0 7 0 7 0 7 0 7 0 7 0 7 0 7 0 7 0 7 0 7 0 7 0 7 0 7 0 7 0 7 0 7 0 7 0 7 0 7 0 7 0 7 0 7 0 7 0 7 0 7 0 7 0 7 0 7 0 7 0 7 0 7 0 7 0 7 0 7 0 7 0 7 0 7 0 7 0 7 0 7 0 7 0 7 0 7 0 7 0 7 0 7 0 7 0 7 0 7 0 7 0 7 0 7 0 7 0 7 0 7 0 7 0 7 0 7 0 7 0 7 0 7 0 7 0 7 0 7 0 7 0 7 0 7 0 7 0 7 0 7 0 7 0 7 0 7 0 7 0 7 0 7 0 7 0 7 0 7 0 7 0</v>
                </vertex_weights>
            </skin>
        </controller>
        <controller id="controller16">
            <skin source="#mesh16">
                <bind_shape_matrix>1 0 0 0 0 1 0 0 0 0 1 0 0 0 0 1</bind_shape_matrix>
                <source id="joints16">
                    <Name_array id="JointArr16" count="14">jointnode-1 jointnode0 jointnode1 jointnode2 jointnode3 jointnode4 jointnode5 jointnode6 jointnode7 jointnode8 jointnode9 jointnode10 jointnode11 jointnode12</Name_array>
                    <technique_common>
                        <accessor source="#JointArr16" count="14">
                            <param name="JOINT" type="Name" />
                        </accessor>
                    </technique_common>
                </source>
                <source id="matrices16">
                    <float_array id="MatArr16" count="224">1 0 0 0 0 1 0 0 0 0 1 0 0 0 0 1 1 0 0 0 0 1 0 0 0 0 1 0 0 0 0 1 1 0 0 0 0 1 0 0 0 0 1 0 0 0 0 1 1 0 0 0 0 1 0 0 0 0 1 0 0 0 0 1 1 0 0 0 0 1 0 0 0 0 1 0 0 0 0 1 1 0 0 0 0 1 0 0 0 0 1 0 0 0 0 1 1 0 0 0 0 1 0 0 0 0 1 0 0 0 0 1 1 0 0 0 0 1 0 0 0 0 1 0 0 0 0 1 1 0 0 0 0 1 0 0 0 0 1 0 0 0 0 1 1 0 0 0 0 1 0 0 0 0 1 0 0 0 0 1 1 0 0 0 0 1 0 0 0 0 1 0 0 0 0 1 1 0 0 0 0 1 0 0 0 0 1 0 0 0 0 1 1 0 0 0 0 1 0 0 0 0 1 0 0 0 0 1 1 0 0 0 0 1 0 0 0 0 1 0 0 0 0 1</float_array>
                    <technique_common>
                        <accessor source="#MatArr16" count="14" stride="16">
                            <param type="float4x4" />
                        </accessor>
                    </technique_common>
                </source>
                <source id="weights16">
                    <float_array id="WeightArr16" count="1">1</float_array>
                    <technique_common>
                        <accessor source="#WeightArr16" count="1">
                            <param type="float" />
                        </accessor>
                    </technique_common>
                </source>
                <joints>
                    <input semantic="JOINT" source="#joints16" />
                    <input semantic="INV_BIND_MATRIX" source="#matrices16" />
                </joints>
                <vertex_weights count="10">
                    <input semantic="JOINT" offset="0" source="#joints16" />
                    <input semantic="WEIGHT" offset="1" source="#weights16" />
                    <vcount>1 1 1 1 1 1 1 1 1 1</vcount>
                    <v>6 0 6 0 6 0 6 0 6 0 6 0 6 0 6 0 6 0 6 0</v>
                </vertex_weights>
            </skin>
        </controller>
        <controller id="controller16_VC">
            <skin source="#mesh16_VC">
                <bind_shape_matrix>1 0 0 0 0 1 0 0 0 0 1 0 0 0 0 1</bind_shape_matrix>
                <source id="joints16_VC">
                    <Name_array id="JointArr16_VC" count="14">jointnode-1 jointnode0 jointnode1 jointnode2 jointnode3 jointnode4 jointnode5 jointnode6 jointnode7 jointnode8 jointnode9 jointnode10 jointnode11 jointnode12</Name_array>
                    <technique_common>
                        <accessor source="#JointArr16_VC" count="14">
                            <param name="JOINT" type="Name" />
                        </accessor>
                    </technique_common>
                </source>
                <source id="matrices16_VC">
                    <float_array id="MatArr16_VC" count="224">1 0 0 0 0 1 0 0 0 0 1 0 0 0 0 1 1 0 0 0 0 1 0 0 0 0 1 0 0 0 0 1 1 0 0 0 0 1 0 0 0 0 1 0 0 0 0 1 1 0 0 0 0 1 0 0 0 0 1 0 0 0 0 1 1 0 0 0 0 1 0 0 0 0 1 0 0 0 0 1 1 0 0 0 0 1 0 0 0 0 1 0 0 0 0 1 1 0 0 0 0 1 0 0 0 0 1 0 0 0 0 1 1 0 0 0 0 1 0 0 0 0 1 0 0 0 0 1 1 0 0 0 0 1 0 0 0 0 1 0 0 0 0 1 1 0 0 0 0 1 0 0 0 0 1 0 0 0 0 1 1 0 0 0 0 1 0 0 0 0 1 0 0 0 0 1 1 0 0 0 0 1 0 0 0 0 1 0 0 0 0 1 1 0 0 0 0 1 0 0 0 0 1 0 0 0 0 1 1 0 0 0 0 1 0 0 0 0 1 0 0 0 0 1</float_array>
                    <technique_common>
                        <accessor source="#MatArr16_VC" count="14" stride="16">
                            <param type="float4x4" />
                        </accessor>
                    </technique_common>
                </source>
                <source id="weights16_VC">
                    <float_array id="WeightArr16_VC" count="1">1</float_array>
                    <technique_common>
                        <accessor source="#WeightArr16_VC" count="1">
                            <param type="float" />
                        </accessor>
                    </technique_common>
                </source>
                <joints>
                    <input semantic="JOINT" source="#joints16_VC" />
                    <input semantic="INV_BIND_MATRIX" source="#matrices16_VC" />
                </joints>
                <vertex_weights count="10">
                    <input semantic="JOINT" offset="0" source="#joints16_VC" />
                    <input semantic="WEIGHT" offset="1" source="#weights16_VC" />
                    <vcount>1 1 1 1 1 1 1 1 1 1</vcount>
                    <v>6 0 6 0 6 0 6 0 6 0 6 0 6 0 6 0 6 0 6 0</v>
                </vertex_weights>
            </skin>
        </controller>
        <controller id="controller17">
            <skin source="#mesh17">
                <bind_shape_matrix>1 0 0 0 0 1 0 0 0 0 1 0 0 0 0 1</bind_shape_matrix>
                <source id="joints17">
                    <Name_array id="JointArr17" count="14">jointnode-1 jointnode0 jointnode1 jointnode2 jointnode3 jointnode4 jointnode5 jointnode6 jointnode7 jointnode8 jointnode9 jointnode10 jointnode11 jointnode12</Name_array>
                    <technique_common>
                        <accessor source="#JointArr17" count="14">
                            <param name="JOINT" type="Name" />
                        </accessor>
                    </technique_common>
                </source>
                <source id="matrices17">
                    <float_array id="MatArr17" count="224">1 0 0 0 0 1 0 0 0 0 1 0 0 0 0 1 1 0 0 0 0 1 0 0 0 0 1 0 0 0 0 1 1 0 0 0 0 1 0 0 0 0 1 0 0 0 0 1 1 0 0 0 0 1 0 0 0 0 1 0 0 0 0 1 1 0 0 0 0 1 0 0 0 0 1 0 0 0 0 1 1 0 0 0 0 1 0 0 0 0 1 0 0 0 0 1 1 0 0 0 0 1 0 0 0 0 1 0 0 0 0 1 1 0 0 0 0 1 0 0 0 0 1 0 0 0 0 1 1 0 0 0 0 1 0 0 0 0 1 0 0 0 0 1 1 0 0 0 0 1 0 0 0 0 1 0 0 0 0 1 1 0 0 0 0 1 0 0 0 0 1 0 0 0 0 1 1 0 0 0 0 1 0 0 0 0 1 0 0 0 0 1 1 0 0 0 0 1 0 0 0 0 1 0 0 0 0 1 1 0 0 0 0 1 0 0 0 0 1 0 0 0 0 1</float_array>
                    <technique_common>
                        <accessor source="#MatArr17" count="14" stride="16">
                            <param type="float4x4" />
                        </accessor>
                    </technique_common>
                </source>
                <source id="weights17">
                    <float_array id="WeightArr17" count="1">1</float_array>
                    <technique_common>
                        <accessor source="#WeightArr17" count="1">
                            <param type="float" />
                        </accessor>
                    </technique_common>
                </source>
                <joints>
                    <input semantic="JOINT" source="#joints17" />
                    <input semantic="INV_BIND_MATRIX" source="#matrices17" />
                </joints>
                <vertex_weights count="72">
                    <input semantic="JOINT" offset="0" source="#joints17" />
                    <input semantic="WEIGHT" offset="1" source="#weights17" />
                    <vcount>1 1 1 1 1 1 1 1 1 1 1 1 1 1 1 1 1 1 1 1 1 1 1 1 1 1 1 1 1 1 1 1 1 1 1 1 1 1 1 1 1 1 1 1 1 1 1 1 1 1 1 1 1 1 1 1 1 1 1 1 1 1 1 1 1 1 1 1 1 1 1 1</vcount>
                    <v>6 0 6 0 6 0 6 0 6 0 6 0 6 0 6 0 6 0 6 0 6 0 6 0 6 0 6 0 6 0 6 0 6 0 6 0 6 0 6 0 6 0 6 0 6 0 6 0 6 0 6 0 6 0 6 0 6 0 6 0 6 0 6 0 6 0 6 0 6 0 6 0 6 0 6 0 6 0 6 0 6 0 6 0 6 0 6 0 6 0 6 0 6 0 6 0 6 0 6 0 6 0 6 0 6 0 6 0 6 0 6 0 6 0 6 0 6 0 6 0 6 0 6 0 6 0 6 0 6 0 6 0 6 0 6 0 6 0 6 0 6 0 6 0</v>
                </vertex_weights>
            </skin>
        </controller>
        <controller id="controller17_VC">
            <skin source="#mesh17_VC">
                <bind_shape_matrix>1 0 0 0 0 1 0 0 0 0 1 0 0 0 0 1</bind_shape_matrix>
                <source id="joints17_VC">
                    <Name_array id="JointArr17_VC" count="14">jointnode-1 jointnode0 jointnode1 jointnode2 jointnode3 jointnode4 jointnode5 jointnode6 jointnode7 jointnode8 jointnode9 jointnode10 jointnode11 jointnode12</Name_array>
                    <technique_common>
                        <accessor source="#JointArr17_VC" count="14">
                            <param name="JOINT" type="Name" />
                        </accessor>
                    </technique_common>
                </source>
                <source id="matrices17_VC">
                    <float_array id="MatArr17_VC" count="224">1 0 0 0 0 1 0 0 0 0 1 0 0 0 0 1 1 0 0 0 0 1 0 0 0 0 1 0 0 0 0 1 1 0 0 0 0 1 0 0 0 0 1 0 0 0 0 1 1 0 0 0 0 1 0 0 0 0 1 0 0 0 0 1 1 0 0 0 0 1 0 0 0 0 1 0 0 0 0 1 1 0 0 0 0 1 0 0 0 0 1 0 0 0 0 1 1 0 0 0 0 1 0 0 0 0 1 0 0 0 0 1 1 0 0 0 0 1 0 0 0 0 1 0 0 0 0 1 1 0 0 0 0 1 0 0 0 0 1 0 0 0 0 1 1 0 0 0 0 1 0 0 0 0 1 0 0 0 0 1 1 0 0 0 0 1 0 0 0 0 1 0 0 0 0 1 1 0 0 0 0 1 0 0 0 0 1 0 0 0 0 1 1 0 0 0 0 1 0 0 0 0 1 0 0 0 0 1 1 0 0 0 0 1 0 0 0 0 1 0 0 0 0 1</float_array>
                    <technique_common>
                        <accessor source="#MatArr17_VC" count="14" stride="16">
                            <param type="float4x4" />
                        </accessor>
                    </technique_common>
                </source>
                <source id="weights17_VC">
                    <float_array id="WeightArr17_VC" count="1">1</float_array>
                    <technique_common>
                        <accessor source="#WeightArr17_VC" count="1">
                            <param type="float" />
                        </accessor>
                    </technique_common>
                </source>
                <joints>
                    <input semantic="JOINT" source="#joints17_VC" />
                    <input semantic="INV_BIND_MATRIX" source="#matrices17_VC" />
                </joints>
                <vertex_weights count="72">
                    <input semantic="JOINT" offset="0" source="#joints17_VC" />
                    <input semantic="WEIGHT" offset="1" source="#weights17_VC" />
                    <vcount>1 1 1 1 1 1 1 1 1 1 1 1 1 1 1 1 1 1 1 1 1 1 1 1 1 1 1 1 1 1 1 1 1 1 1 1 1 1 1 1 1 1 1 1 1 1 1 1 1 1 1 1 1 1 1 1 1 1 1 1 1 1 1 1 1 1 1 1 1 1 1 1</vcount>
                    <v>6 0 6 0 6 0 6 0 6 0 6 0 6 0 6 0 6 0 6 0 6 0 6 0 6 0 6 0 6 0 6 0 6 0 6 0 6 0 6 0 6 0 6 0 6 0 6 0 6 0 6 0 6 0 6 0 6 0 6 0 6 0 6 0 6 0 6 0 6 0 6 0 6 0 6 0 6 0 6 0 6 0 6 0 6 0 6 0 6 0 6 0 6 0 6 0 6 0 6 0 6 0 6 0 6 0 6 0 6 0 6 0 6 0 6 0 6 0 6 0 6 0 6 0 6 0 6 0 6 0 6 0 6 0 6 0 6 0 6 0 6 0 6 0</v>
                </vertex_weights>
            </skin>
        </controller>
        <controller id="controller18">
            <skin source="#mesh18">
                <bind_shape_matrix>1 0 0 0 0 1 0 0 0 0 1 0 0 0 0 1</bind_shape_matrix>
                <source id="joints18">
                    <Name_array id="JointArr18" count="14">jointnode-1 jointnode0 jointnode1 jointnode2 jointnode3 jointnode4 jointnode5 jointnode6 jointnode7 jointnode8 jointnode9 jointnode10 jointnode11 jointnode12</Name_array>
                    <technique_common>
                        <accessor source="#JointArr18" count="14">
                            <param name="JOINT" type="Name" />
                        </accessor>
                    </technique_common>
                </source>
                <source id="matrices18">
                    <float_array id="MatArr18" count="224">1 0 0 0 0 1 0 0 0 0 1 0 0 0 0 1 1 0 0 0 0 1 0 0 0 0 1 0 0 0 0 1 1 0 0 0 0 1 0 0 0 0 1 0 0 0 0 1 1 0 0 0 0 1 0 0 0 0 1 0 0 0 0 1 1 0 0 0 0 1 0 0 0 0 1 0 0 0 0 1 1 0 0 0 0 1 0 0 0 0 1 0 0 0 0 1 1 0 0 0 0 1 0 0 0 0 1 0 0 0 0 1 1 0 0 0 0 1 0 0 0 0 1 0 0 0 0 1 1 0 0 0 0 1 0 0 0 0 1 0 0 0 0 1 1 0 0 0 0 1 0 0 0 0 1 0 0 0 0 1 1 0 0 0 0 1 0 0 0 0 1 0 0 0 0 1 1 0 0 0 0 1 0 0 0 0 1 0 0 0 0 1 1 0 0 0 0 1 0 0 0 0 1 0 0 0 0 1 1 0 0 0 0 1 0 0 0 0 1 0 0 0 0 1</float_array>
                    <technique_common>
                        <accessor source="#MatArr18" count="14" stride="16">
                            <param type="float4x4" />
                        </accessor>
                    </technique_common>
                </source>
                <source id="weights18">
                    <float_array id="WeightArr18" count="1">1</float_array>
                    <technique_common>
                        <accessor source="#WeightArr18" count="1">
                            <param type="float" />
                        </accessor>
                    </technique_common>
                </source>
                <joints>
                    <input semantic="JOINT" source="#joints18" />
                    <input semantic="INV_BIND_MATRIX" source="#matrices18" />
                </joints>
                <vertex_weights count="8">
                    <input semantic="JOINT" offset="0" source="#joints18" />
                    <input semantic="WEIGHT" offset="1" source="#weights18" />
                    <vcount>1 1 1 1 1 1 1 1</vcount>
                    <v>6 0 6 0 6 0 6 0 6 0 6 0 6 0 6 0</v>
                </vertex_weights>
            </skin>
        </controller>
        <controller id="controller18_VC">
            <skin source="#mesh18_VC">
                <bind_shape_matrix>1 0 0 0 0 1 0 0 0 0 1 0 0 0 0 1</bind_shape_matrix>
                <source id="joints18_VC">
                    <Name_array id="JointArr18_VC" count="14">jointnode-1 jointnode0 jointnode1 jointnode2 jointnode3 jointnode4 jointnode5 jointnode6 jointnode7 jointnode8 jointnode9 jointnode10 jointnode11 jointnode12</Name_array>
                    <technique_common>
                        <accessor source="#JointArr18_VC" count="14">
                            <param name="JOINT" type="Name" />
                        </accessor>
                    </technique_common>
                </source>
                <source id="matrices18_VC">
                    <float_array id="MatArr18_VC" count="224">1 0 0 0 0 1 0 0 0 0 1 0 0 0 0 1 1 0 0 0 0 1 0 0 0 0 1 0 0 0 0 1 1 0 0 0 0 1 0 0 0 0 1 0 0 0 0 1 1 0 0 0 0 1 0 0 0 0 1 0 0 0 0 1 1 0 0 0 0 1 0 0 0 0 1 0 0 0 0 1 1 0 0 0 0 1 0 0 0 0 1 0 0 0 0 1 1 0 0 0 0 1 0 0 0 0 1 0 0 0 0 1 1 0 0 0 0 1 0 0 0 0 1 0 0 0 0 1 1 0 0 0 0 1 0 0 0 0 1 0 0 0 0 1 1 0 0 0 0 1 0 0 0 0 1 0 0 0 0 1 1 0 0 0 0 1 0 0 0 0 1 0 0 0 0 1 1 0 0 0 0 1 0 0 0 0 1 0 0 0 0 1 1 0 0 0 0 1 0 0 0 0 1 0 0 0 0 1 1 0 0 0 0 1 0 0 0 0 1 0 0 0 0 1</float_array>
                    <technique_common>
                        <accessor source="#MatArr18_VC" count="14" stride="16">
                            <param type="float4x4" />
                        </accessor>
                    </technique_common>
                </source>
                <source id="weights18_VC">
                    <float_array id="WeightArr18_VC" count="1">1</float_array>
                    <technique_common>
                        <accessor source="#WeightArr18_VC" count="1">
                            <param type="float" />
                        </accessor>
                    </technique_common>
                </source>
                <joints>
                    <input semantic="JOINT" source="#joints18_VC" />
                    <input semantic="INV_BIND_MATRIX" source="#matrices18_VC" />
                </joints>
                <vertex_weights count="8">
                    <input semantic="JOINT" offset="0" source="#joints18_VC" />
                    <input semantic="WEIGHT" offset="1" source="#weights18_VC" />
                    <vcount>1 1 1 1 1 1 1 1</vcount>
                    <v>6 0 6 0 6 0 6 0 6 0 6 0 6 0 6 0</v>
                </vertex_weights>
            </skin>
        </controller>
        <controller id="controller19">
            <skin source="#mesh19">
                <bind_shape_matrix>1 0 0 0 0 1 0 0 0 0 1 0 0 0 0 1</bind_shape_matrix>
                <source id="joints19">
                    <Name_array id="JointArr19" count="14">jointnode-1 jointnode0 jointnode1 jointnode2 jointnode3 jointnode4 jointnode5 jointnode6 jointnode7 jointnode8 jointnode9 jointnode10 jointnode11 jointnode12</Name_array>
                    <technique_common>
                        <accessor source="#JointArr19" count="14">
                            <param name="JOINT" type="Name" />
                        </accessor>
                    </technique_common>
                </source>
                <source id="matrices19">
                    <float_array id="MatArr19" count="224">1 0 0 0 0 1 0 0 0 0 1 0 0 0 0 1 1 0 0 0 0 1 0 0 0 0 1 0 0 0 0 1 1 0 0 0 0 1 0 0 0 0 1 0 0 0 0 1 1 0 0 0 0 1 0 0 0 0 1 0 0 0 0 1 1 0 0 0 0 1 0 0 0 0 1 0 0 0 0 1 1 0 0 0 0 1 0 0 0 0 1 0 0 0 0 1 1 0 0 0 0 1 0 0 0 0 1 0 0 0 0 1 1 0 0 0 0 1 0 0 0 0 1 0 0 0 0 1 1 0 0 0 0 1 0 0 0 0 1 0 0 0 0 1 1 0 0 0 0 1 0 0 0 0 1 0 0 0 0 1 1 0 0 0 0 1 0 0 0 0 1 0 0 0 0 1 1 0 0 0 0 1 0 0 0 0 1 0 0 0 0 1 1 0 0 0 0 1 0 0 0 0 1 0 0 0 0 1 1 0 0 0 0 1 0 0 0 0 1 0 0 0 0 1</float_array>
                    <technique_common>
                        <accessor source="#MatArr19" count="14" stride="16">
                            <param type="float4x4" />
                        </accessor>
                    </technique_common>
                </source>
                <source id="weights19">
                    <float_array id="WeightArr19" count="1">1</float_array>
                    <technique_common>
                        <accessor source="#WeightArr19" count="1">
                            <param type="float" />
                        </accessor>
                    </technique_common>
                </source>
                <joints>
                    <input semantic="JOINT" source="#joints19" />
                    <input semantic="INV_BIND_MATRIX" source="#matrices19" />
                </joints>
                <vertex_weights count="4">
                    <input semantic="JOINT" offset="0" source="#joints19" />
                    <input semantic="WEIGHT" offset="1" source="#weights19" />
                    <vcount>1 1 1 1</vcount>
                    <v>5 0 5 0 5 0 5 0</v>
                </vertex_weights>
            </skin>
        </controller>
        <controller id="controller19_VC">
            <skin source="#mesh19_VC">
                <bind_shape_matrix>1 0 0 0 0 1 0 0 0 0 1 0 0 0 0 1</bind_shape_matrix>
                <source id="joints19_VC">
                    <Name_array id="JointArr19_VC" count="14">jointnode-1 jointnode0 jointnode1 jointnode2 jointnode3 jointnode4 jointnode5 jointnode6 jointnode7 jointnode8 jointnode9 jointnode10 jointnode11 jointnode12</Name_array>
                    <technique_common>
                        <accessor source="#JointArr19_VC" count="14">
                            <param name="JOINT" type="Name" />
                        </accessor>
                    </technique_common>
                </source>
                <source id="matrices19_VC">
                    <float_array id="MatArr19_VC" count="224">1 0 0 0 0 1 0 0 0 0 1 0 0 0 0 1 1 0 0 0 0 1 0 0 0 0 1 0 0 0 0 1 1 0 0 0 0 1 0 0 0 0 1 0 0 0 0 1 1 0 0 0 0 1 0 0 0 0 1 0 0 0 0 1 1 0 0 0 0 1 0 0 0 0 1 0 0 0 0 1 1 0 0 0 0 1 0 0 0 0 1 0 0 0 0 1 1 0 0 0 0 1 0 0 0 0 1 0 0 0 0 1 1 0 0 0 0 1 0 0 0 0 1 0 0 0 0 1 1 0 0 0 0 1 0 0 0 0 1 0 0 0 0 1 1 0 0 0 0 1 0 0 0 0 1 0 0 0 0 1 1 0 0 0 0 1 0 0 0 0 1 0 0 0 0 1 1 0 0 0 0 1 0 0 0 0 1 0 0 0 0 1 1 0 0 0 0 1 0 0 0 0 1 0 0 0 0 1 1 0 0 0 0 1 0 0 0 0 1 0 0 0 0 1</float_array>
                    <technique_common>
                        <accessor source="#MatArr19_VC" count="14" stride="16">
                            <param type="float4x4" />
                        </accessor>
                    </technique_common>
                </source>
                <source id="weights19_VC">
                    <float_array id="WeightArr19_VC" count="1">1</float_array>
                    <technique_common>
                        <accessor source="#WeightArr19_VC" count="1">
                            <param type="float" />
                        </accessor>
                    </technique_common>
                </source>
                <joints>
                    <input semantic="JOINT" source="#joints19_VC" />
                    <input semantic="INV_BIND_MATRIX" source="#matrices19_VC" />
                </joints>
                <vertex_weights count="4">
                    <input semantic="JOINT" offset="0" source="#joints19_VC" />
                    <input semantic="WEIGHT" offset="1" source="#weights19_VC" />
                    <vcount>1 1 1 1</vcount>
                    <v>5 0 5 0 5 0 5 0</v>
                </vertex_weights>
            </skin>
        </controller>
        <controller id="controller20">
            <skin source="#mesh20">
                <bind_shape_matrix>1 0 0 0 0 1 0 0 0 0 1 0 0 0 0 1</bind_shape_matrix>
                <source id="joints20">
                    <Name_array id="JointArr20" count="14">jointnode-1 jointnode0 jointnode1 jointnode2 jointnode3 jointnode4 jointnode5 jointnode6 jointnode7 jointnode8 jointnode9 jointnode10 jointnode11 jointnode12</Name_array>
                    <technique_common>
                        <accessor source="#JointArr20" count="14">
                            <param name="JOINT" type="Name" />
                        </accessor>
                    </technique_common>
                </source>
                <source id="matrices20">
                    <float_array id="MatArr20" count="224">1 0 0 0 0 1 0 0 0 0 1 0 0 0 0 1 1 0 0 0 0 1 0 0 0 0 1 0 0 0 0 1 1 0 0 0 0 1 0 0 0 0 1 0 0 0 0 1 1 0 0 0 0 1 0 0 0 0 1 0 0 0 0 1 1 0 0 0 0 1 0 0 0 0 1 0 0 0 0 1 1 0 0 0 0 1 0 0 0 0 1 0 0 0 0 1 1 0 0 0 0 1 0 0 0 0 1 0 0 0 0 1 1 0 0 0 0 1 0 0 0 0 1 0 0 0 0 1 1 0 0 0 0 1 0 0 0 0 1 0 0 0 0 1 1 0 0 0 0 1 0 0 0 0 1 0 0 0 0 1 1 0 0 0 0 1 0 0 0 0 1 0 0 0 0 1 1 0 0 0 0 1 0 0 0 0 1 0 0 0 0 1 1 0 0 0 0 1 0 0 0 0 1 0 0 0 0 1 1 0 0 0 0 1 0 0 0 0 1 0 0 0 0 1</float_array>
                    <technique_common>
                        <accessor source="#MatArr20" count="14" stride="16">
                            <param type="float4x4" />
                        </accessor>
                    </technique_common>
                </source>
                <source id="weights20">
                    <float_array id="WeightArr20" count="1">1</float_array>
                    <technique_common>
                        <accessor source="#WeightArr20" count="1">
                            <param type="float" />
                        </accessor>
                    </technique_common>
                </source>
                <joints>
                    <input semantic="JOINT" source="#joints20" />
                    <input semantic="INV_BIND_MATRIX" source="#matrices20" />
                </joints>
                <vertex_weights count="87">
                    <input semantic="JOINT" offset="0" source="#joints20" />
                    <input semantic="WEIGHT" offset="1" source="#weights20" />
                    <vcount>1 1 1 1 1 1 1 1 1 1 1 1 1 1 1 1 1 1 1 1 1 1 1 1 1 1 1 1 1 1 1 1 1 1 1 1 1 1 1 1 1 1 1 1 1 1 1 1 1 1 1 1 1 1 1 1 1 1 1 1 1 1 1 1 1 1 1 1 1 1 1 1 1 1 1 1 1 1 1 1 1 1 1 1 1 1 1</vcount>
                    <v>5 0 5 0 5 0 5 0 5 0 5 0 5 0 5 0 5 0 5 0 5 0 5 0 5 0 5 0 5 0 5 0 5 0 5 0 5 0 5 0 5 0 5 0 5 0 5 0 5 0 5 0 5 0 5 0 5 0 5 0 5 0 5 0 5 0 5 0 5 0 5 0 5 0 5 0 5 0 5 0 5 0 5 0 5 0 5 0 5 0 5 0 5 0 5 0 5 0 5 0 5 0 5 0 5 0 5 0 5 0 5 0 5 0 5 0 5 0 5 0 5 0 5 0 5 0 5 0 5 0 5 0 5 0 5 0 5 0 5 0 5 0 5 0 5 0 5 0 5 0 5 0 5 0 5 0 5 0 5 0 5 0 5 0 5 0 5 0 5 0 5 0 5 0</v>
                </vertex_weights>
            </skin>
        </controller>
        <controller id="controller20_VC">
            <skin source="#mesh20_VC">
                <bind_shape_matrix>1 0 0 0 0 1 0 0 0 0 1 0 0 0 0 1</bind_shape_matrix>
                <source id="joints20_VC">
                    <Name_array id="JointArr20_VC" count="14">jointnode-1 jointnode0 jointnode1 jointnode2 jointnode3 jointnode4 jointnode5 jointnode6 jointnode7 jointnode8 jointnode9 jointnode10 jointnode11 jointnode12</Name_array>
                    <technique_common>
                        <accessor source="#JointArr20_VC" count="14">
                            <param name="JOINT" type="Name" />
                        </accessor>
                    </technique_common>
                </source>
                <source id="matrices20_VC">
                    <float_array id="MatArr20_VC" count="224">1 0 0 0 0 1 0 0 0 0 1 0 0 0 0 1 1 0 0 0 0 1 0 0 0 0 1 0 0 0 0 1 1 0 0 0 0 1 0 0 0 0 1 0 0 0 0 1 1 0 0 0 0 1 0 0 0 0 1 0 0 0 0 1 1 0 0 0 0 1 0 0 0 0 1 0 0 0 0 1 1 0 0 0 0 1 0 0 0 0 1 0 0 0 0 1 1 0 0 0 0 1 0 0 0 0 1 0 0 0 0 1 1 0 0 0 0 1 0 0 0 0 1 0 0 0 0 1 1 0 0 0 0 1 0 0 0 0 1 0 0 0 0 1 1 0 0 0 0 1 0 0 0 0 1 0 0 0 0 1 1 0 0 0 0 1 0 0 0 0 1 0 0 0 0 1 1 0 0 0 0 1 0 0 0 0 1 0 0 0 0 1 1 0 0 0 0 1 0 0 0 0 1 0 0 0 0 1 1 0 0 0 0 1 0 0 0 0 1 0 0 0 0 1</float_array>
                    <technique_common>
                        <accessor source="#MatArr20_VC" count="14" stride="16">
                            <param type="float4x4" />
                        </accessor>
                    </technique_common>
                </source>
                <source id="weights20_VC">
                    <float_array id="WeightArr20_VC" count="1">1</float_array>
                    <technique_common>
                        <accessor source="#WeightArr20_VC" count="1">
                            <param type="float" />
                        </accessor>
                    </technique_common>
                </source>
                <joints>
                    <input semantic="JOINT" source="#joints20_VC" />
                    <input semantic="INV_BIND_MATRIX" source="#matrices20_VC" />
                </joints>
                <vertex_weights count="87">
                    <input semantic="JOINT" offset="0" source="#joints20_VC" />
                    <input semantic="WEIGHT" offset="1" source="#weights20_VC" />
                    <vcount>1 1 1 1 1 1 1 1 1 1 1 1 1 1 1 1 1 1 1 1 1 1 1 1 1 1 1 1 1 1 1 1 1 1 1 1 1 1 1 1 1 1 1 1 1 1 1 1 1 1 1 1 1 1 1 1 1 1 1 1 1 1 1 1 1 1 1 1 1 1 1 1 1 1 1 1 1 1 1 1 1 1 1 1 1 1 1</vcount>
                    <v>5 0 5 0 5 0 5 0 5 0 5 0 5 0 5 0 5 0 5 0 5 0 5 0 5 0 5 0 5 0 5 0 5 0 5 0 5 0 5 0 5 0 5 0 5 0 5 0 5 0 5 0 5 0 5 0 5 0 5 0 5 0 5 0 5 0 5 0 5 0 5 0 5 0 5 0 5 0 5 0 5 0 5 0 5 0 5 0 5 0 5 0 5 0 5 0 5 0 5 0 5 0 5 0 5 0 5 0 5 0 5 0 5 0 5 0 5 0 5 0 5 0 5 0 5 0 5 0 5 0 5 0 5 0 5 0 5 0 5 0 5 0 5 0 5 0 5 0 5 0 5 0 5 0 5 0 5 0 5 0 5 0 5 0 5 0 5 0 5 0 5 0 5 0</v>
                </vertex_weights>
            </skin>
        </controller>
        <controller id="controller21">
            <skin source="#mesh21">
                <bind_shape_matrix>1 0 0 0 0 1 0 0 0 0 1 0 0 0 0 1</bind_shape_matrix>
                <source id="joints21">
                    <Name_array id="JointArr21" count="14">jointnode-1 jointnode0 jointnode1 jointnode2 jointnode3 jointnode4 jointnode5 jointnode6 jointnode7 jointnode8 jointnode9 jointnode10 jointnode11 jointnode12</Name_array>
                    <technique_common>
                        <accessor source="#JointArr21" count="14">
                            <param name="JOINT" type="Name" />
                        </accessor>
                    </technique_common>
                </source>
                <source id="matrices21">
                    <float_array id="MatArr21" count="224">1 0 0 0 0 1 0 0 0 0 1 0 0 0 0 1 1 0 0 0 0 1 0 0 0 0 1 0 0 0 0 1 1 0 0 0 0 1 0 0 0 0 1 0 0 0 0 1 1 0 0 0 0 1 0 0 0 0 1 0 0 0 0 1 1 0 0 0 0 1 0 0 0 0 1 0 0 0 0 1 1 0 0 0 0 1 0 0 0 0 1 0 0 0 0 1 1 0 0 0 0 1 0 0 0 0 1 0 0 0 0 1 1 0 0 0 0 1 0 0 0 0 1 0 0 0 0 1 1 0 0 0 0 1 0 0 0 0 1 0 0 0 0 1 1 0 0 0 0 1 0 0 0 0 1 0 0 0 0 1 1 0 0 0 0 1 0 0 0 0 1 0 0 0 0 1 1 0 0 0 0 1 0 0 0 0 1 0 0 0 0 1 1 0 0 0 0 1 0 0 0 0 1 0 0 0 0 1 1 0 0 0 0 1 0 0 0 0 1 0 0 0 0 1</float_array>
                    <technique_common>
                        <accessor source="#MatArr21" count="14" stride="16">
                            <param type="float4x4" />
                        </accessor>
                    </technique_common>
                </source>
                <source id="weights21">
                    <float_array id="WeightArr21" count="1">1</float_array>
                    <technique_common>
                        <accessor source="#WeightArr21" count="1">
                            <param type="float" />
                        </accessor>
                    </technique_common>
                </source>
                <joints>
                    <input semantic="JOINT" source="#joints21" />
                    <input semantic="INV_BIND_MATRIX" source="#matrices21" />
                </joints>
                <vertex_weights count="10">
                    <input semantic="JOINT" offset="0" source="#joints21" />
                    <input semantic="WEIGHT" offset="1" source="#weights21" />
                    <vcount>1 1 1 1 1 1 1 1 1 1</vcount>
                    <v>4 0 4 0 4 0 4 0 4 0 4 0 4 0 4 0 4 0 4 0</v>
                </vertex_weights>
            </skin>
        </controller>
        <controller id="controller21_VC">
            <skin source="#mesh21_VC">
                <bind_shape_matrix>1 0 0 0 0 1 0 0 0 0 1 0 0 0 0 1</bind_shape_matrix>
                <source id="joints21_VC">
                    <Name_array id="JointArr21_VC" count="14">jointnode-1 jointnode0 jointnode1 jointnode2 jointnode3 jointnode4 jointnode5 jointnode6 jointnode7 jointnode8 jointnode9 jointnode10 jointnode11 jointnode12</Name_array>
                    <technique_common>
                        <accessor source="#JointArr21_VC" count="14">
                            <param name="JOINT" type="Name" />
                        </accessor>
                    </technique_common>
                </source>
                <source id="matrices21_VC">
                    <float_array id="MatArr21_VC" count="224">1 0 0 0 0 1 0 0 0 0 1 0 0 0 0 1 1 0 0 0 0 1 0 0 0 0 1 0 0 0 0 1 1 0 0 0 0 1 0 0 0 0 1 0 0 0 0 1 1 0 0 0 0 1 0 0 0 0 1 0 0 0 0 1 1 0 0 0 0 1 0 0 0 0 1 0 0 0 0 1 1 0 0 0 0 1 0 0 0 0 1 0 0 0 0 1 1 0 0 0 0 1 0 0 0 0 1 0 0 0 0 1 1 0 0 0 0 1 0 0 0 0 1 0 0 0 0 1 1 0 0 0 0 1 0 0 0 0 1 0 0 0 0 1 1 0 0 0 0 1 0 0 0 0 1 0 0 0 0 1 1 0 0 0 0 1 0 0 0 0 1 0 0 0 0 1 1 0 0 0 0 1 0 0 0 0 1 0 0 0 0 1 1 0 0 0 0 1 0 0 0 0 1 0 0 0 0 1 1 0 0 0 0 1 0 0 0 0 1 0 0 0 0 1</float_array>
                    <technique_common>
                        <accessor source="#MatArr21_VC" count="14" stride="16">
                            <param type="float4x4" />
                        </accessor>
                    </technique_common>
                </source>
                <source id="weights21_VC">
                    <float_array id="WeightArr21_VC" count="1">1</float_array>
                    <technique_common>
                        <accessor source="#WeightArr21_VC" count="1">
                            <param type="float" />
                        </accessor>
                    </technique_common>
                </source>
                <joints>
                    <input semantic="JOINT" source="#joints21_VC" />
                    <input semantic="INV_BIND_MATRIX" source="#matrices21_VC" />
                </joints>
                <vertex_weights count="10">
                    <input semantic="JOINT" offset="0" source="#joints21_VC" />
                    <input semantic="WEIGHT" offset="1" source="#weights21_VC" />
                    <vcount>1 1 1 1 1 1 1 1 1 1</vcount>
                    <v>4 0 4 0 4 0 4 0 4 0 4 0 4 0 4 0 4 0 4 0</v>
                </vertex_weights>
            </skin>
        </controller>
        <controller id="controller22">
            <skin source="#mesh22">
                <bind_shape_matrix>1 0 0 0 0 1 0 0 0 0 1 0 0 0 0 1</bind_shape_matrix>
                <source id="joints22">
                    <Name_array id="JointArr22" count="14">jointnode-1 jointnode0 jointnode1 jointnode2 jointnode3 jointnode4 jointnode5 jointnode6 jointnode7 jointnode8 jointnode9 jointnode10 jointnode11 jointnode12</Name_array>
                    <technique_common>
                        <accessor source="#JointArr22" count="14">
                            <param name="JOINT" type="Name" />
                        </accessor>
                    </technique_common>
                </source>
                <source id="matrices22">
                    <float_array id="MatArr22" count="224">1 0 0 0 0 1 0 0 0 0 1 0 0 0 0 1 1 0 0 0 0 1 0 0 0 0 1 0 0 0 0 1 1 0 0 0 0 1 0 0 0 0 1 0 0 0 0 1 1 0 0 0 0 1 0 0 0 0 1 0 0 0 0 1 1 0 0 0 0 1 0 0 0 0 1 0 0 0 0 1 1 0 0 0 0 1 0 0 0 0 1 0 0 0 0 1 1 0 0 0 0 1 0 0 0 0 1 0 0 0 0 1 1 0 0 0 0 1 0 0 0 0 1 0 0 0 0 1 1 0 0 0 0 1 0 0 0 0 1 0 0 0 0 1 1 0 0 0 0 1 0 0 0 0 1 0 0 0 0 1 1 0 0 0 0 1 0 0 0 0 1 0 0 0 0 1 1 0 0 0 0 1 0 0 0 0 1 0 0 0 0 1 1 0 0 0 0 1 0 0 0 0 1 0 0 0 0 1 1 0 0 0 0 1 0 0 0 0 1 0 0 0 0 1</float_array>
                    <technique_common>
                        <accessor source="#MatArr22" count="14" stride="16">
                            <param type="float4x4" />
                        </accessor>
                    </technique_common>
                </source>
                <source id="weights22">
                    <float_array id="WeightArr22" count="1">1</float_array>
                    <technique_common>
                        <accessor source="#WeightArr22" count="1">
                            <param type="float" />
                        </accessor>
                    </technique_common>
                </source>
                <joints>
                    <input semantic="JOINT" source="#joints22" />
                    <input semantic="INV_BIND_MATRIX" source="#matrices22" />
                </joints>
                <vertex_weights count="72">
                    <input semantic="JOINT" offset="0" source="#joints22" />
                    <input semantic="WEIGHT" offset="1" source="#weights22" />
                    <vcount>1 1 1 1 1 1 1 1 1 1 1 1 1 1 1 1 1 1 1 1 1 1 1 1 1 1 1 1 1 1 1 1 1 1 1 1 1 1 1 1 1 1 1 1 1 1 1 1 1 1 1 1 1 1 1 1 1 1 1 1 1 1 1 1 1 1 1 1 1 1 1 1</vcount>
                    <v>4 0 4 0 4 0 4 0 4 0 4 0 4 0 4 0 4 0 4 0 4 0 4 0 4 0 4 0 4 0 4 0 4 0 4 0 4 0 4 0 4 0 4 0 4 0 4 0 4 0 4 0 4 0 4 0 4 0 4 0 4 0 4 0 4 0 4 0 4 0 4 0 4 0 4 0 4 0 4 0 4 0 4 0 4 0 4 0 4 0 4 0 4 0 4 0 4 0 4 0 4 0 4 0 4 0 4 0 4 0 4 0 4 0 4 0 4 0 4 0 4 0 4 0 4 0 4 0 4 0 4 0 4 0 4 0 4 0 4 0 4 0 4 0</v>
                </vertex_weights>
            </skin>
        </controller>
        <controller id="controller22_VC">
            <skin source="#mesh22_VC">
                <bind_shape_matrix>1 0 0 0 0 1 0 0 0 0 1 0 0 0 0 1</bind_shape_matrix>
                <source id="joints22_VC">
                    <Name_array id="JointArr22_VC" count="14">jointnode-1 jointnode0 jointnode1 jointnode2 jointnode3 jointnode4 jointnode5 jointnode6 jointnode7 jointnode8 jointnode9 jointnode10 jointnode11 jointnode12</Name_array>
                    <technique_common>
                        <accessor source="#JointArr22_VC" count="14">
                            <param name="JOINT" type="Name" />
                        </accessor>
                    </technique_common>
                </source>
                <source id="matrices22_VC">
                    <float_array id="MatArr22_VC" count="224">1 0 0 0 0 1 0 0 0 0 1 0 0 0 0 1 1 0 0 0 0 1 0 0 0 0 1 0 0 0 0 1 1 0 0 0 0 1 0 0 0 0 1 0 0 0 0 1 1 0 0 0 0 1 0 0 0 0 1 0 0 0 0 1 1 0 0 0 0 1 0 0 0 0 1 0 0 0 0 1 1 0 0 0 0 1 0 0 0 0 1 0 0 0 0 1 1 0 0 0 0 1 0 0 0 0 1 0 0 0 0 1 1 0 0 0 0 1 0 0 0 0 1 0 0 0 0 1 1 0 0 0 0 1 0 0 0 0 1 0 0 0 0 1 1 0 0 0 0 1 0 0 0 0 1 0 0 0 0 1 1 0 0 0 0 1 0 0 0 0 1 0 0 0 0 1 1 0 0 0 0 1 0 0 0 0 1 0 0 0 0 1 1 0 0 0 0 1 0 0 0 0 1 0 0 0 0 1 1 0 0 0 0 1 0 0 0 0 1 0 0 0 0 1</float_array>
                    <technique_common>
                        <accessor source="#MatArr22_VC" count="14" stride="16">
                            <param type="float4x4" />
                        </accessor>
                    </technique_common>
                </source>
                <source id="weights22_VC">
                    <float_array id="WeightArr22_VC" count="1">1</float_array>
                    <technique_common>
                        <accessor source="#WeightArr22_VC" count="1">
                            <param type="float" />
                        </accessor>
                    </technique_common>
                </source>
                <joints>
                    <input semantic="JOINT" source="#joints22_VC" />
                    <input semantic="INV_BIND_MATRIX" source="#matrices22_VC" />
                </joints>
                <vertex_weights count="72">
                    <input semantic="JOINT" offset="0" source="#joints22_VC" />
                    <input semantic="WEIGHT" offset="1" source="#weights22_VC" />
                    <vcount>1 1 1 1 1 1 1 1 1 1 1 1 1 1 1 1 1 1 1 1 1 1 1 1 1 1 1 1 1 1 1 1 1 1 1 1 1 1 1 1 1 1 1 1 1 1 1 1 1 1 1 1 1 1 1 1 1 1 1 1 1 1 1 1 1 1 1 1 1 1 1 1</vcount>
                    <v>4 0 4 0 4 0 4 0 4 0 4 0 4 0 4 0 4 0 4 0 4 0 4 0 4 0 4 0 4 0 4 0 4 0 4 0 4 0 4 0 4 0 4 0 4 0 4 0 4 0 4 0 4 0 4 0 4 0 4 0 4 0 4 0 4 0 4 0 4 0 4 0 4 0 4 0 4 0 4 0 4 0 4 0 4 0 4 0 4 0 4 0 4 0 4 0 4 0 4 0 4 0 4 0 4 0 4 0 4 0 4 0 4 0 4 0 4 0 4 0 4 0 4 0 4 0 4 0 4 0 4 0 4 0 4 0 4 0 4 0 4 0 4 0</v>
                </vertex_weights>
            </skin>
        </controller>
        <controller id="controller23">
            <skin source="#mesh23">
                <bind_shape_matrix>1 0 0 0 0 1 0 0 0 0 1 0 0 0 0 1</bind_shape_matrix>
                <source id="joints23">
                    <Name_array id="JointArr23" count="14">jointnode-1 jointnode0 jointnode1 jointnode2 jointnode3 jointnode4 jointnode5 jointnode6 jointnode7 jointnode8 jointnode9 jointnode10 jointnode11 jointnode12</Name_array>
                    <technique_common>
                        <accessor source="#JointArr23" count="14">
                            <param name="JOINT" type="Name" />
                        </accessor>
                    </technique_common>
                </source>
                <source id="matrices23">
                    <float_array id="MatArr23" count="224">1 0 0 0 0 1 0 0 0 0 1 0 0 0 0 1 1 0 0 0 0 1 0 0 0 0 1 0 0 0 0 1 1 0 0 0 0 1 0 0 0 0 1 0 0 0 0 1 1 0 0 0 0 1 0 0 0 0 1 0 0 0 0 1 1 0 0 0 0 1 0 0 0 0 1 0 0 0 0 1 1 0 0 0 0 1 0 0 0 0 1 0 0 0 0 1 1 0 0 0 0 1 0 0 0 0 1 0 0 0 0 1 1 0 0 0 0 1 0 0 0 0 1 0 0 0 0 1 1 0 0 0 0 1 0 0 0 0 1 0 0 0 0 1 1 0 0 0 0 1 0 0 0 0 1 0 0 0 0 1 1 0 0 0 0 1 0 0 0 0 1 0 0 0 0 1 1 0 0 0 0 1 0 0 0 0 1 0 0 0 0 1 1 0 0 0 0 1 0 0 0 0 1 0 0 0 0 1 1 0 0 0 0 1 0 0 0 0 1 0 0 0 0 1</float_array>
                    <technique_common>
                        <accessor source="#MatArr23" count="14" stride="16">
                            <param type="float4x4" />
                        </accessor>
                    </technique_common>
                </source>
                <source id="weights23">
                    <float_array id="WeightArr23" count="1">1</float_array>
                    <technique_common>
                        <accessor source="#WeightArr23" count="1">
                            <param type="float" />
                        </accessor>
                    </technique_common>
                </source>
                <joints>
                    <input semantic="JOINT" source="#joints23" />
                    <input semantic="INV_BIND_MATRIX" source="#matrices23" />
                </joints>
                <vertex_weights count="8">
                    <input semantic="JOINT" offset="0" source="#joints23" />
                    <input semantic="WEIGHT" offset="1" source="#weights23" />
                    <vcount>1 1 1 1 1 1 1 1</vcount>
                    <v>4 0 4 0 4 0 4 0 4 0 4 0 4 0 4 0</v>
                </vertex_weights>
            </skin>
        </controller>
        <controller id="controller23_VC">
            <skin source="#mesh23_VC">
                <bind_shape_matrix>1 0 0 0 0 1 0 0 0 0 1 0 0 0 0 1</bind_shape_matrix>
                <source id="joints23_VC">
                    <Name_array id="JointArr23_VC" count="14">jointnode-1 jointnode0 jointnode1 jointnode2 jointnode3 jointnode4 jointnode5 jointnode6 jointnode7 jointnode8 jointnode9 jointnode10 jointnode11 jointnode12</Name_array>
                    <technique_common>
                        <accessor source="#JointArr23_VC" count="14">
                            <param name="JOINT" type="Name" />
                        </accessor>
                    </technique_common>
                </source>
                <source id="matrices23_VC">
                    <float_array id="MatArr23_VC" count="224">1 0 0 0 0 1 0 0 0 0 1 0 0 0 0 1 1 0 0 0 0 1 0 0 0 0 1 0 0 0 0 1 1 0 0 0 0 1 0 0 0 0 1 0 0 0 0 1 1 0 0 0 0 1 0 0 0 0 1 0 0 0 0 1 1 0 0 0 0 1 0 0 0 0 1 0 0 0 0 1 1 0 0 0 0 1 0 0 0 0 1 0 0 0 0 1 1 0 0 0 0 1 0 0 0 0 1 0 0 0 0 1 1 0 0 0 0 1 0 0 0 0 1 0 0 0 0 1 1 0 0 0 0 1 0 0 0 0 1 0 0 0 0 1 1 0 0 0 0 1 0 0 0 0 1 0 0 0 0 1 1 0 0 0 0 1 0 0 0 0 1 0 0 0 0 1 1 0 0 0 0 1 0 0 0 0 1 0 0 0 0 1 1 0 0 0 0 1 0 0 0 0 1 0 0 0 0 1 1 0 0 0 0 1 0 0 0 0 1 0 0 0 0 1</float_array>
                    <technique_common>
                        <accessor source="#MatArr23_VC" count="14" stride="16">
                            <param type="float4x4" />
                        </accessor>
                    </technique_common>
                </source>
                <source id="weights23_VC">
                    <float_array id="WeightArr23_VC" count="1">1</float_array>
                    <technique_common>
                        <accessor source="#WeightArr23_VC" count="1">
                            <param type="float" />
                        </accessor>
                    </technique_common>
                </source>
                <joints>
                    <input semantic="JOINT" source="#joints23_VC" />
                    <input semantic="INV_BIND_MATRIX" source="#matrices23_VC" />
                </joints>
                <vertex_weights count="8">
                    <input semantic="JOINT" offset="0" source="#joints23_VC" />
                    <input semantic="WEIGHT" offset="1" source="#weights23_VC" />
                    <vcount>1 1 1 1 1 1 1 1</vcount>
                    <v>4 0 4 0 4 0 4 0 4 0 4 0 4 0 4 0</v>
                </vertex_weights>
            </skin>
        </controller>
        <controller id="controller24">
            <skin source="#mesh24">
                <bind_shape_matrix>1 0 0 0 0 1 0 0 0 0 1 0 0 0 0 1</bind_shape_matrix>
                <source id="joints24">
                    <Name_array id="JointArr24" count="14">jointnode-1 jointnode0 jointnode1 jointnode2 jointnode3 jointnode4 jointnode5 jointnode6 jointnode7 jointnode8 jointnode9 jointnode10 jointnode11 jointnode12</Name_array>
                    <technique_common>
                        <accessor source="#JointArr24" count="14">
                            <param name="JOINT" type="Name" />
                        </accessor>
                    </technique_common>
                </source>
                <source id="matrices24">
                    <float_array id="MatArr24" count="224">1 0 0 0 0 1 0 0 0 0 1 0 0 0 0 1 1 0 0 0 0 1 0 0 0 0 1 0 0 0 0 1 1 0 0 0 0 1 0 0 0 0 1 0 0 0 0 1 1 0 0 0 0 1 0 0 0 0 1 0 0 0 0 1 1 0 0 0 0 1 0 0 0 0 1 0 0 0 0 1 1 0 0 0 0 1 0 0 0 0 1 0 0 0 0 1 1 0 0 0 0 1 0 0 0 0 1 0 0 0 0 1 1 0 0 0 0 1 0 0 0 0 1 0 0 0 0 1 1 0 0 0 0 1 0 0 0 0 1 0 0 0 0 1 1 0 0 0 0 1 0 0 0 0 1 0 0 0 0 1 1 0 0 0 0 1 0 0 0 0 1 0 0 0 0 1 1 0 0 0 0 1 0 0 0 0 1 0 0 0 0 1 1 0 0 0 0 1 0 0 0 0 1 0 0 0 0 1 1 0 0 0 0 1 0 0 0 0 1 0 0 0 0 1</float_array>
                    <technique_common>
                        <accessor source="#MatArr24" count="14" stride="16">
                            <param type="float4x4" />
                        </accessor>
                    </technique_common>
                </source>
                <source id="weights24">
                    <float_array id="WeightArr24" count="1">1</float_array>
                    <technique_common>
                        <accessor source="#WeightArr24" count="1">
                            <param type="float" />
                        </accessor>
                    </technique_common>
                </source>
                <joints>
                    <input semantic="JOINT" source="#joints24" />
                    <input semantic="INV_BIND_MATRIX" source="#matrices24" />
                </joints>
                <vertex_weights count="4">
                    <input semantic="JOINT" offset="0" source="#joints24" />
                    <input semantic="WEIGHT" offset="1" source="#weights24" />
                    <vcount>1 1 1 1</vcount>
                    <v>3 0 3 0 3 0 3 0</v>
                </vertex_weights>
            </skin>
        </controller>
        <controller id="controller24_VC">
            <skin source="#mesh24_VC">
                <bind_shape_matrix>1 0 0 0 0 1 0 0 0 0 1 0 0 0 0 1</bind_shape_matrix>
                <source id="joints24_VC">
                    <Name_array id="JointArr24_VC" count="14">jointnode-1 jointnode0 jointnode1 jointnode2 jointnode3 jointnode4 jointnode5 jointnode6 jointnode7 jointnode8 jointnode9 jointnode10 jointnode11 jointnode12</Name_array>
                    <technique_common>
                        <accessor source="#JointArr24_VC" count="14">
                            <param name="JOINT" type="Name" />
                        </accessor>
                    </technique_common>
                </source>
                <source id="matrices24_VC">
                    <float_array id="MatArr24_VC" count="224">1 0 0 0 0 1 0 0 0 0 1 0 0 0 0 1 1 0 0 0 0 1 0 0 0 0 1 0 0 0 0 1 1 0 0 0 0 1 0 0 0 0 1 0 0 0 0 1 1 0 0 0 0 1 0 0 0 0 1 0 0 0 0 1 1 0 0 0 0 1 0 0 0 0 1 0 0 0 0 1 1 0 0 0 0 1 0 0 0 0 1 0 0 0 0 1 1 0 0 0 0 1 0 0 0 0 1 0 0 0 0 1 1 0 0 0 0 1 0 0 0 0 1 0 0 0 0 1 1 0 0 0 0 1 0 0 0 0 1 0 0 0 0 1 1 0 0 0 0 1 0 0 0 0 1 0 0 0 0 1 1 0 0 0 0 1 0 0 0 0 1 0 0 0 0 1 1 0 0 0 0 1 0 0 0 0 1 0 0 0 0 1 1 0 0 0 0 1 0 0 0 0 1 0 0 0 0 1 1 0 0 0 0 1 0 0 0 0 1 0 0 0 0 1</float_array>
                    <technique_common>
                        <accessor source="#MatArr24_VC" count="14" stride="16">
                            <param type="float4x4" />
                        </accessor>
                    </technique_common>
                </source>
                <source id="weights24_VC">
                    <float_array id="WeightArr24_VC" count="1">1</float_array>
                    <technique_common>
                        <accessor source="#WeightArr24_VC" count="1">
                            <param type="float" />
                        </accessor>
                    </technique_common>
                </source>
                <joints>
                    <input semantic="JOINT" source="#joints24_VC" />
                    <input semantic="INV_BIND_MATRIX" source="#matrices24_VC" />
                </joints>
                <vertex_weights count="4">
                    <input semantic="JOINT" offset="0" source="#joints24_VC" />
                    <input semantic="WEIGHT" offset="1" source="#weights24_VC" />
                    <vcount>1 1 1 1</vcount>
                    <v>3 0 3 0 3 0 3 0</v>
                </vertex_weights>
            </skin>
        </controller>
        <controller id="controller25">
            <skin source="#mesh25">
                <bind_shape_matrix>1 0 0 0 0 1 0 0 0 0 1 0 0 0 0 1</bind_shape_matrix>
                <source id="joints25">
                    <Name_array id="JointArr25" count="14">jointnode-1 jointnode0 jointnode1 jointnode2 jointnode3 jointnode4 jointnode5 jointnode6 jointnode7 jointnode8 jointnode9 jointnode10 jointnode11 jointnode12</Name_array>
                    <technique_common>
                        <accessor source="#JointArr25" count="14">
                            <param name="JOINT" type="Name" />
                        </accessor>
                    </technique_common>
                </source>
                <source id="matrices25">
                    <float_array id="MatArr25" count="224">1 0 0 0 0 1 0 0 0 0 1 0 0 0 0 1 1 0 0 0 0 1 0 0 0 0 1 0 0 0 0 1 1 0 0 0 0 1 0 0 0 0 1 0 0 0 0 1 1 0 0 0 0 1 0 0 0 0 1 0 0 0 0 1 1 0 0 0 0 1 0 0 0 0 1 0 0 0 0 1 1 0 0 0 0 1 0 0 0 0 1 0 0 0 0 1 1 0 0 0 0 1 0 0 0 0 1 0 0 0 0 1 1 0 0 0 0 1 0 0 0 0 1 0 0 0 0 1 1 0 0 0 0 1 0 0 0 0 1 0 0 0 0 1 1 0 0 0 0 1 0 0 0 0 1 0 0 0 0 1 1 0 0 0 0 1 0 0 0 0 1 0 0 0 0 1 1 0 0 0 0 1 0 0 0 0 1 0 0 0 0 1 1 0 0 0 0 1 0 0 0 0 1 0 0 0 0 1 1 0 0 0 0 1 0 0 0 0 1 0 0 0 0 1</float_array>
                    <technique_common>
                        <accessor source="#MatArr25" count="14" stride="16">
                            <param type="float4x4" />
                        </accessor>
                    </technique_common>
                </source>
                <source id="weights25">
                    <float_array id="WeightArr25" count="1">1</float_array>
                    <technique_common>
                        <accessor source="#WeightArr25" count="1">
                            <param type="float" />
                        </accessor>
                    </technique_common>
                </source>
                <joints>
                    <input semantic="JOINT" source="#joints25" />
                    <input semantic="INV_BIND_MATRIX" source="#matrices25" />
                </joints>
                <vertex_weights count="87">
                    <input semantic="JOINT" offset="0" source="#joints25" />
                    <input semantic="WEIGHT" offset="1" source="#weights25" />
                    <vcount>1 1 1 1 1 1 1 1 1 1 1 1 1 1 1 1 1 1 1 1 1 1 1 1 1 1 1 1 1 1 1 1 1 1 1 1 1 1 1 1 1 1 1 1 1 1 1 1 1 1 1 1 1 1 1 1 1 1 1 1 1 1 1 1 1 1 1 1 1 1 1 1 1 1 1 1 1 1 1 1 1 1 1 1 1 1 1</vcount>
                    <v>3 0 3 0 3 0 3 0 3 0 3 0 3 0 3 0 3 0 3 0 3 0 3 0 3 0 3 0 3 0 3 0 3 0 3 0 3 0 3 0 3 0 3 0 3 0 3 0 3 0 3 0 3 0 3 0 3 0 3 0 3 0 3 0 3 0 3 0 3 0 3 0 3 0 3 0 3 0 3 0 3 0 3 0 3 0 3 0 3 0 3 0 3 0 3 0 3 0 3 0 3 0 3 0 3 0 3 0 3 0 3 0 3 0 3 0 3 0 3 0 3 0 3 0 3 0 3 0 3 0 3 0 3 0 3 0 3 0 3 0 3 0 3 0 3 0 3 0 3 0 3 0 3 0 3 0 3 0 3 0 3 0 3 0 3 0 3 0 3 0 3 0 3 0</v>
                </vertex_weights>
            </skin>
        </controller>
        <controller id="controller25_VC">
            <skin source="#mesh25_VC">
                <bind_shape_matrix>1 0 0 0 0 1 0 0 0 0 1 0 0 0 0 1</bind_shape_matrix>
                <source id="joints25_VC">
                    <Name_array id="JointArr25_VC" count="14">jointnode-1 jointnode0 jointnode1 jointnode2 jointnode3 jointnode4 jointnode5 jointnode6 jointnode7 jointnode8 jointnode9 jointnode10 jointnode11 jointnode12</Name_array>
                    <technique_common>
                        <accessor source="#JointArr25_VC" count="14">
                            <param name="JOINT" type="Name" />
                        </accessor>
                    </technique_common>
                </source>
                <source id="matrices25_VC">
                    <float_array id="MatArr25_VC" count="224">1 0 0 0 0 1 0 0 0 0 1 0 0 0 0 1 1 0 0 0 0 1 0 0 0 0 1 0 0 0 0 1 1 0 0 0 0 1 0 0 0 0 1 0 0 0 0 1 1 0 0 0 0 1 0 0 0 0 1 0 0 0 0 1 1 0 0 0 0 1 0 0 0 0 1 0 0 0 0 1 1 0 0 0 0 1 0 0 0 0 1 0 0 0 0 1 1 0 0 0 0 1 0 0 0 0 1 0 0 0 0 1 1 0 0 0 0 1 0 0 0 0 1 0 0 0 0 1 1 0 0 0 0 1 0 0 0 0 1 0 0 0 0 1 1 0 0 0 0 1 0 0 0 0 1 0 0 0 0 1 1 0 0 0 0 1 0 0 0 0 1 0 0 0 0 1 1 0 0 0 0 1 0 0 0 0 1 0 0 0 0 1 1 0 0 0 0 1 0 0 0 0 1 0 0 0 0 1 1 0 0 0 0 1 0 0 0 0 1 0 0 0 0 1</float_array>
                    <technique_common>
                        <accessor source="#MatArr25_VC" count="14" stride="16">
                            <param type="float4x4" />
                        </accessor>
                    </technique_common>
                </source>
                <source id="weights25_VC">
                    <float_array id="WeightArr25_VC" count="1">1</float_array>
                    <technique_common>
                        <accessor source="#WeightArr25_VC" count="1">
                            <param type="float" />
                        </accessor>
                    </technique_common>
                </source>
                <joints>
                    <input semantic="JOINT" source="#joints25_VC" />
                    <input semantic="INV_BIND_MATRIX" source="#matrices25_VC" />
                </joints>
                <vertex_weights count="87">
                    <input semantic="JOINT" offset="0" source="#joints25_VC" />
                    <input semantic="WEIGHT" offset="1" source="#weights25_VC" />
                    <vcount>1 1 1 1 1 1 1 1 1 1 1 1 1 1 1 1 1 1 1 1 1 1 1 1 1 1 1 1 1 1 1 1 1 1 1 1 1 1 1 1 1 1 1 1 1 1 1 1 1 1 1 1 1 1 1 1 1 1 1 1 1 1 1 1 1 1 1 1 1 1 1 1 1 1 1 1 1 1 1 1 1 1 1 1 1 1 1</vcount>
                    <v>3 0 3 0 3 0 3 0 3 0 3 0 3 0 3 0 3 0 3 0 3 0 3 0 3 0 3 0 3 0 3 0 3 0 3 0 3 0 3 0 3 0 3 0 3 0 3 0 3 0 3 0 3 0 3 0 3 0 3 0 3 0 3 0 3 0 3 0 3 0 3 0 3 0 3 0 3 0 3 0 3 0 3 0 3 0 3 0 3 0 3 0 3 0 3 0 3 0 3 0 3 0 3 0 3 0 3 0 3 0 3 0 3 0 3 0 3 0 3 0 3 0 3 0 3 0 3 0 3 0 3 0 3 0 3 0 3 0 3 0 3 0 3 0 3 0 3 0 3 0 3 0 3 0 3 0 3 0 3 0 3 0 3 0 3 0 3 0 3 0 3 0 3 0</v>
                </vertex_weights>
            </skin>
        </controller>
        <controller id="controller26">
            <skin source="#mesh26">
                <bind_shape_matrix>1 0 0 0 0 1 0 0 0 0 1 0 0 0 0 1</bind_shape_matrix>
                <source id="joints26">
                    <Name_array id="JointArr26" count="14">jointnode-1 jointnode0 jointnode1 jointnode2 jointnode3 jointnode4 jointnode5 jointnode6 jointnode7 jointnode8 jointnode9 jointnode10 jointnode11 jointnode12</Name_array>
                    <technique_common>
                        <accessor source="#JointArr26" count="14">
                            <param name="JOINT" type="Name" />
                        </accessor>
                    </technique_common>
                </source>
                <source id="matrices26">
                    <float_array id="MatArr26" count="224">1 0 0 0 0 1 0 0 0 0 1 0 0 0 0 1 1 0 0 0 0 1 0 0 0 0 1 0 0 0 0 1 1 0 0 0 0 1 0 0 0 0 1 0 0 0 0 1 1 0 0 0 0 1 0 0 0 0 1 0 0 0 0 1 1 0 0 0 0 1 0 0 0 0 1 0 0 0 0 1 1 0 0 0 0 1 0 0 0 0 1 0 0 0 0 1 1 0 0 0 0 1 0 0 0 0 1 0 0 0 0 1 1 0 0 0 0 1 0 0 0 0 1 0 0 0 0 1 1 0 0 0 0 1 0 0 0 0 1 0 0 0 0 1 1 0 0 0 0 1 0 0 0 0 1 0 0 0 0 1 1 0 0 0 0 1 0 0 0 0 1 0 0 0 0 1 1 0 0 0 0 1 0 0 0 0 1 0 0 0 0 1 1 0 0 0 0 1 0 0 0 0 1 0 0 0 0 1 1 0 0 0 0 1 0 0 0 0 1 0 0 0 0 1</float_array>
                    <technique_common>
                        <accessor source="#MatArr26" count="14" stride="16">
                            <param type="float4x4" />
                        </accessor>
                    </technique_common>
                </source>
                <source id="weights26">
                    <float_array id="WeightArr26" count="1">1</float_array>
                    <technique_common>
                        <accessor source="#WeightArr26" count="1">
                            <param type="float" />
                        </accessor>
                    </technique_common>
                </source>
                <joints>
                    <input semantic="JOINT" source="#joints26" />
                    <input semantic="INV_BIND_MATRIX" source="#matrices26" />
                </joints>
                <vertex_weights count="12">
                    <input semantic="JOINT" offset="0" source="#joints26" />
                    <input semantic="WEIGHT" offset="1" source="#weights26" />
                    <vcount>1 1 1 1 1 1 1 1 1 1 1 1</vcount>
                    <v>2 0 2 0 2 0 2 0 2 0 2 0 2 0 2 0 2 0 2 0 2 0 2 0</v>
                </vertex_weights>
            </skin>
        </controller>
        <controller id="controller26_VC">
            <skin source="#mesh26_VC">
                <bind_shape_matrix>1 0 0 0 0 1 0 0 0 0 1 0 0 0 0 1</bind_shape_matrix>
                <source id="joints26_VC">
                    <Name_array id="JointArr26_VC" count="14">jointnode-1 jointnode0 jointnode1 jointnode2 jointnode3 jointnode4 jointnode5 jointnode6 jointnode7 jointnode8 jointnode9 jointnode10 jointnode11 jointnode12</Name_array>
                    <technique_common>
                        <accessor source="#JointArr26_VC" count="14">
                            <param name="JOINT" type="Name" />
                        </accessor>
                    </technique_common>
                </source>
                <source id="matrices26_VC">
                    <float_array id="MatArr26_VC" count="224">1 0 0 0 0 1 0 0 0 0 1 0 0 0 0 1 1 0 0 0 0 1 0 0 0 0 1 0 0 0 0 1 1 0 0 0 0 1 0 0 0 0 1 0 0 0 0 1 1 0 0 0 0 1 0 0 0 0 1 0 0 0 0 1 1 0 0 0 0 1 0 0 0 0 1 0 0 0 0 1 1 0 0 0 0 1 0 0 0 0 1 0 0 0 0 1 1 0 0 0 0 1 0 0 0 0 1 0 0 0 0 1 1 0 0 0 0 1 0 0 0 0 1 0 0 0 0 1 1 0 0 0 0 1 0 0 0 0 1 0 0 0 0 1 1 0 0 0 0 1 0 0 0 0 1 0 0 0 0 1 1 0 0 0 0 1 0 0 0 0 1 0 0 0 0 1 1 0 0 0 0 1 0 0 0 0 1 0 0 0 0 1 1 0 0 0 0 1 0 0 0 0 1 0 0 0 0 1 1 0 0 0 0 1 0 0 0 0 1 0 0 0 0 1</float_array>
                    <technique_common>
                        <accessor source="#MatArr26_VC" count="14" stride="16">
                            <param type="float4x4" />
                        </accessor>
                    </technique_common>
                </source>
                <source id="weights26_VC">
                    <float_array id="WeightArr26_VC" count="1">1</float_array>
                    <technique_common>
                        <accessor source="#WeightArr26_VC" count="1">
                            <param type="float" />
                        </accessor>
                    </technique_common>
                </source>
                <joints>
                    <input semantic="JOINT" source="#joints26_VC" />
                    <input semantic="INV_BIND_MATRIX" source="#matrices26_VC" />
                </joints>
                <vertex_weights count="12">
                    <input semantic="JOINT" offset="0" source="#joints26_VC" />
                    <input semantic="WEIGHT" offset="1" source="#weights26_VC" />
                    <vcount>1 1 1 1 1 1 1 1 1 1 1 1</vcount>
                    <v>2 0 2 0 2 0 2 0 2 0 2 0 2 0 2 0 2 0 2 0 2 0 2 0</v>
                </vertex_weights>
            </skin>
        </controller>
        <controller id="controller27">
            <skin source="#mesh27">
                <bind_shape_matrix>1 0 0 0 0 1 0 0 0 0 1 0 0 0 0 1</bind_shape_matrix>
                <source id="joints27">
                    <Name_array id="JointArr27" count="14">jointnode-1 jointnode0 jointnode1 jointnode2 jointnode3 jointnode4 jointnode5 jointnode6 jointnode7 jointnode8 jointnode9 jointnode10 jointnode11 jointnode12</Name_array>
                    <technique_common>
                        <accessor source="#JointArr27" count="14">
                            <param name="JOINT" type="Name" />
                        </accessor>
                    </technique_common>
                </source>
                <source id="matrices27">
                    <float_array id="MatArr27" count="224">1 0 0 0 0 1 0 0 0 0 1 0 0 0 0 1 1 0 0 0 0 1 0 0 0 0 1 0 0 0 0 1 1 0 0 0 0 1 0 0 0 0 1 0 0 0 0 1 1 0 0 0 0 1 0 0 0 0 1 0 0 0 0 1 1 0 0 0 0 1 0 0 0 0 1 0 0 0 0 1 1 0 0 0 0 1 0 0 0 0 1 0 0 0 0 1 1 0 0 0 0 1 0 0 0 0 1 0 0 0 0 1 1 0 0 0 0 1 0 0 0 0 1 0 0 0 0 1 1 0 0 0 0 1 0 0 0 0 1 0 0 0 0 1 1 0 0 0 0 1 0 0 0 0 1 0 0 0 0 1 1 0 0 0 0 1 0 0 0 0 1 0 0 0 0 1 1 0 0 0 0 1 0 0 0 0 1 0 0 0 0 1 1 0 0 0 0 1 0 0 0 0 1 0 0 0 0 1 1 0 0 0 0 1 0 0 0 0 1 0 0 0 0 1</float_array>
                    <technique_common>
                        <accessor source="#MatArr27" count="14" stride="16">
                            <param type="float4x4" />
                        </accessor>
                    </technique_common>
                </source>
                <source id="weights27">
                    <float_array id="WeightArr27" count="1">1</float_array>
                    <technique_common>
                        <accessor source="#WeightArr27" count="1">
                            <param type="float" />
                        </accessor>
                    </technique_common>
                </source>
                <joints>
                    <input semantic="JOINT" source="#joints27" />
                    <input semantic="INV_BIND_MATRIX" source="#matrices27" />
                </joints>
                <vertex_weights count="52">
                    <input semantic="JOINT" offset="0" source="#joints27" />
                    <input semantic="WEIGHT" offset="1" source="#weights27" />
                    <vcount>1 1 1 1 1 1 1 1 1 1 1 1 1 1 1 1 1 1 1 1 1 1 1 1 1 1 1 1 1 1 1 1 1 1 1 1 1 1 1 1 1 1 1 1 1 1 1 1 1 1 1 1</vcount>
                    <v>2 0 2 0 2 0 2 0 2 0 2 0 2 0 2 0 2 0 2 0 2 0 2 0 2 0 2 0 2 0 2 0 2 0 2 0 2 0 2 0 2 0 2 0 2 0 2 0 2 0 2 0 2 0 2 0 2 0 2 0 2 0 2 0 2 0 2 0 2 0 2 0 2 0 2 0 2 0 2 0 2 0 2 0 2 0 2 0 2 0 2 0 2 0 2 0 2 0 2 0 2 0 2 0</v>
                </vertex_weights>
            </skin>
        </controller>
        <controller id="controller27_VC">
            <skin source="#mesh27_VC">
                <bind_shape_matrix>1 0 0 0 0 1 0 0 0 0 1 0 0 0 0 1</bind_shape_matrix>
                <source id="joints27_VC">
                    <Name_array id="JointArr27_VC" count="14">jointnode-1 jointnode0 jointnode1 jointnode2 jointnode3 jointnode4 jointnode5 jointnode6 jointnode7 jointnode8 jointnode9 jointnode10 jointnode11 jointnode12</Name_array>
                    <technique_common>
                        <accessor source="#JointArr27_VC" count="14">
                            <param name="JOINT" type="Name" />
                        </accessor>
                    </technique_common>
                </source>
                <source id="matrices27_VC">
                    <float_array id="MatArr27_VC" count="224">1 0 0 0 0 1 0 0 0 0 1 0 0 0 0 1 1 0 0 0 0 1 0 0 0 0 1 0 0 0 0 1 1 0 0 0 0 1 0 0 0 0 1 0 0 0 0 1 1 0 0 0 0 1 0 0 0 0 1 0 0 0 0 1 1 0 0 0 0 1 0 0 0 0 1 0 0 0 0 1 1 0 0 0 0 1 0 0 0 0 1 0 0 0 0 1 1 0 0 0 0 1 0 0 0 0 1 0 0 0 0 1 1 0 0 0 0 1 0 0 0 0 1 0 0 0 0 1 1 0 0 0 0 1 0 0 0 0 1 0 0 0 0 1 1 0 0 0 0 1 0 0 0 0 1 0 0 0 0 1 1 0 0 0 0 1 0 0 0 0 1 0 0 0 0 1 1 0 0 0 0 1 0 0 0 0 1 0 0 0 0 1 1 0 0 0 0 1 0 0 0 0 1 0 0 0 0 1 1 0 0 0 0 1 0 0 0 0 1 0 0 0 0 1</float_array>
                    <technique_common>
                        <accessor source="#MatArr27_VC" count="14" stride="16">
                            <param type="float4x4" />
                        </accessor>
                    </technique_common>
                </source>
                <source id="weights27_VC">
                    <float_array id="WeightArr27_VC" count="1">1</float_array>
                    <technique_common>
                        <accessor source="#WeightArr27_VC" count="1">
                            <param type="float" />
                        </accessor>
                    </technique_common>
                </source>
                <joints>
                    <input semantic="JOINT" source="#joints27_VC" />
                    <input semantic="INV_BIND_MATRIX" source="#matrices27_VC" />
                </joints>
                <vertex_weights count="52">
                    <input semantic="JOINT" offset="0" source="#joints27_VC" />
                    <input semantic="WEIGHT" offset="1" source="#weights27_VC" />
                    <vcount>1 1 1 1 1 1 1 1 1 1 1 1 1 1 1 1 1 1 1 1 1 1 1 1 1 1 1 1 1 1 1 1 1 1 1 1 1 1 1 1 1 1 1 1 1 1 1 1 1 1 1 1</vcount>
                    <v>2 0 2 0 2 0 2 0 2 0 2 0 2 0 2 0 2 0 2 0 2 0 2 0 2 0 2 0 2 0 2 0 2 0 2 0 2 0 2 0 2 0 2 0 2 0 2 0 2 0 2 0 2 0 2 0 2 0 2 0 2 0 2 0 2 0 2 0 2 0 2 0 2 0 2 0 2 0 2 0 2 0 2 0 2 0 2 0 2 0 2 0 2 0 2 0 2 0 2 0 2 0 2 0</v>
                </vertex_weights>
            </skin>
        </controller>
        <controller id="controller28">
            <skin source="#mesh28">
                <bind_shape_matrix>1 0 0 0 0 1 0 0 0 0 1 0 0 0 0 1</bind_shape_matrix>
                <source id="joints28">
                    <Name_array id="JointArr28" count="14">jointnode-1 jointnode0 jointnode1 jointnode2 jointnode3 jointnode4 jointnode5 jointnode6 jointnode7 jointnode8 jointnode9 jointnode10 jointnode11 jointnode12</Name_array>
                    <technique_common>
                        <accessor source="#JointArr28" count="14">
                            <param name="JOINT" type="Name" />
                        </accessor>
                    </technique_common>
                </source>
                <source id="matrices28">
                    <float_array id="MatArr28" count="224">1 0 0 0 0 1 0 0 0 0 1 0 0 0 0 1 1 0 0 0 0 1 0 0 0 0 1 0 0 0 0 1 1 0 0 0 0 1 0 0 0 0 1 0 0 0 0 1 1 0 0 0 0 1 0 0 0 0 1 0 0 0 0 1 1 0 0 0 0 1 0 0 0 0 1 0 0 0 0 1 1 0 0 0 0 1 0 0 0 0 1 0 0 0 0 1 1 0 0 0 0 1 0 0 0 0 1 0 0 0 0 1 1 0 0 0 0 1 0 0 0 0 1 0 0 0 0 1 1 0 0 0 0 1 0 0 0 0 1 0 0 0 0 1 1 0 0 0 0 1 0 0 0 0 1 0 0 0 0 1 1 0 0 0 0 1 0 0 0 0 1 0 0 0 0 1 1 0 0 0 0 1 0 0 0 0 1 0 0 0 0 1 1 0 0 0 0 1 0 0 0 0 1 0 0 0 0 1 1 0 0 0 0 1 0 0 0 0 1 0 0 0 0 1</float_array>
                    <technique_common>
                        <accessor source="#MatArr28" count="14" stride="16">
                            <param type="float4x4" />
                        </accessor>
                    </technique_common>
                </source>
                <source id="weights28">
                    <float_array id="WeightArr28" count="1">1</float_array>
                    <technique_common>
                        <accessor source="#WeightArr28" count="1">
                            <param type="float" />
                        </accessor>
                    </technique_common>
                </source>
                <joints>
                    <input semantic="JOINT" source="#joints28" />
                    <input semantic="INV_BIND_MATRIX" source="#matrices28" />
                </joints>
                <vertex_weights count="8">
                    <input semantic="JOINT" offset="0" source="#joints28" />
                    <input semantic="WEIGHT" offset="1" source="#weights28" />
                    <vcount>1 1 1 1 1 1 1 1</vcount>
                    <v>2 0 2 0 2 0 2 0 2 0 2 0 2 0 2 0</v>
                </vertex_weights>
            </skin>
        </controller>
        <controller id="controller28_VC">
            <skin source="#mesh28_VC">
                <bind_shape_matrix>1 0 0 0 0 1 0 0 0 0 1 0 0 0 0 1</bind_shape_matrix>
                <source id="joints28_VC">
                    <Name_array id="JointArr28_VC" count="14">jointnode-1 jointnode0 jointnode1 jointnode2 jointnode3 jointnode4 jointnode5 jointnode6 jointnode7 jointnode8 jointnode9 jointnode10 jointnode11 jointnode12</Name_array>
                    <technique_common>
                        <accessor source="#JointArr28_VC" count="14">
                            <param name="JOINT" type="Name" />
                        </accessor>
                    </technique_common>
                </source>
                <source id="matrices28_VC">
                    <float_array id="MatArr28_VC" count="224">1 0 0 0 0 1 0 0 0 0 1 0 0 0 0 1 1 0 0 0 0 1 0 0 0 0 1 0 0 0 0 1 1 0 0 0 0 1 0 0 0 0 1 0 0 0 0 1 1 0 0 0 0 1 0 0 0 0 1 0 0 0 0 1 1 0 0 0 0 1 0 0 0 0 1 0 0 0 0 1 1 0 0 0 0 1 0 0 0 0 1 0 0 0 0 1 1 0 0 0 0 1 0 0 0 0 1 0 0 0 0 1 1 0 0 0 0 1 0 0 0 0 1 0 0 0 0 1 1 0 0 0 0 1 0 0 0 0 1 0 0 0 0 1 1 0 0 0 0 1 0 0 0 0 1 0 0 0 0 1 1 0 0 0 0 1 0 0 0 0 1 0 0 0 0 1 1 0 0 0 0 1 0 0 0 0 1 0 0 0 0 1 1 0 0 0 0 1 0 0 0 0 1 0 0 0 0 1 1 0 0 0 0 1 0 0 0 0 1 0 0 0 0 1</float_array>
                    <technique_common>
                        <accessor source="#MatArr28_VC" count="14" stride="16">
                            <param type="float4x4" />
                        </accessor>
                    </technique_common>
                </source>
                <source id="weights28_VC">
                    <float_array id="WeightArr28_VC" count="1">1</float_array>
                    <technique_common>
                        <accessor source="#WeightArr28_VC" count="1">
                            <param type="float" />
                        </accessor>
                    </technique_common>
                </source>
                <joints>
                    <input semantic="JOINT" source="#joints28_VC" />
                    <input semantic="INV_BIND_MATRIX" source="#matrices28_VC" />
                </joints>
                <vertex_weights count="8">
                    <input semantic="JOINT" offset="0" source="#joints28_VC" />
                    <input semantic="WEIGHT" offset="1" source="#weights28_VC" />
                    <vcount>1 1 1 1 1 1 1 1</vcount>
                    <v>2 0 2 0 2 0 2 0 2 0 2 0 2 0 2 0</v>
                </vertex_weights>
            </skin>
        </controller>
    </library_controllers>
    <library_visual_scenes>
        <visual_scene id="VisualSceneNode">
            <node id="node0" name="m0" type="NODE">
                <instance_controller url="#controller0">
                    <skeleton>#jointnode-1</skeleton>
                    <bind_material>
                        <technique_common>
                            <instance_material symbol="Material1" target="#mat0">
                                <bind_vertex_input semantic="UVSET0" input_semantic="TEXCOORD" input_set="0"></bind_vertex_input>
                            </instance_material>
                        </technique_common>
                    </bind_material>
                </instance_controller>
            </node>
            <node id="node0_VC" name="m0_VC" type="NODE">
                <instance_controller url="#controller0_VC">
                    <skeleton>#jointnode-1</skeleton>
                    <bind_material>
                        <technique_common>
                            <instance_material symbol="Material1" target="#mat_vc">
                                <bind_vertex_input semantic="UVSET0" input_semantic="TEXCOORD" input_set="0"></bind_vertex_input>
                            </instance_material>
                        </technique_common>
                    </bind_material>
                </instance_controller>
            </node>
            <node id="node1" name="m1" type="NODE">
                <instance_controller url="#controller1">
                    <skeleton>#jointnode-1</skeleton>
                    <bind_material>
                        <technique_common>
                            <instance_material symbol="Material1" target="#mat27">
                                <bind_vertex_input semantic="UVSET0" input_semantic="TEXCOORD" input_set="0"></bind_vertex_input>
                            </instance_material>
                        </technique_common>
                    </bind_material>
                </instance_controller>
            </node>
            <node id="node1_VC" name="m1_VC" type="NODE">
                <instance_controller url="#controller1_VC">
                    <skeleton>#jointnode-1</skeleton>
                    <bind_material>
                        <technique_common>
                            <instance_material symbol="Material1" target="#mat_vc">
                                <bind_vertex_input semantic="UVSET0" input_semantic="TEXCOORD" input_set="0"></bind_vertex_input>
                            </instance_material>
                        </technique_common>
                    </bind_material>
                </instance_controller>
            </node>
            <node id="node2" name="m2" type="NODE">
                <instance_controller url="#controller2">
                    <skeleton>#jointnode-1</skeleton>
                    <bind_material>
                        <technique_common>
                            <instance_material symbol="Material1" target="#mat28">
                                <bind_vertex_input semantic="UVSET0" input_semantic="TEXCOORD" input_set="0"></bind_vertex_input>
                            </instance_material>
                        </technique_common>
                    </bind_material>
                </instance_controller>
            </node>
            <node id="node2_VC" name="m2_VC" type="NODE">
                <instance_controller url="#controller2_VC">
                    <skeleton>#jointnode-1</skeleton>
                    <bind_material>
                        <technique_common>
                            <instance_material symbol="Material1" target="#mat_vc">
                                <bind_vertex_input semantic="UVSET0" input_semantic="TEXCOORD" input_set="0"></bind_vertex_input>
                            </instance_material>
                        </technique_common>
                    </bind_material>
                </instance_controller>
            </node>
            <node id="node3" name="m3" type="NODE">
                <instance_controller url="#controller3">
                    <skeleton>#jointnode-1</skeleton>
                    <bind_material>
                        <technique_common>
                            <instance_material symbol="Material1" target="#mat26">
                                <bind_vertex_input semantic="UVSET0" input_semantic="TEXCOORD" input_set="0"></bind_vertex_input>
                            </instance_material>
                        </technique_common>
                    </bind_material>
                </instance_controller>
            </node>
            <node id="node3_VC" name="m3_VC" type="NODE">
                <instance_controller url="#controller3_VC">
                    <skeleton>#jointnode-1</skeleton>
                    <bind_material>
                        <technique_common>
                            <instance_material symbol="Material1" target="#mat_vc">
                                <bind_vertex_input semantic="UVSET0" input_semantic="TEXCOORD" input_set="0"></bind_vertex_input>
                            </instance_material>
                        </technique_common>
                    </bind_material>
                </instance_controller>
            </node>
            <node id="node4" name="m4" type="NODE">
                <instance_controller url="#controller4">
                    <skeleton>#jointnode-1</skeleton>
                    <bind_material>
                        <technique_common>
                            <instance_material symbol="Material1" target="#mat24">
                                <bind_vertex_input semantic="UVSET0" input_semantic="TEXCOORD" input_set="0"></bind_vertex_input>
                            </instance_material>
                        </technique_common>
                    </bind_material>
                </instance_controller>
            </node>
            <node id="node4_VC" name="m4_VC" type="NODE">
                <instance_controller url="#controller4_VC">
                    <skeleton>#jointnode-1</skeleton>
                    <bind_material>
                        <technique_common>
                            <instance_material symbol="Material1" target="#mat_vc">
                                <bind_vertex_input semantic="UVSET0" input_semantic="TEXCOORD" input_set="0"></bind_vertex_input>
                            </instance_material>
                        </technique_common>
                    </bind_material>
                </instance_controller>
            </node>
            <node id="node5" name="m5" type="NODE">
                <instance_controller url="#controller5">
                    <skeleton>#jointnode-1</skeleton>
                    <bind_material>
                        <technique_common>
                            <instance_material symbol="Material1" target="#mat25">
                                <bind_vertex_input semantic="UVSET0" input_semantic="TEXCOORD" input_set="0"></bind_vertex_input>
                            </instance_material>
                        </technique_common>
                    </bind_material>
                </instance_controller>
            </node>
            <node id="node5_VC" name="m5_VC" type="NODE">
                <instance_controller url="#controller5_VC">
                    <skeleton>#jointnode-1</skeleton>
                    <bind_material>
                        <technique_common>
                            <instance_material symbol="Material1" target="#mat_vc">
                                <bind_vertex_input semantic="UVSET0" input_semantic="TEXCOORD" input_set="0"></bind_vertex_input>
                            </instance_material>
                        </technique_common>
                    </bind_material>
                </instance_controller>
            </node>
            <node id="node6" name="m6" type="NODE">
                <instance_controller url="#controller6">
                    <skeleton>#jointnode-1</skeleton>
                    <bind_material>
                        <technique_common>
                            <instance_material symbol="Material1" target="#mat22">
                                <bind_vertex_input semantic="UVSET0" input_semantic="TEXCOORD" input_set="0"></bind_vertex_input>
                            </instance_material>
                        </technique_common>
                    </bind_material>
                </instance_controller>
            </node>
            <node id="node6_VC" name="m6_VC" type="NODE">
                <instance_controller url="#controller6_VC">
                    <skeleton>#jointnode-1</skeleton>
                    <bind_material>
                        <technique_common>
                            <instance_material symbol="Material1" target="#mat_vc">
                                <bind_vertex_input semantic="UVSET0" input_semantic="TEXCOORD" input_set="0"></bind_vertex_input>
                            </instance_material>
                        </technique_common>
                    </bind_material>
                </instance_controller>
            </node>
            <node id="node7" name="m7" type="NODE">
                <instance_controller url="#controller7">
                    <skeleton>#jointnode-1</skeleton>
                    <bind_material>
                        <technique_common>
                            <instance_material symbol="Material1" target="#mat23">
                                <bind_vertex_input semantic="UVSET0" input_semantic="TEXCOORD" input_set="0"></bind_vertex_input>
                            </instance_material>
                        </technique_common>
                    </bind_material>
                </instance_controller>
            </node>
            <node id="node7_VC" name="m7_VC" type="NODE">
                <instance_controller url="#controller7_VC">
                    <skeleton>#jointnode-1</skeleton>
                    <bind_material>
                        <technique_common>
                            <instance_material symbol="Material1" target="#mat_vc">
                                <bind_vertex_input semantic="UVSET0" input_semantic="TEXCOORD" input_set="0"></bind_vertex_input>
                            </instance_material>
                        </technique_common>
                    </bind_material>
                </instance_controller>
            </node>
            <node id="node8" name="m8" type="NODE">
                <instance_controller url="#controller8">
                    <skeleton>#jointnode-1</skeleton>
                    <bind_material>
                        <technique_common>
                            <instance_material symbol="Material1" target="#mat21">
                                <bind_vertex_input semantic="UVSET0" input_semantic="TEXCOORD" input_set="0"></bind_vertex_input>
                            </instance_material>
                        </technique_common>
                    </bind_material>
                </instance_controller>
            </node>
            <node id="node8_VC" name="m8_VC" type="NODE">
                <instance_controller url="#controller8_VC">
                    <skeleton>#jointnode-1</skeleton>
                    <bind_material>
                        <technique_common>
                            <instance_material symbol="Material1" target="#mat_vc">
                                <bind_vertex_input semantic="UVSET0" input_semantic="TEXCOORD" input_set="0"></bind_vertex_input>
                            </instance_material>
                        </technique_common>
                    </bind_material>
                </instance_controller>
            </node>
            <node id="node9" name="m9" type="NODE">
                <instance_controller url="#controller9">
                    <skeleton>#jointnode-1</skeleton>
                    <bind_material>
                        <technique_common>
                            <instance_material symbol="Material1" target="#mat19">
                                <bind_vertex_input semantic="UVSET0" input_semantic="TEXCOORD" input_set="0"></bind_vertex_input>
                            </instance_material>
                        </technique_common>
                    </bind_material>
                </instance_controller>
            </node>
            <node id="node9_VC" name="m9_VC" type="NODE">
                <instance_controller url="#controller9_VC">
                    <skeleton>#jointnode-1</skeleton>
                    <bind_material>
                        <technique_common>
                            <instance_material symbol="Material1" target="#mat_vc">
                                <bind_vertex_input semantic="UVSET0" input_semantic="TEXCOORD" input_set="0"></bind_vertex_input>
                            </instance_material>
                        </technique_common>
                    </bind_material>
                </instance_controller>
            </node>
            <node id="node10" name="m10" type="NODE">
                <instance_controller url="#controller10">
                    <skeleton>#jointnode-1</skeleton>
                    <bind_material>
                        <technique_common>
                            <instance_material symbol="Material1" target="#mat20">
                                <bind_vertex_input semantic="UVSET0" input_semantic="TEXCOORD" input_set="0"></bind_vertex_input>
                            </instance_material>
                        </technique_common>
                    </bind_material>
                </instance_controller>
            </node>
            <node id="node10_VC" name="m10_VC" type="NODE">
                <instance_controller url="#controller10_VC">
                    <skeleton>#jointnode-1</skeleton>
                    <bind_material>
                        <technique_common>
                            <instance_material symbol="Material1" target="#mat_vc">
                                <bind_vertex_input semantic="UVSET0" input_semantic="TEXCOORD" input_set="0"></bind_vertex_input>
                            </instance_material>
                        </technique_common>
                    </bind_material>
                </instance_controller>
            </node>
            <node id="node11" name="m11" type="NODE">
                <instance_controller url="#controller11">
                    <skeleton>#jointnode-1</skeleton>
                    <bind_material>
                        <technique_common>
                            <instance_material symbol="Material1" target="#mat17">
                                <bind_vertex_input semantic="UVSET0" input_semantic="TEXCOORD" input_set="0"></bind_vertex_input>
                            </instance_material>
                        </technique_common>
                    </bind_material>
                </instance_controller>
            </node>
            <node id="node11_VC" name="m11_VC" type="NODE">
                <instance_controller url="#controller11_VC">
                    <skeleton>#jointnode-1</skeleton>
                    <bind_material>
                        <technique_common>
                            <instance_material symbol="Material1" target="#mat_vc">
                                <bind_vertex_input semantic="UVSET0" input_semantic="TEXCOORD" input_set="0"></bind_vertex_input>
                            </instance_material>
                        </technique_common>
                    </bind_material>
                </instance_controller>
            </node>
            <node id="node12" name="m12" type="NODE">
                <instance_controller url="#controller12">
                    <skeleton>#jointnode-1</skeleton>
                    <bind_material>
                        <technique_common>
                            <instance_material symbol="Material1" target="#mat18">
                                <bind_vertex_input semantic="UVSET0" input_semantic="TEXCOORD" input_set="0"></bind_vertex_input>
                            </instance_material>
                        </technique_common>
                    </bind_material>
                </instance_controller>
            </node>
            <node id="node12_VC" name="m12_VC" type="NODE">
                <instance_controller url="#controller12_VC">
                    <skeleton>#jointnode-1</skeleton>
                    <bind_material>
                        <technique_common>
                            <instance_material symbol="Material1" target="#mat_vc">
                                <bind_vertex_input semantic="UVSET0" input_semantic="TEXCOORD" input_set="0"></bind_vertex_input>
                            </instance_material>
                        </technique_common>
                    </bind_material>
                </instance_controller>
            </node>
            <node id="node13" name="m13" type="NODE">
                <instance_controller url="#controller13">
                    <skeleton>#jointnode-1</skeleton>
                    <bind_material>
                        <technique_common>
                            <instance_material symbol="Material1" target="#mat16">
                                <bind_vertex_input semantic="UVSET0" input_semantic="TEXCOORD" input_set="0"></bind_vertex_input>
                            </instance_material>
                        </technique_common>
                    </bind_material>
                </instance_controller>
            </node>
            <node id="node13_VC" name="m13_VC" type="NODE">
                <instance_controller url="#controller13_VC">
                    <skeleton>#jointnode-1</skeleton>
                    <bind_material>
                        <technique_common>
                            <instance_material symbol="Material1" target="#mat_vc">
                                <bind_vertex_input semantic="UVSET0" input_semantic="TEXCOORD" input_set="0"></bind_vertex_input>
                            </instance_material>
                        </technique_common>
                    </bind_material>
                </instance_controller>
            </node>
            <node id="node14" name="m14" type="NODE">
                <instance_controller url="#controller14">
                    <skeleton>#jointnode-1</skeleton>
                    <bind_material>
                        <technique_common>
                            <instance_material symbol="Material1" target="#mat14">
                                <bind_vertex_input semantic="UVSET0" input_semantic="TEXCOORD" input_set="0"></bind_vertex_input>
                            </instance_material>
                        </technique_common>
                    </bind_material>
                </instance_controller>
            </node>
            <node id="node14_VC" name="m14_VC" type="NODE">
                <instance_controller url="#controller14_VC">
                    <skeleton>#jointnode-1</skeleton>
                    <bind_material>
                        <technique_common>
                            <instance_material symbol="Material1" target="#mat_vc">
                                <bind_vertex_input semantic="UVSET0" input_semantic="TEXCOORD" input_set="0"></bind_vertex_input>
                            </instance_material>
                        </technique_common>
                    </bind_material>
                </instance_controller>
            </node>
            <node id="node15" name="m15" type="NODE">
                <instance_controller url="#controller15">
                    <skeleton>#jointnode-1</skeleton>
                    <bind_material>
                        <technique_common>
                            <instance_material symbol="Material1" target="#mat15">
                                <bind_vertex_input semantic="UVSET0" input_semantic="TEXCOORD" input_set="0"></bind_vertex_input>
                            </instance_material>
                        </technique_common>
                    </bind_material>
                </instance_controller>
            </node>
            <node id="node15_VC" name="m15_VC" type="NODE">
                <instance_controller url="#controller15_VC">
                    <skeleton>#jointnode-1</skeleton>
                    <bind_material>
                        <technique_common>
                            <instance_material symbol="Material1" target="#mat_vc">
                                <bind_vertex_input semantic="UVSET0" input_semantic="TEXCOORD" input_set="0"></bind_vertex_input>
                            </instance_material>
                        </technique_common>
                    </bind_material>
                </instance_controller>
            </node>
            <node id="node16" name="m16" type="NODE">
                <instance_controller url="#controller16">
                    <skeleton>#jointnode-1</skeleton>
                    <bind_material>
                        <technique_common>
                            <instance_material symbol="Material1" target="#mat12">
                                <bind_vertex_input semantic="UVSET0" input_semantic="TEXCOORD" input_set="0"></bind_vertex_input>
                            </instance_material>
                        </technique_common>
                    </bind_material>
                </instance_controller>
            </node>
            <node id="node16_VC" name="m16_VC" type="NODE">
                <instance_controller url="#controller16_VC">
                    <skeleton>#jointnode-1</skeleton>
                    <bind_material>
                        <technique_common>
                            <instance_material symbol="Material1" target="#mat_vc">
                                <bind_vertex_input semantic="UVSET0" input_semantic="TEXCOORD" input_set="0"></bind_vertex_input>
                            </instance_material>
                        </technique_common>
                    </bind_material>
                </instance_controller>
            </node>
            <node id="node17" name="m17" type="NODE">
                <instance_controller url="#controller17">
                    <skeleton>#jointnode-1</skeleton>
                    <bind_material>
                        <technique_common>
                            <instance_material symbol="Material1" target="#mat13">
                                <bind_vertex_input semantic="UVSET0" input_semantic="TEXCOORD" input_set="0"></bind_vertex_input>
                            </instance_material>
                        </technique_common>
                    </bind_material>
                </instance_controller>
            </node>
            <node id="node17_VC" name="m17_VC" type="NODE">
                <instance_controller url="#controller17_VC">
                    <skeleton>#jointnode-1</skeleton>
                    <bind_material>
                        <technique_common>
                            <instance_material symbol="Material1" target="#mat_vc">
                                <bind_vertex_input semantic="UVSET0" input_semantic="TEXCOORD" input_set="0"></bind_vertex_input>
                            </instance_material>
                        </technique_common>
                    </bind_material>
                </instance_controller>
            </node>
            <node id="node18" name="m18" type="NODE">
                <instance_controller url="#controller18">
                    <skeleton>#jointnode-1</skeleton>
                    <bind_material>
                        <technique_common>
                            <instance_material symbol="Material1" target="#mat11">
                                <bind_vertex_input semantic="UVSET0" input_semantic="TEXCOORD" input_set="0"></bind_vertex_input>
                            </instance_material>
                        </technique_common>
                    </bind_material>
                </instance_controller>
            </node>
            <node id="node18_VC" name="m18_VC" type="NODE">
                <instance_controller url="#controller18_VC">
                    <skeleton>#jointnode-1</skeleton>
                    <bind_material>
                        <technique_common>
                            <instance_material symbol="Material1" target="#mat_vc">
                                <bind_vertex_input semantic="UVSET0" input_semantic="TEXCOORD" input_set="0"></bind_vertex_input>
                            </instance_material>
                        </technique_common>
                    </bind_material>
                </instance_controller>
            </node>
            <node id="node19" name="m19" type="NODE">
                <instance_controller url="#controller19">
                    <skeleton>#jointnode-1</skeleton>
                    <bind_material>
                        <technique_common>
                            <instance_material symbol="Material1" target="#mat9">
                                <bind_vertex_input semantic="UVSET0" input_semantic="TEXCOORD" input_set="0"></bind_vertex_input>
                            </instance_material>
                        </technique_common>
                    </bind_material>
                </instance_controller>
            </node>
            <node id="node19_VC" name="m19_VC" type="NODE">
                <instance_controller url="#controller19_VC">
                    <skeleton>#jointnode-1</skeleton>
                    <bind_material>
                        <technique_common>
                            <instance_material symbol="Material1" target="#mat_vc">
                                <bind_vertex_input semantic="UVSET0" input_semantic="TEXCOORD" input_set="0"></bind_vertex_input>
                            </instance_material>
                        </technique_common>
                    </bind_material>
                </instance_controller>
            </node>
            <node id="node20" name="m20" type="NODE">
                <instance_controller url="#controller20">
                    <skeleton>#jointnode-1</skeleton>
                    <bind_material>
                        <technique_common>
                            <instance_material symbol="Material1" target="#mat10">
                                <bind_vertex_input semantic="UVSET0" input_semantic="TEXCOORD" input_set="0"></bind_vertex_input>
                            </instance_material>
                        </technique_common>
                    </bind_material>
                </instance_controller>
            </node>
            <node id="node20_VC" name="m20_VC" type="NODE">
                <instance_controller url="#controller20_VC">
                    <skeleton>#jointnode-1</skeleton>
                    <bind_material>
                        <technique_common>
                            <instance_material symbol="Material1" target="#mat_vc">
                                <bind_vertex_input semantic="UVSET0" input_semantic="TEXCOORD" input_set="0"></bind_vertex_input>
                            </instance_material>
                        </technique_common>
                    </bind_material>
                </instance_controller>
            </node>
            <node id="node21" name="m21" type="NODE">
                <instance_controller url="#controller21">
                    <skeleton>#jointnode-1</skeleton>
                    <bind_material>
                        <technique_common>
                            <instance_material symbol="Material1" target="#mat7">
                                <bind_vertex_input semantic="UVSET0" input_semantic="TEXCOORD" input_set="0"></bind_vertex_input>
                            </instance_material>
                        </technique_common>
                    </bind_material>
                </instance_controller>
            </node>
            <node id="node21_VC" name="m21_VC" type="NODE">
                <instance_controller url="#controller21_VC">
                    <skeleton>#jointnode-1</skeleton>
                    <bind_material>
                        <technique_common>
                            <instance_material symbol="Material1" target="#mat_vc">
                                <bind_vertex_input semantic="UVSET0" input_semantic="TEXCOORD" input_set="0"></bind_vertex_input>
                            </instance_material>
                        </technique_common>
                    </bind_material>
                </instance_controller>
            </node>
            <node id="node22" name="m22" type="NODE">
                <instance_controller url="#controller22">
                    <skeleton>#jointnode-1</skeleton>
                    <bind_material>
                        <technique_common>
                            <instance_material symbol="Material1" target="#mat8">
                                <bind_vertex_input semantic="UVSET0" input_semantic="TEXCOORD" input_set="0"></bind_vertex_input>
                            </instance_material>
                        </technique_common>
                    </bind_material>
                </instance_controller>
            </node>
            <node id="node22_VC" name="m22_VC" type="NODE">
                <instance_controller url="#controller22_VC">
                    <skeleton>#jointnode-1</skeleton>
                    <bind_material>
                        <technique_common>
                            <instance_material symbol="Material1" target="#mat_vc">
                                <bind_vertex_input semantic="UVSET0" input_semantic="TEXCOORD" input_set="0"></bind_vertex_input>
                            </instance_material>
                        </technique_common>
                    </bind_material>
                </instance_controller>
            </node>
            <node id="node23" name="m23" type="NODE">
                <instance_controller url="#controller23">
                    <skeleton>#jointnode-1</skeleton>
                    <bind_material>
                        <technique_common>
                            <instance_material symbol="Material1" target="#mat6">
                                <bind_vertex_input semantic="UVSET0" input_semantic="TEXCOORD" input_set="0"></bind_vertex_input>
                            </instance_material>
                        </technique_common>
                    </bind_material>
                </instance_controller>
            </node>
            <node id="node23_VC" name="m23_VC" type="NODE">
                <instance_controller url="#controller23_VC">
                    <skeleton>#jointnode-1</skeleton>
                    <bind_material>
                        <technique_common>
                            <instance_material symbol="Material1" target="#mat_vc">
                                <bind_vertex_input semantic="UVSET0" input_semantic="TEXCOORD" input_set="0"></bind_vertex_input>
                            </instance_material>
                        </technique_common>
                    </bind_material>
                </instance_controller>
            </node>
            <node id="node24" name="m24" type="NODE">
                <instance_controller url="#controller24">
                    <skeleton>#jointnode-1</skeleton>
                    <bind_material>
                        <technique_common>
                            <instance_material symbol="Material1" target="#mat2">
                                <bind_vertex_input semantic="UVSET0" input_semantic="TEXCOORD" input_set="0"></bind_vertex_input>
                            </instance_material>
                        </technique_common>
                    </bind_material>
                </instance_controller>
            </node>
            <node id="node24_VC" name="m24_VC" type="NODE">
                <instance_controller url="#controller24_VC">
                    <skeleton>#jointnode-1</skeleton>
                    <bind_material>
                        <technique_common>
                            <instance_material symbol="Material1" target="#mat_vc">
                                <bind_vertex_input semantic="UVSET0" input_semantic="TEXCOORD" input_set="0"></bind_vertex_input>
                            </instance_material>
                        </technique_common>
                    </bind_material>
                </instance_controller>
            </node>
            <node id="node25" name="m25" type="NODE">
                <instance_controller url="#controller25">
                    <skeleton>#jointnode-1</skeleton>
                    <bind_material>
                        <technique_common>
                            <instance_material symbol="Material1" target="#mat5">
                                <bind_vertex_input semantic="UVSET0" input_semantic="TEXCOORD" input_set="0"></bind_vertex_input>
                            </instance_material>
                        </technique_common>
                    </bind_material>
                </instance_controller>
            </node>
            <node id="node25_VC" name="m25_VC" type="NODE">
                <instance_controller url="#controller25_VC">
                    <skeleton>#jointnode-1</skeleton>
                    <bind_material>
                        <technique_common>
                            <instance_material symbol="Material1" target="#mat_vc">
                                <bind_vertex_input semantic="UVSET0" input_semantic="TEXCOORD" input_set="0"></bind_vertex_input>
                            </instance_material>
                        </technique_common>
                    </bind_material>
                </instance_controller>
            </node>
            <node id="node26" name="m26" type="NODE">
                <instance_controller url="#controller26">
                    <skeleton>#jointnode-1</skeleton>
                    <bind_material>
                        <technique_common>
                            <instance_material symbol="Material1" target="#mat3">
                                <bind_vertex_input semantic="UVSET0" input_semantic="TEXCOORD" input_set="0"></bind_vertex_input>
                            </instance_material>
                        </technique_common>
                    </bind_material>
                </instance_controller>
            </node>
            <node id="node26_VC" name="m26_VC" type="NODE">
                <instance_controller url="#controller26_VC">
                    <skeleton>#jointnode-1</skeleton>
                    <bind_material>
                        <technique_common>
                            <instance_material symbol="Material1" target="#mat_vc">
                                <bind_vertex_input semantic="UVSET0" input_semantic="TEXCOORD" input_set="0"></bind_vertex_input>
                            </instance_material>
                        </technique_common>
                    </bind_material>
                </instance_controller>
            </node>
            <node id="node27" name="m27" type="NODE">
                <instance_controller url="#controller27">
                    <skeleton>#jointnode-1</skeleton>
                    <bind_material>
                        <technique_common>
                            <instance_material symbol="Material1" target="#mat4">
                                <bind_vertex_input semantic="UVSET0" input_semantic="TEXCOORD" input_set="0"></bind_vertex_input>
                            </instance_material>
                        </technique_common>
                    </bind_material>
                </instance_controller>
            </node>
            <node id="node27_VC" name="m27_VC" type="NODE">
                <instance_controller url="#controller27_VC">
                    <skeleton>#jointnode-1</skeleton>
                    <bind_material>
                        <technique_common>
                            <instance_material symbol="Material1" target="#mat_vc">
                                <bind_vertex_input semantic="UVSET0" input_semantic="TEXCOORD" input_set="0"></bind_vertex_input>
                            </instance_material>
                        </technique_common>
                    </bind_material>
                </instance_controller>
            </node>
            <node id="node28" name="m28" type="NODE">
                <instance_controller url="#controller28">
                    <skeleton>#jointnode-1</skeleton>
                    <bind_material>
                        <technique_common>
                            <instance_material symbol="Material1" target="#mat1">
                                <bind_vertex_input semantic="UVSET0" input_semantic="TEXCOORD" input_set="0"></bind_vertex_input>
                            </instance_material>
                        </technique_common>
                    </bind_material>
                </instance_controller>
            </node>
            <node id="node28_VC" name="m28_VC" type="NODE">
                <instance_controller url="#controller28_VC">
                    <skeleton>#jointnode-1</skeleton>
                    <bind_material>
                        <technique_common>
                            <instance_material symbol="Material1" target="#mat_vc">
                                <bind_vertex_input semantic="UVSET0" input_semantic="TEXCOORD" input_set="0"></bind_vertex_input>
                            </instance_material>
                        </technique_common>
                    </bind_material>
                </instance_controller>
            </node>
            <node id="jointnode-1" name="root" sid="jointnode-1" type="JOINT">
                <node id="jointnode0" name="brg_sample" sid="jointnode0" type="JOINT">
                    <node id="jointnode1" name="room11" sid="jointnode1" type="JOINT">
                    </node>
                    <node id="jointnode2" name="room10" sid="jointnode2" type="JOINT">
                    </node>
                    <node id="jointnode3" name="room09" sid="jointnode3" type="JOINT">
                    </node>
                    <node id="jointnode4" name="room08" sid="jointnode4" type="JOINT">
                    </node>
                    <node id="jointnode5" name="room07" sid="jointnode5" type="JOINT">
                    </node>
                    <node id="jointnode6" name="room06" sid="jointnode6" type="JOINT">
                    </node>
                    <node id="jointnode7" name="room05" sid="jointnode7" type="JOINT">
                    </node>
                    <node id="jointnode8" name="room04" sid="jointnode8" type="JOINT">
                    </node>
                    <node id="jointnode9" name="room03" sid="jointnode9" type="JOINT">
                    </node>
                    <node id="jointnode10" name="room02" sid="jointnode10" type="JOINT">
                    </node>
                    <node id="jointnode11" name="room01" sid="jointnode11" type="JOINT">
                    </node>
                    <node id="jointnode12" name="room00" sid="jointnode12" type="JOINT">
                    </node>
                </node>
            </node>
        </visual_scene>
    </library_visual_scenes>
    <scene>
        <instance_visual_scene url="#VisualSceneNode"></instance_visual_scene>
    </scene>
</COLLADA>
