<?xml version="1.0"?>
<COLLADA xmlns="http://www.collada.org/2005/11/COLLADASchema" version="1.4.1">
    <asset>
        <contributor>
            <authoring_tool>J3D Ripoff Exporter</authoring_tool>
        </contributor>
        <created>2025-05-18T04:28:12.099Z</created>
        <modified>2025-05-18T04:28:12.099Z</modified>
		<unit meter="0.01" name="centimeter" ></unit>
        <up_axis>Y_UP</up_axis>
    </asset>
    <library_images>
        <image id="tex0">
            <init_from>taba_kiten_yoko.png</init_from>
        </image>
        <image id="tex1">
            <init_from>bo.png</init_from>
        </image>
        <image id="tex2">
            <init_from>taba.png</init_from>
        </image>
    </library_images>
    <library_effects>
        <effect id="effect0">
            <profile_COMMON>
                <newparam sid="surface0">
                    <surface type="2D">
                        <init_from>tex0</init_from>
                    </surface>
                </newparam>
                <newparam sid="sampler0">
                    <sampler2D>
                        <source>surface0</source>
                    </sampler2D>
                </newparam>
                <technique sid="COMMON">
                    <blinn>
                        <diffuse>
                            <texture texture="sampler0" texcoord="UVSET0"></texture>
                        </diffuse>
                    </blinn>
                </technique>
            </profile_COMMON>
        </effect>
        <effect id="effect1">
            <profile_COMMON>
                <technique sid="COMMON">
                    <blinn>
                        <diffuse>
                            <color>1 1 1 1</color>
                        </diffuse>
                    </blinn>
                </technique>
            </profile_COMMON>
        </effect>
        <effect id="effect2">
            <profile_COMMON>
                <newparam sid="surface2">
                    <surface type="2D">
                        <init_from>tex2</init_from>
                    </surface>
                </newparam>
                <newparam sid="sampler2">
                    <sampler2D>
                        <source>surface2</source>
                    </sampler2D>
                </newparam>
                <technique sid="COMMON">
                    <blinn>
                        <diffuse>
                            <texture texture="sampler2" texcoord="UVSET0"></texture>
                        </diffuse>
                    </blinn>
                </technique>
            </profile_COMMON>
        </effect>
        <effect id="effect3">
            <profile_COMMON>
                <newparam sid="surface3">
                    <surface type="2D">
                        <init_from>tex1</init_from>
                    </surface>
                </newparam>
                <newparam sid="sampler3">
                    <sampler2D>
                        <source>surface3</source>
                    </sampler2D>
                </newparam>
                <technique sid="COMMON">
                    <blinn>
                        <diffuse>
                            <texture texture="sampler3" texcoord="UVSET0"></texture>
                        </diffuse>
                    </blinn>
                </technique>
            </profile_COMMON>
        </effect>
        <effect id="effect4">
            <profile_COMMON>
                <newparam sid="surface4">
                    <surface type="2D">
                        <init_from>tex0</init_from>
                    </surface>
                </newparam>
                <newparam sid="sampler4">
                    <sampler2D>
                        <source>surface4</source>
                    </sampler2D>
                </newparam>
                <technique sid="COMMON">
                    <blinn>
                        <diffuse>
                            <texture texture="sampler4" texcoord="UVSET0"></texture>
                        </diffuse>
                    </blinn>
                </technique>
            </profile_COMMON>
        </effect>
        <effect id="effect5">
            <profile_COMMON>
                <technique sid="COMMON">
                    <blinn>
                        <diffuse>
                            <color>1 1 1 1</color>
                        </diffuse>
                    </blinn>
                </technique>
            </profile_COMMON>
        </effect>
        <effect id="effect6">
            <profile_COMMON>
                <technique sid="COMMON">
                    <blinn>
                        <diffuse>
                            <color>1 1 1 1</color>
                        </diffuse>
                    </blinn>
                </technique>
            </profile_COMMON>
        </effect>
        <effect id="effect7">
            <profile_COMMON>
                <newparam sid="surface7">
                    <surface type="2D">
                        <init_from>tex2</init_from>
                    </surface>
                </newparam>
                <newparam sid="sampler7">
                    <sampler2D>
                        <source>surface7</source>
                    </sampler2D>
                </newparam>
                <technique sid="COMMON">
                    <blinn>
                        <diffuse>
                            <texture texture="sampler7" texcoord="UVSET0"></texture>
                        </diffuse>
                    </blinn>
                </technique>
            </profile_COMMON>
        </effect>
        <effect id="effect8">
            <profile_COMMON>
                <newparam sid="surface8">
                    <surface type="2D">
                        <init_from>tex1</init_from>
                    </surface>
                </newparam>
                <newparam sid="sampler8">
                    <sampler2D>
                        <source>surface8</source>
                    </sampler2D>
                </newparam>
                <technique sid="COMMON">
                    <blinn>
                        <diffuse>
                            <texture texture="sampler8" texcoord="UVSET0"></texture>
                        </diffuse>
                    </blinn>
                </technique>
            </profile_COMMON>
        </effect>
        <effect id="effect9">
            <profile_COMMON>
                <newparam sid="surface9">
                    <surface type="2D">
                        <init_from>tex0</init_from>
                    </surface>
                </newparam>
                <newparam sid="sampler9">
                    <sampler2D>
                        <source>surface9</source>
                    </sampler2D>
                </newparam>
                <technique sid="COMMON">
                    <blinn>
                        <diffuse>
                            <texture texture="sampler9" texcoord="UVSET0"></texture>
                        </diffuse>
                    </blinn>
                </technique>
            </profile_COMMON>
        </effect>
        <effect id="effect10">
            <profile_COMMON>
                <technique sid="COMMON">
                    <blinn>
                        <diffuse>
                            <color>1 1 1 1</color>
                        </diffuse>
                    </blinn>
                </technique>
            </profile_COMMON>
        </effect>
        <effect id="effect11">
            <profile_COMMON>
                <technique sid="COMMON">
                    <blinn>
                        <diffuse>
                            <color>1 1 1 1</color>
                        </diffuse>
                    </blinn>
                </technique>
            </profile_COMMON>
        </effect>
        <effect id="effect12">
            <profile_COMMON>
                <newparam sid="surface12">
                    <surface type="2D">
                        <init_from>tex2</init_from>
                    </surface>
                </newparam>
                <newparam sid="sampler12">
                    <sampler2D>
                        <source>surface12</source>
                    </sampler2D>
                </newparam>
                <technique sid="COMMON">
                    <blinn>
                        <diffuse>
                            <texture texture="sampler12" texcoord="UVSET0"></texture>
                        </diffuse>
                    </blinn>
                </technique>
            </profile_COMMON>
        </effect>
        <effect id="effect13">
            <profile_COMMON>
                <newparam sid="surface13">
                    <surface type="2D">
                        <init_from>tex1</init_from>
                    </surface>
                </newparam>
                <newparam sid="sampler13">
                    <sampler2D>
                        <source>surface13</source>
                    </sampler2D>
                </newparam>
                <technique sid="COMMON">
                    <blinn>
                        <diffuse>
                            <texture texture="sampler13" texcoord="UVSET0"></texture>
                        </diffuse>
                    </blinn>
                </technique>
            </profile_COMMON>
        </effect>
        <effect id="effect14">
            <profile_COMMON>
                <newparam sid="surface14">
                    <surface type="2D">
                        <init_from>tex0</init_from>
                    </surface>
                </newparam>
                <newparam sid="sampler14">
                    <sampler2D>
                        <source>surface14</source>
                    </sampler2D>
                </newparam>
                <technique sid="COMMON">
                    <blinn>
                        <diffuse>
                            <texture texture="sampler14" texcoord="UVSET0"></texture>
                        </diffuse>
                    </blinn>
                </technique>
            </profile_COMMON>
        </effect>
        <effect id="effect15">
            <profile_COMMON>
                <technique sid="COMMON">
                    <blinn>
                        <diffuse>
                            <color>1 1 1 1</color>
                        </diffuse>
                    </blinn>
                </technique>
            </profile_COMMON>
        </effect>
        <effect id="effect16">
            <profile_COMMON>
                <technique sid="COMMON">
                    <blinn>
                        <diffuse>
                            <color>1 1 1 1</color>
                        </diffuse>
                    </blinn>
                </technique>
            </profile_COMMON>
        </effect>
        <effect id="effect17">
            <profile_COMMON>
                <newparam sid="surface17">
                    <surface type="2D">
                        <init_from>tex2</init_from>
                    </surface>
                </newparam>
                <newparam sid="sampler17">
                    <sampler2D>
                        <source>surface17</source>
                    </sampler2D>
                </newparam>
                <technique sid="COMMON">
                    <blinn>
                        <diffuse>
                            <texture texture="sampler17" texcoord="UVSET0"></texture>
                        </diffuse>
                    </blinn>
                </technique>
            </profile_COMMON>
        </effect>
        <effect id="effect18">
            <profile_COMMON>
                <newparam sid="surface18">
                    <surface type="2D">
                        <init_from>tex1</init_from>
                    </surface>
                </newparam>
                <newparam sid="sampler18">
                    <sampler2D>
                        <source>surface18</source>
                    </sampler2D>
                </newparam>
                <technique sid="COMMON">
                    <blinn>
                        <diffuse>
                            <texture texture="sampler18" texcoord="UVSET0"></texture>
                        </diffuse>
                    </blinn>
                </technique>
            </profile_COMMON>
        </effect>
        <effect id="effect19">
            <profile_COMMON>
                <newparam sid="surface19">
                    <surface type="2D">
                        <init_from>tex0</init_from>
                    </surface>
                </newparam>
                <newparam sid="sampler19">
                    <sampler2D>
                        <source>surface19</source>
                    </sampler2D>
                </newparam>
                <technique sid="COMMON">
                    <blinn>
                        <diffuse>
                            <texture texture="sampler19" texcoord="UVSET0"></texture>
                        </diffuse>
                    </blinn>
                </technique>
            </profile_COMMON>
        </effect>
        <effect id="effect20">
            <profile_COMMON>
                <technique sid="COMMON">
                    <blinn>
                        <diffuse>
                            <color>1 1 1 1</color>
                        </diffuse>
                    </blinn>
                </technique>
            </profile_COMMON>
        </effect>
        <effect id="effect21">
            <profile_COMMON>
                <technique sid="COMMON">
                    <blinn>
                        <diffuse>
                            <color>1 1 1 1</color>
                        </diffuse>
                    </blinn>
                </technique>
            </profile_COMMON>
        </effect>
        <effect id="effect22">
            <profile_COMMON>
                <newparam sid="surface22">
                    <surface type="2D">
                        <init_from>tex2</init_from>
                    </surface>
                </newparam>
                <newparam sid="sampler22">
                    <sampler2D>
                        <source>surface22</source>
                    </sampler2D>
                </newparam>
                <technique sid="COMMON">
                    <blinn>
                        <diffuse>
                            <texture texture="sampler22" texcoord="UVSET0"></texture>
                        </diffuse>
                    </blinn>
                </technique>
            </profile_COMMON>
        </effect>
        <effect id="effect23">
            <profile_COMMON>
                <newparam sid="surface23">
                    <surface type="2D">
                        <init_from>tex1</init_from>
                    </surface>
                </newparam>
                <newparam sid="sampler23">
                    <sampler2D>
                        <source>surface23</source>
                    </sampler2D>
                </newparam>
                <technique sid="COMMON">
                    <blinn>
                        <diffuse>
                            <texture texture="sampler23" texcoord="UVSET0"></texture>
                        </diffuse>
                    </blinn>
                </technique>
            </profile_COMMON>
        </effect>
        <effect id="effect24">
            <profile_COMMON>
                <newparam sid="surface24">
                    <surface type="2D">
                        <init_from>tex0</init_from>
                    </surface>
                </newparam>
                <newparam sid="sampler24">
                    <sampler2D>
                        <source>surface24</source>
                    </sampler2D>
                </newparam>
                <technique sid="COMMON">
                    <blinn>
                        <diffuse>
                            <texture texture="sampler24" texcoord="UVSET0"></texture>
                        </diffuse>
                    </blinn>
                </technique>
            </profile_COMMON>
        </effect>
        <effect id="effect25">
            <profile_COMMON>
                <technique sid="COMMON">
                    <blinn>
                        <diffuse>
                            <color>1 1 1 1</color>
                        </diffuse>
                    </blinn>
                </technique>
            </profile_COMMON>
        </effect>
        <effect id="effect26">
            <profile_COMMON>
                <technique sid="COMMON">
                    <blinn>
                        <diffuse>
                            <color>1 1 1 1</color>
                        </diffuse>
                    </blinn>
                </technique>
            </profile_COMMON>
        </effect>
        <effect id="effect27">
            <profile_COMMON>
                <newparam sid="surface27">
                    <surface type="2D">
                        <init_from>tex2</init_from>
                    </surface>
                </newparam>
                <newparam sid="sampler27">
                    <sampler2D>
                        <source>surface27</source>
                    </sampler2D>
                </newparam>
                <technique sid="COMMON">
                    <blinn>
                        <diffuse>
                            <texture texture="sampler27" texcoord="UVSET0"></texture>
                        </diffuse>
                    </blinn>
                </technique>
            </profile_COMMON>
        </effect>
        <effect id="effect28">
            <profile_COMMON>
                <newparam sid="surface28">
                    <surface type="2D">
                        <init_from>tex1</init_from>
                    </surface>
                </newparam>
                <newparam sid="sampler28">
                    <sampler2D>
                        <source>surface28</source>
                    </sampler2D>
                </newparam>
                <technique sid="COMMON">
                    <blinn>
                        <diffuse>
                            <texture texture="sampler28" texcoord="UVSET0"></texture>
                        </diffuse>
                    </blinn>
                </technique>
            </profile_COMMON>
        </effect>
    </library_effects>
    <library_materials>
        <material id="mat0" name="o129_1_v">
            <instance_effect url="#effect0"></instance_effect>
        </material>
        <material id="mat1" name="o149_v_x">
            <instance_effect url="#effect1"></instance_effect>
        </material>
        <material id="mat2" name="o1_39_v">
            <instance_effect url="#effect2"></instance_effect>
        </material>
        <material id="mat3" name="o47_3_v">
            <instance_effect url="#effect3"></instance_effect>
        </material>
        <material id="mat4" name="o129_1_v(2)">
            <instance_effect url="#effect4"></instance_effect>
        </material>
        <material id="mat5" name="o149_v_x(2)">
            <instance_effect url="#effect5"></instance_effect>
        </material>
        <material id="mat6" name="o149_v_x(3)">
            <instance_effect url="#effect6"></instance_effect>
        </material>
        <material id="mat7" name="o1_39_v(2)">
            <instance_effect url="#effect7"></instance_effect>
        </material>
        <material id="mat8" name="o47_3_v(2)">
            <instance_effect url="#effect8"></instance_effect>
        </material>
        <material id="mat9" name="o129_1_v(3)">
            <instance_effect url="#effect9"></instance_effect>
        </material>
        <material id="mat10" name="o149_v_x(4)">
            <instance_effect url="#effect10"></instance_effect>
        </material>
        <material id="mat11" name="o149_v_x(5)">
            <instance_effect url="#effect11"></instance_effect>
        </material>
        <material id="mat12" name="o1_39_v(3)">
            <instance_effect url="#effect12"></instance_effect>
        </material>
        <material id="mat13" name="o47_3_v(3)">
            <instance_effect url="#effect13"></instance_effect>
        </material>
        <material id="mat14" name="o129_1_v(4)">
            <instance_effect url="#effect14"></instance_effect>
        </material>
        <material id="mat15" name="o149_v_x(6)">
            <instance_effect url="#effect15"></instance_effect>
        </material>
        <material id="mat16" name="o149_v_x(7)">
            <instance_effect url="#effect16"></instance_effect>
        </material>
        <material id="mat17" name="o1_39_v(4)">
            <instance_effect url="#effect17"></instance_effect>
        </material>
        <material id="mat18" name="o47_3_v(4)">
            <instance_effect url="#effect18"></instance_effect>
        </material>
        <material id="mat19" name="o129_1_v(5)">
            <instance_effect url="#effect19"></instance_effect>
        </material>
        <material id="mat20" name="o149_v_x(8)">
            <instance_effect url="#effect20"></instance_effect>
        </material>
        <material id="mat21" name="o149_v_x(9)">
            <instance_effect url="#effect21"></instance_effect>
        </material>
        <material id="mat22" name="o1_39_v(5)">
            <instance_effect url="#effect22"></instance_effect>
        </material>
        <material id="mat23" name="o47_3_v(5)">
            <instance_effect url="#effect23"></instance_effect>
        </material>
        <material id="mat24" name="o129_1_v(6)">
            <instance_effect url="#effect24"></instance_effect>
        </material>
        <material id="mat25" name="o149_v_x(10)">
            <instance_effect url="#effect25"></instance_effect>
        </material>
        <material id="mat26" name="o149_v_x(11)">
            <instance_effect url="#effect26"></instance_effect>
        </material>
        <material id="mat27" name="o1_39_v(6)">
            <instance_effect url="#effect27"></instance_effect>
        </material>
        <material id="mat28" name="o47_3_v(6)">
            <instance_effect url="#effect28"></instance_effect>
        </material>
    </library_materials>
    <library_geometries>
        <geometry id="mesh0">
            <mesh>
                <source id="points0">
                    <float_array id="pointarray0" count="261">54.81333541870117 50.5859260559082 -41.60563278198242 46.570980072021484 43.42948532104492 -34.90979766845703 47.45661926269531 39.36722183227539 -39.315345764160156 33.25484085083008 39.482112884521484 -40.75271987915039 32.621559143066406 34.61777114868164 -40.50745391845703 31.735919952392578 38.68003463745117 -36.101905822753906 44.475341796875 37.455352783203125 -33.876800537109375 46.548309326171875 34.88450241088867 -28.92902946472168 53.548255920410156 37.05497360229492 -28.099559783935547 51.94296646118164 32.43024444580078 -22.297340393066406 58.53208923339844 34.88997268676758 -28.676626205444336 65.28063201904297 36.829524993896484 -22.511465072631836 65.65570068359375 34.30158233642578 -29.01350212097168 65.67283630371094 28.311939239501953 -31.959575653076172 53.4034538269043 25.66390609741211 -31.541282653808594 55.15556335449219 33.95203399658203 -33.70021438598633 51.824222564697266 40.10396957397461 -33.76820373535156 58.590457916259766 51.86863327026367 -38.0153923034668 59.476097106933594 47.806373596191406 -42.42094039916992 -64.84706115722656 31.21506118774414 -34.07426834106445 -62.77302551269531 36.85336685180664 -34.07426834106445 -21.33333396911621 24.512313842773438 -24.94832420349121 -52.46002960205078 34.265968322753906 -33.39506149291992 -21.33333396911621 27.475208282470703 -30.33333396911621 -47.686424255371094 32.720767974853516 -35.49934005737305 -53.40412902832031 32.23404312133789 -38.9023323059082 -56.3298225402832 42.20549392700195 -44.446956634521484 -59.86349868774414 40.96660232543945 -39.54922866821289 65.25 0 -30.63333511352539 65 7.368802070617676 -39.0333366394043 32.83937454223633 0 -38.333335876464844 65 29.475208282470703 -30.33333396911621 25.312694549560547 27.941539764404297 -30.33333396911621 62 33.4752082824707 -16.33333396911621 21.33333396911621 25.475208282470703 -6.533333778381348 62 27.475208282470703 -3.5333340167999268 21.33333396911621 0 -0.33333298563957214 -67.75 0 -8.033333778381348 -68.75 6.368802070617676 1.5666669607162476 -21.33333396911621 0 -0.33333298563957214 -62 25.475208282470703 -3.5333340167999268 -21.33333396911621 25.475208282470703 -6.533333778381348 -62 31.475208282470703 -16.33333396911621 -62 27.475208282470703 -30.33333396911621 -65 6.868802070617676 -39.0333366394043 -58.9897575378418 27.83307456970215 -0.20856299996376038 -16.306325912475586 23.712482452392578 -11.598759651184082 -56.84812545776367 35.235435485839844 0.4735040068626404 -47.613494873046875 32.76035690307617 -1.4702060222625732 -56.448944091796875 29.292373657226562 5.0361328125 -46.37769317626953 27.966642379760742 1.822693943977356 -15.991120338439941 19.5068359375 -7.995941162109375 -15.863158226013184 25.475208282470703 -6.533333778381348 62.39642333984375 40.34981155395508 -5.79240083694458 22.722606658935547 20.290367126464844 -6.919960021972656 59.680660247802734 42.47170639038086 1.1335619688034058 51.07966613769531 38.37242126464844 -0.9643369913101196 58.933753967285156 45.259193420410156 -5.79240083694458 49.6418342590332 40.09075927734375 -6.4716081619262695 22.100187301635742 22.613271713256836 -11.918343544006348 -21.33333396911621 0 -38.333335876464844 67.86836242675781 28.802162170410156 -13.72152042388916 41.23047637939453 18.358789443969727 -13.643534660339355 66.85066986083984 34.62596893310547 -16.226503372192383 38.87428283691406 24.51827049255371 -16.164854049682617 37.279239654541016 27.186519622802734 -22.472434997558594 43.85066604614258 28.695026397705078 -28.975322723388672 67.86836242675781 28.802162170410156 -13.72152042388916 66.85066986083984 34.62596893310547 -16.226503372192383 69.31739807128906 23.74783706665039 -16.89481544494629 65.28063201904297 36.829524993896484 -22.511465072631836 69.31739807128906 21.675800323486328 -23.897768020629883 67.80862426757812 23.210725784301758 -29.69405746459961 -21.33333396911621 22.107465744018555 -29.94670867919922 -62.77302551269531 33.96754837036133 -41.00022888183594 48.141910552978516 29.86958122253418 -32.63125228881836 45.430816650390625 37.36271286010742 -4.367329120635986 51.324867248535156 48.761329650878906 4.580287933349609 50.16067123413086 50.40899658203125 -1.7536369562149048 -55.631744384765625 44.098331451416016 -38.11302947998047 55.05878448486328 48.4792366027832 -0.3174389898777008 68.75 6.868802070617676 1.5666669607162476 -65.25 0 -30.63333511352539 67.75 0 -8.033333778381348 65.65570068359375 34.30158233642578 -29.01350212097168 65.67283630371094 28.311939239501953 -31.959575653076172 67.80862426757812 23.210725784301758 -29.69405746459961</float_array>
                    <technique_common>
                        <accessor count="87" source="#pointarray0" stride="3">
                            <param name="X" type="float"/>
                            <param name="Y" type="float"/>
                            <param name="Z" type="float"/>
                        </accessor>
                    </technique_common>
                </source>
                <source id="uvs0">
                    <float_array id="uvarray0" count="178">0.41150999069213867 0.35095900297164917 0.45961201190948486 0.2995460033416748 0.41495999693870544 0.29853397607803345 0.40303200483322144 0.23921602964401245 0.40835699439048767 0.23224502801895142 0.5063940286636353 0.23224502801895142 0.4803360104560852 0.2867509722709656 0.5976539850234985 0.2887510061264038 0.6485679745674133 0.31339097023010254 0.7596909999847412 0.3003680109977722 0.6453109979629517 0.326462984085083 0.7814379930496216 0.35007399320602417 0.6339899897575378 0.35007399320602417 0.5707989931106567 0.35007399320602417 0.5528889894485474 0.3009589910507202 0.5244560241699219 0.31695497035980225 0.49630001187324524 0.3116750121116638 0.500361979007721 0.3625109791755676 0.40232500433921814 0.3625109791755676 0.4093030095100403 0.6488609910011292 0.41961100697517395 0.6577990055084229 0.6275010108947754 0.6015239953994751 0.5050899982452393 0.6366330087184906 0.602429986000061 0.6458640098571777 0.5420029759407043 0.6745179891586304 0.48040398955345154 0.6988840103149414 0.45521798729896545 0.6889240145683289 0.44479700922966003 0.6615340113639832 0.41496801376342773 0.026574015617370605 0.4133099913597107 0.1452620029449463 0.5983030200004578 0.10556602478027344 0.398048996925354 0.5260420143604279 0.5927129983901978 0.5260420143604279 0.398048996925354 0.7447920143604279 0.5983030200004578 0.8718789964914322 0.3975830078125 0.9507840014994144 0.5967220067977905 1.264820009469986 0.9965800046920776 1.3925420045852661 0.9950000047683716 1.198293998837471 0.8037629723548889 1.273730993270874 0.9981610178947449 0.9665829986333847 0.8053439855575562 0.8741199970245361 1.0060629844665527 0.7240090072154999 0.805429995059967 0.5260420143604279 1.0044829845428467 0.5246089994907379 1.006140947341919 0.1452620029449463 0.6275010108947754 0.6915119886398315 0.41526898741722107 0.7113339900970459 0.8100849986076355 0.10293298959732056 0.9920780062675476 0.35007399320602417 0.9394180178642273 0.25066202878952026 0.9288859963417053 0.35007399320602417 0.876226007938385 0.25066202878952026 0.7287780046463013 0.25066202878952026 0.5926510095596313 0.27427202463150024 0.08353699743747711 1.1730200052261353 0.10698600113391876 1.1559869945049286 0.06033499911427498 1.146468997001648 0.11507999897003174 1.1082990020513535 0.049341000616550446 1.0915160030126572 0.055546000599861145 1.0475150011479855 0.5171939730644226 0.28968697786331177 0.47606098651885986 0.6677590012550354 0.10621500015258789 0.9533619992434978 0.11012200266122818 0.31898701190948486 0.255484014749527 0.8736750036478043 0.271109014749527 0.454925000667572 0.302359014749527 0.673675000667572 0.11402799934148788 0.31898701190948486 0.11012200266122818 0.9533619992434978 0.286734014749527 0.454925000667572 0.271109014749527 0.8736750036478043 0.317984014749527 0.673675000667572 0.05645899847149849 0.450236976146698 0.05645899847149849 0.8033619970083237 0.3944219946861267 1.3539279997348785 0.39916399121284485 1.2191500067710876 1.0029020309448242 0.02051001787185669 0.10219699889421463 1.057032998651266 0.07669500261545181 1.0316580012440681 0.04015500098466873 0.2781509757041931 0.028342999517917633 0.36268502473831177 0.07122699916362762 0.33695197105407715 0.10468599945306778 1.1794500052928925 0.10468599945306778 1.0360529981553555 0.04409800097346306 1.0920870006084442 0.4840579926967621 0.5949810147285461 0.4840579926967621 0.6991139948368073 0.22687800228595734 0.5898459851741791</float_array>
                    <technique_common>
                        <accessor count="89" source="#uvarray0" stride="2">
                            <param name="S" type="float"/>
                            <param name="T" type="float"/>
                        </accessor>
                    </technique_common>
                </source>
                <source id="colors0">
                    <float_array id="colorarray0" count="8">1 1 1 1 0.5019607843137255 0.5019607843137255 0.5019607843137255 1</float_array>
                    <technique_common>
                        <accessor count="2" source="#colorarray0" stride="4">
                            <param name="R" type="float"/>
                            <param name="G" type="float"/>
                            <param name="B" type="float"/>
                            <param name="A" type="float"/>
                        </accessor>
                    </technique_common>
                </source>
                <vertices id="vertices0">
                    <input semantic="POSITION" source="#points0"/>
                </vertices>
                <polylist count="130" material="Material1">
                    <input offset="0" semantic="VERTEX" source="#vertices0"/>
                    <input offset="1" semantic="TEXCOORD" source="#uvs0" set="0"/>
                    <input offset="2" semantic="COLOR" source="#colors0" set="0"/>
                    <vcount>3 3 3 3 3 3 3 3 3 3 3 3 3 3 3 3 3 3 3 3 3 3 3 3 3 3 3 3 3 3 3 3 3 3 3 3 3 3 3 3 3 3 3 3 3 3 3 3 3 3 3 3 3 3 3 3 3 3 3 3 3 3 3 3 3 3 3 3 3 3 3 3 3 3 3 3 3 3 3 3 3 3 3 3 3 3 3 3 3 3 3 3 3 3 3 3 3 3 3 3 3 3 3 3 3 3 3 3 3 3 3 3 3 3 3 3 3 3 3 3 3 3 3 3 3 3 3 3 3 3</vcount>
                    <p>2 2 0 1 1 0 0 0 0 3 3 0 1 1 0 2 2 0 4 4 0 3 3 0 2 2 0 5 5 0 3 3 0 4 4 0 6 6 0 5 5 0 4 4 0 1 1 0 5 5 0 6 6 0 7 7 0 1 1 0 6 6 0 8 8 0 1 1 0 7 7 0 9 9 0 8 8 0 7 7 0 10 10 0 8 8 0 9 9 0 11 11 1 10 10 0 9 9 0 12 12 1 10 10 0 11 11 1 14 14 0 12 12 1 13 13 1 10 10 0 12 12 1 14 14 0 15 15 0 10 10 0 14 14 0 8 8 0 10 10 0 15 15 0 16 16 0 8 8 0 15 15 0 1 1 0 8 8 0 16 16 0 17 17 0 1 1 0 16 16 0 0 0 0 1 1 0 17 17 0 18 18 0 0 0 0 17 17 0 2 2 0 0 0 0 18 18 0 16 16 0 2 2 0 18 18 0 15 15 0 2 2 0 16 16 0 21 21 0 20 20 0 19 19 0 22 22 0 20 20 0 21 21 0 23 23 0 22 22 0 21 21 0 24 24 0 22 22 0 23 23 0 25 25 0 24 24 0 23 23 0 26 26 0 24 24 0 25 25 0 27 27 0 26 26 0 25 25 0 30 30 0 29 29 0 28 28 1 31 31 0 29 29 0 30 30 0 32 32 0 31 31 0 30 30 0 33 33 0 31 31 0 32 32 0 34 34 0 33 33 0 32 32 0 35 35 0 33 33 0 34 34 0 36 36 1 35 35 0 34 34 0 39 39 1 38 38 0 37 37 1 40 40 0 38 38 0 39 39 1 41 41 0 40 40 0 39 39 1 42 42 0 40 40 0 41 41 0 23 43 0 42 42 0 41 41 0 43 44 0 42 42 0 23 43 0 44 45 0 43 44 0 23 43 0 47 47 0 46 46 0 45 19 0 48 25 0 46 46 0 47 47 0 49 20 0 48 25 0 47 47 0 50 22 0 48 25 0 49 20 0 51 21 0 50 22 0 49 20 0 52 23 0 50 22 0 51 21 0 55 47 0 54 46 0 53 19 0 56 25 0 54 46 0 55 47 0 57 20 0 56 25 0 55 47 0 58 22 0 56 25 0 57 20 0 59 21 0 58 22 0 57 20 0 34 23 0 58 22 0 59 21 0 34 34 0 39 39 1 36 36 1 41 41 0 39 39 1 34 34 0 32 32 0 41 41 0 34 34 0 23 43 0 41 41 0 32 32 0 30 30 0 23 43 0 32 32 0 60 48 1 23 43 0 30 30 0 63 51 1 62 50 1 61 49 1 64 52 1 62 50 1 63 51 1 9 9 0 64 52 1 63 51 1 65 53 1 64 52 1 9 9 0 66 54 0 65 53 1 9 9 0 69 57 0 68 56 0 67 55 0 70 58 0 68 56 0 69 57 0 71 59 0 70 58 0 69 57 0 72 60 0 70 58 0 71 59 0 74 47 0 73 46 0 19 19 0 25 25 0 73 46 0 74 47 0 20 20 0 25 25 0 74 47 0 22 22 0 25 25 0 20 20 0 2 2 0 6 6 0 4 4 0 75 61 0 6 6 0 2 2 0 15 15 0 75 61 0 2 2 0 14 14 0 75 61 0 15 15 0 56 25 0 34 23 0 54 46 0 76 24 0 34 23 0 56 25 0 77 26 0 76 24 0 56 25 0 78 62 0 76 24 0 77 26 0 22 22 0 27 27 0 25 25 0 79 62 0 27 27 0 22 22 0 24 24 0 79 62 0 22 22 0 26 26 0 79 62 0 24 24 0 80 27 0 58 22 0 78 62 0 56 25 0 58 22 0 80 27 0 77 26 0 56 25 0 80 27 0 66 54 0 75 61 0 14 14 0 7 7 0 75 61 0 66 54 0 9 9 0 7 7 0 66 54 0 40 65 0 44 64 0 38 63 0 43 66 0 44 64 0 40 65 0 42 67 0 43 66 0 40 65 0 31 70 0 81 69 0 29 68 0 35 71 0 81 69 0 31 70 0 33 72 0 35 71 0 31 70 0 76 24 0 58 22 0 34 23 0 78 62 0 58 22 0 76 24 0 37 74 1 44 64 0 82 73 1 38 63 0 44 64 0 37 74 1 81 76 0 36 36 1 83 75 1 35 35 0 36 36 1 81 76 0 44 45 0 60 48 1 82 77 1 23 43 0 60 48 1 44 45 0 28 73 1 81 69 0 83 74 1 29 68 0 81 69 0 28 73 1 72 60 0 84 78 0 70 58 0 85 79 0 84 78 0 72 60 0 25 25 0 23 23 0 73 46 0 79 82 0 26 81 0 27 80 0 63 51 1 11 11 1 9 9 0 19 85 0 20 84 0 74 83 0 19 88 0 73 87 0 21 86 0 6 6 0 75 61 0 7 7 0 3 3 0 5 5 0 1 1 0 18 18 0 17 17 0 16 16 0 53 19 0 59 21 0 57 20 0 53 88 0 54 87 0 59 86 0 53 85 0 57 84 0 55 83 0 48 24 0 50 22 0 52 23 0 48 25 0 52 23 0 46 46 0 45 19 0 51 21 0 49 20 0 45 88 0 46 87 0 51 86 0 45 85 0 49 84 0 47 83 0 14 10 0 13 11 1 86 12 1 78 82 0 77 81 0 80 80 0</p>
                </polylist>
            </mesh>
        </geometry>
        <geometry id="mesh1">
            <mesh>
                <source id="points1">
                    <float_array id="pointarray1" count="36">75 -2 20.000015258789062 -75 -2 20.000015258789062 75 -10 0 -75 -10 0 75 0 0 65 0 0 75 -10 0 -75 -10 0 -75 0 0 -65 0 0 -65 8 20.000015258789062 65 8 20.000015258789062</float_array>
                    <technique_common>
                        <accessor count="12" source="#pointarray1" stride="3">
                            <param name="X" type="float"/>
                            <param name="Y" type="float"/>
                            <param name="Z" type="float"/>
                        </accessor>
                    </technique_common>
                </source>
                <source id="uvs1">
                    <float_array id="uvarray1" count="28">1.0078129768371582 2.109375 -0.007813000120222569 2.109375 1.0078129768371582 2.304687976837158 -0.007813000120222569 2.304687976837158 1.0859379768371582 1.8125 1.0078129768371582 1.8125 1.0859379768371582 1.890625 -0.0859379991889 1.890625 -0.0859379991889 1.8125 -0.007813000120222569 1.8125 -0.007813000120222569 2.617187976837158 1.0078129768371582 2.617187976837158 -0.007813000120222569 2.421875 1.0078129768371582 2.421875</float_array>
                    <technique_common>
                        <accessor count="14" source="#uvarray1" stride="2">
                            <param name="S" type="float"/>
                            <param name="T" type="float"/>
                        </accessor>
                    </technique_common>
                </source>
                <source id="colors1">
                    <float_array id="colorarray1" count="8">0.5019607843137255 0.5019607843137255 0.5019607843137255 1 1 1 1 1</float_array>
                    <technique_common>
                        <accessor count="2" source="#colorarray1" stride="4">
                            <param name="R" type="float"/>
                            <param name="G" type="float"/>
                            <param name="B" type="float"/>
                            <param name="A" type="float"/>
                        </accessor>
                    </technique_common>
                </source>
                <vertices id="vertices1">
                    <input semantic="POSITION" source="#points1"/>
                </vertices>
                <polylist count="8" material="Material1">
                    <input offset="0" semantic="VERTEX" source="#vertices1"/>
                    <input offset="1" semantic="TEXCOORD" source="#uvs1" set="0"/>
                    <input offset="2" semantic="COLOR" source="#colors1" set="0"/>
                    <vcount>3 3 3 3 3 3 3 3</vcount>
                    <p>2 2 0 1 1 0 0 0 0 3 3 0 1 1 0 2 2 0 6 6 1 5 5 1 4 4 1 7 7 1 5 5 1 6 6 1 9 9 1 7 7 1 8 8 1 5 5 1 7 7 1 9 9 1 10 12 1 5 11 1 9 10 1 11 13 1 5 11 1 10 12 1</p>
                </polylist>
            </mesh>
        </geometry>
        <geometry id="mesh2">
            <mesh>
                <source id="points2">
                    <float_array id="pointarray2" count="156">65 0 0 75 0 0 71.53742218017578 4.935481071472168 4.453807830810547 76.46754455566406 4.068963050842285 7.34483003616333 74.52493286132812 12.685481071472168 5.3666911125183105 74.41215515136719 13.243379592895508 10.276644706726074 73.86454772949219 18.330400466918945 7.214014053344727 71.53742218017578 15.757955551147461 10.292481422424316 73.86454772949219 20.942934036254883 16.967056274414062 69.2103042602539 20.942934036254883 16.967058181762695 71.53742218017578 23.942934036254883 14.467057228088379 69.2103042602539 18.330400466918945 7.214014053344727 71.53742218017578 23.80721092224121 0.1145000010728836 73.86454772949219 20.55734634399414 -1.6170140504837036 69.21029663085938 20.55734634399414 -1.6170129776000977 71.53742218017578 15.333539009094238 3.628432035446167 68.66268920898438 12.818963050842285 5.077063083648682 68.54991149902344 13.243379592895508 10.345995903015137 66.60730743408203 5.068963050842285 7.34483003616333 71.53742218017578 8.493379592895508 14.258878707885742 65 8 20.000015258789062 70 10 20.000015258789062 -75 -2 20.000015258789062 -75 -10 0 -77 3 20.000015258789062 -75 0 0 -76.46754455566406 3.7037360668182373 5.518692970275879 -71.53742218017578 4.650633811950684 3.994036912918091 -74.52493286132812 8.601058006286621 6.348092079162598 -68.66268920898438 8.734539985656738 6.058465003967285 -71.53742218017578 13.249115943908691 6.60983419418335 -69.2103042602539 17.48895263671875 11.017208099365234 -69.21029663085938 19.164541244506836 -0.06997299939393997 -71.53742218017578 23.253135681152344 1.2627949714660645 -73.86454772949219 19.164541244506836 -0.06997399777173996 -73.86454772949219 17.48895263671875 11.017207145690918 -65 0 0 -66.60730743408203 4.894165992736816 8.306726455688477 -68.54991149902344 10.404664039611816 13.760981559753418 -71.53742218017578 13.91923999786377 13.707466125488281 -69.2103042602539 19.507226943969727 16.640445709228516 -73.86454772949219 19.507226943969727 16.640445709228516 -71.53742218017578 22.507226943969727 14.140445709228516 -75 8 20.000015258789062 -71.53742218017578 9.64731502532959 15.630759239196777 -70 10 20.000015258789062 -65 8 20.000015258789062 -74.41215515136719 9.404664039611816 13.691630363464355 77 3 20.000015258789062 75 8 20.000015258789062 75 -2 20.000015258789062 75 -10 0</float_array>
                    <technique_common>
                        <accessor count="52" source="#pointarray2" stride="3">
                            <param name="X" type="float"/>
                            <param name="Y" type="float"/>
                            <param name="Z" type="float"/>
                        </accessor>
                    </technique_common>
                </source>
                <source id="uvs2">
                    <float_array id="uvarray2" count="104">0.2928929924964905 1.800000011920929 0.6464470028877258 1.800000011920929 0.17275400459766388 1.6727309823036194 0.4130510091781616 1.6482759714126587 0.18115100264549255 1.6581670045852661 0.1574389934539795 1.6236169934272766 -0.04177499935030937 1.6389300227165222 -0.03310199826955795 1.6235380172729492 -0.31091898679733276 1.5651649832725525 -0.47547098994255066 1.5651649832725525 -0.4992609918117523 1.5776649713516235 -0.20632800459861755 1.6389300227165222 -0.24697500467300415 1.6844279766082764 -0.04979899898171425 1.6930850148200989 -0.21435099840164185 1.6930850148200989 -0.01809599995613098 1.6568580269813538 -0.03082999959588051 1.6596149802207947 -0.08517800271511078 1.6232699751853943 0.02908400073647499 1.6482759714126587 0.11767400056123734 1.6137059926986694 -0.06066000089049339 1.550000011920929 0.045405998826026917 1.550000011920929 0.6464470028877258 0.3125 1 0 0.5403810143470764 0.3125 0.6464470028877258 0 0.42596399784088135 0.178242027759552 0.21818000078201294 0.15621298551559448 0.18413600325584412 0.18342500925064087 -0.027845000848174095 0.18161499500274658 -0.015111999586224556 0.18506097793579102 -0.2472890019416809 0.2126070261001587 -0.16510799527168274 0.12456297874450684 -0.2273859977722168 0.13289201259613037 -0.0005559999844990671 0.12456297874450684 -0.08273600041866302 0.2126070261001587 0.2928929924964905 0 0.03526400029659271 0.19566702842712402 -0.09087999910116196 0.22975599765777588 -0.03880399838089943 0.2294219732284546 -0.4247109889984131 0.29150301218032837 -0.2601589858531952 0.29150301218032837 -0.44850099086761475 0.27587801218032837 0.2928929924964905 0.3125 0.11223100125789642 0.2414420247077942 0.045405998826026917 0.3125 -0.06066000089049339 0.3125 0.1517370045185089 0.22932302951812744 0.5403810143470764 1.550000011920929 0.2928929924964905 1.550000011920929 0.6464470028877258 1.550000011920929 1 1.800000011920929</float_array>
                    <technique_common>
                        <accessor count="52" source="#uvarray2" stride="2">
                            <param name="S" type="float"/>
                            <param name="T" type="float"/>
                        </accessor>
                    </technique_common>
                </source>
                <source id="colors2">
                    <float_array id="colorarray2" count="8">1 1 1 1 0.5019607843137255 0.5019607843137255 0.5019607843137255 1</float_array>
                    <technique_common>
                        <accessor count="2" source="#colorarray2" stride="4">
                            <param name="R" type="float"/>
                            <param name="G" type="float"/>
                            <param name="B" type="float"/>
                            <param name="A" type="float"/>
                        </accessor>
                    </technique_common>
                </source>
                <vertices id="vertices2">
                    <input semantic="POSITION" source="#points2"/>
                </vertices>
                <polylist count="84" material="Material1">
                    <input offset="0" semantic="VERTEX" source="#vertices2"/>
                    <input offset="1" semantic="TEXCOORD" source="#uvs2" set="0"/>
                    <input offset="2" semantic="COLOR" source="#colors2" set="0"/>
                    <vcount>3 3 3 3 3 3 3 3 3 3 3 3 3 3 3 3 3 3 3 3 3 3 3 3 3 3 3 3 3 3 3 3 3 3 3 3 3 3 3 3 3 3 3 3 3 3 3 3 3 3 3 3 3 3 3 3 3 3 3 3 3 3 3 3 3 3 3 3 3 3 3 3 3 3 3 3 3 3 3 3 3 3 3 3</vcount>
                    <p>2 2 0 1 1 0 0 0 0 3 3 0 1 1 0 2 2 0 4 4 0 3 3 0 2 2 0 5 5 0 3 3 0 4 4 0 6 6 0 5 5 0 4 4 0 7 7 0 5 5 0 6 6 0 8 8 0 7 7 0 6 6 0 9 9 0 7 7 0 8 8 0 10 10 0 9 9 0 8 8 0 11 11 0 9 9 0 10 10 0 6 6 0 11 11 0 10 10 0 12 12 0 11 11 0 6 6 0 13 13 0 12 12 0 6 6 0 14 14 0 12 12 0 13 13 0 15 15 0 14 14 0 13 13 0 11 11 0 14 14 0 15 15 0 16 16 0 11 11 0 15 15 0 17 17 0 11 11 0 16 16 0 18 18 0 17 17 0 16 16 0 19 19 0 17 17 0 18 18 0 20 20 1 19 19 0 18 18 0 21 21 1 19 19 0 20 20 1 24 24 1 23 23 0 22 22 1 25 25 0 23 23 0 24 24 1 26 26 0 25 25 0 24 24 1 27 27 0 25 25 0 26 26 0 28 28 0 27 27 0 26 26 0 29 29 0 27 27 0 28 28 0 30 30 0 29 29 0 28 28 0 31 31 0 29 29 0 30 30 0 32 32 0 31 31 0 30 30 0 33 33 0 31 31 0 32 32 0 34 34 0 33 33 0 32 32 0 35 35 0 33 33 0 34 34 0 30 30 0 35 35 0 34 34 0 28 28 0 35 35 0 30 30 0 27 27 0 36 36 0 25 25 0 37 37 0 36 36 0 27 27 0 29 29 0 37 37 0 27 27 0 38 38 0 37 37 0 29 29 0 31 31 0 38 38 0 29 29 0 39 39 0 38 38 0 31 31 0 40 40 0 39 39 0 31 31 0 41 41 0 39 39 0 40 40 0 42 42 0 41 41 0 40 40 0 35 35 0 41 41 0 42 42 0 31 31 0 35 35 0 42 42 0 33 33 0 35 35 0 31 31 0 43 43 1 26 26 0 24 24 1 44 44 0 26 26 0 43 43 1 45 45 1 44 44 0 43 43 1 37 37 0 44 44 0 45 45 1 46 46 1 37 37 0 45 45 1 36 36 0 37 37 0 46 46 1 38 38 0 44 44 0 37 37 0 47 47 0 44 44 0 38 38 0 39 39 0 47 47 0 38 38 0 35 35 0 47 47 0 39 39 0 41 41 0 35 35 0 39 39 0 3 3 0 48 48 1 1 1 0 49 49 1 48 48 1 3 3 0 19 19 0 49 49 1 3 3 0 21 21 1 49 49 1 19 19 0 47 47 0 26 26 0 44 44 0 28 28 0 26 26 0 47 47 0 35 35 0 28 28 0 47 47 0 5 5 0 19 19 0 3 3 0 17 17 0 19 19 0 5 5 0 7 7 0 17 17 0 5 5 0 51 51 1 48 48 1 50 50 1 1 1 0 48 48 1 51 51 1 11 11 0 7 7 0 9 9 0 17 17 0 7 7 0 11 11 0 6 6 0 15 15 0 13 13 0 4 4 0 15 15 0 6 6 0 4 4 0 16 16 0 15 15 0 2 2 0 16 16 0 4 4 0 2 2 0 18 18 0 16 16 0 0 0 0 18 18 0 2 2 0 42 42 0 40 40 0 31 31 0 34 34 0 32 32 0 30 30 0 6 6 0 10 10 0 8 8 0 11 11 0 12 12 0 14 14 0 20 20 1 18 18 0 0 0 0</p>
                </polylist>
            </mesh>
        </geometry>
        <geometry id="mesh3">
            <mesh>
                <source id="points3">
                    <float_array id="pointarray3" count="18">-75 -2 20.000015258789062 -75 -20 20.000015258789062 -75 -10 0 75 -10 0 75 -20 20.000015258789062 75 -2 20.000015258789062</float_array>
                    <technique_common>
                        <accessor count="6" source="#pointarray3" stride="3">
                            <param name="X" type="float"/>
                            <param name="Y" type="float"/>
                            <param name="Z" type="float"/>
                        </accessor>
                    </technique_common>
                </source>
                <source id="uvs3">
                    <float_array id="uvarray3" count="2">0 1</float_array>
                    <technique_common>
                        <accessor count="1" source="#uvarray3" stride="2">
                            <param name="S" type="float"/>
                            <param name="T" type="float"/>
                        </accessor>
                    </technique_common>
                </source>
                <source id="colors3">
                    <float_array id="colorarray3" count="12">0 0 0 0 0 0 0 0.24313725490196078 0 0 0 0.49411764705882355</float_array>
                    <technique_common>
                        <accessor count="3" source="#colorarray3" stride="4">
                            <param name="R" type="float"/>
                            <param name="G" type="float"/>
                            <param name="B" type="float"/>
                            <param name="A" type="float"/>
                        </accessor>
                    </technique_common>
                </source>
                <vertices id="vertices3">
                    <input semantic="POSITION" source="#points3"/>
                </vertices>
                <polylist count="2" material="Material1">
                    <input offset="0" semantic="VERTEX" source="#vertices3"/>
                    <input offset="1" semantic="TEXCOORD" source="#uvs3" set="0"/>
                    <input offset="2" semantic="COLOR" source="#colors3" set="0"/>
                    <vcount>3 3</vcount>
                    <p>2 0 2 1 0 1 0 0 0 5 0 0 4 0 1 3 0 2</p>
                </polylist>
            </mesh>
        </geometry>
        <geometry id="mesh4">
            <mesh>
                <source id="points4">
                    <float_array id="pointarray4" count="12">75 -2 20.000015258789062 75 -20 20.000015258789062 -75 -2 20.000015258789062 -75 -20 20.000015258789062</float_array>
                    <technique_common>
                        <accessor count="4" source="#pointarray4" stride="3">
                            <param name="X" type="float"/>
                            <param name="Y" type="float"/>
                            <param name="Z" type="float"/>
                        </accessor>
                    </technique_common>
                </source>
                <source id="uvs4">
                    <float_array id="uvarray4" count="2">0 1</float_array>
                    <technique_common>
                        <accessor count="1" source="#uvarray4" stride="2">
                            <param name="S" type="float"/>
                            <param name="T" type="float"/>
                        </accessor>
                    </technique_common>
                </source>
                <source id="colors4">
                    <float_array id="colorarray4" count="8">0 0 0 0 0 0 0 0.24313725490196078</float_array>
                    <technique_common>
                        <accessor count="2" source="#colorarray4" stride="4">
                            <param name="R" type="float"/>
                            <param name="G" type="float"/>
                            <param name="B" type="float"/>
                            <param name="A" type="float"/>
                        </accessor>
                    </technique_common>
                </source>
                <vertices id="vertices4">
                    <input semantic="POSITION" source="#points4"/>
                </vertices>
                <polylist count="2" material="Material1">
                    <input offset="0" semantic="VERTEX" source="#vertices4"/>
                    <input offset="1" semantic="TEXCOORD" source="#uvs4" set="0"/>
                    <input offset="2" semantic="COLOR" source="#colors4" set="0"/>
                    <vcount>3 3</vcount>
                    <p>2 0 0 1 0 1 0 0 0 3 0 1 1 0 1 2 0 0</p>
                </polylist>
            </mesh>
        </geometry>
        <geometry id="mesh5">
            <mesh>
                <source id="points5">
                    <float_array id="pointarray5" count="261">-49.81333541870117 35.61208724975586 26.003524780273438 -41.570980072021484 30.2447566986084 21.818628311157227 -42.45661926269531 27.198060989379883 24.57209587097168 -28.25484275817871 27.28422737121582 25.4704532623291 -27.621559143066406 23.63597297668457 25.317161560058594 -26.735919952392578 26.682668685913086 22.563695907592773 -39.475341796875 25.764158248901367 21.173004150390625 -41.548309326171875 23.83601951599121 18.080646514892578 -48.548255920410156 25.46387481689453 17.562227249145508 -46.94296646118164 21.99532699584961 13.935840606689453 -53.53208923339844 23.840124130249023 17.922893524169922 -60.28063201904297 25.29478645324707 14.069668769836426 -60.655704498291016 23.39883041381836 18.133441925048828 -60.67283248901367 18.906597137451172 19.97473907470703 -48.4034538269043 16.92057228088379 19.71330451965332 -50.15556335449219 23.136667251586914 21.062637329101562 -46.824222564697266 27.750621795654297 21.105131149291992 -53.590457916259766 36.574119567871094 23.759624481201172 -54.476097106933594 33.52742385864258 26.513092041015625 59.84706497192383 21.083938598632812 21.29642105102539 57.77302551269531 25.312667846679688 21.29642105102539 16.33333396911621 16.0568790435791 15.592706680297852 47.46002960205078 23.372119903564453 20.871915817260742 16.33333396911621 18.279050827026367 18.958337783813477 42.686424255371094 22.213218688964844 22.187089920043945 48.40412902832031 21.848175048828125 24.313961029052734 51.3298225402832 29.326765060424805 27.77935028076172 54.86349868774414 28.397594451904297 24.718271255493164 -60.25 -2.3273561000823975 19.145837783813477 -60 3.199244976043701 24.395837783813477 -27.839372634887695 -2.3273561000823975 23.958337783813477 -60 19.779050827026367 18.958337783813477 -20.312694549560547 18.628799438476562 18.958337783813477 -57 22.779050827026367 10.20833683013916 -16.33333396911621 16.779050827026367 4.08333683013916 -57 18.279050827026367 2.2083370685577393 -16.33333396911621 -2.3273561000823975 0.2083369940519333 62.75 -2.3273561000823975 5.02083683013916 63.75 2.449244976043701 -0.9791629910469055 16.33333396911621 -2.3273561000823975 0.2083369940519333 57 16.779050827026367 2.2083370685577393 16.33333396911621 16.779050827026367 4.08333683013916 57 21.279050827026367 10.20833683013916 57 18.279050827026367 18.958337783813477 60 2.824244976043701 24.395837783813477 53.9897575378418 18.547449111938477 0.13035500049591064 11.306325912475586 15.457006454467773 7.249228000640869 51.84812545776367 24.099220275878906 -0.2959370017051697 42.613494873046875 22.24291229248047 0.9188820123672485 51.448944091796875 19.641923904418945 -3.1475799083709717 41.37769317626953 18.647626876831055 -1.1391810178756714 10.991120338439941 12.302770614624023 4.997466087341309 10.863158226013184 16.779050827026367 4.08333683013916 -57.39642333984375 27.935001373291016 3.6202540397644043 -17.722606658935547 12.890419006347656 4.324977874755859 -54.680660247802734 29.526424407958984 -0.7084730267524719 -46.07966613769531 26.45195960998535 0.6027140021324158 -53.933753967285156 31.61703872680664 3.6202540397644043 -44.6418342590332 27.740713119506836 4.044757843017578 -17.100187301635742 14.632597923278809 7.448967933654785 16.33333396911621 -2.3273561000823975 23.958337783813477 -62.86835861206055 19.27426528930664 8.575952529907227 -36.23047637939453 11.441736221313477 8.527212142944336 -61.85067367553711 23.642122268676758 10.14156723022461 -33.87428283691406 16.06134605407715 10.10303783416748 -32.279239654541016 18.06253433227539 14.04527473449707 -38.85066604614258 19.193912506103516 18.10957908630371 -62.86835861206055 19.27426528930664 8.575952529907227 -61.85067367553711 23.642122268676758 10.14156723022461 -64.31739807128906 15.483521461486816 10.559263229370117 -60.28063201904297 25.29478645324707 14.069668769836426 -64.31739807128906 13.92949390411377 14.936108589172363 -62.80862808227539 15.0806884765625 18.55879020690918 16.33333396911621 14.253241539001465 18.71669578552246 57.77302551269531 23.148303985595703 25.625146865844727 -43.141910552978516 20.0748291015625 20.394535064697266 -40.430816650390625 25.694677352905273 2.729583978652954 -46.324867248535156 34.2436408996582 -2.8626770973205566 -45.16067123413086 35.47938919067383 1.0960270166397095 50.631744384765625 30.74639320373535 23.820648193359375 -50.05878448486328 34.03207015991211 0.198403000831604 -63.75 2.824244976043701 -0.9791629910469055 60.25 -2.3273561000823975 19.145837783813477 -62.75 -2.3273561000823975 5.02083683013916 -60.655704498291016 23.39883041381836 18.133441925048828 -60.67283248901367 18.906597137451172 19.97473907470703 -62.80862808227539 15.0806884765625 18.55879020690918</float_array>
                    <technique_common>
                        <accessor count="87" source="#pointarray5" stride="3">
                            <param name="X" type="float"/>
                            <param name="Y" type="float"/>
                            <param name="Z" type="float"/>
                        </accessor>
                    </technique_common>
                </source>
                <source id="uvs5">
                    <float_array id="uvarray5" count="178">0.41150999069213867 0.35095900297164917 0.45961201190948486 0.2995460033416748 0.41495999693870544 0.29853397607803345 0.40303200483322144 0.23921602964401245 0.40835699439048767 0.23224502801895142 0.5063940286636353 0.23224502801895142 0.4803360104560852 0.2867509722709656 0.5976539850234985 0.2887510061264038 0.6485679745674133 0.31339097023010254 0.7596909999847412 0.3003680109977722 0.6453109979629517 0.326462984085083 0.7814379930496216 0.35007399320602417 0.6339899897575378 0.35007399320602417 0.5707989931106567 0.35007399320602417 0.5528889894485474 0.3009589910507202 0.5244560241699219 0.31695497035980225 0.49630001187324524 0.3116750121116638 0.500361979007721 0.3625109791755676 0.40232500433921814 0.3625109791755676 0.4093030095100403 0.6488609910011292 0.41961100697517395 0.6577990055084229 0.6275010108947754 0.6015239953994751 0.5050899982452393 0.6366330087184906 0.602429986000061 0.6458640098571777 0.5420029759407043 0.6745179891586304 0.48040398955345154 0.6988840103149414 0.45521798729896545 0.6889240145683289 0.44479700922966003 0.6615340113639832 0.41496801376342773 0.026574015617370605 0.4133099913597107 0.1452620029449463 0.5983030200004578 0.10556602478027344 0.398048996925354 0.5260420143604279 0.5927129983901978 0.5260420143604279 0.398048996925354 0.7447920143604279 0.5983030200004578 0.8718789964914322 0.3975830078125 0.9507840014994144 0.5967220067977905 1.264820009469986 0.9965800046920776 1.3925420045852661 0.9950000047683716 1.198293998837471 0.8037629723548889 1.273730993270874 0.9981610178947449 0.9665829986333847 0.8053439855575562 0.8741199970245361 1.0060629844665527 0.7240090072154999 0.805429995059967 0.5260420143604279 1.0044829845428467 0.5246089994907379 1.006140947341919 0.1452620029449463 0.6275010108947754 0.6915119886398315 0.41526898741722107 0.7113339900970459 0.8100849986076355 0.10293298959732056 0.9920780062675476 0.35007399320602417 0.9394180178642273 0.25066202878952026 0.9288859963417053 0.35007399320602417 0.876226007938385 0.25066202878952026 0.7287780046463013 0.25066202878952026 0.5926510095596313 0.27427202463150024 0.08353699743747711 1.1730200052261353 0.10698600113391876 1.1559869945049286 0.06033499911427498 1.146468997001648 0.11507999897003174 1.1082990020513535 0.049341000616550446 1.0915160030126572 0.055546000599861145 1.0475150011479855 0.5171939730644226 0.28968697786331177 0.47606098651885986 0.6677590012550354 0.10621500015258789 0.9533619992434978 0.11012200266122818 0.31898701190948486 0.255484014749527 0.8736750036478043 0.271109014749527 0.454925000667572 0.302359014749527 0.673675000667572 0.11402799934148788 0.31898701190948486 0.11012200266122818 0.9533619992434978 0.286734014749527 0.454925000667572 0.271109014749527 0.8736750036478043 0.317984014749527 0.673675000667572 0.05645899847149849 0.450236976146698 0.05645899847149849 0.8033619970083237 0.3944219946861267 1.3539279997348785 0.39916399121284485 1.2191500067710876 1.0029020309448242 0.02051001787185669 0.10219699889421463 1.057032998651266 0.07669500261545181 1.0316580012440681 0.04015500098466873 0.2781509757041931 0.028342999517917633 0.36268502473831177 0.07122699916362762 0.33695197105407715 0.10468599945306778 1.1794500052928925 0.10468599945306778 1.0360529981553555 0.04409800097346306 1.0920870006084442 0.4840579926967621 0.5949810147285461 0.4840579926967621 0.6991139948368073 0.22687800228595734 0.5898459851741791</float_array>
                    <technique_common>
                        <accessor count="89" source="#uvarray5" stride="2">
                            <param name="S" type="float"/>
                            <param name="T" type="float"/>
                        </accessor>
                    </technique_common>
                </source>
                <source id="colors5">
                    <float_array id="colorarray5" count="8">1 1 1 1 0.5019607843137255 0.5019607843137255 0.5019607843137255 1</float_array>
                    <technique_common>
                        <accessor count="2" source="#colorarray5" stride="4">
                            <param name="R" type="float"/>
                            <param name="G" type="float"/>
                            <param name="B" type="float"/>
                            <param name="A" type="float"/>
                        </accessor>
                    </technique_common>
                </source>
                <vertices id="vertices5">
                    <input semantic="POSITION" source="#points5"/>
                </vertices>
                <polylist count="130" material="Material1">
                    <input offset="0" semantic="VERTEX" source="#vertices5"/>
                    <input offset="1" semantic="TEXCOORD" source="#uvs5" set="0"/>
                    <input offset="2" semantic="COLOR" source="#colors5" set="0"/>
                    <vcount>3 3 3 3 3 3 3 3 3 3 3 3 3 3 3 3 3 3 3 3 3 3 3 3 3 3 3 3 3 3 3 3 3 3 3 3 3 3 3 3 3 3 3 3 3 3 3 3 3 3 3 3 3 3 3 3 3 3 3 3 3 3 3 3 3 3 3 3 3 3 3 3 3 3 3 3 3 3 3 3 3 3 3 3 3 3 3 3 3 3 3 3 3 3 3 3 3 3 3 3 3 3 3 3 3 3 3 3 3 3 3 3 3 3 3 3 3 3 3 3 3 3 3 3 3 3 3 3 3 3</vcount>
                    <p>2 2 0 1 1 0 0 0 0 3 3 0 1 1 0 2 2 0 4 4 0 3 3 0 2 2 0 5 5 0 3 3 0 4 4 0 6 6 0 5 5 0 4 4 0 1 1 0 5 5 0 6 6 0 7 7 0 1 1 0 6 6 0 8 8 0 1 1 0 7 7 0 9 9 0 8 8 0 7 7 0 10 10 0 8 8 0 9 9 0 11 11 1 10 10 0 9 9 0 12 12 1 10 10 0 11 11 1 14 14 0 12 12 1 13 13 1 10 10 0 12 12 1 14 14 0 15 15 0 10 10 0 14 14 0 8 8 0 10 10 0 15 15 0 16 16 0 8 8 0 15 15 0 1 1 0 8 8 0 16 16 0 17 17 0 1 1 0 16 16 0 0 0 0 1 1 0 17 17 0 18 18 0 0 0 0 17 17 0 2 2 0 0 0 0 18 18 0 16 16 0 2 2 0 18 18 0 15 15 0 2 2 0 16 16 0 21 21 0 20 20 0 19 19 0 22 22 0 20 20 0 21 21 0 23 23 0 22 22 0 21 21 0 24 24 0 22 22 0 23 23 0 25 25 0 24 24 0 23 23 0 26 26 0 24 24 0 25 25 0 27 27 0 26 26 0 25 25 0 30 30 0 29 29 0 28 28 1 31 31 0 29 29 0 30 30 0 32 32 0 31 31 0 30 30 0 33 33 0 31 31 0 32 32 0 34 34 0 33 33 0 32 32 0 35 35 0 33 33 0 34 34 0 36 36 1 35 35 0 34 34 0 39 39 1 38 38 0 37 37 1 40 40 0 38 38 0 39 39 1 41 41 0 40 40 0 39 39 1 42 42 0 40 40 0 41 41 0 23 43 0 42 42 0 41 41 0 43 44 0 42 42 0 23 43 0 44 45 0 43 44 0 23 43 0 47 47 0 46 46 0 45 19 0 48 25 0 46 46 0 47 47 0 49 20 0 48 25 0 47 47 0 50 22 0 48 25 0 49 20 0 51 21 0 50 22 0 49 20 0 52 23 0 50 22 0 51 21 0 55 47 0 54 46 0 53 19 0 56 25 0 54 46 0 55 47 0 57 20 0 56 25 0 55 47 0 58 22 0 56 25 0 57 20 0 59 21 0 58 22 0 57 20 0 34 23 0 58 22 0 59 21 0 34 34 0 39 39 1 36 36 1 41 41 0 39 39 1 34 34 0 32 32 0 41 41 0 34 34 0 23 43 0 41 41 0 32 32 0 30 30 0 23 43 0 32 32 0 60 48 1 23 43 0 30 30 0 63 51 1 62 50 1 61 49 1 64 52 1 62 50 1 63 51 1 9 9 0 64 52 1 63 51 1 65 53 1 64 52 1 9 9 0 66 54 0 65 53 1 9 9 0 69 57 0 68 56 0 67 55 0 70 58 0 68 56 0 69 57 0 71 59 0 70 58 0 69 57 0 72 60 0 70 58 0 71 59 0 74 47 0 73 46 0 19 19 0 25 25 0 73 46 0 74 47 0 20 20 0 25 25 0 74 47 0 22 22 0 25 25 0 20 20 0 2 2 0 6 6 0 4 4 0 75 61 0 6 6 0 2 2 0 15 15 0 75 61 0 2 2 0 14 14 0 75 61 0 15 15 0 56 25 0 34 23 0 54 46 0 76 24 0 34 23 0 56 25 0 77 26 0 76 24 0 56 25 0 78 62 0 76 24 0 77 26 0 22 22 0 27 27 0 25 25 0 79 62 0 27 27 0 22 22 0 24 24 0 79 62 0 22 22 0 26 26 0 79 62 0 24 24 0 80 27 0 58 22 0 78 62 0 56 25 0 58 22 0 80 27 0 77 26 0 56 25 0 80 27 0 66 54 0 75 61 0 14 14 0 7 7 0 75 61 0 66 54 0 9 9 0 7 7 0 66 54 0 40 65 0 44 64 0 38 63 0 43 66 0 44 64 0 40 65 0 42 67 0 43 66 0 40 65 0 31 70 0 81 69 0 29 68 0 35 71 0 81 69 0 31 70 0 33 72 0 35 71 0 31 70 0 76 24 0 58 22 0 34 23 0 78 62 0 58 22 0 76 24 0 37 74 1 44 64 0 82 73 1 38 63 0 44 64 0 37 74 1 81 76 0 36 36 1 83 75 1 35 35 0 36 36 1 81 76 0 44 45 0 60 48 1 82 77 1 23 43 0 60 48 1 44 45 0 28 73 1 81 69 0 83 74 1 29 68 0 81 69 0 28 73 1 72 60 0 84 78 0 70 58 0 85 79 0 84 78 0 72 60 0 25 25 0 23 23 0 73 46 0 79 82 0 26 81 0 27 80 0 63 51 1 11 11 1 9 9 0 19 85 0 20 84 0 74 83 0 19 88 0 73 87 0 21 86 0 6 6 0 75 61 0 7 7 0 3 3 0 5 5 0 1 1 0 18 18 0 17 17 0 16 16 0 53 19 0 59 21 0 57 20 0 53 88 0 54 87 0 59 86 0 53 85 0 57 84 0 55 83 0 48 24 0 50 22 0 52 23 0 48 25 0 52 23 0 46 46 0 45 19 0 51 21 0 49 20 0 45 88 0 46 87 0 51 86 0 45 85 0 49 84 0 47 83 0 14 10 0 13 11 1 86 12 1 78 82 0 77 81 0 80 80 0</p>
                </polylist>
            </mesh>
        </geometry>
        <geometry id="mesh6">
            <mesh>
                <source id="points6">
                    <float_array id="pointarray6" count="30">-65 16 40.00001525878906 -65 8 20.000015258789062 67.5 13.5 40.00001525878906 65 8 20.000015258789062 75 -2 20.000015258789062 -75 -2 20.000015258789062 77.5 3.5 40.00001525878906 -75 6 40.00001525878906 -75 -2 20.000015258789062 75 -2 20.000015258789062</float_array>
                    <technique_common>
                        <accessor count="10" source="#pointarray6" stride="3">
                            <param name="X" type="float"/>
                            <param name="Y" type="float"/>
                            <param name="Z" type="float"/>
                        </accessor>
                    </technique_common>
                </source>
                <source id="uvs6">
                    <float_array id="uvarray6" count="28">-0.007813000120222569 0.859375 -0.046875 1.015625 1.046875 0.859375 1.027343988418579 1.015625 1.105468988418579 0.1171879768371582 1.027343988418579 0.0390629768371582 -0.125 0.078125 -0.046875 0 1.0569560527801514 0.546875 0.002268000040203333 0.546875 -0.03679399937391281 0.703125 1.032304048538208 0.703125 1.0518349409103394 0.546875 -0.04191499948501587 0.703125</float_array>
                    <technique_common>
                        <accessor count="14" source="#uvarray6" stride="2">
                            <param name="S" type="float"/>
                            <param name="T" type="float"/>
                        </accessor>
                    </technique_common>
                </source>
                <source id="colors6">
                    <float_array id="colorarray6" count="8">1 1 1 1 0.5019607843137255 0.5019607843137255 0.5019607843137255 1</float_array>
                    <technique_common>
                        <accessor count="2" source="#colorarray6" stride="4">
                            <param name="R" type="float"/>
                            <param name="G" type="float"/>
                            <param name="B" type="float"/>
                            <param name="A" type="float"/>
                        </accessor>
                    </technique_common>
                </source>
                <vertices id="vertices6">
                    <input semantic="POSITION" source="#points6"/>
                </vertices>
                <polylist count="6" material="Material1">
                    <input offset="0" semantic="VERTEX" source="#vertices6"/>
                    <input offset="1" semantic="TEXCOORD" source="#uvs6" set="0"/>
                    <input offset="2" semantic="COLOR" source="#colors6" set="0"/>
                    <vcount>3 3 3 3 3 3</vcount>
                    <p>2 2 0 1 1 0 0 0 0 3 3 0 1 1 0 2 2 0 5 6 0 3 5 0 4 4 0 1 7 0 3 5 0 5 6 0 8 10 1 7 9 1 6 8 1 8 13 1 6 12 1 9 11 1</p>
                </polylist>
            </mesh>
        </geometry>
        <geometry id="mesh7">
            <mesh>
                <source id="points7">
                    <float_array id="pointarray7" count="216">-71.53742218017578 17 35.25001525878906 -76.46754455566406 14 30.000015258789062 -69.52493286132812 17.75 32.33713150024414 -74.41215515136719 15.75 26.732248306274414 -71.61200714111328 22.96601104736328 27.766082763671875 -67.6661376953125 20.46601104736328 25.418750762939453 -76.19512939453125 26.10136604309082 17.202102661132812 -71.54088592529297 26.10136604309082 17.202102661132812 -73.86801147460938 29.10136604309082 19.702102661132812 -66.957763671875 22.96601104736328 27.766082763671875 -70.21697235107422 28.34203338623047 33.644203186035156 -72.54409790039062 26.34203338623047 36.144203186035156 -67.88984680175781 26.34203338623047 36.144203186035156 -67.6661376953125 20.46601104736328 30.418750762939453 -69.74686431884766 16.75 31.841264724731445 -69.63408660888672 16.75 26.236379623413086 -68.52169799804688 15 29.34059715270996 -71.53742218017578 12 24.750015258789062 -65 8 20.000015258789062 65 8 20.000015258789062 69.03742218017578 11.014871597290039 23.721567153930664 69.10730743408203 11.5 30.000015258789062 69.8430404663086 16.25 26.891157150268555 71.16268920898438 19.25 34.26778030395508 70.50342559814453 25 30.228273391723633 74.03742218017578 23.5 33.50001525878906 71.71029663085938 31.752716064453125 40.4152717590332 76.36454772949219 31.752716064453125 40.4152717590332 74.03742218017578 34.68766784667969 38.32099151611328 75.15766906738281 25 30.228273391723633 72.92633056640625 28.083465576171875 24.325050354003906 70.59921264648438 26.054901123046875 23.2822322845459 75.25345611572266 26.054901123046875 23.2822322845459 72.83055114746094 21.5 27.728273391723633 73.13655090332031 15.25 26.603271484375 77.02493286132812 17.75 29.337133407592773 77.95600891113281 9.5 30.093778610229492 74.03742218017578 14.5 35.25001525878906 75 -2 20.000015258789062 77.5 3.5 40.00001525878906 77 3 20.000015258789062 79.5 8.5 40.00001525878906 77.5 13.5 40.00001525878906 72.5 15.5 40.00001525878906 67.5 13.5 40.00001525878906 -75 6 40.00001525878906 -75 -2 20.000015258789062 -77 11 40.00001525878906 -77 3 20.000015258789062 -75 8 20.000015258789062 -70 10 20.000015258789062 -65 16 40.00001525878906 -65 8 20.000015258789062 -70 10 20.000015258789062 -63 3 18.492740631103516 -75 8 20.000015258789062 -64.85448455810547 -1.7282719612121582 17.449081420898438 -70 -4 18.492740631103516 75 8 20.000015258789062 70 10 20.000015258789062 -75 16 40.00001525878906 -70 18 40.00001525878906 75 -2 20.000015258789062 77 3 20.000015258789062 70 -4 18.492740631103516 75 8 20.000015258789062 64.85448455810547 -1.7282719612121582 17.449081420898438 63 3 18.492740631103516 -75 -2 20.000015258789062 -77 3 20.000015258789062 65 8 20.000015258789062 70 10 20.000015258789062</float_array>
                    <technique_common>
                        <accessor count="72" source="#pointarray7" stride="3">
                            <param name="X" type="float"/>
                            <param name="Y" type="float"/>
                            <param name="Z" type="float"/>
                        </accessor>
                    </technique_common>
                </source>
                <source id="uvs7">
                    <float_array id="uvarray7" count="144">0.06440699845552444 1.5328119993209839 0.34477901458740234 1.5 0.07280399650335312 1.514607012271881 0.1041719987988472 1.4795759916305542 -0.10853099822998047 1.4860379993915558 -0.1596509963274002 1.4713670015335083 -0.05734499916434288 1.4200130105018616 -0.22189800441265106 1.4200130105018616 -0.24568699300289154 1.4356380105018616 -0.27308401465415955 1.4860379993915558 -0.5247009992599487 1.5227760076522827 -0.3717139959335327 1.5384010076522827 -0.5362669825553894 1.5384010076522827 -0.1596509963274002 1.5026170015335083 -0.060770999640226364 1.5115079879760742 -0.10011400282382965 1.4764769971370697 0.028495000675320625 1.4958789944648743 0.24118299782276154 1.4671880006790161 0.11611700057983398 1.4375 0.20450499653816223 0.6500000059604645 0.1876250058412552 0.6313920021057129 0.22597600519657135 0.5999999940395355 0.08405099809169769 0.6155439913272858 0.16606299579143524 0.5886609852313995 -0.13124999403953552 0.6088590025901794 0.11744000017642975 0.5925000011920929 -0.18590399622917175 0.5479240119457245 -0.021351000294089317 0.5479240119457245 -0.20739300549030304 0.5583949983119965 0.033303000032901764 0.6088590025901794 -0.08389300107955933 0.6283749938011169 -0.0944489985704422 0.6335889995098114 0.07010400295257568 0.6335889995098114 0.0747700035572052 0.6213589906692505 0.23584899306297302 0.6169840097427368 0.28493601083755493 0.6033140122890472 0.5741810202598572 0.5995309948921204 0.32957199215888977 0.5737499892711639 0.9116119742393494 0.6500000059604645 0.9116119742393494 0.550000011920929 0.8055459856987 0.6500000059604645 0.8055459856987 0.550000011920929 0.5580580234527588 0.550000011920929 0.31057101488113403 0.550000011920929 0.20450499653816223 0.550000011920929 0.6464470028877258 1.5625 0.8232229948043823 1.4375 0.5403810143470764 1.5625 0.7171570062637329 1.4375 0.46966999769210815 1.4375 0.2221830040216446 1.4375 -0.06066000089049339 1.5625 0.16079699993133545 0.03800100088119507 0.31704699993133545 0.04581397771835327 0.09829699993133545 0.01846998929977417 0.47329699993133545 0.03800100088119507 0.15625 0 0.31704699993133545 -0.008874058723449707 0.5580580234527588 0.6500000059604645 0.31057101488113403 0.6500000059604645 0.2928929924964905 1.5625 0.045405998826026917 1.5625 -0.8269129991531372 0.3140220046043396 -0.8894129991531372 0.3452720046043396 -0.6706629991531372 0.30152201652526855 -0.8269129991531372 0.3765220046043396 -0.5098659992218018 0.3157200217247009 -0.4519129991531372 0.3452720046043396 0.47329699993133545 -0.0010609626770019531 0.5357969999313354 0.01846998929977417 -0.5144129991531372 0.3765209913253784 -0.6706629991531372 0.38902097940444946</float_array>
                    <technique_common>
                        <accessor count="72" source="#uvarray7" stride="2">
                            <param name="S" type="float"/>
                            <param name="T" type="float"/>
                        </accessor>
                    </technique_common>
                </source>
                <source id="colors7">
                    <float_array id="colorarray7" count="8">1 1 1 1 0.5019607843137255 0.5019607843137255 0.5019607843137255 1</float_array>
                    <technique_common>
                        <accessor count="2" source="#colorarray7" stride="4">
                            <param name="R" type="float"/>
                            <param name="G" type="float"/>
                            <param name="B" type="float"/>
                            <param name="A" type="float"/>
                        </accessor>
                    </technique_common>
                </source>
                <vertices id="vertices7">
                    <input semantic="POSITION" source="#points7"/>
                </vertices>
                <polylist count="100" material="Material1">
                    <input offset="0" semantic="VERTEX" source="#vertices7"/>
                    <input offset="1" semantic="TEXCOORD" source="#uvs7" set="0"/>
                    <input offset="2" semantic="COLOR" source="#colors7" set="0"/>
                    <vcount>3 3 3 3 3 3 3 3 3 3 3 3 3 3 3 3 3 3 3 3 3 3 3 3 3 3 3 3 3 3 3 3 3 3 3 3 3 3 3 3 3 3 3 3 3 3 3 3 3 3 3 3 3 3 3 3 3 3 3 3 3 3 3 3 3 3 3 3 3 3 3 3 3 3 3 3 3 3 3 3 3 3 3 3 3 3 3 3 3 3 3 3 3 3 3 3 3 3 3 3</vcount>
                    <p>2 2 0 1 1 0 0 0 0 3 3 0 1 1 0 2 2 0 4 4 0 3 3 0 2 2 0 5 5 0 3 3 0 4 4 0 6 6 0 5 5 0 4 4 0 7 7 0 5 5 0 6 6 0 8 8 0 7 7 0 6 6 0 9 9 0 7 7 0 8 8 0 4 4 0 9 9 0 8 8 0 10 10 0 9 9 0 4 4 0 11 11 0 10 10 0 4 4 0 12 12 0 10 10 0 11 11 0 13 13 0 12 12 0 11 11 0 9 9 0 12 12 0 13 13 0 14 14 0 9 9 0 13 13 0 15 15 0 9 9 0 14 14 0 16 16 0 15 15 0 14 14 0 17 17 0 15 15 0 16 16 0 18 18 1 17 17 0 16 16 0 21 21 0 20 20 0 19 19 1 22 22 0 20 20 0 21 21 0 23 23 0 22 22 0 21 21 0 24 24 0 22 22 0 23 23 0 25 25 0 24 24 0 23 23 0 26 26 0 24 24 0 25 25 0 27 27 0 26 26 0 25 25 0 28 28 0 26 26 0 27 27 0 29 29 0 28 28 0 27 27 0 24 24 0 28 28 0 29 29 0 30 30 0 24 24 0 29 29 0 31 31 0 24 24 0 30 30 0 32 32 0 31 31 0 30 30 0 33 33 0 31 31 0 32 32 0 29 29 0 33 33 0 32 32 0 34 34 0 33 33 0 29 29 0 35 35 0 34 34 0 29 29 0 36 36 0 34 34 0 35 35 0 37 37 0 36 36 0 35 35 0 40 40 1 39 39 1 38 38 1 41 41 1 39 39 1 40 40 1 36 36 0 41 41 1 40 40 1 42 42 1 41 41 1 36 36 0 37 37 0 42 42 1 36 36 0 43 43 1 42 42 1 37 37 0 21 21 0 43 43 1 37 37 0 44 44 1 43 43 1 21 21 0 19 19 1 44 44 1 21 21 0 47 47 1 46 46 1 45 45 1 48 48 1 46 46 1 47 47 1 1 1 0 48 48 1 47 47 1 49 49 1 48 48 1 1 1 0 17 17 0 49 49 1 1 1 0 50 50 1 49 49 1 17 17 0 18 18 1 50 50 1 17 17 0 16 16 0 51 51 1 18 18 1 0 0 0 51 51 1 16 16 0 14 14 0 0 0 0 16 16 0 2 2 0 0 0 0 14 14 0 13 13 0 2 2 0 14 14 0 3 3 0 17 17 0 1 1 0 15 15 0 17 17 0 3 3 0 5 5 0 15 15 0 3 3 0 9 9 0 15 15 0 5 5 0 7 7 0 9 9 0 5 5 0 54 54 0 53 53 0 52 52 0 55 55 0 53 53 0 54 54 0 56 56 0 55 55 0 54 54 0 57 57 0 55 55 0 56 56 0 58 58 1 36 36 0 40 40 1 20 20 0 36 36 0 58 58 1 59 59 1 20 20 0 58 58 1 19 19 1 20 20 0 59 59 1 60 60 1 1 1 0 47 47 1 0 0 0 1 1 0 60 60 1 61 61 1 0 0 0 60 60 1 51 51 1 0 0 0 61 61 1 64 64 0 63 63 0 62 62 0 65 65 0 63 63 0 64 64 0 66 66 0 65 65 0 64 64 0 67 67 0 65 65 0 66 66 0 69 69 0 57 57 0 68 68 0 55 55 0 57 57 0 69 69 0 37 37 0 23 23 0 21 21 0 35 35 0 23 23 0 37 37 0 35 35 0 25 25 0 23 23 0 29 29 0 25 25 0 35 35 0 20 20 0 34 34 0 36 36 0 22 22 0 34 34 0 20 20 0 22 22 0 33 33 0 34 34 0 24 24 0 33 33 0 22 22 0 4 4 0 13 13 0 11 11 0 2 2 0 13 13 0 4 4 0 71 71 0 67 67 0 70 70 0 65 65 0 67 67 0 71 71 0 4 4 0 8 8 0 6 6 0 9 9 0 10 10 0 12 12 0 24 24 0 31 31 0 33 33 0 32 32 0 30 30 0 29 29 0 29 29 0 27 27 0 25 25 0 26 26 0 28 28 0 24 24 0</p>
                </polylist>
            </mesh>
        </geometry>
        <geometry id="mesh8">
            <mesh>
                <source id="points8">
                    <float_array id="pointarray8" count="24">-75 -20 20.000015258789062 -75 -2 20.000015258789062 -75 -20 40.00001525878906 -75 6 40.00001525878906 77.5 -20 40.00001525878906 77.5 3.5 40.00001525878906 75 -20 20.000015258789062 75 -2 20.000015258789062</float_array>
                    <technique_common>
                        <accessor count="8" source="#pointarray8" stride="3">
                            <param name="X" type="float"/>
                            <param name="Y" type="float"/>
                            <param name="Z" type="float"/>
                        </accessor>
                    </technique_common>
                </source>
                <source id="uvs8">
                    <float_array id="uvarray8" count="2">0 1</float_array>
                    <technique_common>
                        <accessor count="1" source="#uvarray8" stride="2">
                            <param name="S" type="float"/>
                            <param name="T" type="float"/>
                        </accessor>
                    </technique_common>
                </source>
                <source id="colors8">
                    <float_array id="colorarray8" count="8">0 0 0 0.24313725490196078 0 0 0 0</float_array>
                    <technique_common>
                        <accessor count="2" source="#colorarray8" stride="4">
                            <param name="R" type="float"/>
                            <param name="G" type="float"/>
                            <param name="B" type="float"/>
                            <param name="A" type="float"/>
                        </accessor>
                    </technique_common>
                </source>
                <vertices id="vertices8">
                    <input semantic="POSITION" source="#points8"/>
                </vertices>
                <polylist count="4" material="Material1">
                    <input offset="0" semantic="VERTEX" source="#vertices8"/>
                    <input offset="1" semantic="TEXCOORD" source="#uvs8" set="0"/>
                    <input offset="2" semantic="COLOR" source="#colors8" set="0"/>
                    <vcount>3 3 3 3</vcount>
                    <p>2 0 0 1 0 1 0 0 0 3 0 1 1 0 1 2 0 0 6 0 0 5 0 1 4 0 0 7 0 1 5 0 1 6 0 0</p>
                </polylist>
            </mesh>
        </geometry>
        <geometry id="mesh9">
            <mesh>
                <source id="points9">
                    <float_array id="pointarray9" count="12">77.5 3.5 40.00001525878906 77.5 -20 40.00001525878906 -75 6 40.00001525878906 -75 -20 40.00001525878906</float_array>
                    <technique_common>
                        <accessor count="4" source="#pointarray9" stride="3">
                            <param name="X" type="float"/>
                            <param name="Y" type="float"/>
                            <param name="Z" type="float"/>
                        </accessor>
                    </technique_common>
                </source>
                <source id="uvs9">
                    <float_array id="uvarray9" count="2">0 1</float_array>
                    <technique_common>
                        <accessor count="1" source="#uvarray9" stride="2">
                            <param name="S" type="float"/>
                            <param name="T" type="float"/>
                        </accessor>
                    </technique_common>
                </source>
                <source id="colors9">
                    <float_array id="colorarray9" count="8">0 0 0 0 0 0 0 0.24313725490196078</float_array>
                    <technique_common>
                        <accessor count="2" source="#colorarray9" stride="4">
                            <param name="R" type="float"/>
                            <param name="G" type="float"/>
                            <param name="B" type="float"/>
                            <param name="A" type="float"/>
                        </accessor>
                    </technique_common>
                </source>
                <vertices id="vertices9">
                    <input semantic="POSITION" source="#points9"/>
                </vertices>
                <polylist count="2" material="Material1">
                    <input offset="0" semantic="VERTEX" source="#vertices9"/>
                    <input offset="1" semantic="TEXCOORD" source="#uvs9" set="0"/>
                    <input offset="2" semantic="COLOR" source="#colors9" set="0"/>
                    <vcount>3 3</vcount>
                    <p>2 0 0 1 0 1 0 0 0 3 0 1 1 0 1 2 0 0</p>
                </polylist>
            </mesh>
        </geometry>
        <geometry id="mesh10">
            <mesh>
                <source id="points10">
                    <float_array id="pointarray10" count="261">-49.81333541870117 43.61208724975586 46.00352478027344 -41.570980072021484 38.24475860595703 41.818626403808594 -42.45661926269531 35.19805908203125 44.57209396362305 -28.25484275817871 35.28422927856445 45.47045135498047 -27.621559143066406 31.63597297668457 45.317161560058594 -26.735919952392578 34.68266677856445 42.56369400024414 -39.475341796875 33.764156341552734 41.173004150390625 -41.548309326171875 31.83601951599121 38.08064651489258 -48.548255920410156 33.46387481689453 37.56222915649414 -46.94296646118164 29.99532699584961 33.93584060668945 -53.53208923339844 31.840124130249023 37.92289352416992 -60.28063201904297 33.2947883605957 34.06966781616211 -60.655704498291016 31.39883041381836 38.13344192504883 -60.67283248901367 26.906597137451172 39.97473907470703 -48.4034538269043 24.92057228088379 39.71330642700195 -50.15556335449219 31.136667251586914 41.06263732910156 -46.824222564697266 35.7506217956543 41.105133056640625 -53.590457916259766 44.574119567871094 43.75962448120117 -54.476097106933594 41.52742385864258 46.513092041015625 59.84706497192383 29.083938598632812 41.29642105102539 57.77302551269531 33.31266784667969 41.29642105102539 16.33333396911621 24.0568790435791 35.59270477294922 47.46002960205078 31.372119903564453 40.87191390991211 16.33333396911621 26.279050827026367 38.958335876464844 42.686424255371094 30.213218688964844 42.18709182739258 48.40412902832031 29.848175048828125 44.313961029052734 51.3298225402832 37.32676696777344 47.77935028076172 54.86349868774414 36.3975944519043 44.7182731628418 -60.25 5.672644138336182 39.145835876464844 -60 11.19924545288086 44.395835876464844 -27.839372634887695 5.672644138336182 43.958335876464844 -60 27.779050827026367 38.958335876464844 -20.312694549560547 26.628799438476562 38.958335876464844 -57 30.779050827026367 30.208337783813477 -16.33333396911621 24.779050827026367 24.083337783813477 -57 26.279050827026367 22.208335876464844 -16.33333396911621 5.672644138336182 20.208335876464844 62.75 5.672644138336182 25.020835876464844 63.75 10.44924545288086 19.020835876464844 16.33333396911621 5.672644138336182 20.208335876464844 57 24.779050827026367 22.208335876464844 16.33333396911621 24.779050827026367 24.083337783813477 57 29.279050827026367 30.208337783813477 57 26.279050827026367 38.958335876464844 60 10.82424545288086 44.395835876464844 53.9897575378418 26.547449111938477 20.130353927612305 11.306325912475586 23.45700454711914 27.24922752380371 51.84812545776367 32.099220275878906 19.704063415527344 42.613494873046875 30.24291229248047 20.918882369995117 51.448944091796875 27.641923904418945 16.852420806884766 41.37769317626953 26.647626876831055 18.86081886291504 10.991120338439941 20.302770614624023 24.997467041015625 10.863158226013184 24.779050827026367 24.083337783813477 -57.39642333984375 35.935001373291016 23.620254516601562 -17.722606658935547 20.890419006347656 24.32497787475586 -54.680660247802734 37.526424407958984 19.291526794433594 -46.07966613769531 34.45195770263672 20.60271453857422 -53.933753967285156 39.61703872680664 23.620254516601562 -44.6418342590332 35.74071502685547 24.044757843017578 -17.100187301635742 22.632596969604492 27.44896697998047 16.33333396911621 5.672644138336182 43.958335876464844 -62.86835861206055 27.27426528930664 28.57595443725586 -36.23047637939453 19.441736221313477 28.527212142944336 -61.85067367553711 31.642122268676758 30.14156723022461 -33.87428283691406 24.06134605407715 30.103036880493164 -32.279239654541016 26.06253433227539 34.0452766418457 -38.85066604614258 27.193912506103516 38.109580993652344 -62.86835861206055 27.27426528930664 28.57595443725586 -61.85067367553711 31.642122268676758 30.14156723022461 -64.31739807128906 23.483522415161133 30.559263229370117 -60.28063201904297 33.2947883605957 34.06966781616211 -64.31739807128906 21.929494857788086 34.93610763549805 -62.80862808227539 23.080686569213867 38.55878829956055 16.33333396911621 22.25324249267578 38.716697692871094 57.77302551269531 31.148303985595703 45.62514877319336 -43.141910552978516 28.0748291015625 40.394535064697266 -40.430816650390625 33.69467544555664 22.729583740234375 -46.324867248535156 42.2436408996582 17.1373233795166 -45.16067123413086 43.47938919067383 21.096027374267578 50.631744384765625 38.746395111083984 43.820648193359375 -50.05878448486328 42.03207015991211 20.198402404785156 -63.75 10.82424545288086 19.020835876464844 60.25 5.672644138336182 39.145835876464844 -62.75 5.672644138336182 25.020835876464844 -60.655704498291016 31.39883041381836 38.13344192504883 -60.67283248901367 26.906597137451172 39.97473907470703 -62.80862808227539 23.080686569213867 38.55878829956055</float_array>
                    <technique_common>
                        <accessor count="87" source="#pointarray10" stride="3">
                            <param name="X" type="float"/>
                            <param name="Y" type="float"/>
                            <param name="Z" type="float"/>
                        </accessor>
                    </technique_common>
                </source>
                <source id="uvs10">
                    <float_array id="uvarray10" count="178">0.41150999069213867 0.35095900297164917 0.45961201190948486 0.2995460033416748 0.41495999693870544 0.29853397607803345 0.40303200483322144 0.23921602964401245 0.40835699439048767 0.23224502801895142 0.5063940286636353 0.23224502801895142 0.4803360104560852 0.2867509722709656 0.5976539850234985 0.2887510061264038 0.6485679745674133 0.31339097023010254 0.7596909999847412 0.3003680109977722 0.6453109979629517 0.326462984085083 0.7814379930496216 0.35007399320602417 0.6339899897575378 0.35007399320602417 0.5707989931106567 0.35007399320602417 0.5528889894485474 0.3009589910507202 0.5244560241699219 0.31695497035980225 0.49630001187324524 0.3116750121116638 0.500361979007721 0.3625109791755676 0.40232500433921814 0.3625109791755676 0.4093030095100403 0.6488609910011292 0.41961100697517395 0.6577990055084229 0.6275010108947754 0.6015239953994751 0.5050899982452393 0.6366330087184906 0.602429986000061 0.6458640098571777 0.5420029759407043 0.6745179891586304 0.48040398955345154 0.6988840103149414 0.45521798729896545 0.6889240145683289 0.44479700922966003 0.6615340113639832 0.41496801376342773 0.026574015617370605 0.4133099913597107 0.1452620029449463 0.5983030200004578 0.10556602478027344 0.398048996925354 0.5260420143604279 0.5927129983901978 0.5260420143604279 0.398048996925354 0.7447920143604279 0.5983030200004578 0.8718789964914322 0.3975830078125 0.9507840014994144 0.5967220067977905 1.264820009469986 0.9965800046920776 1.3925420045852661 0.9950000047683716 1.198293998837471 0.8037629723548889 1.273730993270874 0.9981610178947449 0.9665829986333847 0.8053439855575562 0.8741199970245361 1.0060629844665527 0.7240090072154999 0.805429995059967 0.5260420143604279 1.0044829845428467 0.5246089994907379 1.006140947341919 0.1452620029449463 0.6275010108947754 0.6915119886398315 0.41526898741722107 0.7113339900970459 0.8100849986076355 0.10293298959732056 0.9920780062675476 0.35007399320602417 0.9394180178642273 0.25066202878952026 0.9288859963417053 0.35007399320602417 0.876226007938385 0.25066202878952026 0.7287780046463013 0.25066202878952026 0.5926510095596313 0.27427202463150024 0.08353699743747711 1.1730200052261353 0.10698600113391876 1.1559869945049286 0.06033499911427498 1.146468997001648 0.11507999897003174 1.1082990020513535 0.049341000616550446 1.0915160030126572 0.055546000599861145 1.0475150011479855 0.5171939730644226 0.28968697786331177 0.47606098651885986 0.6677590012550354 0.10621500015258789 0.9533619992434978 0.11012200266122818 0.31898701190948486 0.255484014749527 0.8736750036478043 0.271109014749527 0.454925000667572 0.302359014749527 0.673675000667572 0.11402799934148788 0.31898701190948486 0.11012200266122818 0.9533619992434978 0.286734014749527 0.454925000667572 0.271109014749527 0.8736750036478043 0.317984014749527 0.673675000667572 0.05645899847149849 0.450236976146698 0.05645899847149849 0.8033619970083237 0.3944219946861267 1.3539279997348785 0.39916399121284485 1.2191500067710876 1.0029020309448242 0.02051001787185669 0.10219699889421463 1.057032998651266 0.07669500261545181 1.0316580012440681 0.04015500098466873 0.2781509757041931 0.028342999517917633 0.36268502473831177 0.07122699916362762 0.33695197105407715 0.10468599945306778 1.1794500052928925 0.10468599945306778 1.0360529981553555 0.04409800097346306 1.0920870006084442 0.4840579926967621 0.5949810147285461 0.4840579926967621 0.6991139948368073 0.22687800228595734 0.5898459851741791</float_array>
                    <technique_common>
                        <accessor count="89" source="#uvarray10" stride="2">
                            <param name="S" type="float"/>
                            <param name="T" type="float"/>
                        </accessor>
                    </technique_common>
                </source>
                <source id="colors10">
                    <float_array id="colorarray10" count="8">1 1 1 1 0.5019607843137255 0.5019607843137255 0.5019607843137255 1</float_array>
                    <technique_common>
                        <accessor count="2" source="#colorarray10" stride="4">
                            <param name="R" type="float"/>
                            <param name="G" type="float"/>
                            <param name="B" type="float"/>
                            <param name="A" type="float"/>
                        </accessor>
                    </technique_common>
                </source>
                <vertices id="vertices10">
                    <input semantic="POSITION" source="#points10"/>
                </vertices>
                <polylist count="130" material="Material1">
                    <input offset="0" semantic="VERTEX" source="#vertices10"/>
                    <input offset="1" semantic="TEXCOORD" source="#uvs10" set="0"/>
                    <input offset="2" semantic="COLOR" source="#colors10" set="0"/>
                    <vcount>3 3 3 3 3 3 3 3 3 3 3 3 3 3 3 3 3 3 3 3 3 3 3 3 3 3 3 3 3 3 3 3 3 3 3 3 3 3 3 3 3 3 3 3 3 3 3 3 3 3 3 3 3 3 3 3 3 3 3 3 3 3 3 3 3 3 3 3 3 3 3 3 3 3 3 3 3 3 3 3 3 3 3 3 3 3 3 3 3 3 3 3 3 3 3 3 3 3 3 3 3 3 3 3 3 3 3 3 3 3 3 3 3 3 3 3 3 3 3 3 3 3 3 3 3 3 3 3 3 3</vcount>
                    <p>2 2 0 1 1 0 0 0 0 3 3 0 1 1 0 2 2 0 4 4 0 3 3 0 2 2 0 5 5 0 3 3 0 4 4 0 6 6 0 5 5 0 4 4 0 1 1 0 5 5 0 6 6 0 7 7 0 1 1 0 6 6 0 8 8 0 1 1 0 7 7 0 9 9 0 8 8 0 7 7 0 10 10 0 8 8 0 9 9 0 11 11 1 10 10 0 9 9 0 12 12 1 10 10 0 11 11 1 14 14 0 12 12 1 13 13 1 10 10 0 12 12 1 14 14 0 15 15 0 10 10 0 14 14 0 8 8 0 10 10 0 15 15 0 16 16 0 8 8 0 15 15 0 1 1 0 8 8 0 16 16 0 17 17 0 1 1 0 16 16 0 0 0 0 1 1 0 17 17 0 18 18 0 0 0 0 17 17 0 2 2 0 0 0 0 18 18 0 16 16 0 2 2 0 18 18 0 15 15 0 2 2 0 16 16 0 21 21 0 20 20 0 19 19 0 22 22 0 20 20 0 21 21 0 23 23 0 22 22 0 21 21 0 24 24 0 22 22 0 23 23 0 25 25 0 24 24 0 23 23 0 26 26 0 24 24 0 25 25 0 27 27 0 26 26 0 25 25 0 30 30 0 29 29 0 28 28 1 31 31 0 29 29 0 30 30 0 32 32 0 31 31 0 30 30 0 33 33 0 31 31 0 32 32 0 34 34 0 33 33 0 32 32 0 35 35 0 33 33 0 34 34 0 36 36 1 35 35 0 34 34 0 39 39 1 38 38 0 37 37 1 40 40 0 38 38 0 39 39 1 41 41 0 40 40 0 39 39 1 42 42 0 40 40 0 41 41 0 23 43 0 42 42 0 41 41 0 43 44 0 42 42 0 23 43 0 44 45 0 43 44 0 23 43 0 47 47 0 46 46 0 45 19 0 48 25 0 46 46 0 47 47 0 49 20 0 48 25 0 47 47 0 50 22 0 48 25 0 49 20 0 51 21 0 50 22 0 49 20 0 52 23 0 50 22 0 51 21 0 55 47 0 54 46 0 53 19 0 56 25 0 54 46 0 55 47 0 57 20 0 56 25 0 55 47 0 58 22 0 56 25 0 57 20 0 59 21 0 58 22 0 57 20 0 34 23 0 58 22 0 59 21 0 34 34 0 39 39 1 36 36 1 41 41 0 39 39 1 34 34 0 32 32 0 41 41 0 34 34 0 23 43 0 41 41 0 32 32 0 30 30 0 23 43 0 32 32 0 60 48 1 23 43 0 30 30 0 63 51 1 62 50 1 61 49 1 64 52 1 62 50 1 63 51 1 9 9 0 64 52 1 63 51 1 65 53 1 64 52 1 9 9 0 66 54 0 65 53 1 9 9 0 69 57 0 68 56 0 67 55 0 70 58 0 68 56 0 69 57 0 71 59 0 70 58 0 69 57 0 72 60 0 70 58 0 71 59 0 74 47 0 73 46 0 19 19 0 25 25 0 73 46 0 74 47 0 20 20 0 25 25 0 74 47 0 22 22 0 25 25 0 20 20 0 2 2 0 6 6 0 4 4 0 75 61 0 6 6 0 2 2 0 15 15 0 75 61 0 2 2 0 14 14 0 75 61 0 15 15 0 56 25 0 34 23 0 54 46 0 76 24 0 34 23 0 56 25 0 77 26 0 76 24 0 56 25 0 78 62 0 76 24 0 77 26 0 22 22 0 27 27 0 25 25 0 79 62 0 27 27 0 22 22 0 24 24 0 79 62 0 22 22 0 26 26 0 79 62 0 24 24 0 80 27 0 58 22 0 78 62 0 56 25 0 58 22 0 80 27 0 77 26 0 56 25 0 80 27 0 66 54 0 75 61 0 14 14 0 7 7 0 75 61 0 66 54 0 9 9 0 7 7 0 66 54 0 40 65 0 44 64 0 38 63 0 43 66 0 44 64 0 40 65 0 42 67 0 43 66 0 40 65 0 31 70 0 81 69 0 29 68 0 35 71 0 81 69 0 31 70 0 33 72 0 35 71 0 31 70 0 76 24 0 58 22 0 34 23 0 78 62 0 58 22 0 76 24 0 37 74 1 44 64 0 82 73 1 38 63 0 44 64 0 37 74 1 81 76 0 36 36 1 83 75 1 35 35 0 36 36 1 81 76 0 44 45 0 60 48 1 82 77 1 23 43 0 60 48 1 44 45 0 28 73 1 81 69 0 83 74 1 29 68 0 81 69 0 28 73 1 72 60 0 84 78 0 70 58 0 85 79 0 84 78 0 72 60 0 25 25 0 23 23 0 73 46 0 79 82 0 26 81 0 27 80 0 63 51 1 11 11 1 9 9 0 19 85 0 20 84 0 74 83 0 19 88 0 73 87 0 21 86 0 6 6 0 75 61 0 7 7 0 3 3 0 5 5 0 1 1 0 18 18 0 17 17 0 16 16 0 53 19 0 59 21 0 57 20 0 53 88 0 54 87 0 59 86 0 53 85 0 57 84 0 55 83 0 48 24 0 50 22 0 52 23 0 48 25 0 52 23 0 46 46 0 45 19 0 51 21 0 49 20 0 45 88 0 46 87 0 51 86 0 45 85 0 49 84 0 47 83 0 14 10 0 13 11 1 86 12 1 78 82 0 77 81 0 80 80 0</p>
                </polylist>
            </mesh>
        </geometry>
        <geometry id="mesh11">
            <mesh>
                <source id="points11">
                    <float_array id="pointarray11" count="30">-75 6 40.00001525878906 77.5 3.5 40.00001525878906 -65 16 40.00001525878906 67.5 13.5 40.00001525878906 -67.5 24 60.00001525878906 70 24 60.00001525878906 80 14 60.00001525878906 -77.5 14 60.00001525878906 -75 6 40.00001525878906 77.5 3.5 40.00001525878906</float_array>
                    <technique_common>
                        <accessor count="10" source="#pointarray11" stride="3">
                            <param name="X" type="float"/>
                            <param name="Y" type="float"/>
                            <param name="Z" type="float"/>
                        </accessor>
                    </technique_common>
                </source>
                <source id="uvs11">
                    <float_array id="uvarray11" count="28">-0.0859379991889 0.078125 1.125 0.0976560115814209 -0.007813000120222569 0 1.046875 0.0195310115814209 -0.027343999594449997 0.703125 -0.007813000120222569 0.859375 1.046875 0.703125 1.046875 0.859375 1.0419150590896606 0.390625 -0.03230400010943413 0.390625 -0.012772999703884125 0.546875 1.046875 0.546875 1.046875 0.390625 -0.007813000120222569 0.546875</float_array>
                    <technique_common>
                        <accessor count="14" source="#uvarray11" stride="2">
                            <param name="S" type="float"/>
                            <param name="T" type="float"/>
                        </accessor>
                    </technique_common>
                </source>
                <source id="colors11">
                    <float_array id="colorarray11" count="8">1 1 1 1 0.5019607843137255 0.5019607843137255 0.5019607843137255 1</float_array>
                    <technique_common>
                        <accessor count="2" source="#colorarray11" stride="4">
                            <param name="R" type="float"/>
                            <param name="G" type="float"/>
                            <param name="B" type="float"/>
                            <param name="A" type="float"/>
                        </accessor>
                    </technique_common>
                </source>
                <vertices id="vertices11">
                    <input semantic="POSITION" source="#points11"/>
                </vertices>
                <polylist count="6" material="Material1">
                    <input offset="0" semantic="VERTEX" source="#vertices11"/>
                    <input offset="1" semantic="TEXCOORD" source="#uvs11" set="0"/>
                    <input offset="2" semantic="COLOR" source="#colors11" set="0"/>
                    <vcount>3 3 3 3 3 3</vcount>
                    <p>2 2 0 1 1 0 0 0 0 3 3 0 1 1 0 2 2 0 5 6 0 2 5 0 4 4 0 3 7 0 2 5 0 5 6 0 8 10 1 7 9 1 6 8 1 8 13 1 6 12 1 9 11 1</p>
                </polylist>
            </mesh>
        </geometry>
        <geometry id="mesh12">
            <mesh>
                <source id="points12">
                    <float_array id="pointarray12" count="216">-74.03742218017578 24 55.25001525878906 -76.46754455566406 21 50.00001525878906 -74.86883544921875 25.75 51.038639068603516 -74.41215515136719 24.75 46.73225021362305 -77.13431549072266 31.63649559020996 48.265403747558594 -71.53742218017578 29.13649559020996 46.13407516479492 -76.7674331665039 35.89237976074219 36.53832244873047 -72.11318969726562 35.89237976074219 36.53832244873047 -74.4403076171875 38.89237976074219 39.03832244873047 -72.48007202148438 31.63649559020996 48.265403747558594 -77.30719757080078 41.13180923461914 56.35691452026367 -79.63431549072266 39.13180923461914 58.85691452026367 -74.98007202148438 39.13180923461914 58.85691452026367 -71.53742218017578 29.13649559020996 51.13407516479492 -71.16268920898438 24.75 52.26778030395508 -68.54991149902344 25.75 46.662899017333984 -67.54617309570312 22 49.98958969116211 -71.53742218017578 20 44.75001525878906 -65 16 40.00001525878906 69.10730743408203 21 50.00001525878906 74.03742218017578 19 44.75001525878906 71.04991149902344 21.75 46.662899017333984 76.91215515136719 20.75 46.73225021362305 74.03742218017578 30.15867042541504 46.581825256347656 76.36454772949219 32.86082077026367 49.66022872924805 76.36454772949219 40.00812911987305 38.85799026489258 74.03742218017578 41.61054992675781 41.29979705810547 71.7103042602539 40.00812911987305 38.85799026489258 71.7103042602539 32.86082077026367 49.66022872924805 78.96754455566406 18 50.00001525878906 77.02493286132812 23.75 52.33713150024414 74.03742218017578 30.15867042541504 51.581825256347656 76.36454772949219 33.04278564453125 55.34908676147461 71.71029663085938 33.04278564453125 55.34908676147461 74.03742218017578 35.4642219543457 53.54164123535156 77.5 3.5 40.00001525878906 80 14 60.00001525878906 79.5 8.5 40.00001525878906 82 19 60.00001525878906 80 24 60.00001525878906 74.03742218017578 24 55.25001525878906 75 26 60.00001525878906 70 24 60.00001525878906 67.5 13.5 40.00001525878906 -77.5 14 60.00001525878906 -75 6 40.00001525878906 -79.5 19 60.00001525878906 -77 11 40.00001525878906 -75 16 40.00001525878906 -70 18 40.00001525878906 77.5 13.5 40.00001525878906 72.5 15.5 40.00001525878906 71.16268920898438 22.75 52.26778030395508 77.5 3.5 40.00001525878906 79.5 8.5 40.00001525878906 72.5 1.5 38.492740631103516 77.5 13.5 40.00001525878906 67.35448455810547 3.771728992462158 37.44908142089844 65.5 8.5 38.492740631103516 -77.5 24 60.00001525878906 -72.5 26 60.00001525878906 -67.5 24 60.00001525878906 -65 16 40.00001525878906 -70 18 40.00001525878906 -63 11 38.492740631103516 -75 16 40.00001525878906 -64.85448455810547 6.271728992462158 37.44908142089844 -70 4 38.492740631103516 -77 11 40.00001525878906 -75 6 40.00001525878906 72.5 15.5 40.00001525878906 67.5 13.5 40.00001525878906</float_array>
                    <technique_common>
                        <accessor count="72" source="#pointarray12" stride="3">
                            <param name="X" type="float"/>
                            <param name="Y" type="float"/>
                            <param name="Z" type="float"/>
                        </accessor>
                    </technique_common>
                </source>
                <source id="uvs12">
                    <float_array id="uvarray12" count="144">0.1527950018644333 1.6578119993209839 0.34477901458740234 1.625 0.08496300131082535 1.6314910054206848 0.1041719987988472 1.6045759916305542 -0.04305899888277054 1.6141589879989624 -0.15255099534988403 1.6008380055427551 -0.20649899542331696 1.5408639907836914 -0.37105101346969604 1.5408639907836914 -0.3948409855365753 1.5564889907836914 -0.20761199295520782 1.6141589879989624 -0.37265700101852417 1.6647310256958008 -0.21967099606990814 1.6803560256958008 -0.38422301411628723 1.6803560256958008 -0.15255099534988403 1.6320880055427551 -0.010714000090956688 1.639173984527588 -0.13844500482082367 1.6041430234909058 -0.005994999781250954 1.62493497133255 0.06440699845552444 1.5921880006790161 -0.06066000089049339 1.5625 0.1375879943370819 0.5 0.24118299782276154 0.5262500047683716 0.038332000374794006 0.5166859924793243 0.2809489965438843 0.5163390040397644 0.023440999910235405 0.5170910060405731 0.010181999765336514 0.5016990005970001 -0.2425130009651184 0.5557099878787994 -0.3814440071582794 0.5435009896755219 -0.4070659875869751 0.5557099878787994 -0.1543699949979782 0.5016990005970001 0.5215550065040588 0.5 0.2495809942483902 0.4883139729499817 0.023440999910235405 0.49209100008010864 0.003748999908566475 0.4732549786567688 -0.16080400347709656 0.4732549786567688 -0.16413800418376923 0.4822919964790344 0.9116119742393494 0.550000011920929 0.8232229948043823 0.44999998807907104 0.8055459856987 0.550000011920929 0.7171570062637329 0.44999998807907104 0.46966999769210815 0.44999998807907104 0.24118299782276154 0.4737499952316284 0.2221830040216446 0.44999998807907104 0.11611700057983398 0.44999998807907104 0.20450499653816223 0.550000011920929 0.7348350286483765 1.6875 0.6464470028877258 1.5625 0.6287689805030823 1.6875 0.5403810143470764 1.5625 0.2928929924964905 1.5625 0.045405998826026917 1.5625 0.5580580234527588 0.550000011920929 0.31057101488113403 0.550000011920929 0.077674001455307 0.488660991191864 -0.9050379991531372 0.3296470046043396 -0.9675390124320984 0.3608970046043396 -0.7487879991531372 0.31714701652526855 -0.9050379991531372 0.3921459913253784 -0.5879909992218018 0.3313450217247009 -0.5300379991531372 0.3608959913253784 0.3812820017337799 1.6875 0.13379399478435516 1.6875 0.027728000655770302 1.6875 0.004546999931335449 0.03800100088119507 0.16079699993133545 0.04581397771835327 -0.05795300006866455 0.01846998929977417 0.31704699993133545 0.03800100088119507 0 0 0.16079699993133545 -0.008874058723449707 0.37954699993133545 0.01846998929977417 0.31704699993133545 -0.0010609626770019531 -0.7487879991531372 0.40464597940444946 -0.5925379991531372 0.3921459913253784</float_array>
                    <technique_common>
                        <accessor count="72" source="#uvarray12" stride="2">
                            <param name="S" type="float"/>
                            <param name="T" type="float"/>
                        </accessor>
                    </technique_common>
                </source>
                <source id="colors12">
                    <float_array id="colorarray12" count="8">1 1 1 1 0.5019607843137255 0.5019607843137255 0.5019607843137255 1</float_array>
                    <technique_common>
                        <accessor count="2" source="#colorarray12" stride="4">
                            <param name="R" type="float"/>
                            <param name="G" type="float"/>
                            <param name="B" type="float"/>
                            <param name="A" type="float"/>
                        </accessor>
                    </technique_common>
                </source>
                <vertices id="vertices12">
                    <input semantic="POSITION" source="#points12"/>
                </vertices>
                <polylist count="100" material="Material1">
                    <input offset="0" semantic="VERTEX" source="#vertices12"/>
                    <input offset="1" semantic="TEXCOORD" source="#uvs12" set="0"/>
                    <input offset="2" semantic="COLOR" source="#colors12" set="0"/>
                    <vcount>3 3 3 3 3 3 3 3 3 3 3 3 3 3 3 3 3 3 3 3 3 3 3 3 3 3 3 3 3 3 3 3 3 3 3 3 3 3 3 3 3 3 3 3 3 3 3 3 3 3 3 3 3 3 3 3 3 3 3 3 3 3 3 3 3 3 3 3 3 3 3 3 3 3 3 3 3 3 3 3 3 3 3 3 3 3 3 3 3 3 3 3 3 3 3 3 3 3 3 3</vcount>
                    <p>2 2 0 1 1 0 0 0 0 3 3 0 1 1 0 2 2 0 4 4 0 3 3 0 2 2 0 5 5 0 3 3 0 4 4 0 6 6 0 5 5 0 4 4 0 7 7 0 5 5 0 6 6 0 8 8 0 7 7 0 6 6 0 9 9 0 7 7 0 8 8 0 4 4 0 9 9 0 8 8 0 10 10 0 9 9 0 4 4 0 11 11 0 10 10 0 4 4 0 12 12 0 10 10 0 11 11 0 13 13 0 12 12 0 11 11 0 9 9 0 12 12 0 13 13 0 14 14 0 9 9 0 13 13 0 15 15 0 9 9 0 14 14 0 16 16 0 15 15 0 14 14 0 17 17 0 15 15 0 16 16 0 18 18 1 17 17 0 16 16 0 21 21 0 20 20 0 19 19 0 22 22 0 20 20 0 21 21 0 23 23 0 22 22 0 21 21 0 24 24 0 22 22 0 23 23 0 25 25 0 24 24 0 23 23 0 26 26 0 24 24 0 25 25 0 27 27 0 26 26 0 25 25 0 28 28 0 26 26 0 27 27 0 23 23 0 28 28 0 27 27 0 21 21 0 28 28 0 23 23 0 22 22 0 29 29 0 20 20 0 30 30 0 29 29 0 22 22 0 24 24 0 30 30 0 22 22 0 31 31 0 30 30 0 24 24 0 32 32 0 31 31 0 24 24 0 33 33 0 31 31 0 32 32 0 34 34 0 33 33 0 32 32 0 28 28 0 33 33 0 34 34 0 24 24 0 28 28 0 34 34 0 26 26 0 28 28 0 24 24 0 37 37 1 36 36 1 35 35 1 38 38 1 36 36 1 37 37 1 29 29 0 38 38 1 37 37 1 39 39 1 38 38 1 29 29 0 40 40 0 39 39 1 29 29 0 41 41 1 39 39 1 40 40 0 19 19 0 41 41 1 40 40 0 42 42 1 41 41 1 19 19 0 43 43 1 42 42 1 19 19 0 46 46 1 45 45 1 44 44 1 47 47 1 45 45 1 46 46 1 1 1 0 47 47 1 46 46 1 48 48 1 47 47 1 1 1 0 17 17 0 48 48 1 1 1 0 49 49 1 48 48 1 17 17 0 18 18 1 49 49 1 17 17 0 50 50 1 29 29 0 37 37 1 20 20 0 29 29 0 50 50 1 51 51 1 20 20 0 50 50 1 19 19 0 20 20 0 51 51 1 43 43 1 19 19 0 51 51 1 30 30 0 40 40 0 29 29 0 52 52 0 40 40 0 30 30 0 31 31 0 52 52 0 30 30 0 28 28 0 52 52 0 31 31 0 33 33 0 28 28 0 31 31 0 55 55 0 54 54 0 53 53 0 56 56 0 54 54 0 55 55 0 57 57 0 56 56 0 55 55 0 58 58 0 56 56 0 57 57 0 59 59 1 1 1 0 46 46 1 0 0 0 1 1 0 59 59 1 60 60 1 0 0 0 59 59 1 61 61 1 0 0 0 60 60 1 64 64 0 63 63 0 62 62 0 65 65 0 63 63 0 64 64 0 66 66 0 65 65 0 64 64 0 67 67 0 65 65 0 66 66 0 3 3 0 17 17 0 1 1 0 15 15 0 17 17 0 3 3 0 5 5 0 15 15 0 3 3 0 52 52 0 19 19 0 40 40 0 21 21 0 19 19 0 52 52 0 28 28 0 21 21 0 52 52 0 67 67 0 68 68 0 65 65 0 69 69 0 68 68 0 67 67 0 9 9 0 5 5 0 7 7 0 15 15 0 5 5 0 9 9 0 4 4 0 13 13 0 11 11 0 2 2 0 13 13 0 4 4 0 2 2 0 14 14 0 13 13 0 0 0 0 14 14 0 2 2 0 0 0 0 16 16 0 14 14 0 61 61 1 16 16 0 0 0 0 58 58 0 70 70 0 56 56 0 71 71 0 70 70 0 58 58 0 34 34 0 32 32 0 24 24 0 27 27 0 25 25 0 23 23 0 4 4 0 8 8 0 6 6 0 9 9 0 10 10 0 12 12 0 18 18 1 16 16 0 61 61 1</p>
                </polylist>
            </mesh>
        </geometry>
        <geometry id="mesh13">
            <mesh>
                <source id="points13">
                    <float_array id="pointarray13" count="24">-75 -20 40.00001525878906 -75 6 40.00001525878906 -77.5 -20 60.00001525878906 -77.5 14 60.00001525878906 80 -20 60.00001525878906 80 14 60.00001525878906 77.5 -20 40.00001525878906 77.5 3.5 40.00001525878906</float_array>
                    <technique_common>
                        <accessor count="8" source="#pointarray13" stride="3">
                            <param name="X" type="float"/>
                            <param name="Y" type="float"/>
                            <param name="Z" type="float"/>
                        </accessor>
                    </technique_common>
                </source>
                <source id="uvs13">
                    <float_array id="uvarray13" count="2">0 1</float_array>
                    <technique_common>
                        <accessor count="1" source="#uvarray13" stride="2">
                            <param name="S" type="float"/>
                            <param name="T" type="float"/>
                        </accessor>
                    </technique_common>
                </source>
                <source id="colors13">
                    <float_array id="colorarray13" count="8">0 0 0 0.24313725490196078 0 0 0 0</float_array>
                    <technique_common>
                        <accessor count="2" source="#colorarray13" stride="4">
                            <param name="R" type="float"/>
                            <param name="G" type="float"/>
                            <param name="B" type="float"/>
                            <param name="A" type="float"/>
                        </accessor>
                    </technique_common>
                </source>
                <vertices id="vertices13">
                    <input semantic="POSITION" source="#points13"/>
                </vertices>
                <polylist count="4" material="Material1">
                    <input offset="0" semantic="VERTEX" source="#vertices13"/>
                    <input offset="1" semantic="TEXCOORD" source="#uvs13" set="0"/>
                    <input offset="2" semantic="COLOR" source="#colors13" set="0"/>
                    <vcount>3 3 3 3</vcount>
                    <p>2 0 0 1 0 1 0 0 0 3 0 1 1 0 1 2 0 0 6 0 0 5 0 1 4 0 0 7 0 1 5 0 1 6 0 0</p>
                </polylist>
            </mesh>
        </geometry>
        <geometry id="mesh14">
            <mesh>
                <source id="points14">
                    <float_array id="pointarray14" count="12">80 14 60.00001525878906 80 -20 60.00001525878906 -77.5 14 60.00001525878906 -77.5 -20 60.00001525878906</float_array>
                    <technique_common>
                        <accessor count="4" source="#pointarray14" stride="3">
                            <param name="X" type="float"/>
                            <param name="Y" type="float"/>
                            <param name="Z" type="float"/>
                        </accessor>
                    </technique_common>
                </source>
                <source id="uvs14">
                    <float_array id="uvarray14" count="2">0 1</float_array>
                    <technique_common>
                        <accessor count="1" source="#uvarray14" stride="2">
                            <param name="S" type="float"/>
                            <param name="T" type="float"/>
                        </accessor>
                    </technique_common>
                </source>
                <source id="colors14">
                    <float_array id="colorarray14" count="8">0 0 0 0 0 0 0 0.24313725490196078</float_array>
                    <technique_common>
                        <accessor count="2" source="#colorarray14" stride="4">
                            <param name="R" type="float"/>
                            <param name="G" type="float"/>
                            <param name="B" type="float"/>
                            <param name="A" type="float"/>
                        </accessor>
                    </technique_common>
                </source>
                <vertices id="vertices14">
                    <input semantic="POSITION" source="#points14"/>
                </vertices>
                <polylist count="2" material="Material1">
                    <input offset="0" semantic="VERTEX" source="#vertices14"/>
                    <input offset="1" semantic="TEXCOORD" source="#uvs14" set="0"/>
                    <input offset="2" semantic="COLOR" source="#colors14" set="0"/>
                    <vcount>3 3</vcount>
                    <p>2 0 0 1 0 1 0 0 0 3 0 1 1 0 1 2 0 0</p>
                </polylist>
            </mesh>
        </geometry>
        <geometry id="mesh15">
            <mesh>
                <source id="points15">
                    <float_array id="pointarray15" count="261">-49.81333541870117 51.61208724975586 66.00352478027344 -41.570980072021484 46.24475860595703 61.818626403808594 -42.45661926269531 43.19805908203125 64.57209777832031 -28.25484275817871 43.28422927856445 65.47045135498047 -27.621559143066406 39.63597106933594 65.3171615600586 -26.735919952392578 42.68266677856445 62.56369400024414 -39.475341796875 41.764156341552734 61.173004150390625 -41.548309326171875 39.836021423339844 58.08064651489258 -48.548255920410156 41.46387481689453 57.56222915649414 -46.94296646118164 37.99532699584961 53.93584060668945 -53.53208923339844 39.84012222290039 57.92289352416992 -60.28063201904297 41.2947883605957 54.06966781616211 -60.655704498291016 39.39883041381836 58.13344192504883 -60.67283248901367 34.90659713745117 59.97473907470703 -48.4034538269043 32.92057418823242 59.71330642700195 -50.15556335449219 39.13666915893555 61.06263732910156 -46.824222564697266 43.7506217956543 61.105133056640625 -53.590457916259766 52.574119567871094 63.75962448120117 -54.476097106933594 49.52742385864258 66.51309204101562 59.84706497192383 37.08393859863281 61.29642105102539 57.77302551269531 41.31266784667969 61.29642105102539 16.33333396911621 32.05687713623047 55.59270477294922 47.46002960205078 39.37211990356445 60.87191390991211 16.33333396911621 34.279048919677734 58.958335876464844 42.686424255371094 38.213218688964844 62.18709182739258 48.40412902832031 37.848175048828125 64.31395721435547 51.3298225402832 45.32676696777344 67.77935028076172 54.86349868774414 44.3975944519043 64.71826934814453 -60.25 13.672643661499023 59.145835876464844 -60 19.19924545288086 64.39583587646484 -27.839372634887695 13.672643661499023 63.958335876464844 -60 35.779048919677734 58.958335876464844 -20.312694549560547 34.62879943847656 58.958335876464844 -57 38.779048919677734 50.208335876464844 -16.33333396911621 32.779048919677734 44.083335876464844 -57 34.279048919677734 42.208335876464844 -16.33333396911621 13.672643661499023 40.208335876464844 62.75 13.672643661499023 45.020835876464844 63.75 18.44924545288086 39.020835876464844 16.33333396911621 13.672643661499023 40.208335876464844 57 32.779048919677734 42.208335876464844 16.33333396911621 32.779048919677734 44.083335876464844 57 37.279048919677734 50.208335876464844 57 34.279048919677734 58.958335876464844 60 18.82424545288086 64.39583587646484 53.9897575378418 34.54745101928711 40.13035583496094 11.306325912475586 31.45700454711914 47.249229431152344 51.84812545776367 40.099220275878906 39.704063415527344 42.613494873046875 38.24291229248047 40.918880462646484 51.448944091796875 35.64192581176758 36.852420806884766 41.37769317626953 34.64762496948242 38.86082077026367 10.991120338439941 28.302770614624023 44.997467041015625 10.863158226013184 32.779048919677734 44.083335876464844 -57.39642333984375 43.935001373291016 43.62025451660156 -17.722606658935547 28.890419006347656 44.32497787475586 -54.680660247802734 45.526424407958984 39.291526794433594 -46.07966613769531 42.45195770263672 40.60271453857422 -53.933753967285156 47.61703872680664 43.62025451660156 -44.6418342590332 43.74071502685547 44.04475784301758 -17.100187301635742 30.632596969604492 47.44896697998047 16.33333396911621 13.672643661499023 63.958335876464844 -62.86835861206055 35.27426528930664 48.57595443725586 -36.23047637939453 27.441736221313477 48.52721405029297 -61.85067367553711 39.642120361328125 50.14156723022461 -33.87428283691406 32.061344146728516 50.1030387878418 -32.279239654541016 34.06253433227539 54.0452766418457 -38.85066604614258 35.193912506103516 58.109580993652344 -62.86835861206055 35.27426528930664 48.57595443725586 -61.85067367553711 39.642120361328125 50.14156723022461 -64.31739807128906 31.483522415161133 50.559261322021484 -60.28063201904297 41.2947883605957 54.06966781616211 -64.31739807128906 29.929494857788086 54.93610763549805 -62.80862808227539 31.080686569213867 58.55878829956055 16.33333396911621 30.25324249267578 58.716697692871094 57.77302551269531 39.1483039855957 65.6251449584961 -43.141910552978516 36.0748291015625 60.394535064697266 -40.430816650390625 41.69467544555664 42.729583740234375 -46.324867248535156 50.2436408996582 37.13732147216797 -45.16067123413086 51.47938919067383 41.09602737426758 50.631744384765625 46.746395111083984 63.820648193359375 -50.05878448486328 50.03207015991211 40.198402404785156 -63.75 18.82424545288086 39.020835876464844 60.25 13.672643661499023 59.145835876464844 -62.75 13.672643661499023 45.020835876464844 -60.655704498291016 39.39883041381836 58.13344192504883 -60.67283248901367 34.90659713745117 59.97473907470703 -62.80862808227539 31.080686569213867 58.55878829956055</float_array>
                    <technique_common>
                        <accessor count="87" source="#pointarray15" stride="3">
                            <param name="X" type="float"/>
                            <param name="Y" type="float"/>
                            <param name="Z" type="float"/>
                        </accessor>
                    </technique_common>
                </source>
                <source id="uvs15">
                    <float_array id="uvarray15" count="178">0.41150999069213867 0.35095900297164917 0.45961201190948486 0.2995460033416748 0.41495999693870544 0.29853397607803345 0.40303200483322144 0.23921602964401245 0.40835699439048767 0.23224502801895142 0.5063940286636353 0.23224502801895142 0.4803360104560852 0.2867509722709656 0.5976539850234985 0.2887510061264038 0.6485679745674133 0.31339097023010254 0.7596909999847412 0.3003680109977722 0.6453109979629517 0.326462984085083 0.7814379930496216 0.35007399320602417 0.6339899897575378 0.35007399320602417 0.5707989931106567 0.35007399320602417 0.5528889894485474 0.3009589910507202 0.5244560241699219 0.31695497035980225 0.49630001187324524 0.3116750121116638 0.500361979007721 0.3625109791755676 0.40232500433921814 0.3625109791755676 0.4093030095100403 0.6488609910011292 0.41961100697517395 0.6577990055084229 0.6275010108947754 0.6015239953994751 0.5050899982452393 0.6366330087184906 0.602429986000061 0.6458640098571777 0.5420029759407043 0.6745179891586304 0.48040398955345154 0.6988840103149414 0.45521798729896545 0.6889240145683289 0.44479700922966003 0.6615340113639832 0.41496801376342773 0.026574015617370605 0.4133099913597107 0.1452620029449463 0.5983030200004578 0.10556602478027344 0.398048996925354 0.5260420143604279 0.5927129983901978 0.5260420143604279 0.398048996925354 0.7447920143604279 0.5983030200004578 0.8718789964914322 0.3975830078125 0.9507840014994144 0.5967220067977905 1.264820009469986 0.9965800046920776 1.3925420045852661 0.9950000047683716 1.198293998837471 0.8037629723548889 1.273730993270874 0.9981610178947449 0.9665829986333847 0.8053439855575562 0.8741199970245361 1.0060629844665527 0.7240090072154999 0.805429995059967 0.5260420143604279 1.0044829845428467 0.5246089994907379 1.006140947341919 0.1452620029449463 0.6275010108947754 0.6915119886398315 0.41526898741722107 0.7113339900970459 0.8100849986076355 0.10293298959732056 0.9920780062675476 0.35007399320602417 0.9394180178642273 0.25066202878952026 0.9288859963417053 0.35007399320602417 0.876226007938385 0.25066202878952026 0.7287780046463013 0.25066202878952026 0.5926510095596313 0.27427202463150024 0.08353699743747711 1.1730200052261353 0.10698600113391876 1.1559869945049286 0.06033499911427498 1.146468997001648 0.11507999897003174 1.1082990020513535 0.049341000616550446 1.0915160030126572 0.055546000599861145 1.0475150011479855 0.5171939730644226 0.28968697786331177 0.47606098651885986 0.6677590012550354 0.10621500015258789 0.9533619992434978 0.11012200266122818 0.31898701190948486 0.255484014749527 0.8736750036478043 0.271109014749527 0.454925000667572 0.302359014749527 0.673675000667572 0.11402799934148788 0.31898701190948486 0.11012200266122818 0.9533619992434978 0.286734014749527 0.454925000667572 0.271109014749527 0.8736750036478043 0.317984014749527 0.673675000667572 0.05645899847149849 0.450236976146698 0.05645899847149849 0.8033619970083237 0.3944219946861267 1.3539279997348785 0.39916399121284485 1.2191500067710876 1.0029020309448242 0.02051001787185669 0.10219699889421463 1.057032998651266 0.07669500261545181 1.0316580012440681 0.04015500098466873 0.2781509757041931 0.028342999517917633 0.36268502473831177 0.07122699916362762 0.33695197105407715 0.10468599945306778 1.1794500052928925 0.10468599945306778 1.0360529981553555 0.04409800097346306 1.0920870006084442 0.4840579926967621 0.5949810147285461 0.4840579926967621 0.6991139948368073 0.22687800228595734 0.5898459851741791</float_array>
                    <technique_common>
                        <accessor count="89" source="#uvarray15" stride="2">
                            <param name="S" type="float"/>
                            <param name="T" type="float"/>
                        </accessor>
                    </technique_common>
                </source>
                <source id="colors15">
                    <float_array id="colorarray15" count="8">1 1 1 1 0.5019607843137255 0.5019607843137255 0.5019607843137255 1</float_array>
                    <technique_common>
                        <accessor count="2" source="#colorarray15" stride="4">
                            <param name="R" type="float"/>
                            <param name="G" type="float"/>
                            <param name="B" type="float"/>
                            <param name="A" type="float"/>
                        </accessor>
                    </technique_common>
                </source>
                <vertices id="vertices15">
                    <input semantic="POSITION" source="#points15"/>
                </vertices>
                <polylist count="130" material="Material1">
                    <input offset="0" semantic="VERTEX" source="#vertices15"/>
                    <input offset="1" semantic="TEXCOORD" source="#uvs15" set="0"/>
                    <input offset="2" semantic="COLOR" source="#colors15" set="0"/>
                    <vcount>3 3 3 3 3 3 3 3 3 3 3 3 3 3 3 3 3 3 3 3 3 3 3 3 3 3 3 3 3 3 3 3 3 3 3 3 3 3 3 3 3 3 3 3 3 3 3 3 3 3 3 3 3 3 3 3 3 3 3 3 3 3 3 3 3 3 3 3 3 3 3 3 3 3 3 3 3 3 3 3 3 3 3 3 3 3 3 3 3 3 3 3 3 3 3 3 3 3 3 3 3 3 3 3 3 3 3 3 3 3 3 3 3 3 3 3 3 3 3 3 3 3 3 3 3 3 3 3 3 3</vcount>
                    <p>2 2 0 1 1 0 0 0 0 3 3 0 1 1 0 2 2 0 4 4 0 3 3 0 2 2 0 5 5 0 3 3 0 4 4 0 6 6 0 5 5 0 4 4 0 1 1 0 5 5 0 6 6 0 7 7 0 1 1 0 6 6 0 8 8 0 1 1 0 7 7 0 9 9 0 8 8 0 7 7 0 10 10 0 8 8 0 9 9 0 11 11 1 10 10 0 9 9 0 12 12 1 10 10 0 11 11 1 14 14 0 12 12 1 13 13 1 10 10 0 12 12 1 14 14 0 15 15 0 10 10 0 14 14 0 8 8 0 10 10 0 15 15 0 16 16 0 8 8 0 15 15 0 1 1 0 8 8 0 16 16 0 17 17 0 1 1 0 16 16 0 0 0 0 1 1 0 17 17 0 18 18 0 0 0 0 17 17 0 2 2 0 0 0 0 18 18 0 16 16 0 2 2 0 18 18 0 15 15 0 2 2 0 16 16 0 21 21 0 20 20 0 19 19 0 22 22 0 20 20 0 21 21 0 23 23 0 22 22 0 21 21 0 24 24 0 22 22 0 23 23 0 25 25 0 24 24 0 23 23 0 26 26 0 24 24 0 25 25 0 27 27 0 26 26 0 25 25 0 30 30 0 29 29 0 28 28 1 31 31 0 29 29 0 30 30 0 32 32 0 31 31 0 30 30 0 33 33 0 31 31 0 32 32 0 34 34 0 33 33 0 32 32 0 35 35 0 33 33 0 34 34 0 36 36 1 35 35 0 34 34 0 39 39 1 38 38 0 37 37 1 40 40 0 38 38 0 39 39 1 41 41 0 40 40 0 39 39 1 42 42 0 40 40 0 41 41 0 23 43 0 42 42 0 41 41 0 43 44 0 42 42 0 23 43 0 44 45 0 43 44 0 23 43 0 47 47 0 46 46 0 45 19 0 48 25 0 46 46 0 47 47 0 49 20 0 48 25 0 47 47 0 50 22 0 48 25 0 49 20 0 51 21 0 50 22 0 49 20 0 52 23 0 50 22 0 51 21 0 55 47 0 54 46 0 53 19 0 56 25 0 54 46 0 55 47 0 57 20 0 56 25 0 55 47 0 58 22 0 56 25 0 57 20 0 59 21 0 58 22 0 57 20 0 34 23 0 58 22 0 59 21 0 34 34 0 39 39 1 36 36 1 41 41 0 39 39 1 34 34 0 32 32 0 41 41 0 34 34 0 23 43 0 41 41 0 32 32 0 30 30 0 23 43 0 32 32 0 60 48 1 23 43 0 30 30 0 63 51 1 62 50 1 61 49 1 64 52 1 62 50 1 63 51 1 9 9 0 64 52 1 63 51 1 65 53 1 64 52 1 9 9 0 66 54 0 65 53 1 9 9 0 69 57 0 68 56 0 67 55 0 70 58 0 68 56 0 69 57 0 71 59 0 70 58 0 69 57 0 72 60 0 70 58 0 71 59 0 74 47 0 73 46 0 19 19 0 25 25 0 73 46 0 74 47 0 20 20 0 25 25 0 74 47 0 22 22 0 25 25 0 20 20 0 2 2 0 6 6 0 4 4 0 75 61 0 6 6 0 2 2 0 15 15 0 75 61 0 2 2 0 14 14 0 75 61 0 15 15 0 56 25 0 34 23 0 54 46 0 76 24 0 34 23 0 56 25 0 77 26 0 76 24 0 56 25 0 78 62 0 76 24 0 77 26 0 22 22 0 27 27 0 25 25 0 79 62 0 27 27 0 22 22 0 24 24 0 79 62 0 22 22 0 26 26 0 79 62 0 24 24 0 80 27 0 58 22 0 78 62 0 56 25 0 58 22 0 80 27 0 77 26 0 56 25 0 80 27 0 66 54 0 75 61 0 14 14 0 7 7 0 75 61 0 66 54 0 9 9 0 7 7 0 66 54 0 40 65 0 44 64 0 38 63 0 43 66 0 44 64 0 40 65 0 42 67 0 43 66 0 40 65 0 31 70 0 81 69 0 29 68 0 35 71 0 81 69 0 31 70 0 33 72 0 35 71 0 31 70 0 76 24 0 58 22 0 34 23 0 78 62 0 58 22 0 76 24 0 37 74 1 44 64 0 82 73 1 38 63 0 44 64 0 37 74 1 81 76 0 36 36 1 83 75 1 35 35 0 36 36 1 81 76 0 44 45 0 60 48 1 82 77 1 23 43 0 60 48 1 44 45 0 28 73 1 81 69 0 83 74 1 29 68 0 81 69 0 28 73 1 72 60 0 84 78 0 70 58 0 85 79 0 84 78 0 72 60 0 25 25 0 23 23 0 73 46 0 79 82 0 26 81 0 27 80 0 63 51 1 11 11 1 9 9 0 19 85 0 20 84 0 74 83 0 19 88 0 73 87 0 21 86 0 6 6 0 75 61 0 7 7 0 3 3 0 5 5 0 1 1 0 18 18 0 17 17 0 16 16 0 53 19 0 59 21 0 57 20 0 53 88 0 54 87 0 59 86 0 53 85 0 57 84 0 55 83 0 48 24 0 50 22 0 52 23 0 48 25 0 52 23 0 46 46 0 45 19 0 51 21 0 49 20 0 45 88 0 46 87 0 51 86 0 45 85 0 49 84 0 47 83 0 14 10 0 13 11 1 86 12 1 78 82 0 77 81 0 80 80 0</p>
                </polylist>
            </mesh>
        </geometry>
        <geometry id="mesh16">
            <mesh>
                <source id="points16">
                    <float_array id="pointarray16" count="30">-80 22 80.00001525878906 -77.5 14 60.00001525878906 77.5 22 80.00001525878906 80 14 60.00001525878906 -77.5 14 60.00001525878906 80 14 60.00001525878906 -67.5 24 60.00001525878906 70 24 60.00001525878906 -70 32 80.00001525878906 67.5 32 80.00001525878906</float_array>
                    <technique_common>
                        <accessor count="10" source="#pointarray16" stride="3">
                            <param name="X" type="float"/>
                            <param name="Y" type="float"/>
                            <param name="Z" type="float"/>
                        </accessor>
                    </technique_common>
                </source>
                <source id="uvs16">
                    <float_array id="uvarray16" count="24">-0.05183500051498413 0.234375 -0.03230400010943413 0.390625 1.0223829746246338 0.234375 1.0419150590896606 0.390625 -0.1054690033197403 0.078125 1.125 0.078125 -0.027343999594449997 0 1.046875 0 -0.046875 0.546875 -0.027343999594449997 0.703125 1.027343988418579 0.546875 1.046875 0.703125</float_array>
                    <technique_common>
                        <accessor count="12" source="#uvarray16" stride="2">
                            <param name="S" type="float"/>
                            <param name="T" type="float"/>
                        </accessor>
                    </technique_common>
                </source>
                <source id="colors16">
                    <float_array id="colorarray16" count="8">0.5019607843137255 0.5019607843137255 0.5019607843137255 1 1 1 1 1</float_array>
                    <technique_common>
                        <accessor count="2" source="#colorarray16" stride="4">
                            <param name="R" type="float"/>
                            <param name="G" type="float"/>
                            <param name="B" type="float"/>
                            <param name="A" type="float"/>
                        </accessor>
                    </technique_common>
                </source>
                <vertices id="vertices16">
                    <input semantic="POSITION" source="#points16"/>
                </vertices>
                <polylist count="6" material="Material1">
                    <input offset="0" semantic="VERTEX" source="#vertices16"/>
                    <input offset="1" semantic="TEXCOORD" source="#uvs16" set="0"/>
                    <input offset="2" semantic="COLOR" source="#colors16" set="0"/>
                    <vcount>3 3 3 3 3 3</vcount>
                    <p>2 2 0 1 1 0 0 0 0 3 3 0 1 1 0 2 2 0 6 6 1 5 5 1 4 4 1 7 7 1 5 5 1 6 6 1 9 10 1 6 9 1 8 8 1 7 11 1 6 9 1 9 10 1</p>
                </polylist>
            </mesh>
        </geometry>
        <geometry id="mesh17">
            <mesh>
                <source id="points17">
                    <float_array id="pointarray17" count="216">-76.53742218017578 32 75.25001525878906 -76.46754455566406 28 70.00001525878906 -74.52493286132812 33.75 72.3371353149414 -74.41215515136719 32.75 66.73224639892578 -73.86454772949219 39.5 68.00001525878906 -71.53742218017578 37 65.50001525878906 -74.83685302734375 40.78751754760742 55.53658676147461 -70.18260955810547 40.78751754760742 55.53658676147461 -72.50973510742188 43.78751754760742 58.03658676147461 -69.2103042602539 39.5 68.00001525878906 -69.72795867919922 47.44318389892578 76.19064331054688 -72.18852996826172 45.44318389892578 78.88391876220703 -67.5342788696289 45.44318389892578 78.88391876220703 -71.53742218017578 37 70.50001525878906 -70.81648254394531 32.75 71.99589538574219 -70.70370483398438 33.75 66.39100646972656 -69.66252899169922 29 69.6426773071289 -71.53742218017578 28 64.75001525878906 -67.5 24 60.00001525878906 70.90123748779297 29 69.58609008789062 76.53742218017578 28 64.75001525878906 73.54991149902344 33.75 66.66289520263672 77.19459533691406 32.75 67.73445129394531 76.53742218017578 37.74458694458008 66.59793090820312 79.58173370361328 40.687557220458984 71.53742980957031 78.86454772949219 42 59.00001525878906 76.53742218017578 44.78484344482422 60.36122512817383 74.2103042602539 42 59.00001525878906 74.927490234375 40.687557220458984 71.53742980957031 77.70275115966797 29 70.24446105957031 75.79202270507812 35.184288024902344 73.0379409790039 76.18290710449219 38.59667205810547 74.34548950195312 82.08173370361328 46.10445022583008 79.80801391601562 77.427490234375 46.10445022583008 79.80801391601562 79.04765319824219 48.10445022583008 77.1268539428711 80 14 60.00001525878906 77.5 22 80.00001525878906 82 19 60.00001525878906 79.5 27 80.00001525878906 77.5 32 80.00001525878906 74.03742218017578 32 75.25001525878906 72.5 34 80.00001525878906 67.5 32 80.00001525878906 70 24 60.00001525878906 -80 22 80.00001525878906 -77.5 14 60.00001525878906 -82 27 80.00001525878906 -79.5 19 60.00001525878906 -77.5 24 60.00001525878906 -72.5 26 60.00001525878906 80 24 60.00001525878906 75 26 60.00001525878906 72.73075866699219 34.184288024902344 72.48014831542969 80 14 60.00001525878906 82 19 60.00001525878906 75 12 58.492740631103516 80 24 60.00001525878906 69.85448455810547 14.271729469299316 57.44908142089844 68 19 58.492740631103516 -80 32 80.00001525878906 -75 34 80.00001525878906 -70 32 80.00001525878906 -67.5 24 60.00001525878906 -72.5 26 60.00001525878906 -65.5 19 58.492740631103516 -77.5 24 60.00001525878906 -67.35448455810547 14.271729469299316 57.44908142089844 -72.5 12 58.492740631103516 -79.5 19 60.00001525878906 -77.5 14 60.00001525878906 75 26 60.00001525878906 70 24 60.00001525878906</float_array>
                    <technique_common>
                        <accessor count="72" source="#pointarray17" stride="3">
                            <param name="X" type="float"/>
                            <param name="Y" type="float"/>
                            <param name="Z" type="float"/>
                        </accessor>
                    </technique_common>
                </source>
                <source id="uvs17">
                    <float_array id="uvarray17" count="144">0.24118299782276154 1.7828119993209839 0.34477901458740234 1.75 0.07280399650335312 1.764607012271881 0.1041719987988472 1.7295759916305542 -0.15383699536323547 1.737500011920929 -0.14772500097751617 1.721875011920929 -0.16498200595378876 1.659604012966156 -0.32953399419784546 1.659604012966156 -0.3533239960670471 1.675229012966156 -0.31839001178741455 1.737500011920929 -0.58092200756073 1.788690984249115 -0.4232169985771179 1.8055239915847778 -0.5877689719200134 1.8055239915847778 -0.14772500097751617 1.753125011920929 -0.022954000160098076 1.762474000453949 -0.06229700148105621 1.7274439930915833 0.06882999837398529 1.7477669715881348 0.06440699845552444 1.7171880006790161 0.027728000655770302 1.6875 0.11262500286102295 0.40206998586654663 0.24118299782276154 0.42624998092651367 0.038332000374794006 0.4166859984397888 0.20254600048065186 0.4113280177116394 0.0027260000351816416 0.41701000928878784 0.006308999843895435 0.39231300354003906 -0.06544899940490723 0.45499998331069946 -0.24618400633335114 0.4481940269470215 -0.2300020009279251 0.45499998331069946 -0.15824300050735474 0.39231300354003906 0.3884499967098236 0.3987780213356018 0.10224799811840057 0.3848099708557129 -0.03993399813771248 0.37827301025390625 -0.09681899845600128 0.35096001625061035 -0.261370986700058 0.35096001625061035 -0.27480000257492065 0.36436599493026733 0.8232229948043823 0.44999998807907104 0.7348350286483765 0.3500000238418579 0.7171570062637329 0.44999998807907104 0.6287689805030823 0.3500000238418579 0.3812820017337799 0.3500000238418579 0.1527950018644333 0.3737499713897705 0.13379399478435516 0.3500000238418579 0.027728000655770302 0.3500000238418579 0.11611700057983398 0.44999998807907104 0.8232229948043823 1.8125 0.7348350286483765 1.6875 0.7171570062637329 1.8125 0.6287689805030823 1.6875 0.3812820017337799 1.6875 0.13379399478435516 1.6875 0.46966999769210815 0.44999998807907104 0.2221830040216446 0.44999998807907104 0.029371000826358795 0.38759899139404297 -0.9050379991531372 0.3452720046043396 -0.9675390124320984 0.3765220046043396 -0.7487879991531372 0.33277201652526855 -0.9050379991531372 0.4077709913253784 -0.5879909992218018 0.3469700217247009 -0.5300379991531372 0.3765209913253784 0.46966999769210815 1.8125 0.2221830040216446 1.8125 0.11611700057983398 1.8125 0.08267199993133545 0.03800100088119507 0.23892199993133545 0.04581397771835327 0.02017199993133545 0.01846998929977417 0.39517199993133545 0.03800100088119507 0.078125 0 0.23892199993133545 -0.008874058723449707 0.45767199993133545 0.01846998929977417 0.39517199993133545 -0.0010609626770019531 -0.7487879991531372 0.42027097940444946 -0.5925379991531372 0.4077709913253784</float_array>
                    <technique_common>
                        <accessor count="72" source="#uvarray17" stride="2">
                            <param name="S" type="float"/>
                            <param name="T" type="float"/>
                        </accessor>
                    </technique_common>
                </source>
                <source id="colors17">
                    <float_array id="colorarray17" count="8">1 1 1 1 0.5019607843137255 0.5019607843137255 0.5019607843137255 1</float_array>
                    <technique_common>
                        <accessor count="2" source="#colorarray17" stride="4">
                            <param name="R" type="float"/>
                            <param name="G" type="float"/>
                            <param name="B" type="float"/>
                            <param name="A" type="float"/>
                        </accessor>
                    </technique_common>
                </source>
                <vertices id="vertices17">
                    <input semantic="POSITION" source="#points17"/>
                </vertices>
                <polylist count="100" material="Material1">
                    <input offset="0" semantic="VERTEX" source="#vertices17"/>
                    <input offset="1" semantic="TEXCOORD" source="#uvs17" set="0"/>
                    <input offset="2" semantic="COLOR" source="#colors17" set="0"/>
                    <vcount>3 3 3 3 3 3 3 3 3 3 3 3 3 3 3 3 3 3 3 3 3 3 3 3 3 3 3 3 3 3 3 3 3 3 3 3 3 3 3 3 3 3 3 3 3 3 3 3 3 3 3 3 3 3 3 3 3 3 3 3 3 3 3 3 3 3 3 3 3 3 3 3 3 3 3 3 3 3 3 3 3 3 3 3 3 3 3 3 3 3 3 3 3 3 3 3 3 3 3 3</vcount>
                    <p>2 2 0 1 1 0 0 0 0 3 3 0 1 1 0 2 2 0 4 4 0 3 3 0 2 2 0 5 5 0 3 3 0 4 4 0 6 6 0 5 5 0 4 4 0 7 7 0 5 5 0 6 6 0 8 8 0 7 7 0 6 6 0 9 9 0 7 7 0 8 8 0 4 4 0 9 9 0 8 8 0 10 10 0 9 9 0 4 4 0 11 11 0 10 10 0 4 4 0 12 12 0 10 10 0 11 11 0 13 13 0 12 12 0 11 11 0 9 9 0 12 12 0 13 13 0 14 14 0 9 9 0 13 13 0 15 15 0 9 9 0 14 14 0 16 16 0 15 15 0 14 14 0 17 17 0 15 15 0 16 16 0 18 18 1 17 17 0 16 16 0 21 21 0 20 20 0 19 19 0 22 22 0 20 20 0 21 21 0 23 23 0 22 22 0 21 21 0 24 24 0 22 22 0 23 23 0 25 25 0 24 24 0 23 23 0 26 26 0 24 24 0 25 25 0 27 27 0 26 26 0 25 25 0 28 28 0 26 26 0 27 27 0 23 23 0 28 28 0 27 27 0 21 21 0 28 28 0 23 23 0 22 22 0 29 29 0 20 20 0 30 30 0 29 29 0 22 22 0 24 24 0 30 30 0 22 22 0 31 31 0 30 30 0 24 24 0 32 32 0 31 31 0 24 24 0 33 33 0 31 31 0 32 32 0 34 34 0 33 33 0 32 32 0 28 28 0 33 33 0 34 34 0 24 24 0 28 28 0 34 34 0 26 26 0 28 28 0 24 24 0 37 37 1 36 36 1 35 35 1 38 38 1 36 36 1 37 37 1 29 29 0 38 38 1 37 37 1 39 39 1 38 38 1 29 29 0 40 40 0 39 39 1 29 29 0 41 41 1 39 39 1 40 40 0 19 19 0 41 41 1 40 40 0 42 42 1 41 41 1 19 19 0 43 43 1 42 42 1 19 19 0 46 46 1 45 45 1 44 44 1 47 47 1 45 45 1 46 46 1 1 1 0 47 47 1 46 46 1 48 48 1 47 47 1 1 1 0 17 17 0 48 48 1 1 1 0 49 49 1 48 48 1 17 17 0 18 18 1 49 49 1 17 17 0 50 50 1 29 29 0 37 37 1 20 20 0 29 29 0 50 50 1 51 51 1 20 20 0 50 50 1 19 19 0 20 20 0 51 51 1 43 43 1 19 19 0 51 51 1 30 30 0 40 40 0 29 29 0 52 52 0 40 40 0 30 30 0 31 31 0 52 52 0 30 30 0 28 28 0 52 52 0 31 31 0 33 33 0 28 28 0 31 31 0 55 55 0 54 54 0 53 53 0 56 56 0 54 54 0 55 55 0 57 57 0 56 56 0 55 55 0 58 58 0 56 56 0 57 57 0 59 59 1 1 1 0 46 46 1 0 0 0 1 1 0 59 59 1 60 60 1 0 0 0 59 59 1 61 61 1 0 0 0 60 60 1 64 64 0 63 63 0 62 62 0 65 65 0 63 63 0 64 64 0 66 66 0 65 65 0 64 64 0 67 67 0 65 65 0 66 66 0 3 3 0 17 17 0 1 1 0 15 15 0 17 17 0 3 3 0 5 5 0 15 15 0 3 3 0 52 52 0 19 19 0 40 40 0 21 21 0 19 19 0 52 52 0 28 28 0 21 21 0 52 52 0 67 67 0 68 68 0 65 65 0 69 69 0 68 68 0 67 67 0 9 9 0 5 5 0 7 7 0 15 15 0 5 5 0 9 9 0 4 4 0 13 13 0 11 11 0 2 2 0 13 13 0 4 4 0 2 2 0 14 14 0 13 13 0 0 0 0 14 14 0 2 2 0 0 0 0 16 16 0 14 14 0 61 61 1 16 16 0 0 0 0 58 58 0 70 70 0 56 56 0 71 71 0 70 70 0 58 58 0 34 34 0 32 32 0 24 24 0 27 27 0 25 25 0 23 23 0 4 4 0 8 8 0 6 6 0 9 9 0 10 10 0 12 12 0 18 18 1 16 16 0 61 61 1</p>
                </polylist>
            </mesh>
        </geometry>
        <geometry id="mesh18">
            <mesh>
                <source id="points18">
                    <float_array id="pointarray18" count="24">-77.5 -20 60.00001525878906 -77.5 14 60.00001525878906 -80 -20 80.00001525878906 -80 22 80.00001525878906 77.5 -20 80.00001525878906 77.5 22 80.00001525878906 80 -20 60.00001525878906 80 14 60.00001525878906</float_array>
                    <technique_common>
                        <accessor count="8" source="#pointarray18" stride="3">
                            <param name="X" type="float"/>
                            <param name="Y" type="float"/>
                            <param name="Z" type="float"/>
                        </accessor>
                    </technique_common>
                </source>
                <source id="uvs18">
                    <float_array id="uvarray18" count="2">0 1</float_array>
                    <technique_common>
                        <accessor count="1" source="#uvarray18" stride="2">
                            <param name="S" type="float"/>
                            <param name="T" type="float"/>
                        </accessor>
                    </technique_common>
                </source>
                <source id="colors18">
                    <float_array id="colorarray18" count="8">0 0 0 0.24313725490196078 0 0 0 0</float_array>
                    <technique_common>
                        <accessor count="2" source="#colorarray18" stride="4">
                            <param name="R" type="float"/>
                            <param name="G" type="float"/>
                            <param name="B" type="float"/>
                            <param name="A" type="float"/>
                        </accessor>
                    </technique_common>
                </source>
                <vertices id="vertices18">
                    <input semantic="POSITION" source="#points18"/>
                </vertices>
                <polylist count="4" material="Material1">
                    <input offset="0" semantic="VERTEX" source="#vertices18"/>
                    <input offset="1" semantic="TEXCOORD" source="#uvs18" set="0"/>
                    <input offset="2" semantic="COLOR" source="#colors18" set="0"/>
                    <vcount>3 3 3 3</vcount>
                    <p>2 0 0 1 0 1 0 0 0 3 0 1 1 0 1 2 0 0 6 0 0 5 0 1 4 0 0 7 0 1 5 0 1 6 0 0</p>
                </polylist>
            </mesh>
        </geometry>
        <geometry id="mesh19">
            <mesh>
                <source id="points19">
                    <float_array id="pointarray19" count="12">77.5 22 80.00001525878906 77.5 -20 80.00001525878906 -80 22 80.00001525878906 -80 -20 80.00001525878906</float_array>
                    <technique_common>
                        <accessor count="4" source="#pointarray19" stride="3">
                            <param name="X" type="float"/>
                            <param name="Y" type="float"/>
                            <param name="Z" type="float"/>
                        </accessor>
                    </technique_common>
                </source>
                <source id="uvs19">
                    <float_array id="uvarray19" count="2">0 1</float_array>
                    <technique_common>
                        <accessor count="1" source="#uvarray19" stride="2">
                            <param name="S" type="float"/>
                            <param name="T" type="float"/>
                        </accessor>
                    </technique_common>
                </source>
                <source id="colors19">
                    <float_array id="colorarray19" count="8">0 0 0 0 0 0 0 0.24313725490196078</float_array>
                    <technique_common>
                        <accessor count="2" source="#colorarray19" stride="4">
                            <param name="R" type="float"/>
                            <param name="G" type="float"/>
                            <param name="B" type="float"/>
                            <param name="A" type="float"/>
                        </accessor>
                    </technique_common>
                </source>
                <vertices id="vertices19">
                    <input semantic="POSITION" source="#points19"/>
                </vertices>
                <polylist count="2" material="Material1">
                    <input offset="0" semantic="VERTEX" source="#vertices19"/>
                    <input offset="1" semantic="TEXCOORD" source="#uvs19" set="0"/>
                    <input offset="2" semantic="COLOR" source="#colors19" set="0"/>
                    <vcount>3 3</vcount>
                    <p>2 0 0 1 0 1 0 0 0 3 0 1 1 0 1 2 0 0</p>
                </polylist>
            </mesh>
        </geometry>
        <geometry id="mesh20">
            <mesh>
                <source id="points20">
                    <float_array id="pointarray20" count="261">-49.81333541870117 59.61208724975586 86.00352478027344 -41.570980072021484 54.24475860595703 81.8186264038086 -42.45661926269531 51.19805908203125 84.57209777832031 -28.25484275817871 51.28422927856445 85.47045135498047 -27.621559143066406 47.63597106933594 85.3171615600586 -26.735919952392578 50.68266677856445 82.5636978149414 -39.475341796875 49.764156341552734 81.17300415039062 -41.548309326171875 47.836021423339844 78.08065032958984 -48.548255920410156 49.46387481689453 77.56222534179688 -46.94296646118164 45.99532699584961 73.93584442138672 -53.53208923339844 47.84012222290039 77.92289733886719 -60.28063201904297 49.2947883605957 74.06967163085938 -60.655704498291016 47.39883041381836 78.1334457397461 -60.67283248901367 42.90659713745117 79.97473907470703 -48.4034538269043 40.92057418823242 79.71330261230469 -50.15556335449219 47.13666915893555 81.06263732910156 -46.824222564697266 51.7506217956543 81.10513305664062 -53.590457916259766 60.574119567871094 83.7596206665039 -54.476097106933594 57.52742385864258 86.51309204101562 59.84706497192383 45.08393859863281 81.29641723632812 57.77302551269531 49.31266784667969 81.29641723632812 16.33333396911621 40.05687713623047 75.59270477294922 47.46002960205078 47.37211990356445 80.87191772460938 16.33333396911621 42.279048919677734 78.95833587646484 42.686424255371094 46.213218688964844 82.18708801269531 48.40412902832031 45.848175048828125 84.31395721435547 51.3298225402832 53.32676696777344 87.77935028076172 54.86349868774414 52.3975944519043 84.71826934814453 -60.25 21.672643661499023 79.14583587646484 -60 27.19924545288086 84.39583587646484 -27.839372634887695 21.672643661499023 83.95833587646484 -60 43.779048919677734 78.95833587646484 -20.312694549560547 42.62879943847656 78.95833587646484 -57 46.779048919677734 70.20833587646484 -16.33333396911621 40.779048919677734 64.08333587646484 -57 42.279048919677734 62.208335876464844 -16.33333396911621 21.672643661499023 60.208335876464844 62.75 21.672643661499023 65.02083587646484 63.75 26.44924545288086 59.020835876464844 16.33333396911621 21.672643661499023 60.208335876464844 57 40.779048919677734 62.208335876464844 16.33333396911621 40.779048919677734 64.08333587646484 57 45.279048919677734 70.20833587646484 57 42.279048919677734 78.95833587646484 60 26.82424545288086 84.39583587646484 53.9897575378418 42.54745101928711 60.13035583496094 11.306325912475586 39.45700454711914 67.24922943115234 51.84812545776367 48.099220275878906 59.704063415527344 42.613494873046875 46.24291229248047 60.918880462646484 51.448944091796875 43.64192581176758 56.852420806884766 41.37769317626953 42.64762496948242 58.86082077026367 10.991120338439941 36.30276870727539 64.99746704101562 10.863158226013184 40.779048919677734 64.08333587646484 -57.39642333984375 51.935001373291016 63.62025451660156 -17.722606658935547 36.890419006347656 64.32498168945312 -54.680660247802734 53.526424407958984 59.291526794433594 -46.07966613769531 50.45195770263672 60.60271453857422 -53.933753967285156 55.61703872680664 63.62025451660156 -44.6418342590332 51.74071502685547 64.04476165771484 -17.100187301635742 38.632598876953125 67.44896697998047 16.33333396911621 21.672643661499023 83.95833587646484 -62.86835861206055 43.27426528930664 68.5759506225586 -36.23047637939453 35.441734313964844 68.52721405029297 -61.85067367553711 47.642120361328125 70.14157104492188 -33.87428283691406 40.061344146728516 70.10303497314453 -32.279239654541016 42.06253433227539 74.04527282714844 -38.85066604614258 43.193912506103516 78.10958099365234 -62.86835861206055 43.27426528930664 68.5759506225586 -61.85067367553711 47.642120361328125 70.14157104492188 -64.31739807128906 39.4835205078125 70.55926513671875 -60.28063201904297 49.2947883605957 74.06967163085938 -64.31739807128906 37.92949295043945 74.93611145019531 -62.80862808227539 39.0806884765625 78.55879211425781 16.33333396911621 38.25324249267578 78.7166976928711 57.77302551269531 47.1483039855957 85.6251449584961 -43.141910552978516 44.0748291015625 80.39453887939453 -40.430816650390625 49.69467544555664 62.729583740234375 -46.324867248535156 58.2436408996582 57.13732147216797 -45.16067123413086 59.47938919067383 61.09602737426758 50.631744384765625 54.746395111083984 83.82064819335938 -50.05878448486328 58.03207015991211 60.198402404785156 -63.75 26.82424545288086 59.020835876464844 60.25 21.672643661499023 79.14583587646484 -62.75 21.672643661499023 65.02083587646484 -60.655704498291016 47.39883041381836 78.1334457397461 -60.67283248901367 42.90659713745117 79.97473907470703 -62.80862808227539 39.0806884765625 78.55879211425781</float_array>
                    <technique_common>
                        <accessor count="87" source="#pointarray20" stride="3">
                            <param name="X" type="float"/>
                            <param name="Y" type="float"/>
                            <param name="Z" type="float"/>
                        </accessor>
                    </technique_common>
                </source>
                <source id="uvs20">
                    <float_array id="uvarray20" count="178">0.41150999069213867 0.35095900297164917 0.45961201190948486 0.2995460033416748 0.41495999693870544 0.29853397607803345 0.40303200483322144 0.23921602964401245 0.40835699439048767 0.23224502801895142 0.5063940286636353 0.23224502801895142 0.4803360104560852 0.2867509722709656 0.5976539850234985 0.2887510061264038 0.6485679745674133 0.31339097023010254 0.7596909999847412 0.3003680109977722 0.6453109979629517 0.326462984085083 0.7814379930496216 0.35007399320602417 0.6339899897575378 0.35007399320602417 0.5707989931106567 0.35007399320602417 0.5528889894485474 0.3009589910507202 0.5244560241699219 0.31695497035980225 0.49630001187324524 0.3116750121116638 0.500361979007721 0.3625109791755676 0.40232500433921814 0.3625109791755676 0.4093030095100403 0.6488609910011292 0.41961100697517395 0.6577990055084229 0.6275010108947754 0.6015239953994751 0.5050899982452393 0.6366330087184906 0.602429986000061 0.6458640098571777 0.5420029759407043 0.6745179891586304 0.48040398955345154 0.6988840103149414 0.45521798729896545 0.6889240145683289 0.44479700922966003 0.6615340113639832 0.41496801376342773 0.026574015617370605 0.4133099913597107 0.1452620029449463 0.5983030200004578 0.10556602478027344 0.398048996925354 0.5260420143604279 0.5927129983901978 0.5260420143604279 0.398048996925354 0.7447920143604279 0.5983030200004578 0.8718789964914322 0.3975830078125 0.9507840014994144 0.5967220067977905 1.264820009469986 0.9965800046920776 1.3925420045852661 0.9950000047683716 1.198293998837471 0.8037629723548889 1.273730993270874 0.9981610178947449 0.9665829986333847 0.8053439855575562 0.8741199970245361 1.0060629844665527 0.7240090072154999 0.805429995059967 0.5260420143604279 1.0044829845428467 0.5246089994907379 1.006140947341919 0.1452620029449463 0.6275010108947754 0.6915119886398315 0.41526898741722107 0.7113339900970459 0.8100849986076355 0.10293298959732056 0.9920780062675476 0.35007399320602417 0.9394180178642273 0.25066202878952026 0.9288859963417053 0.35007399320602417 0.876226007938385 0.25066202878952026 0.7287780046463013 0.25066202878952026 0.5926510095596313 0.27427202463150024 0.08353699743747711 1.1730200052261353 0.10698600113391876 1.1559869945049286 0.06033499911427498 1.146468997001648 0.11507999897003174 1.1082990020513535 0.049341000616550446 1.0915160030126572 0.055546000599861145 1.0475150011479855 0.5171939730644226 0.28968697786331177 0.47606098651885986 0.6677590012550354 0.10621500015258789 0.9533619992434978 0.11012200266122818 0.31898701190948486 0.255484014749527 0.8736750036478043 0.271109014749527 0.454925000667572 0.302359014749527 0.673675000667572 0.11402799934148788 0.31898701190948486 0.11012200266122818 0.9533619992434978 0.286734014749527 0.454925000667572 0.271109014749527 0.8736750036478043 0.317984014749527 0.673675000667572 0.05645899847149849 0.450236976146698 0.05645899847149849 0.8033619970083237 0.3944219946861267 1.3539279997348785 0.39916399121284485 1.2191500067710876 1.0029020309448242 0.02051001787185669 0.10219699889421463 1.057032998651266 0.07669500261545181 1.0316580012440681 0.04015500098466873 0.2781509757041931 0.028342999517917633 0.36268502473831177 0.07122699916362762 0.33695197105407715 0.10468599945306778 1.1794500052928925 0.10468599945306778 1.0360529981553555 0.04409800097346306 1.0920870006084442 0.4840579926967621 0.5949810147285461 0.4840579926967621 0.6991139948368073 0.22687800228595734 0.5898459851741791</float_array>
                    <technique_common>
                        <accessor count="89" source="#uvarray20" stride="2">
                            <param name="S" type="float"/>
                            <param name="T" type="float"/>
                        </accessor>
                    </technique_common>
                </source>
                <source id="colors20">
                    <float_array id="colorarray20" count="8">1 1 1 1 0.5019607843137255 0.5019607843137255 0.5019607843137255 1</float_array>
                    <technique_common>
                        <accessor count="2" source="#colorarray20" stride="4">
                            <param name="R" type="float"/>
                            <param name="G" type="float"/>
                            <param name="B" type="float"/>
                            <param name="A" type="float"/>
                        </accessor>
                    </technique_common>
                </source>
                <vertices id="vertices20">
                    <input semantic="POSITION" source="#points20"/>
                </vertices>
                <polylist count="130" material="Material1">
                    <input offset="0" semantic="VERTEX" source="#vertices20"/>
                    <input offset="1" semantic="TEXCOORD" source="#uvs20" set="0"/>
                    <input offset="2" semantic="COLOR" source="#colors20" set="0"/>
                    <vcount>3 3 3 3 3 3 3 3 3 3 3 3 3 3 3 3 3 3 3 3 3 3 3 3 3 3 3 3 3 3 3 3 3 3 3 3 3 3 3 3 3 3 3 3 3 3 3 3 3 3 3 3 3 3 3 3 3 3 3 3 3 3 3 3 3 3 3 3 3 3 3 3 3 3 3 3 3 3 3 3 3 3 3 3 3 3 3 3 3 3 3 3 3 3 3 3 3 3 3 3 3 3 3 3 3 3 3 3 3 3 3 3 3 3 3 3 3 3 3 3 3 3 3 3 3 3 3 3 3 3</vcount>
                    <p>2 2 0 1 1 0 0 0 0 3 3 0 1 1 0 2 2 0 4 4 0 3 3 0 2 2 0 5 5 0 3 3 0 4 4 0 6 6 0 5 5 0 4 4 0 1 1 0 5 5 0 6 6 0 7 7 0 1 1 0 6 6 0 8 8 0 1 1 0 7 7 0 9 9 0 8 8 0 7 7 0 10 10 0 8 8 0 9 9 0 11 11 1 10 10 0 9 9 0 12 12 1 10 10 0 11 11 1 14 14 0 12 12 1 13 13 1 10 10 0 12 12 1 14 14 0 15 15 0 10 10 0 14 14 0 8 8 0 10 10 0 15 15 0 16 16 0 8 8 0 15 15 0 1 1 0 8 8 0 16 16 0 17 17 0 1 1 0 16 16 0 0 0 0 1 1 0 17 17 0 18 18 0 0 0 0 17 17 0 2 2 0 0 0 0 18 18 0 16 16 0 2 2 0 18 18 0 15 15 0 2 2 0 16 16 0 21 21 0 20 20 0 19 19 0 22 22 0 20 20 0 21 21 0 23 23 0 22 22 0 21 21 0 24 24 0 22 22 0 23 23 0 25 25 0 24 24 0 23 23 0 26 26 0 24 24 0 25 25 0 27 27 0 26 26 0 25 25 0 30 30 0 29 29 0 28 28 1 31 31 0 29 29 0 30 30 0 32 32 0 31 31 0 30 30 0 33 33 0 31 31 0 32 32 0 34 34 0 33 33 0 32 32 0 35 35 0 33 33 0 34 34 0 36 36 1 35 35 0 34 34 0 39 39 1 38 38 0 37 37 1 40 40 0 38 38 0 39 39 1 41 41 0 40 40 0 39 39 1 42 42 0 40 40 0 41 41 0 23 43 0 42 42 0 41 41 0 43 44 0 42 42 0 23 43 0 44 45 0 43 44 0 23 43 0 47 47 0 46 46 0 45 19 0 48 25 0 46 46 0 47 47 0 49 20 0 48 25 0 47 47 0 50 22 0 48 25 0 49 20 0 51 21 0 50 22 0 49 20 0 52 23 0 50 22 0 51 21 0 55 47 0 54 46 0 53 19 0 56 25 0 54 46 0 55 47 0 57 20 0 56 25 0 55 47 0 58 22 0 56 25 0 57 20 0 59 21 0 58 22 0 57 20 0 34 23 0 58 22 0 59 21 0 34 34 0 39 39 1 36 36 1 41 41 0 39 39 1 34 34 0 32 32 0 41 41 0 34 34 0 23 43 0 41 41 0 32 32 0 30 30 0 23 43 0 32 32 0 60 48 1 23 43 0 30 30 0 63 51 1 62 50 1 61 49 1 64 52 1 62 50 1 63 51 1 9 9 0 64 52 1 63 51 1 65 53 1 64 52 1 9 9 0 66 54 0 65 53 1 9 9 0 69 57 0 68 56 0 67 55 0 70 58 0 68 56 0 69 57 0 71 59 0 70 58 0 69 57 0 72 60 0 70 58 0 71 59 0 74 47 0 73 46 0 19 19 0 25 25 0 73 46 0 74 47 0 20 20 0 25 25 0 74 47 0 22 22 0 25 25 0 20 20 0 2 2 0 6 6 0 4 4 0 75 61 0 6 6 0 2 2 0 15 15 0 75 61 0 2 2 0 14 14 0 75 61 0 15 15 0 56 25 0 34 23 0 54 46 0 76 24 0 34 23 0 56 25 0 77 26 0 76 24 0 56 25 0 78 62 0 76 24 0 77 26 0 22 22 0 27 27 0 25 25 0 79 62 0 27 27 0 22 22 0 24 24 0 79 62 0 22 22 0 26 26 0 79 62 0 24 24 0 80 27 0 58 22 0 78 62 0 56 25 0 58 22 0 80 27 0 77 26 0 56 25 0 80 27 0 66 54 0 75 61 0 14 14 0 7 7 0 75 61 0 66 54 0 9 9 0 7 7 0 66 54 0 40 65 0 44 64 0 38 63 0 43 66 0 44 64 0 40 65 0 42 67 0 43 66 0 40 65 0 31 70 0 81 69 0 29 68 0 35 71 0 81 69 0 31 70 0 33 72 0 35 71 0 31 70 0 76 24 0 58 22 0 34 23 0 78 62 0 58 22 0 76 24 0 37 74 1 44 64 0 82 73 1 38 63 0 44 64 0 37 74 1 81 76 0 36 36 1 83 75 1 35 35 0 36 36 1 81 76 0 44 45 0 60 48 1 82 77 1 23 43 0 60 48 1 44 45 0 28 73 1 81 69 0 83 74 1 29 68 0 81 69 0 28 73 1 72 60 0 84 78 0 70 58 0 85 79 0 84 78 0 72 60 0 25 25 0 23 23 0 73 46 0 79 82 0 26 81 0 27 80 0 63 51 1 11 11 1 9 9 0 19 85 0 20 84 0 74 83 0 19 88 0 73 87 0 21 86 0 6 6 0 75 61 0 7 7 0 3 3 0 5 5 0 1 1 0 18 18 0 17 17 0 16 16 0 53 19 0 59 21 0 57 20 0 53 88 0 54 87 0 59 86 0 53 85 0 57 84 0 55 83 0 48 24 0 50 22 0 52 23 0 48 25 0 52 23 0 46 46 0 45 19 0 51 21 0 49 20 0 45 88 0 46 87 0 51 86 0 45 85 0 49 84 0 47 83 0 14 10 0 13 11 1 86 12 1 78 82 0 77 81 0 80 80 0</p>
                </polylist>
            </mesh>
        </geometry>
        <geometry id="mesh21">
            <mesh>
                <source id="points21">
                    <float_array id="pointarray21" count="30">77.5 22 80.00001525878906 67.5 32 80.00001525878906 -80 22 80.00001525878906 -70 32 80.00001525878906 -65 40 100.00001525878906 65 40 100.00001525878906 75 30 100.00001525878906 -75 30 100.00001525878906 -80 22 80.00001525878906 77.5 22 80.00001525878906</float_array>
                    <technique_common>
                        <accessor count="10" source="#pointarray21" stride="3">
                            <param name="X" type="float"/>
                            <param name="Y" type="float"/>
                            <param name="Z" type="float"/>
                        </accessor>
                    </technique_common>
                </source>
                <source id="uvs21">
                    <float_array id="uvarray21" count="28">1.105468988418579 0.078125 1.027343988418579 0 -0.125 0.078125 -0.046875 0 -0.007813000120222569 0.390625 -0.046875 0.546875 1.0078129768371582 0.390625 1.027343988418579 0.546875 1.0182290077209473 0.078125 0.002604000037536025 0.078125 -0.03645800054073334 0.234375 1.0223829746246338 0.234375 1.002851963043213 0.078125 -0.05183500051498413 0.234375</float_array>
                    <technique_common>
                        <accessor count="14" source="#uvarray21" stride="2">
                            <param name="S" type="float"/>
                            <param name="T" type="float"/>
                        </accessor>
                    </technique_common>
                </source>
                <source id="colors21">
                    <float_array id="colorarray21" count="8">1 1 1 1 0.5019607843137255 0.5019607843137255 0.5019607843137255 1</float_array>
                    <technique_common>
                        <accessor count="2" source="#colorarray21" stride="4">
                            <param name="R" type="float"/>
                            <param name="G" type="float"/>
                            <param name="B" type="float"/>
                            <param name="A" type="float"/>
                        </accessor>
                    </technique_common>
                </source>
                <vertices id="vertices21">
                    <input semantic="POSITION" source="#points21"/>
                </vertices>
                <polylist count="6" material="Material1">
                    <input offset="0" semantic="VERTEX" source="#vertices21"/>
                    <input offset="1" semantic="TEXCOORD" source="#uvs21" set="0"/>
                    <input offset="2" semantic="COLOR" source="#colors21" set="0"/>
                    <vcount>3 3 3 3 3 3</vcount>
                    <p>2 2 0 1 1 0 0 0 0 3 3 0 1 1 0 2 2 0 5 6 0 3 5 0 4 4 0 1 7 0 3 5 0 5 6 0 8 10 1 7 9 1 6 8 1 8 13 1 6 12 1 9 11 1</p>
                </polylist>
            </mesh>
        </geometry>
        <geometry id="mesh22">
            <mesh>
                <source id="points22">
                    <float_array id="pointarray22" count="216">-71.53742218017578 40 95.25001525878906 -78.96754455566406 36 90.00001525878906 -76.27593994140625 41.75 91.68981170654297 -76.91215515136719 40.75 86.73224639892578 -77.73931121826172 47.77480697631836 88.78800201416016 -74.03742218017578 45 85.50001525878906 -78.86454772949219 53.83145523071289 75.56890106201172 -74.2103042602539 53.83145523071289 75.56890106201172 -76.18026733398438 56.83145523071289 78.04946899414062 -73.0850601196289 47.77480697631836 88.78800201416016 -77.6788101196289 58.52265930175781 102.10322570800781 -79.9417953491211 56.13755416870117 103.96369171142578 -75.3516845703125 56.47932434082031 103.56134033203125 -75.466064453125 44.658226013183594 92.45824432373047 -72.4136734008789 40.75 91.64959716796875 -73.13681030273438 41.75 86.59765625 -69.10730743408203 37 90.00001525878906 -74.03742218017578 37 84.75001525878906 -70 32 80.00001525878906 67.64974975585938 37 89.88109588623047 74.03742218017578 36 84.75001525878906 71.04991149902344 37.75 86.66289520263672 75.9420394897461 36.75 87.37997436523438 74.03742218017578 43.07421112060547 87.72510528564453 75.606689453125 46.38521194458008 90.16529846191406 76.36454772949219 52.857025146484375 77.49785614013672 74.03742218017578 54.74809265136719 79.82184600830078 71.7103042602539 52.857025146484375 77.49785614013672 70.95243835449219 46.38521194458008 90.16529846191406 76.46754455566406 35 90.00001525878906 74.52493286132812 39.75 92.3371353149414 73.2795639038086 43.07421112060547 92.73956298828125 71.75148010253906 49.322261810302734 103.86017608642578 67.09722900390625 49.322261810302734 103.86017608642578 69.42435455322266 51.90218734741211 102.45784759521484 77.5 22 80.00001525878906 75 30 100.00001525878906 79.5 27 80.00001525878906 77 35 100.00001525878906 75 40 100.00001525878906 71.53742218017578 40 95.25001525878906 70 42 100.00001525878906 65 40 100.00001525878906 67.5 32 80.00001525878906 -75 30 100.00001525878906 -80 22 80.00001525878906 -77 35 100.00001525878906 -82 27 80.00001525878906 -80 32 80.00001525878906 -75 34 80.00001525878906 77.5 32 80.00001525878906 72.5 34 80.00001525878906 69.70513153076172 39.75 92.14885711669922 77.5 22 80.00001525878906 79.5 27 80.00001525878906 72.5 20 78.49273681640625 77.5 32 80.00001525878906 67.35448455810547 22.271728515625 77.44908142089844 65.5 27 78.49273681640625 -75 40 100.00001525878906 -70 42 100.00001525878906 -65 40 100.00001525878906 -70 32 80.00001525878906 -75 34 80.00001525878906 -68 27 78.49273681640625 -80 32 80.00001525878906 -69.85448455810547 22.271728515625 77.44908142089844 -75 20 78.49273681640625 -82 27 80.00001525878906 -80 22 80.00001525878906 72.5 34 80.00001525878906 67.5 32 80.00001525878906</float_array>
                    <technique_common>
                        <accessor count="72" source="#pointarray22" stride="3">
                            <param name="X" type="float"/>
                            <param name="Y" type="float"/>
                            <param name="Z" type="float"/>
                        </accessor>
                    </technique_common>
                </source>
                <source id="uvs22">
                    <float_array id="uvarray22" count="144">0.06440699845552444 1.9078119993209839 0.4331670105457306 1.875 0.13471099734306335 1.8855609893798828 0.19256000220775604 1.8545759916305542 -0.026559999212622643 1.86742502450943 -0.05933700129389763 1.846875011920929 -0.2009119987487793 1.7848060131072998 -0.3654640018939972 1.7848060131072998 -0.40188100934028625 1.8003090023994446 -0.1911119967699051 1.86742502450943 -0.40869298577308655 1.9506450295448303 -0.24435800313949585 1.9622730016708374 -0.41872599720954895 1.9597579836845398 0.0032560001127421856 1.8903639912605286 0.033514998853206635 1.8853099942207336 0.023725999519228935 1.8537350296974182 0.04919999837875366 1.875 0.1527950018644333 1.8421880006790161 0.11611700057983398 1.8125 -0.0023330000694841146 0.3005949854850769 0.1527950018644333 0.32625001668930054 -0.050057001411914825 0.3166859745979309 0.1582610011100769 0.3130999803543091 -0.09731599688529968 0.3113750219345093 -0.15889599919319153 0.2991740107536316 -0.3962700068950653 0.3625109791755676 -0.5454059839248657 0.35089099407196045 -0.5608220100402832 0.3625109791755676 -0.3234480023384094 0.2991740107536316 0.34477901458740234 0.30000001192092896 0.07280399650335312 0.28831398487091064 -0.12411099672317505 0.28630197048187256 -0.3990379869937897 0.23069900274276733 -0.5635910034179688 0.23069900274276733 -0.5725290179252625 0.23771101236343384 0.7348350286483765 0.3500000238418579 0.6464470028877258 0.25 0.6287689805030823 0.3500000238418579 0.5403810143470764 0.25 0.2928929924964905 0.25 0.06440699845552444 0.2737500071525574 0.045405998826026917 0.25 -0.06066000089049339 0.25 0.027728000655770302 0.3500000238418579 0.6464470028877258 1.9375 0.8232229948043823 1.8125 0.5403810143470764 1.9375 0.7171570062637329 1.8125 0.46966999769210815 1.8125 0.2221830040216446 1.8125 0.3812820017337799 0.3500000238418579 0.13379399478435516 0.3500000238418579 -0.06224599853157997 0.2892559766769409 -0.8269129991531372 0.3452720046043396 -0.8894129991531372 0.3765220046043396 -0.6706629991531372 0.33277201652526855 -0.8269129991531372 0.4077709913253784 -0.5098659992218018 0.3469700217247009 -0.4519129991531372 0.3765209913253784 0.2928929924964905 1.9375 0.045405998826026917 1.9375 -0.06066000089049339 1.9375 0.16079699993133545 0.03800100088119507 0.31704699993133545 0.04581397771835327 0.09829699993133545 0.01846998929977417 0.47329699993133545 0.03800100088119507 0.15625 0 0.31704699993133545 -0.008874058723449707 0.5357969999313354 0.01846998929977417 0.47329699993133545 -0.0010609626770019531 -0.6706629991531372 0.42027097940444946 -0.5144129991531372 0.4077709913253784</float_array>
                    <technique_common>
                        <accessor count="72" source="#uvarray22" stride="2">
                            <param name="S" type="float"/>
                            <param name="T" type="float"/>
                        </accessor>
                    </technique_common>
                </source>
                <source id="colors22">
                    <float_array id="colorarray22" count="8">1 1 1 1 0.5019607843137255 0.5019607843137255 0.5019607843137255 1</float_array>
                    <technique_common>
                        <accessor count="2" source="#colorarray22" stride="4">
                            <param name="R" type="float"/>
                            <param name="G" type="float"/>
                            <param name="B" type="float"/>
                            <param name="A" type="float"/>
                        </accessor>
                    </technique_common>
                </source>
                <vertices id="vertices22">
                    <input semantic="POSITION" source="#points22"/>
                </vertices>
                <polylist count="100" material="Material1">
                    <input offset="0" semantic="VERTEX" source="#vertices22"/>
                    <input offset="1" semantic="TEXCOORD" source="#uvs22" set="0"/>
                    <input offset="2" semantic="COLOR" source="#colors22" set="0"/>
                    <vcount>3 3 3 3 3 3 3 3 3 3 3 3 3 3 3 3 3 3 3 3 3 3 3 3 3 3 3 3 3 3 3 3 3 3 3 3 3 3 3 3 3 3 3 3 3 3 3 3 3 3 3 3 3 3 3 3 3 3 3 3 3 3 3 3 3 3 3 3 3 3 3 3 3 3 3 3 3 3 3 3 3 3 3 3 3 3 3 3 3 3 3 3 3 3 3 3 3 3 3 3</vcount>
                    <p>2 2 0 1 1 0 0 0 0 3 3 0 1 1 0 2 2 0 4 4 0 3 3 0 2 2 0 5 5 0 3 3 0 4 4 0 6 6 0 5 5 0 4 4 0 7 7 0 5 5 0 6 6 0 8 8 0 7 7 0 6 6 0 9 9 0 7 7 0 8 8 0 4 4 0 9 9 0 8 8 0 10 10 0 9 9 0 4 4 0 11 11 0 10 10 0 4 4 0 12 12 0 10 10 0 11 11 0 13 13 0 12 12 0 11 11 0 9 9 0 12 12 0 13 13 0 14 14 0 9 9 0 13 13 0 15 15 0 9 9 0 14 14 0 16 16 0 15 15 0 14 14 0 17 17 0 15 15 0 16 16 0 18 18 1 17 17 0 16 16 0 21 21 0 20 20 0 19 19 0 22 22 0 20 20 0 21 21 0 23 23 0 22 22 0 21 21 0 24 24 0 22 22 0 23 23 0 25 25 0 24 24 0 23 23 0 26 26 0 24 24 0 25 25 0 27 27 0 26 26 0 25 25 0 28 28 0 26 26 0 27 27 0 23 23 0 28 28 0 27 27 0 21 21 0 28 28 0 23 23 0 22 22 0 29 29 0 20 20 0 30 30 0 29 29 0 22 22 0 24 24 0 30 30 0 22 22 0 31 31 0 30 30 0 24 24 0 32 32 0 31 31 0 24 24 0 33 33 0 31 31 0 32 32 0 34 34 0 33 33 0 32 32 0 28 28 0 33 33 0 34 34 0 24 24 0 28 28 0 34 34 0 26 26 0 28 28 0 24 24 0 37 37 1 36 36 1 35 35 1 38 38 1 36 36 1 37 37 1 29 29 0 38 38 1 37 37 1 39 39 1 38 38 1 29 29 0 40 40 0 39 39 1 29 29 0 41 41 1 39 39 1 40 40 0 19 19 0 41 41 1 40 40 0 42 42 1 41 41 1 19 19 0 43 43 1 42 42 1 19 19 0 46 46 1 45 45 1 44 44 1 47 47 1 45 45 1 46 46 1 1 1 0 47 47 1 46 46 1 48 48 1 47 47 1 1 1 0 17 17 0 48 48 1 1 1 0 49 49 1 48 48 1 17 17 0 18 18 1 49 49 1 17 17 0 50 50 1 29 29 0 37 37 1 20 20 0 29 29 0 50 50 1 51 51 1 20 20 0 50 50 1 19 19 0 20 20 0 51 51 1 43 43 1 19 19 0 51 51 1 30 30 0 40 40 0 29 29 0 52 52 0 40 40 0 30 30 0 31 31 0 52 52 0 30 30 0 28 28 0 52 52 0 31 31 0 33 33 0 28 28 0 31 31 0 55 55 0 54 54 0 53 53 0 56 56 0 54 54 0 55 55 0 57 57 0 56 56 0 55 55 0 58 58 0 56 56 0 57 57 0 59 59 1 1 1 0 46 46 1 0 0 0 1 1 0 59 59 1 60 60 1 0 0 0 59 59 1 61 61 1 0 0 0 60 60 1 64 64 0 63 63 0 62 62 0 65 65 0 63 63 0 64 64 0 66 66 0 65 65 0 64 64 0 67 67 0 65 65 0 66 66 0 3 3 0 17 17 0 1 1 0 15 15 0 17 17 0 3 3 0 5 5 0 15 15 0 3 3 0 52 52 0 19 19 0 40 40 0 21 21 0 19 19 0 52 52 0 28 28 0 21 21 0 52 52 0 67 67 0 68 68 0 65 65 0 69 69 0 68 68 0 67 67 0 9 9 0 5 5 0 7 7 0 15 15 0 5 5 0 9 9 0 4 4 0 13 13 0 11 11 0 2 2 0 13 13 0 4 4 0 2 2 0 14 14 0 13 13 0 0 0 0 14 14 0 2 2 0 0 0 0 16 16 0 14 14 0 61 61 1 16 16 0 0 0 0 58 58 0 70 70 0 56 56 0 71 71 0 70 70 0 58 58 0 34 34 0 32 32 0 24 24 0 27 27 0 25 25 0 23 23 0 4 4 0 8 8 0 6 6 0 9 9 0 10 10 0 12 12 0 18 18 1 16 16 0 61 61 1</p>
                </polylist>
            </mesh>
        </geometry>
        <geometry id="mesh23">
            <mesh>
                <source id="points23">
                    <float_array id="pointarray23" count="24">-80 -20 80.00001525878906 -80 22 80.00001525878906 -75 -20 100.00001525878906 -75 30 100.00001525878906 75 -20 100.00001525878906 75 30 100.00001525878906 77.5 -20 80.00001525878906 77.5 22 80.00001525878906</float_array>
                    <technique_common>
                        <accessor count="8" source="#pointarray23" stride="3">
                            <param name="X" type="float"/>
                            <param name="Y" type="float"/>
                            <param name="Z" type="float"/>
                        </accessor>
                    </technique_common>
                </source>
                <source id="uvs23">
                    <float_array id="uvarray23" count="2">0 1</float_array>
                    <technique_common>
                        <accessor count="1" source="#uvarray23" stride="2">
                            <param name="S" type="float"/>
                            <param name="T" type="float"/>
                        </accessor>
                    </technique_common>
                </source>
                <source id="colors23">
                    <float_array id="colorarray23" count="8">0 0 0 0.24313725490196078 0 0 0 0</float_array>
                    <technique_common>
                        <accessor count="2" source="#colorarray23" stride="4">
                            <param name="R" type="float"/>
                            <param name="G" type="float"/>
                            <param name="B" type="float"/>
                            <param name="A" type="float"/>
                        </accessor>
                    </technique_common>
                </source>
                <vertices id="vertices23">
                    <input semantic="POSITION" source="#points23"/>
                </vertices>
                <polylist count="4" material="Material1">
                    <input offset="0" semantic="VERTEX" source="#vertices23"/>
                    <input offset="1" semantic="TEXCOORD" source="#uvs23" set="0"/>
                    <input offset="2" semantic="COLOR" source="#colors23" set="0"/>
                    <vcount>3 3 3 3</vcount>
                    <p>2 0 0 1 0 1 0 0 0 3 0 1 1 0 1 2 0 0 6 0 0 5 0 1 4 0 0 7 0 1 5 0 1 6 0 0</p>
                </polylist>
            </mesh>
        </geometry>
        <geometry id="mesh24">
            <mesh>
                <source id="points24">
                    <float_array id="pointarray24" count="12">75 30 100.00001525878906 75 -20 100.00001525878906 -75 30 100.00001525878906 -75 -20 100.00001525878906</float_array>
                    <technique_common>
                        <accessor count="4" source="#pointarray24" stride="3">
                            <param name="X" type="float"/>
                            <param name="Y" type="float"/>
                            <param name="Z" type="float"/>
                        </accessor>
                    </technique_common>
                </source>
                <source id="uvs24">
                    <float_array id="uvarray24" count="2">0 1</float_array>
                    <technique_common>
                        <accessor count="1" source="#uvarray24" stride="2">
                            <param name="S" type="float"/>
                            <param name="T" type="float"/>
                        </accessor>
                    </technique_common>
                </source>
                <source id="colors24">
                    <float_array id="colorarray24" count="8">0 0 0 0 0 0 0 0.24313725490196078</float_array>
                    <technique_common>
                        <accessor count="2" source="#colorarray24" stride="4">
                            <param name="R" type="float"/>
                            <param name="G" type="float"/>
                            <param name="B" type="float"/>
                            <param name="A" type="float"/>
                        </accessor>
                    </technique_common>
                </source>
                <vertices id="vertices24">
                    <input semantic="POSITION" source="#points24"/>
                </vertices>
                <polylist count="2" material="Material1">
                    <input offset="0" semantic="VERTEX" source="#vertices24"/>
                    <input offset="1" semantic="TEXCOORD" source="#uvs24" set="0"/>
                    <input offset="2" semantic="COLOR" source="#colors24" set="0"/>
                    <vcount>3 3</vcount>
                    <p>2 0 0 1 0 1 0 0 0 3 0 1 1 0 1 2 0 0</p>
                </polylist>
            </mesh>
        </geometry>
        <geometry id="mesh25">
            <mesh>
                <source id="points25">
                    <float_array id="pointarray25" count="261">-49.81333541870117 67.61209106445312 106.00352478027344 -41.570980072021484 62.24475860595703 101.8186264038086 -42.45661926269531 59.19805908203125 104.57209777832031 -28.25484275817871 59.28422927856445 105.47045135498047 -27.621559143066406 55.63597106933594 105.3171615600586 -26.735919952392578 58.68266677856445 102.5636978149414 -39.475341796875 57.764156341552734 101.17300415039062 -41.548309326171875 55.836021423339844 98.08065032958984 -48.548255920410156 57.46387481689453 97.56222534179688 -46.94296646118164 53.99532699584961 93.93584442138672 -53.53208923339844 55.84012222290039 97.92289733886719 -60.28063201904297 57.2947883605957 94.06967163085938 -60.655704498291016 55.39883041381836 98.1334457397461 -60.67283248901367 50.90659713745117 99.97473907470703 -48.4034538269043 48.92057418823242 99.71330261230469 -50.15556335449219 55.13666915893555 101.06263732910156 -46.824222564697266 59.7506217956543 101.10513305664062 -53.590457916259766 68.5741195678711 103.7596206665039 -54.476097106933594 65.52742004394531 106.51309204101562 59.84706497192383 53.08393859863281 101.29641723632812 57.77302551269531 57.31266784667969 101.29641723632812 16.33333396911621 48.05687713623047 95.59270477294922 47.46002960205078 55.37211990356445 100.87191772460938 16.33333396911621 50.279048919677734 98.95833587646484 42.686424255371094 54.213218688964844 102.18708801269531 48.40412902832031 53.848175048828125 104.31395721435547 51.3298225402832 61.32676696777344 107.77935028076172 54.86349868774414 60.3975944519043 104.71826934814453 -60.25 29.672643661499023 99.14583587646484 -60 35.19924545288086 104.39583587646484 -27.839372634887695 29.672643661499023 103.95833587646484 -60 51.779048919677734 98.95833587646484 -20.312694549560547 50.62879943847656 98.95833587646484 -57 54.779048919677734 90.20833587646484 -16.33333396911621 48.779048919677734 84.08333587646484 -57 50.279048919677734 82.20833587646484 -16.33333396911621 29.672643661499023 80.20833587646484 62.75 29.672643661499023 85.02083587646484 63.75 34.44924545288086 79.02083587646484 16.33333396911621 29.672643661499023 80.20833587646484 57 48.779048919677734 82.20833587646484 16.33333396911621 48.779048919677734 84.08333587646484 57 53.279048919677734 90.20833587646484 57 50.279048919677734 98.95833587646484 60 34.82424545288086 104.39583587646484 53.9897575378418 50.54745101928711 80.13035583496094 11.306325912475586 47.45700454711914 87.24922943115234 51.84812545776367 56.099220275878906 79.70406341552734 42.613494873046875 54.24291229248047 80.91888427734375 51.448944091796875 51.64192581176758 76.8524169921875 41.37769317626953 50.64762496948242 78.8608169555664 10.991120338439941 44.30276870727539 84.99746704101562 10.863158226013184 48.779048919677734 84.08333587646484 -57.39642333984375 59.935001373291016 83.62025451660156 -17.722606658935547 44.890419006347656 84.32498168945312 -54.680660247802734 61.526424407958984 79.2915267944336 -46.07966613769531 58.45195770263672 80.60271453857422 -53.933753967285156 63.61703872680664 83.62025451660156 -44.6418342590332 59.74071502685547 84.04476165771484 -17.100187301635742 46.632598876953125 87.44896697998047 16.33333396911621 29.672643661499023 103.95833587646484 -62.86835861206055 51.27426528930664 88.5759506225586 -36.23047637939453 43.441734313964844 88.52721405029297 -61.85067367553711 55.642120361328125 90.14157104492188 -33.87428283691406 48.061344146728516 90.10303497314453 -32.279239654541016 50.06253433227539 94.04527282714844 -38.85066604614258 51.193912506103516 98.10958099365234 -62.86835861206055 51.27426528930664 88.5759506225586 -61.85067367553711 55.642120361328125 90.14157104492188 -64.31739807128906 47.4835205078125 90.55926513671875 -60.28063201904297 57.2947883605957 94.06967163085938 -64.31739807128906 45.92949295043945 94.93611145019531 -62.80862808227539 47.0806884765625 98.55879211425781 16.33333396911621 46.25324249267578 98.7166976928711 57.77302551269531 55.1483039855957 105.6251449584961 -43.141910552978516 52.0748291015625 100.39453887939453 -40.430816650390625 57.69467544555664 82.72958374023438 -46.324867248535156 66.24364471435547 77.13732147216797 -45.16067123413086 67.4793930053711 81.09602355957031 50.631744384765625 62.746395111083984 103.82064819335938 -50.05878448486328 66.03206634521484 80.19840240478516 -63.75 34.82424545288086 79.02083587646484 60.25 29.672643661499023 99.14583587646484 -62.75 29.672643661499023 85.02083587646484 -60.655704498291016 55.39883041381836 98.1334457397461 -60.67283248901367 50.90659713745117 99.97473907470703 -62.80862808227539 47.0806884765625 98.55879211425781</float_array>
                    <technique_common>
                        <accessor count="87" source="#pointarray25" stride="3">
                            <param name="X" type="float"/>
                            <param name="Y" type="float"/>
                            <param name="Z" type="float"/>
                        </accessor>
                    </technique_common>
                </source>
                <source id="uvs25">
                    <float_array id="uvarray25" count="178">0.41150999069213867 0.35095900297164917 0.45961201190948486 0.2995460033416748 0.41495999693870544 0.29853397607803345 0.40303200483322144 0.23921602964401245 0.40835699439048767 0.23224502801895142 0.5063940286636353 0.23224502801895142 0.4803360104560852 0.2867509722709656 0.5976539850234985 0.2887510061264038 0.6485679745674133 0.31339097023010254 0.7596909999847412 0.3003680109977722 0.6453109979629517 0.326462984085083 0.7814379930496216 0.35007399320602417 0.6339899897575378 0.35007399320602417 0.5707989931106567 0.35007399320602417 0.5528889894485474 0.3009589910507202 0.5244560241699219 0.31695497035980225 0.49630001187324524 0.3116750121116638 0.500361979007721 0.3625109791755676 0.40232500433921814 0.3625109791755676 0.4093030095100403 0.6488609910011292 0.41961100697517395 0.6577990055084229 0.6275010108947754 0.6015239953994751 0.5050899982452393 0.6366330087184906 0.602429986000061 0.6458640098571777 0.5420029759407043 0.6745179891586304 0.48040398955345154 0.6988840103149414 0.45521798729896545 0.6889240145683289 0.44479700922966003 0.6615340113639832 0.41496801376342773 0.026574015617370605 0.4133099913597107 0.1452620029449463 0.5983030200004578 0.10556602478027344 0.398048996925354 0.5260420143604279 0.5927129983901978 0.5260420143604279 0.398048996925354 0.7447920143604279 0.5983030200004578 0.8718789964914322 0.3975830078125 0.9507840014994144 0.5967220067977905 1.264820009469986 0.9965800046920776 1.3925420045852661 0.9950000047683716 1.198293998837471 0.8037629723548889 1.273730993270874 0.9981610178947449 0.9665829986333847 0.8053439855575562 0.8741199970245361 1.0060629844665527 0.7240090072154999 0.805429995059967 0.5260420143604279 1.0044829845428467 0.5246089994907379 1.006140947341919 0.1452620029449463 0.6275010108947754 0.6915119886398315 0.41526898741722107 0.7113339900970459 0.8100849986076355 0.10293298959732056 0.9920780062675476 0.35007399320602417 0.9394180178642273 0.25066202878952026 0.9288859963417053 0.35007399320602417 0.876226007938385 0.25066202878952026 0.7287780046463013 0.25066202878952026 0.5926510095596313 0.27427202463150024 0.08353699743747711 1.1730200052261353 0.10698600113391876 1.1559869945049286 0.06033499911427498 1.146468997001648 0.11507999897003174 1.1082990020513535 0.049341000616550446 1.0915160030126572 0.055546000599861145 1.0475150011479855 0.5171939730644226 0.28968697786331177 0.47606098651885986 0.6677590012550354 0.10621500015258789 0.9533619992434978 0.11012200266122818 0.31898701190948486 0.255484014749527 0.8736750036478043 0.271109014749527 0.454925000667572 0.302359014749527 0.673675000667572 0.11402799934148788 0.31898701190948486 0.11012200266122818 0.9533619992434978 0.286734014749527 0.454925000667572 0.271109014749527 0.8736750036478043 0.317984014749527 0.673675000667572 0.05645899847149849 0.450236976146698 0.05645899847149849 0.8033619970083237 0.3944219946861267 1.3539279997348785 0.39916399121284485 1.2191500067710876 1.0029020309448242 0.02051001787185669 0.10219699889421463 1.057032998651266 0.07669500261545181 1.0316580012440681 0.04015500098466873 0.2781509757041931 0.028342999517917633 0.36268502473831177 0.07122699916362762 0.33695197105407715 0.10468599945306778 1.1794500052928925 0.10468599945306778 1.0360529981553555 0.04409800097346306 1.0920870006084442 0.4840579926967621 0.5949810147285461 0.4840579926967621 0.6991139948368073 0.22687800228595734 0.5898459851741791</float_array>
                    <technique_common>
                        <accessor count="89" source="#uvarray25" stride="2">
                            <param name="S" type="float"/>
                            <param name="T" type="float"/>
                        </accessor>
                    </technique_common>
                </source>
                <source id="colors25">
                    <float_array id="colorarray25" count="8">1 1 1 1 0.5019607843137255 0.5019607843137255 0.5019607843137255 1</float_array>
                    <technique_common>
                        <accessor count="2" source="#colorarray25" stride="4">
                            <param name="R" type="float"/>
                            <param name="G" type="float"/>
                            <param name="B" type="float"/>
                            <param name="A" type="float"/>
                        </accessor>
                    </technique_common>
                </source>
                <vertices id="vertices25">
                    <input semantic="POSITION" source="#points25"/>
                </vertices>
                <polylist count="130" material="Material1">
                    <input offset="0" semantic="VERTEX" source="#vertices25"/>
                    <input offset="1" semantic="TEXCOORD" source="#uvs25" set="0"/>
                    <input offset="2" semantic="COLOR" source="#colors25" set="0"/>
                    <vcount>3 3 3 3 3 3 3 3 3 3 3 3 3 3 3 3 3 3 3 3 3 3 3 3 3 3 3 3 3 3 3 3 3 3 3 3 3 3 3 3 3 3 3 3 3 3 3 3 3 3 3 3 3 3 3 3 3 3 3 3 3 3 3 3 3 3 3 3 3 3 3 3 3 3 3 3 3 3 3 3 3 3 3 3 3 3 3 3 3 3 3 3 3 3 3 3 3 3 3 3 3 3 3 3 3 3 3 3 3 3 3 3 3 3 3 3 3 3 3 3 3 3 3 3 3 3 3 3 3 3</vcount>
                    <p>2 2 0 1 1 0 0 0 0 3 3 0 1 1 0 2 2 0 4 4 0 3 3 0 2 2 0 5 5 0 3 3 0 4 4 0 6 6 0 5 5 0 4 4 0 1 1 0 5 5 0 6 6 0 7 7 0 1 1 0 6 6 0 8 8 0 1 1 0 7 7 0 9 9 0 8 8 0 7 7 0 10 10 0 8 8 0 9 9 0 11 11 1 10 10 0 9 9 0 12 12 1 10 10 0 11 11 1 14 14 0 12 12 1 13 13 1 10 10 0 12 12 1 14 14 0 15 15 0 10 10 0 14 14 0 8 8 0 10 10 0 15 15 0 16 16 0 8 8 0 15 15 0 1 1 0 8 8 0 16 16 0 17 17 0 1 1 0 16 16 0 0 0 0 1 1 0 17 17 0 18 18 0 0 0 0 17 17 0 2 2 0 0 0 0 18 18 0 16 16 0 2 2 0 18 18 0 15 15 0 2 2 0 16 16 0 21 21 0 20 20 0 19 19 0 22 22 0 20 20 0 21 21 0 23 23 0 22 22 0 21 21 0 24 24 0 22 22 0 23 23 0 25 25 0 24 24 0 23 23 0 26 26 0 24 24 0 25 25 0 27 27 0 26 26 0 25 25 0 30 30 0 29 29 0 28 28 1 31 31 0 29 29 0 30 30 0 32 32 0 31 31 0 30 30 0 33 33 0 31 31 0 32 32 0 34 34 0 33 33 0 32 32 0 35 35 0 33 33 0 34 34 0 36 36 1 35 35 0 34 34 0 39 39 1 38 38 0 37 37 1 40 40 0 38 38 0 39 39 1 41 41 0 40 40 0 39 39 1 42 42 0 40 40 0 41 41 0 23 43 0 42 42 0 41 41 0 43 44 0 42 42 0 23 43 0 44 45 0 43 44 0 23 43 0 47 47 0 46 46 0 45 19 0 48 25 0 46 46 0 47 47 0 49 20 0 48 25 0 47 47 0 50 22 0 48 25 0 49 20 0 51 21 0 50 22 0 49 20 0 52 23 0 50 22 0 51 21 0 55 47 0 54 46 0 53 19 0 56 25 0 54 46 0 55 47 0 57 20 0 56 25 0 55 47 0 58 22 0 56 25 0 57 20 0 59 21 0 58 22 0 57 20 0 34 23 0 58 22 0 59 21 0 34 34 0 39 39 1 36 36 1 41 41 0 39 39 1 34 34 0 32 32 0 41 41 0 34 34 0 23 43 0 41 41 0 32 32 0 30 30 0 23 43 0 32 32 0 60 48 1 23 43 0 30 30 0 63 51 1 62 50 1 61 49 1 64 52 1 62 50 1 63 51 1 9 9 0 64 52 1 63 51 1 65 53 1 64 52 1 9 9 0 66 54 0 65 53 1 9 9 0 69 57 0 68 56 0 67 55 0 70 58 0 68 56 0 69 57 0 71 59 0 70 58 0 69 57 0 72 60 0 70 58 0 71 59 0 74 47 0 73 46 0 19 19 0 25 25 0 73 46 0 74 47 0 20 20 0 25 25 0 74 47 0 22 22 0 25 25 0 20 20 0 2 2 0 6 6 0 4 4 0 75 61 0 6 6 0 2 2 0 15 15 0 75 61 0 2 2 0 14 14 0 75 61 0 15 15 0 56 25 0 34 23 0 54 46 0 76 24 0 34 23 0 56 25 0 77 26 0 76 24 0 56 25 0 78 62 0 76 24 0 77 26 0 22 22 0 27 27 0 25 25 0 79 62 0 27 27 0 22 22 0 24 24 0 79 62 0 22 22 0 26 26 0 79 62 0 24 24 0 80 27 0 58 22 0 78 62 0 56 25 0 58 22 0 80 27 0 77 26 0 56 25 0 80 27 0 66 54 0 75 61 0 14 14 0 7 7 0 75 61 0 66 54 0 9 9 0 7 7 0 66 54 0 40 65 0 44 64 0 38 63 0 43 66 0 44 64 0 40 65 0 42 67 0 43 66 0 40 65 0 31 70 0 81 69 0 29 68 0 35 71 0 81 69 0 31 70 0 33 72 0 35 71 0 31 70 0 76 24 0 58 22 0 34 23 0 78 62 0 58 22 0 76 24 0 37 74 1 44 64 0 82 73 1 38 63 0 44 64 0 37 74 1 81 76 0 36 36 1 83 75 1 35 35 0 36 36 1 81 76 0 44 45 0 60 48 1 82 77 1 23 43 0 60 48 1 44 45 0 28 73 1 81 69 0 83 74 1 29 68 0 81 69 0 28 73 1 72 60 0 84 78 0 70 58 0 85 79 0 84 78 0 72 60 0 25 25 0 23 23 0 73 46 0 79 82 0 26 81 0 27 80 0 63 51 1 11 11 1 9 9 0 19 85 0 20 84 0 74 83 0 19 88 0 73 87 0 21 86 0 6 6 0 75 61 0 7 7 0 3 3 0 5 5 0 1 1 0 18 18 0 17 17 0 16 16 0 53 19 0 59 21 0 57 20 0 53 88 0 54 87 0 59 86 0 53 85 0 57 84 0 55 83 0 48 24 0 50 22 0 52 23 0 48 25 0 52 23 0 46 46 0 45 19 0 51 21 0 49 20 0 45 88 0 46 87 0 51 86 0 45 85 0 49 84 0 47 83 0 14 10 0 13 11 1 86 12 1 78 82 0 77 81 0 80 80 0</p>
                </polylist>
            </mesh>
        </geometry>
        <geometry id="mesh26">
            <mesh>
                <source id="points26">
                    <float_array id="pointarray26" count="42">-75 30 120.00001525878906 -75 30 100.00001525878906 75 30 120.00001525878906 75 30 100.00001525878906 -75 40 120.00001525878906 -65 40 120.00001525878906 -75 30 120.00001525878906 75 30 120.00001525878906 75 40 120.00001525878906 65 40 120.00001525878906 -65 40 100.00001525878906 65 40 100.00001525878906 -75 30 100.00001525878906 75 30 100.00001525878906</float_array>
                    <technique_common>
                        <accessor count="14" source="#pointarray26" stride="3">
                            <param name="X" type="float"/>
                            <param name="Y" type="float"/>
                            <param name="Z" type="float"/>
                        </accessor>
                    </technique_common>
                </source>
                <source id="uvs26">
                    <float_array id="uvarray26" count="32">-0.007813000120222569 -0.1171879768371582 -0.007813000120222569 0.078125 1.0078129768371582 -0.1171879768371582 1.0078129768371582 0.078125 -0.0859379991889 1 -0.007813000120222569 1 -0.0859379991889 0.921875 1.0859379768371582 0.921875 1.0859379768371582 1 1.0078129768371582 1 -0.007813000120222569 0.1953129768371582 -0.007813000120222569 0.390625 1.0078129768371582 0.1953129768371582 1.0078129768371582 0.390625 -0.0859379991889 0.46875 1.0859379768371582 0.46875</float_array>
                    <technique_common>
                        <accessor count="16" source="#uvarray26" stride="2">
                            <param name="S" type="float"/>
                            <param name="T" type="float"/>
                        </accessor>
                    </technique_common>
                </source>
                <source id="colors26">
                    <float_array id="colorarray26" count="8">0.5019607843137255 0.5019607843137255 0.5019607843137255 1 1 1 1 1</float_array>
                    <technique_common>
                        <accessor count="2" source="#colorarray26" stride="4">
                            <param name="R" type="float"/>
                            <param name="G" type="float"/>
                            <param name="B" type="float"/>
                            <param name="A" type="float"/>
                        </accessor>
                    </technique_common>
                </source>
                <vertices id="vertices26">
                    <input semantic="POSITION" source="#points26"/>
                </vertices>
                <polylist count="10" material="Material1">
                    <input offset="0" semantic="VERTEX" source="#vertices26"/>
                    <input offset="1" semantic="TEXCOORD" source="#uvs26" set="0"/>
                    <input offset="2" semantic="COLOR" source="#colors26" set="0"/>
                    <vcount>3 3 3 3 3 3 3 3 3 3</vcount>
                    <p>2 2 0 1 1 0 0 0 0 3 3 0 1 1 0 2 2 0 6 6 1 5 5 1 4 4 1 7 7 1 5 5 1 6 6 1 9 9 1 7 7 1 8 8 1 5 5 1 7 7 1 9 9 1 9 12 1 10 11 1 5 10 1 11 13 1 10 11 1 9 12 1 10 11 1 13 15 1 12 14 1 11 13 1 13 15 1 10 11 1</p>
                </polylist>
            </mesh>
        </geometry>
        <geometry id="mesh27">
            <mesh>
                <source id="points27">
                    <float_array id="pointarray27" count="204">-65 40 120.00001525878906 -75 40 120.00001525878906 -71.53742218017578 42.236480712890625 115.16163635253906 -76.46754455566406 40.06896209716797 112.65520477294922 -74.52493286132812 47.19087219238281 111.9958267211914 -74.41215515136719 47.406620025634766 105.96674346923828 -73.86454772949219 53.722904205322266 108.5006103515625 -71.53742218017578 51.64820098876953 103.9609146118164 -73.86454772949219 58.26618957519531 93.60261535644531 -69.2103042602539 58.26618957519531 93.60261535644531 -71.53742218017578 61.26618957519531 96.10261535644531 -69.2103042602539 53.722904205322266 108.5006103515625 -71.53742218017578 57.698734283447266 116.71092224121094 -73.86454772949219 54.8796501159668 118.2863998413086 -69.21029663085938 54.8796501159668 118.2863998413086 -71.53742218017578 49.838932037353516 111.73408508300781 -68.66268920898438 47.32435607910156 112.28545379638672 -68.54991149902344 48.406620025634766 105.89739227294922 -66.60730743408203 41.06896209716797 112.65519714355469 -71.53742218017578 43.369964599609375 105.02061462402344 -65 40 100.00001525878906 -70 42 100.00001525878906 75 30 100.00001525878906 75 30 120.00001525878906 77 35 100.00001525878906 75 40 120.00001525878906 76.46754455566406 39.7037353515625 111.48133850097656 71.53742218017578 41.570255279541016 116.37236022949219 74.81655883789062 42.320255279541016 114.10977935791016 68.66268920898438 44.4537353515625 113.74909973144531 73.22760772705078 47.465553283691406 114.61946868896484 70.90048217773438 51.2516975402832 110.39900970458984 70.90048217773438 51.94493865966797 122.53254699707031 73.22760772705078 54.88997268676758 120.51779174804688 75.55472564697266 51.94493865966797 122.53254699707031 75.55472564697266 51.2516975402832 110.39900970458984 65 40 120.00001525878906 66.60730743408203 40.7037353515625 111.48133850097656 70.24009704589844 47.012176513671875 106.67847442626953 73.22760772705078 49.39636993408203 106.29659271240234 72.50486755371094 58.69753646850586 95.08219146728516 77.15911102294922 58.69753646850586 95.08219146728516 74.83198547363281 61.45363235473633 97.01541900634766 75 40 100.00001525878906 71.53742218017578 42.983253479003906 105.03172302246094 70 42 100.00001525878906 65 40 100.00001525878906 76.10234069824219 46.012176513671875 106.7478256225586 75 30 100.00001525878906 77 35 100.00001525878906 70 28 98.49273681640625 75 40 100.00001525878906 64.85448455810547 30.271728515625 97.44908142089844 63 35 98.49273681640625 -65 40 100.00001525878906 -70 42 100.00001525878906 -63 35 98.49273681640625 -75 40 100.00001525878906 -64.85448455810547 30.271728515625 97.44908142089844 -70 28 98.49273681640625 -77 35 100.00001525878906 -75 40 100.00001525878906 -77 35 100.00001525878906 -75 30 100.00001525878906 -75 30 100.00001525878906 -75 30 120.00001525878906 70 42 100.00001525878906 65 40 100.00001525878906</float_array>
                    <technique_common>
                        <accessor count="68" source="#pointarray27" stride="3">
                            <param name="X" type="float"/>
                            <param name="Y" type="float"/>
                            <param name="Z" type="float"/>
                        </accessor>
                    </technique_common>
                </source>
                <source id="uvs27">
                    <float_array id="uvarray27" count="136">0.2928929924964905 2.25 0.6464470028877258 2.25 0.16211199760437012 2.07600998878479 0.4130510091781616 2.0603450536727905 0.09257200360298157 2.05622398853302 0.08095700293779373 2.0185420513153076 -0.1617179960012436 2.034379005432129 -0.17064300179481506 2.0060060024261475 -0.3223479986190796 1.9412660002708435 -0.4869000017642975 1.9412660002708435 -0.5106899738311768 1.9568910002708435 -0.3262709975242615 2.034379005432129 -0.3845610022544861 2.0856930017471313 -0.20261499285697937 2.0955400466918945 -0.36716800928115845 2.0955400466918945 -0.10667499899864197 2.054587960243225 -0.1194090023636818 2.0580339431762695 -0.16166000068187714 2.0181089639663696 0.02908400073647499 2.0603450536727905 0.12203700095415115 2.0126290321350098 -0.06066000089049339 1.9375 0.045405998826026917 1.9375 0.6464470028877258 0.25 1 0 0.5403810143470764 0.25 0.6464470028877258 0 0.42596399784088135 0.14259302616119385 0.18566599488258362 0.11813801527023315 0.20437400043010712 0.1294509768486023 -0.017916999757289886 0.13125497102737427 0.03699300065636635 0.1269029974937439 -0.1791439950466156 0.14800500869750977 -0.2036529928445816 0.08733701705932617 -0.22550000250339508 0.09741097688674927 -0.039101000875234604 0.08733701705932617 -0.01459100004285574 0.14800500869750977 0.2928929924964905 0 0.04199700057506561 0.14259302616119385 -0.052602000534534454 0.16660797595977783 -0.03127099946141243 0.16851699352264404 -0.385670006275177 0.22458899021148682 -0.2211180031299591 0.22458899021148682 -0.4008370041847229 0.21492302417755127 0.2928929924964905 0.25 0.1357090026140213 0.1748409867286682 0.045405998826026917 0.25 -0.06066000089049339 0.25 0.1900150030851364 0.16626101732254028 -0.7487879991531372 0.3452720046043396 -0.8112879991531372 0.3765220046043396 -0.5925379991531372 0.33277201652526855 -0.7487879991531372 0.4077709913253784 -0.4317399859428406 0.3469700217247009 -0.3737879991531372 0.3765209913253784 0.004546999931335449 0.03800100088119507 0.16079699993133545 0.04581397771835327 -0.05795300006866455 0.01846998929977417 0.31704699993133545 0.03800100088119507 0 0 0.16079699993133545 -0.008874058723449707 0.5403810143470764 1.9375 0.2928929924964905 1.9375 0.37954699993133545 0.01846998929977417 0.31704699993133545 -0.0010609626770019531 0.6464470028877258 1.9375 1 2.25 -0.5925379991531372 0.42027097940444946 -0.4362879991531372 0.4077709913253784</float_array>
                    <technique_common>
                        <accessor count="68" source="#uvarray27" stride="2">
                            <param name="S" type="float"/>
                            <param name="T" type="float"/>
                        </accessor>
                    </technique_common>
                </source>
                <source id="colors27">
                    <float_array id="colorarray27" count="8">1 1 1 1 0.5019607843137255 0.5019607843137255 0.5019607843137255 1</float_array>
                    <technique_common>
                        <accessor count="2" source="#colorarray27" stride="4">
                            <param name="R" type="float"/>
                            <param name="G" type="float"/>
                            <param name="B" type="float"/>
                            <param name="A" type="float"/>
                        </accessor>
                    </technique_common>
                </source>
                <vertices id="vertices27">
                    <input semantic="POSITION" source="#points27"/>
                </vertices>
                <polylist count="96" material="Material1">
                    <input offset="0" semantic="VERTEX" source="#vertices27"/>
                    <input offset="1" semantic="TEXCOORD" source="#uvs27" set="0"/>
                    <input offset="2" semantic="COLOR" source="#colors27" set="0"/>
                    <vcount>3 3 3 3 3 3 3 3 3 3 3 3 3 3 3 3 3 3 3 3 3 3 3 3 3 3 3 3 3 3 3 3 3 3 3 3 3 3 3 3 3 3 3 3 3 3 3 3 3 3 3 3 3 3 3 3 3 3 3 3 3 3 3 3 3 3 3 3 3 3 3 3 3 3 3 3 3 3 3 3 3 3 3 3 3 3 3 3 3 3 3 3 3 3 3 3</vcount>
                    <p>2 2 0 1 1 0 0 0 0 3 3 0 1 1 0 2 2 0 4 4 0 3 3 0 2 2 0 5 5 0 3 3 0 4 4 0 6 6 0 5 5 0 4 4 0 7 7 0 5 5 0 6 6 0 8 8 0 7 7 0 6 6 0 9 9 0 7 7 0 8 8 0 10 10 0 9 9 0 8 8 0 11 11 0 9 9 0 10 10 0 6 6 0 11 11 0 10 10 0 12 12 0 11 11 0 6 6 0 13 13 0 12 12 0 6 6 0 14 14 0 12 12 0 13 13 0 15 15 0 14 14 0 13 13 0 11 11 0 14 14 0 15 15 0 16 16 0 11 11 0 15 15 0 17 17 0 11 11 0 16 16 0 18 18 0 17 17 0 16 16 0 19 19 0 17 17 0 18 18 0 20 20 1 19 19 0 18 18 0 21 21 1 19 19 0 20 20 1 24 24 1 23 23 0 22 22 1 25 25 0 23 23 0 24 24 1 26 26 0 25 25 0 24 24 1 27 27 0 25 25 0 26 26 0 28 28 0 27 27 0 26 26 0 29 29 0 27 27 0 28 28 0 30 30 0 29 29 0 28 28 0 31 31 0 29 29 0 30 30 0 32 32 0 31 31 0 30 30 0 33 33 0 31 31 0 32 32 0 34 34 0 33 33 0 32 32 0 35 35 0 33 33 0 34 34 0 30 30 0 35 35 0 34 34 0 28 28 0 35 35 0 30 30 0 27 27 0 36 36 0 25 25 0 37 37 0 36 36 0 27 27 0 29 29 0 37 37 0 27 27 0 38 38 0 37 37 0 29 29 0 31 31 0 38 38 0 29 29 0 39 39 0 38 38 0 31 31 0 40 40 0 39 39 0 31 31 0 41 41 0 39 39 0 40 40 0 42 42 0 41 41 0 40 40 0 35 35 0 41 41 0 42 42 0 31 31 0 35 35 0 42 42 0 33 33 0 35 35 0 31 31 0 43 43 1 26 26 0 24 24 1 44 44 0 26 26 0 43 43 1 45 45 1 44 44 0 43 43 1 37 37 0 44 44 0 45 45 1 46 46 1 37 37 0 45 45 1 36 36 0 37 37 0 46 46 1 38 38 0 44 44 0 37 37 0 47 47 0 44 44 0 38 38 0 39 39 0 47 47 0 38 38 0 35 35 0 47 47 0 39 39 0 41 41 0 35 35 0 39 39 0 50 50 0 49 49 0 48 48 0 51 51 0 49 49 0 50 50 0 52 52 0 51 51 0 50 50 0 53 53 0 51 51 0 52 52 0 56 56 0 55 55 0 54 54 0 57 57 0 55 55 0 56 56 0 58 58 0 57 57 0 56 56 0 59 59 0 57 57 0 58 58 0 3 3 0 60 60 1 1 1 0 61 61 1 60 60 1 3 3 0 19 19 0 61 61 1 3 3 0 21 21 1 61 61 1 19 19 0 5 5 0 19 19 0 3 3 0 17 17 0 19 19 0 5 5 0 7 7 0 17 17 0 5 5 0 47 47 0 26 26 0 44 44 0 28 28 0 26 26 0 47 47 0 35 35 0 28 28 0 47 47 0 2 2 0 18 18 0 16 16 0 0 0 0 18 18 0 2 2 0 4 4 0 16 16 0 15 15 0 2 2 0 16 16 0 4 4 0 6 6 0 15 15 0 13 13 0 4 4 0 15 15 0 6 6 0 11 11 0 7 7 0 9 9 0 17 17 0 7 7 0 11 11 0 59 59 0 62 62 0 57 57 0 63 63 0 62 62 0 59 59 0 65 65 0 60 60 1 64 64 1 1 1 0 60 60 1 65 65 0 53 53 0 66 66 0 51 51 0 67 67 0 66 66 0 53 53 0 6 6 0 10 10 0 8 8 0 11 11 0 12 12 0 14 14 0 42 42 0 40 40 0 31 31 0 34 34 0 32 32 0 30 30 0 20 20 1 18 18 0 0 0 0</p>
                </polylist>
            </mesh>
        </geometry>
        <geometry id="mesh28">
            <mesh>
                <source id="points28">
                    <float_array id="pointarray28" count="24">75 -20 120.00001525878906 75 30 120.00001525878906 75 -20 100.00001525878906 75 30 100.00001525878906 -75 -20 100.00001525878906 -75 30 100.00001525878906 -75 -20 120.00001525878906 -75 30 120.00001525878906</float_array>
                    <technique_common>
                        <accessor count="8" source="#pointarray28" stride="3">
                            <param name="X" type="float"/>
                            <param name="Y" type="float"/>
                            <param name="Z" type="float"/>
                        </accessor>
                    </technique_common>
                </source>
                <source id="uvs28">
                    <float_array id="uvarray28" count="2">0 1</float_array>
                    <technique_common>
                        <accessor count="1" source="#uvarray28" stride="2">
                            <param name="S" type="float"/>
                            <param name="T" type="float"/>
                        </accessor>
                    </technique_common>
                </source>
                <source id="colors28">
                    <float_array id="colorarray28" count="12">0 0 0 0.24313725490196078 0 0 0 0.49411764705882355 0 0 0 0</float_array>
                    <technique_common>
                        <accessor count="3" source="#colorarray28" stride="4">
                            <param name="R" type="float"/>
                            <param name="G" type="float"/>
                            <param name="B" type="float"/>
                            <param name="A" type="float"/>
                        </accessor>
                    </technique_common>
                </source>
                <vertices id="vertices28">
                    <input semantic="POSITION" source="#points28"/>
                </vertices>
                <polylist count="4" material="Material1">
                    <input offset="0" semantic="VERTEX" source="#vertices28"/>
                    <input offset="1" semantic="TEXCOORD" source="#uvs28" set="0"/>
                    <input offset="2" semantic="COLOR" source="#colors28" set="0"/>
                    <vcount>3 3 3 3</vcount>
                    <p>2 0 0 1 0 1 0 0 0 3 0 2 1 0 1 2 0 0 6 0 0 5 0 2 4 0 0 7 0 1 5 0 2 6 0 0</p>
                </polylist>
            </mesh>
        </geometry>
    </library_geometries>
    <library_controllers>
        <controller id="controller0">
            <skin source="#mesh0">
                <bind_shape_matrix>1 0 0 0 0 1 0 0 0 0 1 0 0 0 0 1</bind_shape_matrix>
                <source id="joints0">
                    <Name_array id="JointArr0" count="14">jointnode-1 jointnode0 jointnode1 jointnode2 jointnode3 jointnode4 jointnode5 jointnode6 jointnode7 jointnode8 jointnode9 jointnode10 jointnode11 jointnode12</Name_array>
                    <technique_common>
                        <accessor source="#JointArr0" count="14">
                            <param name="JOINT" type="Name" />
                        </accessor>
                    </technique_common>
                </source>
                <source id="matrices0">
                    <float_array id="MatArr0" count="224">1 0 0 0 0 1 0 0 0 0 1 0 0 0 0 1 1 0 0 0 0 1 0 0 0 0 1 0 0 0 0 1 1 0 0 0 0 1 0 0 0 0 1 0 0 0 0 1 1 0 0 0 0 1 0 0 0 0 1 0 0 0 0 1 1 0 0 0 0 1 0 0 0 0 1 0 0 0 0 1 1 0 0 0 0 1 0 0 0 0 1 0 0 0 0 1 1 0 0 0 0 1 0 0 0 0 1 0 0 0 0 1 1 0 0 0 0 1 0 0 0 0 1 0 0 0 0 1 1 0 0 0 0 1 0 0 0 0 1 0 0 0 0 1 1 0 0 0 0 1 0 0 0 0 1 0 0 0 0 1 1 0 0 0 0 1 0 0 0 0 1 0 0 0 0 1 1 0 0 0 0 1 0 0 0 0 1 0 0 0 0 1 1 0 0 0 0 1 0 0 0 0 1 0 0 0 0 1 1 0 0 0 0 1 0 0 0 0 1 0 0 0 0 1</float_array>
                    <technique_common>
                        <accessor source="#MatArr0" count="14" stride="16">
                            <param type="float4x4" />
                        </accessor>
                    </technique_common>
                </source>
                <source id="weights0">
                    <float_array id="WeightArr0" count="1">1</float_array>
                    <technique_common>
                        <accessor source="#WeightArr0" count="1">
                            <param type="float" />
                        </accessor>
                    </technique_common>
                </source>
                <joints>
                    <input semantic="JOINT" source="#joints0" />
                    <input semantic="INV_BIND_MATRIX" source="#matrices0" />
                </joints>
                <vertex_weights count="87">
                    <input semantic="JOINT" offset="0" source="#joints0" />
                    <input semantic="WEIGHT" offset="1" source="#weights0" />
                    <vcount>1 1 1 1 1 1 1 1 1 1 1 1 1 1 1 1 1 1 1 1 1 1 1 1 1 1 1 1 1 1 1 1 1 1 1 1 1 1 1 1 1 1 1 1 1 1 1 1 1 1 1 1 1 1 1 1 1 1 1 1 1 1 1 1 1 1 1 1 1 1 1 1 1 1 1 1 1 1 1 1 1 1 1 1 1 1 1</vcount>
                    <v>2 0 2 0 2 0 2 0 2 0 2 0 2 0 2 0 2 0 2 0 2 0 2 0 2 0 2 0 2 0 2 0 2 0 2 0 2 0 2 0 2 0 2 0 2 0 2 0 2 0 2 0 2 0 2 0 2 0 2 0 2 0 2 0 2 0 2 0 2 0 2 0 2 0 2 0 2 0 2 0 2 0 2 0 2 0 2 0 2 0 2 0 2 0 2 0 2 0 2 0 2 0 2 0 2 0 2 0 2 0 2 0 2 0 2 0 2 0 2 0 2 0 2 0 2 0 2 0 2 0 2 0 2 0 2 0 2 0 2 0 2 0 2 0 2 0 2 0 2 0 2 0 2 0 2 0 2 0 2 0 2 0 2 0 2 0 2 0 2 0 2 0 2 0</v>
                </vertex_weights>
            </skin>
        </controller>
        <controller id="controller1">
            <skin source="#mesh1">
                <bind_shape_matrix>1 0 0 0 0 1 0 0 0 0 1 0 0 0 0 1</bind_shape_matrix>
                <source id="joints1">
                    <Name_array id="JointArr1" count="14">jointnode-1 jointnode0 jointnode1 jointnode2 jointnode3 jointnode4 jointnode5 jointnode6 jointnode7 jointnode8 jointnode9 jointnode10 jointnode11 jointnode12</Name_array>
                    <technique_common>
                        <accessor source="#JointArr1" count="14">
                            <param name="JOINT" type="Name" />
                        </accessor>
                    </technique_common>
                </source>
                <source id="matrices1">
                    <float_array id="MatArr1" count="224">1 0 0 0 0 1 0 0 0 0 1 0 0 0 0 1 1 0 0 0 0 1 0 0 0 0 1 0 0 0 0 1 1 0 0 0 0 1 0 0 0 0 1 0 0 0 0 1 1 0 0 0 0 1 0 0 0 0 1 0 0 0 0 1 1 0 0 0 0 1 0 0 0 0 1 0 0 0 0 1 1 0 0 0 0 1 0 0 0 0 1 0 0 0 0 1 1 0 0 0 0 1 0 0 0 0 1 0 0 0 0 1 1 0 0 0 0 1 0 0 0 0 1 0 0 0 0 1 1 0 0 0 0 1 0 0 0 0 1 0 0 0 0 1 1 0 0 0 0 1 0 0 0 0 1 0 0 0 0 1 1 0 0 0 0 1 0 0 0 0 1 0 0 0 0 1 1 0 0 0 0 1 0 0 0 0 1 0 0 0 0 1 1 0 0 0 0 1 0 0 0 0 1 0 0 0 0 1 1 0 0 0 0 1 0 0 0 0 1 0 0 0 0 1</float_array>
                    <technique_common>
                        <accessor source="#MatArr1" count="14" stride="16">
                            <param type="float4x4" />
                        </accessor>
                    </technique_common>
                </source>
                <source id="weights1">
                    <float_array id="WeightArr1" count="1">1</float_array>
                    <technique_common>
                        <accessor source="#WeightArr1" count="1">
                            <param type="float" />
                        </accessor>
                    </technique_common>
                </source>
                <joints>
                    <input semantic="JOINT" source="#joints1" />
                    <input semantic="INV_BIND_MATRIX" source="#matrices1" />
                </joints>
                <vertex_weights count="12">
                    <input semantic="JOINT" offset="0" source="#joints1" />
                    <input semantic="WEIGHT" offset="1" source="#weights1" />
                    <vcount>1 1 1 1 1 1 1 1 1 1 1 1</vcount>
                    <v>3 0 3 0 3 0 3 0 3 0 3 0 3 0 3 0 3 0 3 0 3 0 3 0</v>
                </vertex_weights>
            </skin>
        </controller>
        <controller id="controller2">
            <skin source="#mesh2">
                <bind_shape_matrix>1 0 0 0 0 1 0 0 0 0 1 0 0 0 0 1</bind_shape_matrix>
                <source id="joints2">
                    <Name_array id="JointArr2" count="14">jointnode-1 jointnode0 jointnode1 jointnode2 jointnode3 jointnode4 jointnode5 jointnode6 jointnode7 jointnode8 jointnode9 jointnode10 jointnode11 jointnode12</Name_array>
                    <technique_common>
                        <accessor source="#JointArr2" count="14">
                            <param name="JOINT" type="Name" />
                        </accessor>
                    </technique_common>
                </source>
                <source id="matrices2">
                    <float_array id="MatArr2" count="224">1 0 0 0 0 1 0 0 0 0 1 0 0 0 0 1 1 0 0 0 0 1 0 0 0 0 1 0 0 0 0 1 1 0 0 0 0 1 0 0 0 0 1 0 0 0 0 1 1 0 0 0 0 1 0 0 0 0 1 0 0 0 0 1 1 0 0 0 0 1 0 0 0 0 1 0 0 0 0 1 1 0 0 0 0 1 0 0 0 0 1 0 0 0 0 1 1 0 0 0 0 1 0 0 0 0 1 0 0 0 0 1 1 0 0 0 0 1 0 0 0 0 1 0 0 0 0 1 1 0 0 0 0 1 0 0 0 0 1 0 0 0 0 1 1 0 0 0 0 1 0 0 0 0 1 0 0 0 0 1 1 0 0 0 0 1 0 0 0 0 1 0 0 0 0 1 1 0 0 0 0 1 0 0 0 0 1 0 0 0 0 1 1 0 0 0 0 1 0 0 0 0 1 0 0 0 0 1 1 0 0 0 0 1 0 0 0 0 1 0 0 0 0 1</float_array>
                    <technique_common>
                        <accessor source="#MatArr2" count="14" stride="16">
                            <param type="float4x4" />
                        </accessor>
                    </technique_common>
                </source>
                <source id="weights2">
                    <float_array id="WeightArr2" count="1">1</float_array>
                    <technique_common>
                        <accessor source="#WeightArr2" count="1">
                            <param type="float" />
                        </accessor>
                    </technique_common>
                </source>
                <joints>
                    <input semantic="JOINT" source="#joints2" />
                    <input semantic="INV_BIND_MATRIX" source="#matrices2" />
                </joints>
                <vertex_weights count="52">
                    <input semantic="JOINT" offset="0" source="#joints2" />
                    <input semantic="WEIGHT" offset="1" source="#weights2" />
                    <vcount>1 1 1 1 1 1 1 1 1 1 1 1 1 1 1 1 1 1 1 1 1 1 1 1 1 1 1 1 1 1 1 1 1 1 1 1 1 1 1 1 1 1 1 1 1 1 1 1 1 1 1 1</vcount>
                    <v>3 0 3 0 3 0 3 0 3 0 3 0 3 0 3 0 3 0 3 0 3 0 3 0 3 0 3 0 3 0 3 0 3 0 3 0 3 0 3 0 3 0 3 0 3 0 3 0 3 0 3 0 3 0 3 0 3 0 3 0 3 0 3 0 3 0 3 0 3 0 3 0 3 0 3 0 3 0 3 0 3 0 3 0 3 0 3 0 3 0 3 0 3 0 3 0 3 0 3 0 3 0 3 0</v>
                </vertex_weights>
            </skin>
        </controller>
        <controller id="controller3">
            <skin source="#mesh3">
                <bind_shape_matrix>1 0 0 0 0 1 0 0 0 0 1 0 0 0 0 1</bind_shape_matrix>
                <source id="joints3">
                    <Name_array id="JointArr3" count="14">jointnode-1 jointnode0 jointnode1 jointnode2 jointnode3 jointnode4 jointnode5 jointnode6 jointnode7 jointnode8 jointnode9 jointnode10 jointnode11 jointnode12</Name_array>
                    <technique_common>
                        <accessor source="#JointArr3" count="14">
                            <param name="JOINT" type="Name" />
                        </accessor>
                    </technique_common>
                </source>
                <source id="matrices3">
                    <float_array id="MatArr3" count="224">1 0 0 0 0 1 0 0 0 0 1 0 0 0 0 1 1 0 0 0 0 1 0 0 0 0 1 0 0 0 0 1 1 0 0 0 0 1 0 0 0 0 1 0 0 0 0 1 1 0 0 0 0 1 0 0 0 0 1 0 0 0 0 1 1 0 0 0 0 1 0 0 0 0 1 0 0 0 0 1 1 0 0 0 0 1 0 0 0 0 1 0 0 0 0 1 1 0 0 0 0 1 0 0 0 0 1 0 0 0 0 1 1 0 0 0 0 1 0 0 0 0 1 0 0 0 0 1 1 0 0 0 0 1 0 0 0 0 1 0 0 0 0 1 1 0 0 0 0 1 0 0 0 0 1 0 0 0 0 1 1 0 0 0 0 1 0 0 0 0 1 0 0 0 0 1 1 0 0 0 0 1 0 0 0 0 1 0 0 0 0 1 1 0 0 0 0 1 0 0 0 0 1 0 0 0 0 1 1 0 0 0 0 1 0 0 0 0 1 0 0 0 0 1</float_array>
                    <technique_common>
                        <accessor source="#MatArr3" count="14" stride="16">
                            <param type="float4x4" />
                        </accessor>
                    </technique_common>
                </source>
                <source id="weights3">
                    <float_array id="WeightArr3" count="1">1</float_array>
                    <technique_common>
                        <accessor source="#WeightArr3" count="1">
                            <param type="float" />
                        </accessor>
                    </technique_common>
                </source>
                <joints>
                    <input semantic="JOINT" source="#joints3" />
                    <input semantic="INV_BIND_MATRIX" source="#matrices3" />
                </joints>
                <vertex_weights count="6">
                    <input semantic="JOINT" offset="0" source="#joints3" />
                    <input semantic="WEIGHT" offset="1" source="#weights3" />
                    <vcount>1 1 1 1 1 1</vcount>
                    <v>3 0 3 0 3 0 3 0 3 0 3 0</v>
                </vertex_weights>
            </skin>
        </controller>
        <controller id="controller4">
            <skin source="#mesh4">
                <bind_shape_matrix>1 0 0 0 0 1 0 0 0 0 1 0 0 0 0 1</bind_shape_matrix>
                <source id="joints4">
                    <Name_array id="JointArr4" count="14">jointnode-1 jointnode0 jointnode1 jointnode2 jointnode3 jointnode4 jointnode5 jointnode6 jointnode7 jointnode8 jointnode9 jointnode10 jointnode11 jointnode12</Name_array>
                    <technique_common>
                        <accessor source="#JointArr4" count="14">
                            <param name="JOINT" type="Name" />
                        </accessor>
                    </technique_common>
                </source>
                <source id="matrices4">
                    <float_array id="MatArr4" count="224">1 0 0 0 0 1 0 0 0 0 1 0 0 0 0 1 1 0 0 0 0 1 0 0 0 0 1 0 0 0 0 1 1 0 0 0 0 1 0 0 0 0 1 0 0 0 0 1 1 0 0 0 0 1 0 0 0 0 1 0 0 0 0 1 1 0 0 0 0 1 0 0 0 0 1 0 0 0 0 1 1 0 0 0 0 1 0 0 0 0 1 0 0 0 0 1 1 0 0 0 0 1 0 0 0 0 1 0 0 0 0 1 1 0 0 0 0 1 0 0 0 0 1 0 0 0 0 1 1 0 0 0 0 1 0 0 0 0 1 0 0 0 0 1 1 0 0 0 0 1 0 0 0 0 1 0 0 0 0 1 1 0 0 0 0 1 0 0 0 0 1 0 0 0 0 1 1 0 0 0 0 1 0 0 0 0 1 0 0 0 0 1 1 0 0 0 0 1 0 0 0 0 1 0 0 0 0 1 1 0 0 0 0 1 0 0 0 0 1 0 0 0 0 1</float_array>
                    <technique_common>
                        <accessor source="#MatArr4" count="14" stride="16">
                            <param type="float4x4" />
                        </accessor>
                    </technique_common>
                </source>
                <source id="weights4">
                    <float_array id="WeightArr4" count="1">1</float_array>
                    <technique_common>
                        <accessor source="#WeightArr4" count="1">
                            <param type="float" />
                        </accessor>
                    </technique_common>
                </source>
                <joints>
                    <input semantic="JOINT" source="#joints4" />
                    <input semantic="INV_BIND_MATRIX" source="#matrices4" />
                </joints>
                <vertex_weights count="4">
                    <input semantic="JOINT" offset="0" source="#joints4" />
                    <input semantic="WEIGHT" offset="1" source="#weights4" />
                    <vcount>1 1 1 1</vcount>
                    <v>4 0 4 0 4 0 4 0</v>
                </vertex_weights>
            </skin>
        </controller>
        <controller id="controller5">
            <skin source="#mesh5">
                <bind_shape_matrix>1 0 0 0 0 1 0 0 0 0 1 0 0 0 0 1</bind_shape_matrix>
                <source id="joints5">
                    <Name_array id="JointArr5" count="14">jointnode-1 jointnode0 jointnode1 jointnode2 jointnode3 jointnode4 jointnode5 jointnode6 jointnode7 jointnode8 jointnode9 jointnode10 jointnode11 jointnode12</Name_array>
                    <technique_common>
                        <accessor source="#JointArr5" count="14">
                            <param name="JOINT" type="Name" />
                        </accessor>
                    </technique_common>
                </source>
                <source id="matrices5">
                    <float_array id="MatArr5" count="224">1 0 0 0 0 1 0 0 0 0 1 0 0 0 0 1 1 0 0 0 0 1 0 0 0 0 1 0 0 0 0 1 1 0 0 0 0 1 0 0 0 0 1 0 0 0 0 1 1 0 0 0 0 1 0 0 0 0 1 0 0 0 0 1 1 0 0 0 0 1 0 0 0 0 1 0 0 0 0 1 1 0 0 0 0 1 0 0 0 0 1 0 0 0 0 1 1 0 0 0 0 1 0 0 0 0 1 0 0 0 0 1 1 0 0 0 0 1 0 0 0 0 1 0 0 0 0 1 1 0 0 0 0 1 0 0 0 0 1 0 0 0 0 1 1 0 0 0 0 1 0 0 0 0 1 0 0 0 0 1 1 0 0 0 0 1 0 0 0 0 1 0 0 0 0 1 1 0 0 0 0 1 0 0 0 0 1 0 0 0 0 1 1 0 0 0 0 1 0 0 0 0 1 0 0 0 0 1 1 0 0 0 0 1 0 0 0 0 1 0 0 0 0 1</float_array>
                    <technique_common>
                        <accessor source="#MatArr5" count="14" stride="16">
                            <param type="float4x4" />
                        </accessor>
                    </technique_common>
                </source>
                <source id="weights5">
                    <float_array id="WeightArr5" count="1">1</float_array>
                    <technique_common>
                        <accessor source="#WeightArr5" count="1">
                            <param type="float" />
                        </accessor>
                    </technique_common>
                </source>
                <joints>
                    <input semantic="JOINT" source="#joints5" />
                    <input semantic="INV_BIND_MATRIX" source="#matrices5" />
                </joints>
                <vertex_weights count="87">
                    <input semantic="JOINT" offset="0" source="#joints5" />
                    <input semantic="WEIGHT" offset="1" source="#weights5" />
                    <vcount>1 1 1 1 1 1 1 1 1 1 1 1 1 1 1 1 1 1 1 1 1 1 1 1 1 1 1 1 1 1 1 1 1 1 1 1 1 1 1 1 1 1 1 1 1 1 1 1 1 1 1 1 1 1 1 1 1 1 1 1 1 1 1 1 1 1 1 1 1 1 1 1 1 1 1 1 1 1 1 1 1 1 1 1 1 1 1</vcount>
                    <v>4 0 4 0 4 0 4 0 4 0 4 0 4 0 4 0 4 0 4 0 4 0 4 0 4 0 4 0 4 0 4 0 4 0 4 0 4 0 4 0 4 0 4 0 4 0 4 0 4 0 4 0 4 0 4 0 4 0 4 0 4 0 4 0 4 0 4 0 4 0 4 0 4 0 4 0 4 0 4 0 4 0 4 0 4 0 4 0 4 0 4 0 4 0 4 0 4 0 4 0 4 0 4 0 4 0 4 0 4 0 4 0 4 0 4 0 4 0 4 0 4 0 4 0 4 0 4 0 4 0 4 0 4 0 4 0 4 0 4 0 4 0 4 0 4 0 4 0 4 0 4 0 4 0 4 0 4 0 4 0 4 0 4 0 4 0 4 0 4 0 4 0 4 0</v>
                </vertex_weights>
            </skin>
        </controller>
        <controller id="controller6">
            <skin source="#mesh6">
                <bind_shape_matrix>1 0 0 0 0 1 0 0 0 0 1 0 0 0 0 1</bind_shape_matrix>
                <source id="joints6">
                    <Name_array id="JointArr6" count="14">jointnode-1 jointnode0 jointnode1 jointnode2 jointnode3 jointnode4 jointnode5 jointnode6 jointnode7 jointnode8 jointnode9 jointnode10 jointnode11 jointnode12</Name_array>
                    <technique_common>
                        <accessor source="#JointArr6" count="14">
                            <param name="JOINT" type="Name" />
                        </accessor>
                    </technique_common>
                </source>
                <source id="matrices6">
                    <float_array id="MatArr6" count="224">1 0 0 0 0 1 0 0 0 0 1 0 0 0 0 1 1 0 0 0 0 1 0 0 0 0 1 0 0 0 0 1 1 0 0 0 0 1 0 0 0 0 1 0 0 0 0 1 1 0 0 0 0 1 0 0 0 0 1 0 0 0 0 1 1 0 0 0 0 1 0 0 0 0 1 0 0 0 0 1 1 0 0 0 0 1 0 0 0 0 1 0 0 0 0 1 1 0 0 0 0 1 0 0 0 0 1 0 0 0 0 1 1 0 0 0 0 1 0 0 0 0 1 0 0 0 0 1 1 0 0 0 0 1 0 0 0 0 1 0 0 0 0 1 1 0 0 0 0 1 0 0 0 0 1 0 0 0 0 1 1 0 0 0 0 1 0 0 0 0 1 0 0 0 0 1 1 0 0 0 0 1 0 0 0 0 1 0 0 0 0 1 1 0 0 0 0 1 0 0 0 0 1 0 0 0 0 1 1 0 0 0 0 1 0 0 0 0 1 0 0 0 0 1</float_array>
                    <technique_common>
                        <accessor source="#MatArr6" count="14" stride="16">
                            <param type="float4x4" />
                        </accessor>
                    </technique_common>
                </source>
                <source id="weights6">
                    <float_array id="WeightArr6" count="1">1</float_array>
                    <technique_common>
                        <accessor source="#WeightArr6" count="1">
                            <param type="float" />
                        </accessor>
                    </technique_common>
                </source>
                <joints>
                    <input semantic="JOINT" source="#joints6" />
                    <input semantic="INV_BIND_MATRIX" source="#matrices6" />
                </joints>
                <vertex_weights count="10">
                    <input semantic="JOINT" offset="0" source="#joints6" />
                    <input semantic="WEIGHT" offset="1" source="#weights6" />
                    <vcount>1 1 1 1 1 1 1 1 1 1</vcount>
                    <v>5 0 5 0 5 0 5 0 5 0 5 0 5 0 5 0 5 0 5 0</v>
                </vertex_weights>
            </skin>
        </controller>
        <controller id="controller7">
            <skin source="#mesh7">
                <bind_shape_matrix>1 0 0 0 0 1 0 0 0 0 1 0 0 0 0 1</bind_shape_matrix>
                <source id="joints7">
                    <Name_array id="JointArr7" count="14">jointnode-1 jointnode0 jointnode1 jointnode2 jointnode3 jointnode4 jointnode5 jointnode6 jointnode7 jointnode8 jointnode9 jointnode10 jointnode11 jointnode12</Name_array>
                    <technique_common>
                        <accessor source="#JointArr7" count="14">
                            <param name="JOINT" type="Name" />
                        </accessor>
                    </technique_common>
                </source>
                <source id="matrices7">
                    <float_array id="MatArr7" count="224">1 0 0 0 0 1 0 0 0 0 1 0 0 0 0 1 1 0 0 0 0 1 0 0 0 0 1 0 0 0 0 1 1 0 0 0 0 1 0 0 0 0 1 0 0 0 0 1 1 0 0 0 0 1 0 0 0 0 1 0 0 0 0 1 1 0 0 0 0 1 0 0 0 0 1 0 0 0 0 1 1 0 0 0 0 1 0 0 0 0 1 0 0 0 0 1 1 0 0 0 0 1 0 0 0 0 1 0 0 0 0 1 1 0 0 0 0 1 0 0 0 0 1 0 0 0 0 1 1 0 0 0 0 1 0 0 0 0 1 0 0 0 0 1 1 0 0 0 0 1 0 0 0 0 1 0 0 0 0 1 1 0 0 0 0 1 0 0 0 0 1 0 0 0 0 1 1 0 0 0 0 1 0 0 0 0 1 0 0 0 0 1 1 0 0 0 0 1 0 0 0 0 1 0 0 0 0 1 1 0 0 0 0 1 0 0 0 0 1 0 0 0 0 1</float_array>
                    <technique_common>
                        <accessor source="#MatArr7" count="14" stride="16">
                            <param type="float4x4" />
                        </accessor>
                    </technique_common>
                </source>
                <source id="weights7">
                    <float_array id="WeightArr7" count="1">1</float_array>
                    <technique_common>
                        <accessor source="#WeightArr7" count="1">
                            <param type="float" />
                        </accessor>
                    </technique_common>
                </source>
                <joints>
                    <input semantic="JOINT" source="#joints7" />
                    <input semantic="INV_BIND_MATRIX" source="#matrices7" />
                </joints>
                <vertex_weights count="72">
                    <input semantic="JOINT" offset="0" source="#joints7" />
                    <input semantic="WEIGHT" offset="1" source="#weights7" />
                    <vcount>1 1 1 1 1 1 1 1 1 1 1 1 1 1 1 1 1 1 1 1 1 1 1 1 1 1 1 1 1 1 1 1 1 1 1 1 1 1 1 1 1 1 1 1 1 1 1 1 1 1 1 1 1 1 1 1 1 1 1 1 1 1 1 1 1 1 1 1 1 1 1 1</vcount>
                    <v>5 0 5 0 5 0 5 0 5 0 5 0 5 0 5 0 5 0 5 0 5 0 5 0 5 0 5 0 5 0 5 0 5 0 5 0 5 0 5 0 5 0 5 0 5 0 5 0 5 0 5 0 5 0 5 0 5 0 5 0 5 0 5 0 5 0 5 0 5 0 5 0 5 0 5 0 5 0 5 0 5 0 5 0 5 0 5 0 5 0 5 0 5 0 5 0 5 0 5 0 5 0 5 0 5 0 5 0 5 0 5 0 5 0 5 0 5 0 5 0 5 0 5 0 5 0 5 0 5 0 5 0 5 0 5 0 5 0 5 0 5 0 5 0</v>
                </vertex_weights>
            </skin>
        </controller>
        <controller id="controller8">
            <skin source="#mesh8">
                <bind_shape_matrix>1 0 0 0 0 1 0 0 0 0 1 0 0 0 0 1</bind_shape_matrix>
                <source id="joints8">
                    <Name_array id="JointArr8" count="14">jointnode-1 jointnode0 jointnode1 jointnode2 jointnode3 jointnode4 jointnode5 jointnode6 jointnode7 jointnode8 jointnode9 jointnode10 jointnode11 jointnode12</Name_array>
                    <technique_common>
                        <accessor source="#JointArr8" count="14">
                            <param name="JOINT" type="Name" />
                        </accessor>
                    </technique_common>
                </source>
                <source id="matrices8">
                    <float_array id="MatArr8" count="224">1 0 0 0 0 1 0 0 0 0 1 0 0 0 0 1 1 0 0 0 0 1 0 0 0 0 1 0 0 0 0 1 1 0 0 0 0 1 0 0 0 0 1 0 0 0 0 1 1 0 0 0 0 1 0 0 0 0 1 0 0 0 0 1 1 0 0 0 0 1 0 0 0 0 1 0 0 0 0 1 1 0 0 0 0 1 0 0 0 0 1 0 0 0 0 1 1 0 0 0 0 1 0 0 0 0 1 0 0 0 0 1 1 0 0 0 0 1 0 0 0 0 1 0 0 0 0 1 1 0 0 0 0 1 0 0 0 0 1 0 0 0 0 1 1 0 0 0 0 1 0 0 0 0 1 0 0 0 0 1 1 0 0 0 0 1 0 0 0 0 1 0 0 0 0 1 1 0 0 0 0 1 0 0 0 0 1 0 0 0 0 1 1 0 0 0 0 1 0 0 0 0 1 0 0 0 0 1 1 0 0 0 0 1 0 0 0 0 1 0 0 0 0 1</float_array>
                    <technique_common>
                        <accessor source="#MatArr8" count="14" stride="16">
                            <param type="float4x4" />
                        </accessor>
                    </technique_common>
                </source>
                <source id="weights8">
                    <float_array id="WeightArr8" count="1">1</float_array>
                    <technique_common>
                        <accessor source="#WeightArr8" count="1">
                            <param type="float" />
                        </accessor>
                    </technique_common>
                </source>
                <joints>
                    <input semantic="JOINT" source="#joints8" />
                    <input semantic="INV_BIND_MATRIX" source="#matrices8" />
                </joints>
                <vertex_weights count="8">
                    <input semantic="JOINT" offset="0" source="#joints8" />
                    <input semantic="WEIGHT" offset="1" source="#weights8" />
                    <vcount>1 1 1 1 1 1 1 1</vcount>
                    <v>5 0 5 0 5 0 5 0 5 0 5 0 5 0 5 0</v>
                </vertex_weights>
            </skin>
        </controller>
        <controller id="controller9">
            <skin source="#mesh9">
                <bind_shape_matrix>1 0 0 0 0 1 0 0 0 0 1 0 0 0 0 1</bind_shape_matrix>
                <source id="joints9">
                    <Name_array id="JointArr9" count="14">jointnode-1 jointnode0 jointnode1 jointnode2 jointnode3 jointnode4 jointnode5 jointnode6 jointnode7 jointnode8 jointnode9 jointnode10 jointnode11 jointnode12</Name_array>
                    <technique_common>
                        <accessor source="#JointArr9" count="14">
                            <param name="JOINT" type="Name" />
                        </accessor>
                    </technique_common>
                </source>
                <source id="matrices9">
                    <float_array id="MatArr9" count="224">1 0 0 0 0 1 0 0 0 0 1 0 0 0 0 1 1 0 0 0 0 1 0 0 0 0 1 0 0 0 0 1 1 0 0 0 0 1 0 0 0 0 1 0 0 0 0 1 1 0 0 0 0 1 0 0 0 0 1 0 0 0 0 1 1 0 0 0 0 1 0 0 0 0 1 0 0 0 0 1 1 0 0 0 0 1 0 0 0 0 1 0 0 0 0 1 1 0 0 0 0 1 0 0 0 0 1 0 0 0 0 1 1 0 0 0 0 1 0 0 0 0 1 0 0 0 0 1 1 0 0 0 0 1 0 0 0 0 1 0 0 0 0 1 1 0 0 0 0 1 0 0 0 0 1 0 0 0 0 1 1 0 0 0 0 1 0 0 0 0 1 0 0 0 0 1 1 0 0 0 0 1 0 0 0 0 1 0 0 0 0 1 1 0 0 0 0 1 0 0 0 0 1 0 0 0 0 1 1 0 0 0 0 1 0 0 0 0 1 0 0 0 0 1</float_array>
                    <technique_common>
                        <accessor source="#MatArr9" count="14" stride="16">
                            <param type="float4x4" />
                        </accessor>
                    </technique_common>
                </source>
                <source id="weights9">
                    <float_array id="WeightArr9" count="1">1</float_array>
                    <technique_common>
                        <accessor source="#WeightArr9" count="1">
                            <param type="float" />
                        </accessor>
                    </technique_common>
                </source>
                <joints>
                    <input semantic="JOINT" source="#joints9" />
                    <input semantic="INV_BIND_MATRIX" source="#matrices9" />
                </joints>
                <vertex_weights count="4">
                    <input semantic="JOINT" offset="0" source="#joints9" />
                    <input semantic="WEIGHT" offset="1" source="#weights9" />
                    <vcount>1 1 1 1</vcount>
                    <v>6 0 6 0 6 0 6 0</v>
                </vertex_weights>
            </skin>
        </controller>
        <controller id="controller10">
            <skin source="#mesh10">
                <bind_shape_matrix>1 0 0 0 0 1 0 0 0 0 1 0 0 0 0 1</bind_shape_matrix>
                <source id="joints10">
                    <Name_array id="JointArr10" count="14">jointnode-1 jointnode0 jointnode1 jointnode2 jointnode3 jointnode4 jointnode5 jointnode6 jointnode7 jointnode8 jointnode9 jointnode10 jointnode11 jointnode12</Name_array>
                    <technique_common>
                        <accessor source="#JointArr10" count="14">
                            <param name="JOINT" type="Name" />
                        </accessor>
                    </technique_common>
                </source>
                <source id="matrices10">
                    <float_array id="MatArr10" count="224">1 0 0 0 0 1 0 0 0 0 1 0 0 0 0 1 1 0 0 0 0 1 0 0 0 0 1 0 0 0 0 1 1 0 0 0 0 1 0 0 0 0 1 0 0 0 0 1 1 0 0 0 0 1 0 0 0 0 1 0 0 0 0 1 1 0 0 0 0 1 0 0 0 0 1 0 0 0 0 1 1 0 0 0 0 1 0 0 0 0 1 0 0 0 0 1 1 0 0 0 0 1 0 0 0 0 1 0 0 0 0 1 1 0 0 0 0 1 0 0 0 0 1 0 0 0 0 1 1 0 0 0 0 1 0 0 0 0 1 0 0 0 0 1 1 0 0 0 0 1 0 0 0 0 1 0 0 0 0 1 1 0 0 0 0 1 0 0 0 0 1 0 0 0 0 1 1 0 0 0 0 1 0 0 0 0 1 0 0 0 0 1 1 0 0 0 0 1 0 0 0 0 1 0 0 0 0 1 1 0 0 0 0 1 0 0 0 0 1 0 0 0 0 1</float_array>
                    <technique_common>
                        <accessor source="#MatArr10" count="14" stride="16">
                            <param type="float4x4" />
                        </accessor>
                    </technique_common>
                </source>
                <source id="weights10">
                    <float_array id="WeightArr10" count="1">1</float_array>
                    <technique_common>
                        <accessor source="#WeightArr10" count="1">
                            <param type="float" />
                        </accessor>
                    </technique_common>
                </source>
                <joints>
                    <input semantic="JOINT" source="#joints10" />
                    <input semantic="INV_BIND_MATRIX" source="#matrices10" />
                </joints>
                <vertex_weights count="87">
                    <input semantic="JOINT" offset="0" source="#joints10" />
                    <input semantic="WEIGHT" offset="1" source="#weights10" />
                    <vcount>1 1 1 1 1 1 1 1 1 1 1 1 1 1 1 1 1 1 1 1 1 1 1 1 1 1 1 1 1 1 1 1 1 1 1 1 1 1 1 1 1 1 1 1 1 1 1 1 1 1 1 1 1 1 1 1 1 1 1 1 1 1 1 1 1 1 1 1 1 1 1 1 1 1 1 1 1 1 1 1 1 1 1 1 1 1 1</vcount>
                    <v>6 0 6 0 6 0 6 0 6 0 6 0 6 0 6 0 6 0 6 0 6 0 6 0 6 0 6 0 6 0 6 0 6 0 6 0 6 0 6 0 6 0 6 0 6 0 6 0 6 0 6 0 6 0 6 0 6 0 6 0 6 0 6 0 6 0 6 0 6 0 6 0 6 0 6 0 6 0 6 0 6 0 6 0 6 0 6 0 6 0 6 0 6 0 6 0 6 0 6 0 6 0 6 0 6 0 6 0 6 0 6 0 6 0 6 0 6 0 6 0 6 0 6 0 6 0 6 0 6 0 6 0 6 0 6 0 6 0 6 0 6 0 6 0 6 0 6 0 6 0 6 0 6 0 6 0 6 0 6 0 6 0 6 0 6 0 6 0 6 0 6 0 6 0</v>
                </vertex_weights>
            </skin>
        </controller>
        <controller id="controller11">
            <skin source="#mesh11">
                <bind_shape_matrix>1 0 0 0 0 1 0 0 0 0 1 0 0 0 0 1</bind_shape_matrix>
                <source id="joints11">
                    <Name_array id="JointArr11" count="14">jointnode-1 jointnode0 jointnode1 jointnode2 jointnode3 jointnode4 jointnode5 jointnode6 jointnode7 jointnode8 jointnode9 jointnode10 jointnode11 jointnode12</Name_array>
                    <technique_common>
                        <accessor source="#JointArr11" count="14">
                            <param name="JOINT" type="Name" />
                        </accessor>
                    </technique_common>
                </source>
                <source id="matrices11">
                    <float_array id="MatArr11" count="224">1 0 0 0 0 1 0 0 0 0 1 0 0 0 0 1 1 0 0 0 0 1 0 0 0 0 1 0 0 0 0 1 1 0 0 0 0 1 0 0 0 0 1 0 0 0 0 1 1 0 0 0 0 1 0 0 0 0 1 0 0 0 0 1 1 0 0 0 0 1 0 0 0 0 1 0 0 0 0 1 1 0 0 0 0 1 0 0 0 0 1 0 0 0 0 1 1 0 0 0 0 1 0 0 0 0 1 0 0 0 0 1 1 0 0 0 0 1 0 0 0 0 1 0 0 0 0 1 1 0 0 0 0 1 0 0 0 0 1 0 0 0 0 1 1 0 0 0 0 1 0 0 0 0 1 0 0 0 0 1 1 0 0 0 0 1 0 0 0 0 1 0 0 0 0 1 1 0 0 0 0 1 0 0 0 0 1 0 0 0 0 1 1 0 0 0 0 1 0 0 0 0 1 0 0 0 0 1 1 0 0 0 0 1 0 0 0 0 1 0 0 0 0 1</float_array>
                    <technique_common>
                        <accessor source="#MatArr11" count="14" stride="16">
                            <param type="float4x4" />
                        </accessor>
                    </technique_common>
                </source>
                <source id="weights11">
                    <float_array id="WeightArr11" count="1">1</float_array>
                    <technique_common>
                        <accessor source="#WeightArr11" count="1">
                            <param type="float" />
                        </accessor>
                    </technique_common>
                </source>
                <joints>
                    <input semantic="JOINT" source="#joints11" />
                    <input semantic="INV_BIND_MATRIX" source="#matrices11" />
                </joints>
                <vertex_weights count="10">
                    <input semantic="JOINT" offset="0" source="#joints11" />
                    <input semantic="WEIGHT" offset="1" source="#weights11" />
                    <vcount>1 1 1 1 1 1 1 1 1 1</vcount>
                    <v>7 0 7 0 7 0 7 0 7 0 7 0 7 0 7 0 7 0 7 0</v>
                </vertex_weights>
            </skin>
        </controller>
        <controller id="controller12">
            <skin source="#mesh12">
                <bind_shape_matrix>1 0 0 0 0 1 0 0 0 0 1 0 0 0 0 1</bind_shape_matrix>
                <source id="joints12">
                    <Name_array id="JointArr12" count="14">jointnode-1 jointnode0 jointnode1 jointnode2 jointnode3 jointnode4 jointnode5 jointnode6 jointnode7 jointnode8 jointnode9 jointnode10 jointnode11 jointnode12</Name_array>
                    <technique_common>
                        <accessor source="#JointArr12" count="14">
                            <param name="JOINT" type="Name" />
                        </accessor>
                    </technique_common>
                </source>
                <source id="matrices12">
                    <float_array id="MatArr12" count="224">1 0 0 0 0 1 0 0 0 0 1 0 0 0 0 1 1 0 0 0 0 1 0 0 0 0 1 0 0 0 0 1 1 0 0 0 0 1 0 0 0 0 1 0 0 0 0 1 1 0 0 0 0 1 0 0 0 0 1 0 0 0 0 1 1 0 0 0 0 1 0 0 0 0 1 0 0 0 0 1 1 0 0 0 0 1 0 0 0 0 1 0 0 0 0 1 1 0 0 0 0 1 0 0 0 0 1 0 0 0 0 1 1 0 0 0 0 1 0 0 0 0 1 0 0 0 0 1 1 0 0 0 0 1 0 0 0 0 1 0 0 0 0 1 1 0 0 0 0 1 0 0 0 0 1 0 0 0 0 1 1 0 0 0 0 1 0 0 0 0 1 0 0 0 0 1 1 0 0 0 0 1 0 0 0 0 1 0 0 0 0 1 1 0 0 0 0 1 0 0 0 0 1 0 0 0 0 1 1 0 0 0 0 1 0 0 0 0 1 0 0 0 0 1</float_array>
                    <technique_common>
                        <accessor source="#MatArr12" count="14" stride="16">
                            <param type="float4x4" />
                        </accessor>
                    </technique_common>
                </source>
                <source id="weights12">
                    <float_array id="WeightArr12" count="1">1</float_array>
                    <technique_common>
                        <accessor source="#WeightArr12" count="1">
                            <param type="float" />
                        </accessor>
                    </technique_common>
                </source>
                <joints>
                    <input semantic="JOINT" source="#joints12" />
                    <input semantic="INV_BIND_MATRIX" source="#matrices12" />
                </joints>
                <vertex_weights count="72">
                    <input semantic="JOINT" offset="0" source="#joints12" />
                    <input semantic="WEIGHT" offset="1" source="#weights12" />
                    <vcount>1 1 1 1 1 1 1 1 1 1 1 1 1 1 1 1 1 1 1 1 1 1 1 1 1 1 1 1 1 1 1 1 1 1 1 1 1 1 1 1 1 1 1 1 1 1 1 1 1 1 1 1 1 1 1 1 1 1 1 1 1 1 1 1 1 1 1 1 1 1 1 1</vcount>
                    <v>7 0 7 0 7 0 7 0 7 0 7 0 7 0 7 0 7 0 7 0 7 0 7 0 7 0 7 0 7 0 7 0 7 0 7 0 7 0 7 0 7 0 7 0 7 0 7 0 7 0 7 0 7 0 7 0 7 0 7 0 7 0 7 0 7 0 7 0 7 0 7 0 7 0 7 0 7 0 7 0 7 0 7 0 7 0 7 0 7 0 7 0 7 0 7 0 7 0 7 0 7 0 7 0 7 0 7 0 7 0 7 0 7 0 7 0 7 0 7 0 7 0 7 0 7 0 7 0 7 0 7 0 7 0 7 0 7 0 7 0 7 0 7 0</v>
                </vertex_weights>
            </skin>
        </controller>
        <controller id="controller13">
            <skin source="#mesh13">
                <bind_shape_matrix>1 0 0 0 0 1 0 0 0 0 1 0 0 0 0 1</bind_shape_matrix>
                <source id="joints13">
                    <Name_array id="JointArr13" count="14">jointnode-1 jointnode0 jointnode1 jointnode2 jointnode3 jointnode4 jointnode5 jointnode6 jointnode7 jointnode8 jointnode9 jointnode10 jointnode11 jointnode12</Name_array>
                    <technique_common>
                        <accessor source="#JointArr13" count="14">
                            <param name="JOINT" type="Name" />
                        </accessor>
                    </technique_common>
                </source>
                <source id="matrices13">
                    <float_array id="MatArr13" count="224">1 0 0 0 0 1 0 0 0 0 1 0 0 0 0 1 1 0 0 0 0 1 0 0 0 0 1 0 0 0 0 1 1 0 0 0 0 1 0 0 0 0 1 0 0 0 0 1 1 0 0 0 0 1 0 0 0 0 1 0 0 0 0 1 1 0 0 0 0 1 0 0 0 0 1 0 0 0 0 1 1 0 0 0 0 1 0 0 0 0 1 0 0 0 0 1 1 0 0 0 0 1 0 0 0 0 1 0 0 0 0 1 1 0 0 0 0 1 0 0 0 0 1 0 0 0 0 1 1 0 0 0 0 1 0 0 0 0 1 0 0 0 0 1 1 0 0 0 0 1 0 0 0 0 1 0 0 0 0 1 1 0 0 0 0 1 0 0 0 0 1 0 0 0 0 1 1 0 0 0 0 1 0 0 0 0 1 0 0 0 0 1 1 0 0 0 0 1 0 0 0 0 1 0 0 0 0 1 1 0 0 0 0 1 0 0 0 0 1 0 0 0 0 1</float_array>
                    <technique_common>
                        <accessor source="#MatArr13" count="14" stride="16">
                            <param type="float4x4" />
                        </accessor>
                    </technique_common>
                </source>
                <source id="weights13">
                    <float_array id="WeightArr13" count="1">1</float_array>
                    <technique_common>
                        <accessor source="#WeightArr13" count="1">
                            <param type="float" />
                        </accessor>
                    </technique_common>
                </source>
                <joints>
                    <input semantic="JOINT" source="#joints13" />
                    <input semantic="INV_BIND_MATRIX" source="#matrices13" />
                </joints>
                <vertex_weights count="8">
                    <input semantic="JOINT" offset="0" source="#joints13" />
                    <input semantic="WEIGHT" offset="1" source="#weights13" />
                    <vcount>1 1 1 1 1 1 1 1</vcount>
                    <v>7 0 7 0 7 0 7 0 7 0 7 0 7 0 7 0</v>
                </vertex_weights>
            </skin>
        </controller>
        <controller id="controller14">
            <skin source="#mesh14">
                <bind_shape_matrix>1 0 0 0 0 1 0 0 0 0 1 0 0 0 0 1</bind_shape_matrix>
                <source id="joints14">
                    <Name_array id="JointArr14" count="14">jointnode-1 jointnode0 jointnode1 jointnode2 jointnode3 jointnode4 jointnode5 jointnode6 jointnode7 jointnode8 jointnode9 jointnode10 jointnode11 jointnode12</Name_array>
                    <technique_common>
                        <accessor source="#JointArr14" count="14">
                            <param name="JOINT" type="Name" />
                        </accessor>
                    </technique_common>
                </source>
                <source id="matrices14">
                    <float_array id="MatArr14" count="224">1 0 0 0 0 1 0 0 0 0 1 0 0 0 0 1 1 0 0 0 0 1 0 0 0 0 1 0 0 0 0 1 1 0 0 0 0 1 0 0 0 0 1 0 0 0 0 1 1 0 0 0 0 1 0 0 0 0 1 0 0 0 0 1 1 0 0 0 0 1 0 0 0 0 1 0 0 0 0 1 1 0 0 0 0 1 0 0 0 0 1 0 0 0 0 1 1 0 0 0 0 1 0 0 0 0 1 0 0 0 0 1 1 0 0 0 0 1 0 0 0 0 1 0 0 0 0 1 1 0 0 0 0 1 0 0 0 0 1 0 0 0 0 1 1 0 0 0 0 1 0 0 0 0 1 0 0 0 0 1 1 0 0 0 0 1 0 0 0 0 1 0 0 0 0 1 1 0 0 0 0 1 0 0 0 0 1 0 0 0 0 1 1 0 0 0 0 1 0 0 0 0 1 0 0 0 0 1 1 0 0 0 0 1 0 0 0 0 1 0 0 0 0 1</float_array>
                    <technique_common>
                        <accessor source="#MatArr14" count="14" stride="16">
                            <param type="float4x4" />
                        </accessor>
                    </technique_common>
                </source>
                <source id="weights14">
                    <float_array id="WeightArr14" count="1">1</float_array>
                    <technique_common>
                        <accessor source="#WeightArr14" count="1">
                            <param type="float" />
                        </accessor>
                    </technique_common>
                </source>
                <joints>
                    <input semantic="JOINT" source="#joints14" />
                    <input semantic="INV_BIND_MATRIX" source="#matrices14" />
                </joints>
                <vertex_weights count="4">
                    <input semantic="JOINT" offset="0" source="#joints14" />
                    <input semantic="WEIGHT" offset="1" source="#weights14" />
                    <vcount>1 1 1 1</vcount>
                    <v>8 0 8 0 8 0 8 0</v>
                </vertex_weights>
            </skin>
        </controller>
        <controller id="controller15">
            <skin source="#mesh15">
                <bind_shape_matrix>1 0 0 0 0 1 0 0 0 0 1 0 0 0 0 1</bind_shape_matrix>
                <source id="joints15">
                    <Name_array id="JointArr15" count="14">jointnode-1 jointnode0 jointnode1 jointnode2 jointnode3 jointnode4 jointnode5 jointnode6 jointnode7 jointnode8 jointnode9 jointnode10 jointnode11 jointnode12</Name_array>
                    <technique_common>
                        <accessor source="#JointArr15" count="14">
                            <param name="JOINT" type="Name" />
                        </accessor>
                    </technique_common>
                </source>
                <source id="matrices15">
                    <float_array id="MatArr15" count="224">1 0 0 0 0 1 0 0 0 0 1 0 0 0 0 1 1 0 0 0 0 1 0 0 0 0 1 0 0 0 0 1 1 0 0 0 0 1 0 0 0 0 1 0 0 0 0 1 1 0 0 0 0 1 0 0 0 0 1 0 0 0 0 1 1 0 0 0 0 1 0 0 0 0 1 0 0 0 0 1 1 0 0 0 0 1 0 0 0 0 1 0 0 0 0 1 1 0 0 0 0 1 0 0 0 0 1 0 0 0 0 1 1 0 0 0 0 1 0 0 0 0 1 0 0 0 0 1 1 0 0 0 0 1 0 0 0 0 1 0 0 0 0 1 1 0 0 0 0 1 0 0 0 0 1 0 0 0 0 1 1 0 0 0 0 1 0 0 0 0 1 0 0 0 0 1 1 0 0 0 0 1 0 0 0 0 1 0 0 0 0 1 1 0 0 0 0 1 0 0 0 0 1 0 0 0 0 1 1 0 0 0 0 1 0 0 0 0 1 0 0 0 0 1</float_array>
                    <technique_common>
                        <accessor source="#MatArr15" count="14" stride="16">
                            <param type="float4x4" />
                        </accessor>
                    </technique_common>
                </source>
                <source id="weights15">
                    <float_array id="WeightArr15" count="1">1</float_array>
                    <technique_common>
                        <accessor source="#WeightArr15" count="1">
                            <param type="float" />
                        </accessor>
                    </technique_common>
                </source>
                <joints>
                    <input semantic="JOINT" source="#joints15" />
                    <input semantic="INV_BIND_MATRIX" source="#matrices15" />
                </joints>
                <vertex_weights count="87">
                    <input semantic="JOINT" offset="0" source="#joints15" />
                    <input semantic="WEIGHT" offset="1" source="#weights15" />
                    <vcount>1 1 1 1 1 1 1 1 1 1 1 1 1 1 1 1 1 1 1 1 1 1 1 1 1 1 1 1 1 1 1 1 1 1 1 1 1 1 1 1 1 1 1 1 1 1 1 1 1 1 1 1 1 1 1 1 1 1 1 1 1 1 1 1 1 1 1 1 1 1 1 1 1 1 1 1 1 1 1 1 1 1 1 1 1 1 1</vcount>
                    <v>8 0 8 0 8 0 8 0 8 0 8 0 8 0 8 0 8 0 8 0 8 0 8 0 8 0 8 0 8 0 8 0 8 0 8 0 8 0 8 0 8 0 8 0 8 0 8 0 8 0 8 0 8 0 8 0 8 0 8 0 8 0 8 0 8 0 8 0 8 0 8 0 8 0 8 0 8 0 8 0 8 0 8 0 8 0 8 0 8 0 8 0 8 0 8 0 8 0 8 0 8 0 8 0 8 0 8 0 8 0 8 0 8 0 8 0 8 0 8 0 8 0 8 0 8 0 8 0 8 0 8 0 8 0 8 0 8 0 8 0 8 0 8 0 8 0 8 0 8 0 8 0 8 0 8 0 8 0 8 0 8 0 8 0 8 0 8 0 8 0 8 0 8 0</v>
                </vertex_weights>
            </skin>
        </controller>
        <controller id="controller16">
            <skin source="#mesh16">
                <bind_shape_matrix>1 0 0 0 0 1 0 0 0 0 1 0 0 0 0 1</bind_shape_matrix>
                <source id="joints16">
                    <Name_array id="JointArr16" count="14">jointnode-1 jointnode0 jointnode1 jointnode2 jointnode3 jointnode4 jointnode5 jointnode6 jointnode7 jointnode8 jointnode9 jointnode10 jointnode11 jointnode12</Name_array>
                    <technique_common>
                        <accessor source="#JointArr16" count="14">
                            <param name="JOINT" type="Name" />
                        </accessor>
                    </technique_common>
                </source>
                <source id="matrices16">
                    <float_array id="MatArr16" count="224">1 0 0 0 0 1 0 0 0 0 1 0 0 0 0 1 1 0 0 0 0 1 0 0 0 0 1 0 0 0 0 1 1 0 0 0 0 1 0 0 0 0 1 0 0 0 0 1 1 0 0 0 0 1 0 0 0 0 1 0 0 0 0 1 1 0 0 0 0 1 0 0 0 0 1 0 0 0 0 1 1 0 0 0 0 1 0 0 0 0 1 0 0 0 0 1 1 0 0 0 0 1 0 0 0 0 1 0 0 0 0 1 1 0 0 0 0 1 0 0 0 0 1 0 0 0 0 1 1 0 0 0 0 1 0 0 0 0 1 0 0 0 0 1 1 0 0 0 0 1 0 0 0 0 1 0 0 0 0 1 1 0 0 0 0 1 0 0 0 0 1 0 0 0 0 1 1 0 0 0 0 1 0 0 0 0 1 0 0 0 0 1 1 0 0 0 0 1 0 0 0 0 1 0 0 0 0 1 1 0 0 0 0 1 0 0 0 0 1 0 0 0 0 1</float_array>
                    <technique_common>
                        <accessor source="#MatArr16" count="14" stride="16">
                            <param type="float4x4" />
                        </accessor>
                    </technique_common>
                </source>
                <source id="weights16">
                    <float_array id="WeightArr16" count="1">1</float_array>
                    <technique_common>
                        <accessor source="#WeightArr16" count="1">
                            <param type="float" />
                        </accessor>
                    </technique_common>
                </source>
                <joints>
                    <input semantic="JOINT" source="#joints16" />
                    <input semantic="INV_BIND_MATRIX" source="#matrices16" />
                </joints>
                <vertex_weights count="10">
                    <input semantic="JOINT" offset="0" source="#joints16" />
                    <input semantic="WEIGHT" offset="1" source="#weights16" />
                    <vcount>1 1 1 1 1 1 1 1 1 1</vcount>
                    <v>9 0 9 0 9 0 9 0 9 0 9 0 9 0 9 0 9 0 9 0</v>
                </vertex_weights>
            </skin>
        </controller>
        <controller id="controller17">
            <skin source="#mesh17">
                <bind_shape_matrix>1 0 0 0 0 1 0 0 0 0 1 0 0 0 0 1</bind_shape_matrix>
                <source id="joints17">
                    <Name_array id="JointArr17" count="14">jointnode-1 jointnode0 jointnode1 jointnode2 jointnode3 jointnode4 jointnode5 jointnode6 jointnode7 jointnode8 jointnode9 jointnode10 jointnode11 jointnode12</Name_array>
                    <technique_common>
                        <accessor source="#JointArr17" count="14">
                            <param name="JOINT" type="Name" />
                        </accessor>
                    </technique_common>
                </source>
                <source id="matrices17">
                    <float_array id="MatArr17" count="224">1 0 0 0 0 1 0 0 0 0 1 0 0 0 0 1 1 0 0 0 0 1 0 0 0 0 1 0 0 0 0 1 1 0 0 0 0 1 0 0 0 0 1 0 0 0 0 1 1 0 0 0 0 1 0 0 0 0 1 0 0 0 0 1 1 0 0 0 0 1 0 0 0 0 1 0 0 0 0 1 1 0 0 0 0 1 0 0 0 0 1 0 0 0 0 1 1 0 0 0 0 1 0 0 0 0 1 0 0 0 0 1 1 0 0 0 0 1 0 0 0 0 1 0 0 0 0 1 1 0 0 0 0 1 0 0 0 0 1 0 0 0 0 1 1 0 0 0 0 1 0 0 0 0 1 0 0 0 0 1 1 0 0 0 0 1 0 0 0 0 1 0 0 0 0 1 1 0 0 0 0 1 0 0 0 0 1 0 0 0 0 1 1 0 0 0 0 1 0 0 0 0 1 0 0 0 0 1 1 0 0 0 0 1 0 0 0 0 1 0 0 0 0 1</float_array>
                    <technique_common>
                        <accessor source="#MatArr17" count="14" stride="16">
                            <param type="float4x4" />
                        </accessor>
                    </technique_common>
                </source>
                <source id="weights17">
                    <float_array id="WeightArr17" count="1">1</float_array>
                    <technique_common>
                        <accessor source="#WeightArr17" count="1">
                            <param type="float" />
                        </accessor>
                    </technique_common>
                </source>
                <joints>
                    <input semantic="JOINT" source="#joints17" />
                    <input semantic="INV_BIND_MATRIX" source="#matrices17" />
                </joints>
                <vertex_weights count="72">
                    <input semantic="JOINT" offset="0" source="#joints17" />
                    <input semantic="WEIGHT" offset="1" source="#weights17" />
                    <vcount>1 1 1 1 1 1 1 1 1 1 1 1 1 1 1 1 1 1 1 1 1 1 1 1 1 1 1 1 1 1 1 1 1 1 1 1 1 1 1 1 1 1 1 1 1 1 1 1 1 1 1 1 1 1 1 1 1 1 1 1 1 1 1 1 1 1 1 1 1 1 1 1</vcount>
                    <v>9 0 9 0 9 0 9 0 9 0 9 0 9 0 9 0 9 0 9 0 9 0 9 0 9 0 9 0 9 0 9 0 9 0 9 0 9 0 9 0 9 0 9 0 9 0 9 0 9 0 9 0 9 0 9 0 9 0 9 0 9 0 9 0 9 0 9 0 9 0 9 0 9 0 9 0 9 0 9 0 9 0 9 0 9 0 9 0 9 0 9 0 9 0 9 0 9 0 9 0 9 0 9 0 9 0 9 0 9 0 9 0 9 0 9 0 9 0 9 0 9 0 9 0 9 0 9 0 9 0 9 0 9 0 9 0 9 0 9 0 9 0 9 0</v>
                </vertex_weights>
            </skin>
        </controller>
        <controller id="controller18">
            <skin source="#mesh18">
                <bind_shape_matrix>1 0 0 0 0 1 0 0 0 0 1 0 0 0 0 1</bind_shape_matrix>
                <source id="joints18">
                    <Name_array id="JointArr18" count="14">jointnode-1 jointnode0 jointnode1 jointnode2 jointnode3 jointnode4 jointnode5 jointnode6 jointnode7 jointnode8 jointnode9 jointnode10 jointnode11 jointnode12</Name_array>
                    <technique_common>
                        <accessor source="#JointArr18" count="14">
                            <param name="JOINT" type="Name" />
                        </accessor>
                    </technique_common>
                </source>
                <source id="matrices18">
                    <float_array id="MatArr18" count="224">1 0 0 0 0 1 0 0 0 0 1 0 0 0 0 1 1 0 0 0 0 1 0 0 0 0 1 0 0 0 0 1 1 0 0 0 0 1 0 0 0 0 1 0 0 0 0 1 1 0 0 0 0 1 0 0 0 0 1 0 0 0 0 1 1 0 0 0 0 1 0 0 0 0 1 0 0 0 0 1 1 0 0 0 0 1 0 0 0 0 1 0 0 0 0 1 1 0 0 0 0 1 0 0 0 0 1 0 0 0 0 1 1 0 0 0 0 1 0 0 0 0 1 0 0 0 0 1 1 0 0 0 0 1 0 0 0 0 1 0 0 0 0 1 1 0 0 0 0 1 0 0 0 0 1 0 0 0 0 1 1 0 0 0 0 1 0 0 0 0 1 0 0 0 0 1 1 0 0 0 0 1 0 0 0 0 1 0 0 0 0 1 1 0 0 0 0 1 0 0 0 0 1 0 0 0 0 1 1 0 0 0 0 1 0 0 0 0 1 0 0 0 0 1</float_array>
                    <technique_common>
                        <accessor source="#MatArr18" count="14" stride="16">
                            <param type="float4x4" />
                        </accessor>
                    </technique_common>
                </source>
                <source id="weights18">
                    <float_array id="WeightArr18" count="1">1</float_array>
                    <technique_common>
                        <accessor source="#WeightArr18" count="1">
                            <param type="float" />
                        </accessor>
                    </technique_common>
                </source>
                <joints>
                    <input semantic="JOINT" source="#joints18" />
                    <input semantic="INV_BIND_MATRIX" source="#matrices18" />
                </joints>
                <vertex_weights count="8">
                    <input semantic="JOINT" offset="0" source="#joints18" />
                    <input semantic="WEIGHT" offset="1" source="#weights18" />
                    <vcount>1 1 1 1 1 1 1 1</vcount>
                    <v>9 0 9 0 9 0 9 0 9 0 9 0 9 0 9 0</v>
                </vertex_weights>
            </skin>
        </controller>
        <controller id="controller19">
            <skin source="#mesh19">
                <bind_shape_matrix>1 0 0 0 0 1 0 0 0 0 1 0 0 0 0 1</bind_shape_matrix>
                <source id="joints19">
                    <Name_array id="JointArr19" count="14">jointnode-1 jointnode0 jointnode1 jointnode2 jointnode3 jointnode4 jointnode5 jointnode6 jointnode7 jointnode8 jointnode9 jointnode10 jointnode11 jointnode12</Name_array>
                    <technique_common>
                        <accessor source="#JointArr19" count="14">
                            <param name="JOINT" type="Name" />
                        </accessor>
                    </technique_common>
                </source>
                <source id="matrices19">
                    <float_array id="MatArr19" count="224">1 0 0 0 0 1 0 0 0 0 1 0 0 0 0 1 1 0 0 0 0 1 0 0 0 0 1 0 0 0 0 1 1 0 0 0 0 1 0 0 0 0 1 0 0 0 0 1 1 0 0 0 0 1 0 0 0 0 1 0 0 0 0 1 1 0 0 0 0 1 0 0 0 0 1 0 0 0 0 1 1 0 0 0 0 1 0 0 0 0 1 0 0 0 0 1 1 0 0 0 0 1 0 0 0 0 1 0 0 0 0 1 1 0 0 0 0 1 0 0 0 0 1 0 0 0 0 1 1 0 0 0 0 1 0 0 0 0 1 0 0 0 0 1 1 0 0 0 0 1 0 0 0 0 1 0 0 0 0 1 1 0 0 0 0 1 0 0 0 0 1 0 0 0 0 1 1 0 0 0 0 1 0 0 0 0 1 0 0 0 0 1 1 0 0 0 0 1 0 0 0 0 1 0 0 0 0 1 1 0 0 0 0 1 0 0 0 0 1 0 0 0 0 1</float_array>
                    <technique_common>
                        <accessor source="#MatArr19" count="14" stride="16">
                            <param type="float4x4" />
                        </accessor>
                    </technique_common>
                </source>
                <source id="weights19">
                    <float_array id="WeightArr19" count="1">1</float_array>
                    <technique_common>
                        <accessor source="#WeightArr19" count="1">
                            <param type="float" />
                        </accessor>
                    </technique_common>
                </source>
                <joints>
                    <input semantic="JOINT" source="#joints19" />
                    <input semantic="INV_BIND_MATRIX" source="#matrices19" />
                </joints>
                <vertex_weights count="4">
                    <input semantic="JOINT" offset="0" source="#joints19" />
                    <input semantic="WEIGHT" offset="1" source="#weights19" />
                    <vcount>1 1 1 1</vcount>
                    <v>10 0 10 0 10 0 10 0</v>
                </vertex_weights>
            </skin>
        </controller>
        <controller id="controller20">
            <skin source="#mesh20">
                <bind_shape_matrix>1 0 0 0 0 1 0 0 0 0 1 0 0 0 0 1</bind_shape_matrix>
                <source id="joints20">
                    <Name_array id="JointArr20" count="14">jointnode-1 jointnode0 jointnode1 jointnode2 jointnode3 jointnode4 jointnode5 jointnode6 jointnode7 jointnode8 jointnode9 jointnode10 jointnode11 jointnode12</Name_array>
                    <technique_common>
                        <accessor source="#JointArr20" count="14">
                            <param name="JOINT" type="Name" />
                        </accessor>
                    </technique_common>
                </source>
                <source id="matrices20">
                    <float_array id="MatArr20" count="224">1 0 0 0 0 1 0 0 0 0 1 0 0 0 0 1 1 0 0 0 0 1 0 0 0 0 1 0 0 0 0 1 1 0 0 0 0 1 0 0 0 0 1 0 0 0 0 1 1 0 0 0 0 1 0 0 0 0 1 0 0 0 0 1 1 0 0 0 0 1 0 0 0 0 1 0 0 0 0 1 1 0 0 0 0 1 0 0 0 0 1 0 0 0 0 1 1 0 0 0 0 1 0 0 0 0 1 0 0 0 0 1 1 0 0 0 0 1 0 0 0 0 1 0 0 0 0 1 1 0 0 0 0 1 0 0 0 0 1 0 0 0 0 1 1 0 0 0 0 1 0 0 0 0 1 0 0 0 0 1 1 0 0 0 0 1 0 0 0 0 1 0 0 0 0 1 1 0 0 0 0 1 0 0 0 0 1 0 0 0 0 1 1 0 0 0 0 1 0 0 0 0 1 0 0 0 0 1 1 0 0 0 0 1 0 0 0 0 1 0 0 0 0 1</float_array>
                    <technique_common>
                        <accessor source="#MatArr20" count="14" stride="16">
                            <param type="float4x4" />
                        </accessor>
                    </technique_common>
                </source>
                <source id="weights20">
                    <float_array id="WeightArr20" count="1">1</float_array>
                    <technique_common>
                        <accessor source="#WeightArr20" count="1">
                            <param type="float" />
                        </accessor>
                    </technique_common>
                </source>
                <joints>
                    <input semantic="JOINT" source="#joints20" />
                    <input semantic="INV_BIND_MATRIX" source="#matrices20" />
                </joints>
                <vertex_weights count="87">
                    <input semantic="JOINT" offset="0" source="#joints20" />
                    <input semantic="WEIGHT" offset="1" source="#weights20" />
                    <vcount>1 1 1 1 1 1 1 1 1 1 1 1 1 1 1 1 1 1 1 1 1 1 1 1 1 1 1 1 1 1 1 1 1 1 1 1 1 1 1 1 1 1 1 1 1 1 1 1 1 1 1 1 1 1 1 1 1 1 1 1 1 1 1 1 1 1 1 1 1 1 1 1 1 1 1 1 1 1 1 1 1 1 1 1 1 1 1</vcount>
                    <v>10 0 10 0 10 0 10 0 10 0 10 0 10 0 10 0 10 0 10 0 10 0 10 0 10 0 10 0 10 0 10 0 10 0 10 0 10 0 10 0 10 0 10 0 10 0 10 0 10 0 10 0 10 0 10 0 10 0 10 0 10 0 10 0 10 0 10 0 10 0 10 0 10 0 10 0 10 0 10 0 10 0 10 0 10 0 10 0 10 0 10 0 10 0 10 0 10 0 10 0 10 0 10 0 10 0 10 0 10 0 10 0 10 0 10 0 10 0 10 0 10 0 10 0 10 0 10 0 10 0 10 0 10 0 10 0 10 0 10 0 10 0 10 0 10 0 10 0 10 0 10 0 10 0 10 0 10 0 10 0 10 0 10 0 10 0 10 0 10 0 10 0 10 0</v>
                </vertex_weights>
            </skin>
        </controller>
        <controller id="controller21">
            <skin source="#mesh21">
                <bind_shape_matrix>1 0 0 0 0 1 0 0 0 0 1 0 0 0 0 1</bind_shape_matrix>
                <source id="joints21">
                    <Name_array id="JointArr21" count="14">jointnode-1 jointnode0 jointnode1 jointnode2 jointnode3 jointnode4 jointnode5 jointnode6 jointnode7 jointnode8 jointnode9 jointnode10 jointnode11 jointnode12</Name_array>
                    <technique_common>
                        <accessor source="#JointArr21" count="14">
                            <param name="JOINT" type="Name" />
                        </accessor>
                    </technique_common>
                </source>
                <source id="matrices21">
                    <float_array id="MatArr21" count="224">1 0 0 0 0 1 0 0 0 0 1 0 0 0 0 1 1 0 0 0 0 1 0 0 0 0 1 0 0 0 0 1 1 0 0 0 0 1 0 0 0 0 1 0 0 0 0 1 1 0 0 0 0 1 0 0 0 0 1 0 0 0 0 1 1 0 0 0 0 1 0 0 0 0 1 0 0 0 0 1 1 0 0 0 0 1 0 0 0 0 1 0 0 0 0 1 1 0 0 0 0 1 0 0 0 0 1 0 0 0 0 1 1 0 0 0 0 1 0 0 0 0 1 0 0 0 0 1 1 0 0 0 0 1 0 0 0 0 1 0 0 0 0 1 1 0 0 0 0 1 0 0 0 0 1 0 0 0 0 1 1 0 0 0 0 1 0 0 0 0 1 0 0 0 0 1 1 0 0 0 0 1 0 0 0 0 1 0 0 0 0 1 1 0 0 0 0 1 0 0 0 0 1 0 0 0 0 1 1 0 0 0 0 1 0 0 0 0 1 0 0 0 0 1</float_array>
                    <technique_common>
                        <accessor source="#MatArr21" count="14" stride="16">
                            <param type="float4x4" />
                        </accessor>
                    </technique_common>
                </source>
                <source id="weights21">
                    <float_array id="WeightArr21" count="1">1</float_array>
                    <technique_common>
                        <accessor source="#WeightArr21" count="1">
                            <param type="float" />
                        </accessor>
                    </technique_common>
                </source>
                <joints>
                    <input semantic="JOINT" source="#joints21" />
                    <input semantic="INV_BIND_MATRIX" source="#matrices21" />
                </joints>
                <vertex_weights count="10">
                    <input semantic="JOINT" offset="0" source="#joints21" />
                    <input semantic="WEIGHT" offset="1" source="#weights21" />
                    <vcount>1 1 1 1 1 1 1 1 1 1</vcount>
                    <v>11 0 11 0 11 0 11 0 11 0 11 0 11 0 11 0 11 0 11 0</v>
                </vertex_weights>
            </skin>
        </controller>
        <controller id="controller22">
            <skin source="#mesh22">
                <bind_shape_matrix>1 0 0 0 0 1 0 0 0 0 1 0 0 0 0 1</bind_shape_matrix>
                <source id="joints22">
                    <Name_array id="JointArr22" count="14">jointnode-1 jointnode0 jointnode1 jointnode2 jointnode3 jointnode4 jointnode5 jointnode6 jointnode7 jointnode8 jointnode9 jointnode10 jointnode11 jointnode12</Name_array>
                    <technique_common>
                        <accessor source="#JointArr22" count="14">
                            <param name="JOINT" type="Name" />
                        </accessor>
                    </technique_common>
                </source>
                <source id="matrices22">
                    <float_array id="MatArr22" count="224">1 0 0 0 0 1 0 0 0 0 1 0 0 0 0 1 1 0 0 0 0 1 0 0 0 0 1 0 0 0 0 1 1 0 0 0 0 1 0 0 0 0 1 0 0 0 0 1 1 0 0 0 0 1 0 0 0 0 1 0 0 0 0 1 1 0 0 0 0 1 0 0 0 0 1 0 0 0 0 1 1 0 0 0 0 1 0 0 0 0 1 0 0 0 0 1 1 0 0 0 0 1 0 0 0 0 1 0 0 0 0 1 1 0 0 0 0 1 0 0 0 0 1 0 0 0 0 1 1 0 0 0 0 1 0 0 0 0 1 0 0 0 0 1 1 0 0 0 0 1 0 0 0 0 1 0 0 0 0 1 1 0 0 0 0 1 0 0 0 0 1 0 0 0 0 1 1 0 0 0 0 1 0 0 0 0 1 0 0 0 0 1 1 0 0 0 0 1 0 0 0 0 1 0 0 0 0 1 1 0 0 0 0 1 0 0 0 0 1 0 0 0 0 1</float_array>
                    <technique_common>
                        <accessor source="#MatArr22" count="14" stride="16">
                            <param type="float4x4" />
                        </accessor>
                    </technique_common>
                </source>
                <source id="weights22">
                    <float_array id="WeightArr22" count="1">1</float_array>
                    <technique_common>
                        <accessor source="#WeightArr22" count="1">
                            <param type="float" />
                        </accessor>
                    </technique_common>
                </source>
                <joints>
                    <input semantic="JOINT" source="#joints22" />
                    <input semantic="INV_BIND_MATRIX" source="#matrices22" />
                </joints>
                <vertex_weights count="72">
                    <input semantic="JOINT" offset="0" source="#joints22" />
                    <input semantic="WEIGHT" offset="1" source="#weights22" />
                    <vcount>1 1 1 1 1 1 1 1 1 1 1 1 1 1 1 1 1 1 1 1 1 1 1 1 1 1 1 1 1 1 1 1 1 1 1 1 1 1 1 1 1 1 1 1 1 1 1 1 1 1 1 1 1 1 1 1 1 1 1 1 1 1 1 1 1 1 1 1 1 1 1 1</vcount>
                    <v>11 0 11 0 11 0 11 0 11 0 11 0 11 0 11 0 11 0 11 0 11 0 11 0 11 0 11 0 11 0 11 0 11 0 11 0 11 0 11 0 11 0 11 0 11 0 11 0 11 0 11 0 11 0 11 0 11 0 11 0 11 0 11 0 11 0 11 0 11 0 11 0 11 0 11 0 11 0 11 0 11 0 11 0 11 0 11 0 11 0 11 0 11 0 11 0 11 0 11 0 11 0 11 0 11 0 11 0 11 0 11 0 11 0 11 0 11 0 11 0 11 0 11 0 11 0 11 0 11 0 11 0 11 0 11 0 11 0 11 0 11 0 11 0</v>
                </vertex_weights>
            </skin>
        </controller>
        <controller id="controller23">
            <skin source="#mesh23">
                <bind_shape_matrix>1 0 0 0 0 1 0 0 0 0 1 0 0 0 0 1</bind_shape_matrix>
                <source id="joints23">
                    <Name_array id="JointArr23" count="14">jointnode-1 jointnode0 jointnode1 jointnode2 jointnode3 jointnode4 jointnode5 jointnode6 jointnode7 jointnode8 jointnode9 jointnode10 jointnode11 jointnode12</Name_array>
                    <technique_common>
                        <accessor source="#JointArr23" count="14">
                            <param name="JOINT" type="Name" />
                        </accessor>
                    </technique_common>
                </source>
                <source id="matrices23">
                    <float_array id="MatArr23" count="224">1 0 0 0 0 1 0 0 0 0 1 0 0 0 0 1 1 0 0 0 0 1 0 0 0 0 1 0 0 0 0 1 1 0 0 0 0 1 0 0 0 0 1 0 0 0 0 1 1 0 0 0 0 1 0 0 0 0 1 0 0 0 0 1 1 0 0 0 0 1 0 0 0 0 1 0 0 0 0 1 1 0 0 0 0 1 0 0 0 0 1 0 0 0 0 1 1 0 0 0 0 1 0 0 0 0 1 0 0 0 0 1 1 0 0 0 0 1 0 0 0 0 1 0 0 0 0 1 1 0 0 0 0 1 0 0 0 0 1 0 0 0 0 1 1 0 0 0 0 1 0 0 0 0 1 0 0 0 0 1 1 0 0 0 0 1 0 0 0 0 1 0 0 0 0 1 1 0 0 0 0 1 0 0 0 0 1 0 0 0 0 1 1 0 0 0 0 1 0 0 0 0 1 0 0 0 0 1 1 0 0 0 0 1 0 0 0 0 1 0 0 0 0 1</float_array>
                    <technique_common>
                        <accessor source="#MatArr23" count="14" stride="16">
                            <param type="float4x4" />
                        </accessor>
                    </technique_common>
                </source>
                <source id="weights23">
                    <float_array id="WeightArr23" count="1">1</float_array>
                    <technique_common>
                        <accessor source="#WeightArr23" count="1">
                            <param type="float" />
                        </accessor>
                    </technique_common>
                </source>
                <joints>
                    <input semantic="JOINT" source="#joints23" />
                    <input semantic="INV_BIND_MATRIX" source="#matrices23" />
                </joints>
                <vertex_weights count="8">
                    <input semantic="JOINT" offset="0" source="#joints23" />
                    <input semantic="WEIGHT" offset="1" source="#weights23" />
                    <vcount>1 1 1 1 1 1 1 1</vcount>
                    <v>11 0 11 0 11 0 11 0 11 0 11 0 11 0 11 0</v>
                </vertex_weights>
            </skin>
        </controller>
        <controller id="controller24">
            <skin source="#mesh24">
                <bind_shape_matrix>1 0 0 0 0 1 0 0 0 0 1 0 0 0 0 1</bind_shape_matrix>
                <source id="joints24">
                    <Name_array id="JointArr24" count="14">jointnode-1 jointnode0 jointnode1 jointnode2 jointnode3 jointnode4 jointnode5 jointnode6 jointnode7 jointnode8 jointnode9 jointnode10 jointnode11 jointnode12</Name_array>
                    <technique_common>
                        <accessor source="#JointArr24" count="14">
                            <param name="JOINT" type="Name" />
                        </accessor>
                    </technique_common>
                </source>
                <source id="matrices24">
                    <float_array id="MatArr24" count="224">1 0 0 0 0 1 0 0 0 0 1 0 0 0 0 1 1 0 0 0 0 1 0 0 0 0 1 0 0 0 0 1 1 0 0 0 0 1 0 0 0 0 1 0 0 0 0 1 1 0 0 0 0 1 0 0 0 0 1 0 0 0 0 1 1 0 0 0 0 1 0 0 0 0 1 0 0 0 0 1 1 0 0 0 0 1 0 0 0 0 1 0 0 0 0 1 1 0 0 0 0 1 0 0 0 0 1 0 0 0 0 1 1 0 0 0 0 1 0 0 0 0 1 0 0 0 0 1 1 0 0 0 0 1 0 0 0 0 1 0 0 0 0 1 1 0 0 0 0 1 0 0 0 0 1 0 0 0 0 1 1 0 0 0 0 1 0 0 0 0 1 0 0 0 0 1 1 0 0 0 0 1 0 0 0 0 1 0 0 0 0 1 1 0 0 0 0 1 0 0 0 0 1 0 0 0 0 1 1 0 0 0 0 1 0 0 0 0 1 0 0 0 0 1</float_array>
                    <technique_common>
                        <accessor source="#MatArr24" count="14" stride="16">
                            <param type="float4x4" />
                        </accessor>
                    </technique_common>
                </source>
                <source id="weights24">
                    <float_array id="WeightArr24" count="1">1</float_array>
                    <technique_common>
                        <accessor source="#WeightArr24" count="1">
                            <param type="float" />
                        </accessor>
                    </technique_common>
                </source>
                <joints>
                    <input semantic="JOINT" source="#joints24" />
                    <input semantic="INV_BIND_MATRIX" source="#matrices24" />
                </joints>
                <vertex_weights count="4">
                    <input semantic="JOINT" offset="0" source="#joints24" />
                    <input semantic="WEIGHT" offset="1" source="#weights24" />
                    <vcount>1 1 1 1</vcount>
                    <v>12 0 12 0 12 0 12 0</v>
                </vertex_weights>
            </skin>
        </controller>
        <controller id="controller25">
            <skin source="#mesh25">
                <bind_shape_matrix>1 0 0 0 0 1 0 0 0 0 1 0 0 0 0 1</bind_shape_matrix>
                <source id="joints25">
                    <Name_array id="JointArr25" count="14">jointnode-1 jointnode0 jointnode1 jointnode2 jointnode3 jointnode4 jointnode5 jointnode6 jointnode7 jointnode8 jointnode9 jointnode10 jointnode11 jointnode12</Name_array>
                    <technique_common>
                        <accessor source="#JointArr25" count="14">
                            <param name="JOINT" type="Name" />
                        </accessor>
                    </technique_common>
                </source>
                <source id="matrices25">
                    <float_array id="MatArr25" count="224">1 0 0 0 0 1 0 0 0 0 1 0 0 0 0 1 1 0 0 0 0 1 0 0 0 0 1 0 0 0 0 1 1 0 0 0 0 1 0 0 0 0 1 0 0 0 0 1 1 0 0 0 0 1 0 0 0 0 1 0 0 0 0 1 1 0 0 0 0 1 0 0 0 0 1 0 0 0 0 1 1 0 0 0 0 1 0 0 0 0 1 0 0 0 0 1 1 0 0 0 0 1 0 0 0 0 1 0 0 0 0 1 1 0 0 0 0 1 0 0 0 0 1 0 0 0 0 1 1 0 0 0 0 1 0 0 0 0 1 0 0 0 0 1 1 0 0 0 0 1 0 0 0 0 1 0 0 0 0 1 1 0 0 0 0 1 0 0 0 0 1 0 0 0 0 1 1 0 0 0 0 1 0 0 0 0 1 0 0 0 0 1 1 0 0 0 0 1 0 0 0 0 1 0 0 0 0 1 1 0 0 0 0 1 0 0 0 0 1 0 0 0 0 1</float_array>
                    <technique_common>
                        <accessor source="#MatArr25" count="14" stride="16">
                            <param type="float4x4" />
                        </accessor>
                    </technique_common>
                </source>
                <source id="weights25">
                    <float_array id="WeightArr25" count="1">1</float_array>
                    <technique_common>
                        <accessor source="#WeightArr25" count="1">
                            <param type="float" />
                        </accessor>
                    </technique_common>
                </source>
                <joints>
                    <input semantic="JOINT" source="#joints25" />
                    <input semantic="INV_BIND_MATRIX" source="#matrices25" />
                </joints>
                <vertex_weights count="87">
                    <input semantic="JOINT" offset="0" source="#joints25" />
                    <input semantic="WEIGHT" offset="1" source="#weights25" />
                    <vcount>1 1 1 1 1 1 1 1 1 1 1 1 1 1 1 1 1 1 1 1 1 1 1 1 1 1 1 1 1 1 1 1 1 1 1 1 1 1 1 1 1 1 1 1 1 1 1 1 1 1 1 1 1 1 1 1 1 1 1 1 1 1 1 1 1 1 1 1 1 1 1 1 1 1 1 1 1 1 1 1 1 1 1 1 1 1 1</vcount>
                    <v>12 0 12 0 12 0 12 0 12 0 12 0 12 0 12 0 12 0 12 0 12 0 12 0 12 0 12 0 12 0 12 0 12 0 12 0 12 0 12 0 12 0 12 0 12 0 12 0 12 0 12 0 12 0 12 0 12 0 12 0 12 0 12 0 12 0 12 0 12 0 12 0 12 0 12 0 12 0 12 0 12 0 12 0 12 0 12 0 12 0 12 0 12 0 12 0 12 0 12 0 12 0 12 0 12 0 12 0 12 0 12 0 12 0 12 0 12 0 12 0 12 0 12 0 12 0 12 0 12 0 12 0 12 0 12 0 12 0 12 0 12 0 12 0 12 0 12 0 12 0 12 0 12 0 12 0 12 0 12 0 12 0 12 0 12 0 12 0 12 0 12 0 12 0</v>
                </vertex_weights>
            </skin>
        </controller>
        <controller id="controller26">
            <skin source="#mesh26">
                <bind_shape_matrix>1 0 0 0 0 1 0 0 0 0 1 0 0 0 0 1</bind_shape_matrix>
                <source id="joints26">
                    <Name_array id="JointArr26" count="14">jointnode-1 jointnode0 jointnode1 jointnode2 jointnode3 jointnode4 jointnode5 jointnode6 jointnode7 jointnode8 jointnode9 jointnode10 jointnode11 jointnode12</Name_array>
                    <technique_common>
                        <accessor source="#JointArr26" count="14">
                            <param name="JOINT" type="Name" />
                        </accessor>
                    </technique_common>
                </source>
                <source id="matrices26">
                    <float_array id="MatArr26" count="224">1 0 0 0 0 1 0 0 0 0 1 0 0 0 0 1 1 0 0 0 0 1 0 0 0 0 1 0 0 0 0 1 1 0 0 0 0 1 0 0 0 0 1 0 0 0 0 1 1 0 0 0 0 1 0 0 0 0 1 0 0 0 0 1 1 0 0 0 0 1 0 0 0 0 1 0 0 0 0 1 1 0 0 0 0 1 0 0 0 0 1 0 0 0 0 1 1 0 0 0 0 1 0 0 0 0 1 0 0 0 0 1 1 0 0 0 0 1 0 0 0 0 1 0 0 0 0 1 1 0 0 0 0 1 0 0 0 0 1 0 0 0 0 1 1 0 0 0 0 1 0 0 0 0 1 0 0 0 0 1 1 0 0 0 0 1 0 0 0 0 1 0 0 0 0 1 1 0 0 0 0 1 0 0 0 0 1 0 0 0 0 1 1 0 0 0 0 1 0 0 0 0 1 0 0 0 0 1 1 0 0 0 0 1 0 0 0 0 1 0 0 0 0 1</float_array>
                    <technique_common>
                        <accessor source="#MatArr26" count="14" stride="16">
                            <param type="float4x4" />
                        </accessor>
                    </technique_common>
                </source>
                <source id="weights26">
                    <float_array id="WeightArr26" count="1">1</float_array>
                    <technique_common>
                        <accessor source="#WeightArr26" count="1">
                            <param type="float" />
                        </accessor>
                    </technique_common>
                </source>
                <joints>
                    <input semantic="JOINT" source="#joints26" />
                    <input semantic="INV_BIND_MATRIX" source="#matrices26" />
                </joints>
                <vertex_weights count="14">
                    <input semantic="JOINT" offset="0" source="#joints26" />
                    <input semantic="WEIGHT" offset="1" source="#weights26" />
                    <vcount>1 1 1 1 1 1 1 1 1 1 1 1 1 1</vcount>
                    <v>13 0 13 0 13 0 13 0 13 0 13 0 13 0 13 0 13 0 13 0 13 0 13 0 13 0 13 0</v>
                </vertex_weights>
            </skin>
        </controller>
        <controller id="controller27">
            <skin source="#mesh27">
                <bind_shape_matrix>1 0 0 0 0 1 0 0 0 0 1 0 0 0 0 1</bind_shape_matrix>
                <source id="joints27">
                    <Name_array id="JointArr27" count="14">jointnode-1 jointnode0 jointnode1 jointnode2 jointnode3 jointnode4 jointnode5 jointnode6 jointnode7 jointnode8 jointnode9 jointnode10 jointnode11 jointnode12</Name_array>
                    <technique_common>
                        <accessor source="#JointArr27" count="14">
                            <param name="JOINT" type="Name" />
                        </accessor>
                    </technique_common>
                </source>
                <source id="matrices27">
                    <float_array id="MatArr27" count="224">1 0 0 0 0 1 0 0 0 0 1 0 0 0 0 1 1 0 0 0 0 1 0 0 0 0 1 0 0 0 0 1 1 0 0 0 0 1 0 0 0 0 1 0 0 0 0 1 1 0 0 0 0 1 0 0 0 0 1 0 0 0 0 1 1 0 0 0 0 1 0 0 0 0 1 0 0 0 0 1 1 0 0 0 0 1 0 0 0 0 1 0 0 0 0 1 1 0 0 0 0 1 0 0 0 0 1 0 0 0 0 1 1 0 0 0 0 1 0 0 0 0 1 0 0 0 0 1 1 0 0 0 0 1 0 0 0 0 1 0 0 0 0 1 1 0 0 0 0 1 0 0 0 0 1 0 0 0 0 1 1 0 0 0 0 1 0 0 0 0 1 0 0 0 0 1 1 0 0 0 0 1 0 0 0 0 1 0 0 0 0 1 1 0 0 0 0 1 0 0 0 0 1 0 0 0 0 1 1 0 0 0 0 1 0 0 0 0 1 0 0 0 0 1</float_array>
                    <technique_common>
                        <accessor source="#MatArr27" count="14" stride="16">
                            <param type="float4x4" />
                        </accessor>
                    </technique_common>
                </source>
                <source id="weights27">
                    <float_array id="WeightArr27" count="1">1</float_array>
                    <technique_common>
                        <accessor source="#WeightArr27" count="1">
                            <param type="float" />
                        </accessor>
                    </technique_common>
                </source>
                <joints>
                    <input semantic="JOINT" source="#joints27" />
                    <input semantic="INV_BIND_MATRIX" source="#matrices27" />
                </joints>
                <vertex_weights count="68">
                    <input semantic="JOINT" offset="0" source="#joints27" />
                    <input semantic="WEIGHT" offset="1" source="#weights27" />
                    <vcount>1 1 1 1 1 1 1 1 1 1 1 1 1 1 1 1 1 1 1 1 1 1 1 1 1 1 1 1 1 1 1 1 1 1 1 1 1 1 1 1 1 1 1 1 1 1 1 1 1 1 1 1 1 1 1 1 1 1 1 1 1 1 1 1 1 1 1 1</vcount>
                    <v>13 0 13 0 13 0 13 0 13 0 13 0 13 0 13 0 13 0 13 0 13 0 13 0 13 0 13 0 13 0 13 0 13 0 13 0 13 0 13 0 13 0 13 0 13 0 13 0 13 0 13 0 13 0 13 0 13 0 13 0 13 0 13 0 13 0 13 0 13 0 13 0 13 0 13 0 13 0 13 0 13 0 13 0 13 0 13 0 13 0 13 0 13 0 13 0 13 0 13 0 13 0 13 0 13 0 13 0 13 0 13 0 13 0 13 0 13 0 13 0 13 0 13 0 13 0 13 0 13 0 13 0 13 0 13 0</v>
                </vertex_weights>
            </skin>
        </controller>
        <controller id="controller28">
            <skin source="#mesh28">
                <bind_shape_matrix>1 0 0 0 0 1 0 0 0 0 1 0 0 0 0 1</bind_shape_matrix>
                <source id="joints28">
                    <Name_array id="JointArr28" count="14">jointnode-1 jointnode0 jointnode1 jointnode2 jointnode3 jointnode4 jointnode5 jointnode6 jointnode7 jointnode8 jointnode9 jointnode10 jointnode11 jointnode12</Name_array>
                    <technique_common>
                        <accessor source="#JointArr28" count="14">
                            <param name="JOINT" type="Name" />
                        </accessor>
                    </technique_common>
                </source>
                <source id="matrices28">
                    <float_array id="MatArr28" count="224">1 0 0 0 0 1 0 0 0 0 1 0 0 0 0 1 1 0 0 0 0 1 0 0 0 0 1 0 0 0 0 1 1 0 0 0 0 1 0 0 0 0 1 0 0 0 0 1 1 0 0 0 0 1 0 0 0 0 1 0 0 0 0 1 1 0 0 0 0 1 0 0 0 0 1 0 0 0 0 1 1 0 0 0 0 1 0 0 0 0 1 0 0 0 0 1 1 0 0 0 0 1 0 0 0 0 1 0 0 0 0 1 1 0 0 0 0 1 0 0 0 0 1 0 0 0 0 1 1 0 0 0 0 1 0 0 0 0 1 0 0 0 0 1 1 0 0 0 0 1 0 0 0 0 1 0 0 0 0 1 1 0 0 0 0 1 0 0 0 0 1 0 0 0 0 1 1 0 0 0 0 1 0 0 0 0 1 0 0 0 0 1 1 0 0 0 0 1 0 0 0 0 1 0 0 0 0 1 1 0 0 0 0 1 0 0 0 0 1 0 0 0 0 1</float_array>
                    <technique_common>
                        <accessor source="#MatArr28" count="14" stride="16">
                            <param type="float4x4" />
                        </accessor>
                    </technique_common>
                </source>
                <source id="weights28">
                    <float_array id="WeightArr28" count="1">1</float_array>
                    <technique_common>
                        <accessor source="#WeightArr28" count="1">
                            <param type="float" />
                        </accessor>
                    </technique_common>
                </source>
                <joints>
                    <input semantic="JOINT" source="#joints28" />
                    <input semantic="INV_BIND_MATRIX" source="#matrices28" />
                </joints>
                <vertex_weights count="8">
                    <input semantic="JOINT" offset="0" source="#joints28" />
                    <input semantic="WEIGHT" offset="1" source="#weights28" />
                    <vcount>1 1 1 1 1 1 1 1</vcount>
                    <v>13 0 13 0 13 0 13 0 13 0 13 0 13 0 13 0</v>
                </vertex_weights>
            </skin>
        </controller>
    </library_controllers>
    <library_visual_scenes>
        <visual_scene id="VisualSceneNode">
            <node id="node0" name="m0" type="NODE">
                <instance_controller url="#controller0">
                    <skeleton>#jointnode-1</skeleton>
                    <bind_material>
                        <technique_common>
                            <instance_material symbol="Material1" target="#mat0">
                                <bind_vertex_input semantic="UVSET0" input_semantic="TEXCOORD" input_set="0"></bind_vertex_input>
                            </instance_material>
                        </technique_common>
                    </bind_material>
                </instance_controller>
            </node>
            <node id="node1" name="m1" type="NODE">
                <instance_controller url="#controller1">
                    <skeleton>#jointnode-1</skeleton>
                    <bind_material>
                        <technique_common>
                            <instance_material symbol="Material1" target="#mat2">
                                <bind_vertex_input semantic="UVSET0" input_semantic="TEXCOORD" input_set="0"></bind_vertex_input>
                            </instance_material>
                        </technique_common>
                    </bind_material>
                </instance_controller>
            </node>
            <node id="node2" name="m2" type="NODE">
                <instance_controller url="#controller2">
                    <skeleton>#jointnode-1</skeleton>
                    <bind_material>
                        <technique_common>
                            <instance_material symbol="Material1" target="#mat3">
                                <bind_vertex_input semantic="UVSET0" input_semantic="TEXCOORD" input_set="0"></bind_vertex_input>
                            </instance_material>
                        </technique_common>
                    </bind_material>
                </instance_controller>
            </node>
            <node id="node3" name="m3" type="NODE">
                <instance_controller url="#controller3">
                    <skeleton>#jointnode-1</skeleton>
                    <bind_material>
                        <technique_common>
                            <instance_material symbol="Material1" target="#mat1">
                                <bind_vertex_input semantic="UVSET0" input_semantic="TEXCOORD" input_set="0"></bind_vertex_input>
                            </instance_material>
                        </technique_common>
                    </bind_material>
                </instance_controller>
            </node>
            <node id="node4" name="m4" type="NODE">
                <instance_controller url="#controller4">
                    <skeleton>#jointnode-1</skeleton>
                    <bind_material>
                        <technique_common>
                            <instance_material symbol="Material1" target="#mat5">
                                <bind_vertex_input semantic="UVSET0" input_semantic="TEXCOORD" input_set="0"></bind_vertex_input>
                            </instance_material>
                        </technique_common>
                    </bind_material>
                </instance_controller>
            </node>
            <node id="node5" name="m5" type="NODE">
                <instance_controller url="#controller5">
                    <skeleton>#jointnode-1</skeleton>
                    <bind_material>
                        <technique_common>
                            <instance_material symbol="Material1" target="#mat4">
                                <bind_vertex_input semantic="UVSET0" input_semantic="TEXCOORD" input_set="0"></bind_vertex_input>
                            </instance_material>
                        </technique_common>
                    </bind_material>
                </instance_controller>
            </node>
            <node id="node6" name="m6" type="NODE">
                <instance_controller url="#controller6">
                    <skeleton>#jointnode-1</skeleton>
                    <bind_material>
                        <technique_common>
                            <instance_material symbol="Material1" target="#mat7">
                                <bind_vertex_input semantic="UVSET0" input_semantic="TEXCOORD" input_set="0"></bind_vertex_input>
                            </instance_material>
                        </technique_common>
                    </bind_material>
                </instance_controller>
            </node>
            <node id="node7" name="m7" type="NODE">
                <instance_controller url="#controller7">
                    <skeleton>#jointnode-1</skeleton>
                    <bind_material>
                        <technique_common>
                            <instance_material symbol="Material1" target="#mat8">
                                <bind_vertex_input semantic="UVSET0" input_semantic="TEXCOORD" input_set="0"></bind_vertex_input>
                            </instance_material>
                        </technique_common>
                    </bind_material>
                </instance_controller>
            </node>
            <node id="node8" name="m8" type="NODE">
                <instance_controller url="#controller8">
                    <skeleton>#jointnode-1</skeleton>
                    <bind_material>
                        <technique_common>
                            <instance_material symbol="Material1" target="#mat6">
                                <bind_vertex_input semantic="UVSET0" input_semantic="TEXCOORD" input_set="0"></bind_vertex_input>
                            </instance_material>
                        </technique_common>
                    </bind_material>
                </instance_controller>
            </node>
            <node id="node9" name="m9" type="NODE">
                <instance_controller url="#controller9">
                    <skeleton>#jointnode-1</skeleton>
                    <bind_material>
                        <technique_common>
                            <instance_material symbol="Material1" target="#mat10">
                                <bind_vertex_input semantic="UVSET0" input_semantic="TEXCOORD" input_set="0"></bind_vertex_input>
                            </instance_material>
                        </technique_common>
                    </bind_material>
                </instance_controller>
            </node>
            <node id="node10" name="m10" type="NODE">
                <instance_controller url="#controller10">
                    <skeleton>#jointnode-1</skeleton>
                    <bind_material>
                        <technique_common>
                            <instance_material symbol="Material1" target="#mat9">
                                <bind_vertex_input semantic="UVSET0" input_semantic="TEXCOORD" input_set="0"></bind_vertex_input>
                            </instance_material>
                        </technique_common>
                    </bind_material>
                </instance_controller>
            </node>
            <node id="node11" name="m11" type="NODE">
                <instance_controller url="#controller11">
                    <skeleton>#jointnode-1</skeleton>
                    <bind_material>
                        <technique_common>
                            <instance_material symbol="Material1" target="#mat12">
                                <bind_vertex_input semantic="UVSET0" input_semantic="TEXCOORD" input_set="0"></bind_vertex_input>
                            </instance_material>
                        </technique_common>
                    </bind_material>
                </instance_controller>
            </node>
            <node id="node12" name="m12" type="NODE">
                <instance_controller url="#controller12">
                    <skeleton>#jointnode-1</skeleton>
                    <bind_material>
                        <technique_common>
                            <instance_material symbol="Material1" target="#mat13">
                                <bind_vertex_input semantic="UVSET0" input_semantic="TEXCOORD" input_set="0"></bind_vertex_input>
                            </instance_material>
                        </technique_common>
                    </bind_material>
                </instance_controller>
            </node>
            <node id="node13" name="m13" type="NODE">
                <instance_controller url="#controller13">
                    <skeleton>#jointnode-1</skeleton>
                    <bind_material>
                        <technique_common>
                            <instance_material symbol="Material1" target="#mat11">
                                <bind_vertex_input semantic="UVSET0" input_semantic="TEXCOORD" input_set="0"></bind_vertex_input>
                            </instance_material>
                        </technique_common>
                    </bind_material>
                </instance_controller>
            </node>
            <node id="node14" name="m14" type="NODE">
                <instance_controller url="#controller14">
                    <skeleton>#jointnode-1</skeleton>
                    <bind_material>
                        <technique_common>
                            <instance_material symbol="Material1" target="#mat15">
                                <bind_vertex_input semantic="UVSET0" input_semantic="TEXCOORD" input_set="0"></bind_vertex_input>
                            </instance_material>
                        </technique_common>
                    </bind_material>
                </instance_controller>
            </node>
            <node id="node15" name="m15" type="NODE">
                <instance_controller url="#controller15">
                    <skeleton>#jointnode-1</skeleton>
                    <bind_material>
                        <technique_common>
                            <instance_material symbol="Material1" target="#mat14">
                                <bind_vertex_input semantic="UVSET0" input_semantic="TEXCOORD" input_set="0"></bind_vertex_input>
                            </instance_material>
                        </technique_common>
                    </bind_material>
                </instance_controller>
            </node>
            <node id="node16" name="m16" type="NODE">
                <instance_controller url="#controller16">
                    <skeleton>#jointnode-1</skeleton>
                    <bind_material>
                        <technique_common>
                            <instance_material symbol="Material1" target="#mat17">
                                <bind_vertex_input semantic="UVSET0" input_semantic="TEXCOORD" input_set="0"></bind_vertex_input>
                            </instance_material>
                        </technique_common>
                    </bind_material>
                </instance_controller>
            </node>
            <node id="node17" name="m17" type="NODE">
                <instance_controller url="#controller17">
                    <skeleton>#jointnode-1</skeleton>
                    <bind_material>
                        <technique_common>
                            <instance_material symbol="Material1" target="#mat18">
                                <bind_vertex_input semantic="UVSET0" input_semantic="TEXCOORD" input_set="0"></bind_vertex_input>
                            </instance_material>
                        </technique_common>
                    </bind_material>
                </instance_controller>
            </node>
            <node id="node18" name="m18" type="NODE">
                <instance_controller url="#controller18">
                    <skeleton>#jointnode-1</skeleton>
                    <bind_material>
                        <technique_common>
                            <instance_material symbol="Material1" target="#mat16">
                                <bind_vertex_input semantic="UVSET0" input_semantic="TEXCOORD" input_set="0"></bind_vertex_input>
                            </instance_material>
                        </technique_common>
                    </bind_material>
                </instance_controller>
            </node>
            <node id="node19" name="m19" type="NODE">
                <instance_controller url="#controller19">
                    <skeleton>#jointnode-1</skeleton>
                    <bind_material>
                        <technique_common>
                            <instance_material symbol="Material1" target="#mat20">
                                <bind_vertex_input semantic="UVSET0" input_semantic="TEXCOORD" input_set="0"></bind_vertex_input>
                            </instance_material>
                        </technique_common>
                    </bind_material>
                </instance_controller>
            </node>
            <node id="node20" name="m20" type="NODE">
                <instance_controller url="#controller20">
                    <skeleton>#jointnode-1</skeleton>
                    <bind_material>
                        <technique_common>
                            <instance_material symbol="Material1" target="#mat19">
                                <bind_vertex_input semantic="UVSET0" input_semantic="TEXCOORD" input_set="0"></bind_vertex_input>
                            </instance_material>
                        </technique_common>
                    </bind_material>
                </instance_controller>
            </node>
            <node id="node21" name="m21" type="NODE">
                <instance_controller url="#controller21">
                    <skeleton>#jointnode-1</skeleton>
                    <bind_material>
                        <technique_common>
                            <instance_material symbol="Material1" target="#mat22">
                                <bind_vertex_input semantic="UVSET0" input_semantic="TEXCOORD" input_set="0"></bind_vertex_input>
                            </instance_material>
                        </technique_common>
                    </bind_material>
                </instance_controller>
            </node>
            <node id="node22" name="m22" type="NODE">
                <instance_controller url="#controller22">
                    <skeleton>#jointnode-1</skeleton>
                    <bind_material>
                        <technique_common>
                            <instance_material symbol="Material1" target="#mat23">
                                <bind_vertex_input semantic="UVSET0" input_semantic="TEXCOORD" input_set="0"></bind_vertex_input>
                            </instance_material>
                        </technique_common>
                    </bind_material>
                </instance_controller>
            </node>
            <node id="node23" name="m23" type="NODE">
                <instance_controller url="#controller23">
                    <skeleton>#jointnode-1</skeleton>
                    <bind_material>
                        <technique_common>
                            <instance_material symbol="Material1" target="#mat21">
                                <bind_vertex_input semantic="UVSET0" input_semantic="TEXCOORD" input_set="0"></bind_vertex_input>
                            </instance_material>
                        </technique_common>
                    </bind_material>
                </instance_controller>
            </node>
            <node id="node24" name="m24" type="NODE">
                <instance_controller url="#controller24">
                    <skeleton>#jointnode-1</skeleton>
                    <bind_material>
                        <technique_common>
                            <instance_material symbol="Material1" target="#mat25">
                                <bind_vertex_input semantic="UVSET0" input_semantic="TEXCOORD" input_set="0"></bind_vertex_input>
                            </instance_material>
                        </technique_common>
                    </bind_material>
                </instance_controller>
            </node>
            <node id="node25" name="m25" type="NODE">
                <instance_controller url="#controller25">
                    <skeleton>#jointnode-1</skeleton>
                    <bind_material>
                        <technique_common>
                            <instance_material symbol="Material1" target="#mat24">
                                <bind_vertex_input semantic="UVSET0" input_semantic="TEXCOORD" input_set="0"></bind_vertex_input>
                            </instance_material>
                        </technique_common>
                    </bind_material>
                </instance_controller>
            </node>
            <node id="node26" name="m26" type="NODE">
                <instance_controller url="#controller26">
                    <skeleton>#jointnode-1</skeleton>
                    <bind_material>
                        <technique_common>
                            <instance_material symbol="Material1" target="#mat27">
                                <bind_vertex_input semantic="UVSET0" input_semantic="TEXCOORD" input_set="0"></bind_vertex_input>
                            </instance_material>
                        </technique_common>
                    </bind_material>
                </instance_controller>
            </node>
            <node id="node27" name="m27" type="NODE">
                <instance_controller url="#controller27">
                    <skeleton>#jointnode-1</skeleton>
                    <bind_material>
                        <technique_common>
                            <instance_material symbol="Material1" target="#mat28">
                                <bind_vertex_input semantic="UVSET0" input_semantic="TEXCOORD" input_set="0"></bind_vertex_input>
                            </instance_material>
                        </technique_common>
                    </bind_material>
                </instance_controller>
            </node>
            <node id="node28" name="m28" type="NODE">
                <instance_controller url="#controller28">
                    <skeleton>#jointnode-1</skeleton>
                    <bind_material>
                        <technique_common>
                            <instance_material symbol="Material1" target="#mat26">
                                <bind_vertex_input semantic="UVSET0" input_semantic="TEXCOORD" input_set="0"></bind_vertex_input>
                            </instance_material>
                        </technique_common>
                    </bind_material>
                </instance_controller>
            </node>
            <node id="jointnode-1" name="root" sid="jointnode-1" type="JOINT">
                <node id="jointnode0" name="slope_u" sid="jointnode0" type="JOINT">
                    <node id="jointnode1" name="room00" sid="jointnode1" type="JOINT">
                    </node>
                    <node id="jointnode2" name="room01" sid="jointnode2" type="JOINT">
                    </node>
                    <node id="jointnode3" name="room02" sid="jointnode3" type="JOINT">
                    </node>
                    <node id="jointnode4" name="room03" sid="jointnode4" type="JOINT">
                    </node>
                    <node id="jointnode5" name="room04" sid="jointnode5" type="JOINT">
                    </node>
                    <node id="jointnode6" name="room05" sid="jointnode6" type="JOINT">
                    </node>
                    <node id="jointnode7" name="room06" sid="jointnode7" type="JOINT">
                    </node>
                    <node id="jointnode8" name="room07" sid="jointnode8" type="JOINT">
                    </node>
                    <node id="jointnode9" name="room08" sid="jointnode9" type="JOINT">
                    </node>
                    <node id="jointnode10" name="room09" sid="jointnode10" type="JOINT">
                    </node>
                    <node id="jointnode11" name="room10" sid="jointnode11" type="JOINT">
                    </node>
                    <node id="jointnode12" name="room11" sid="jointnode12" type="JOINT">
                    </node>
                </node>
            </node>
        </visual_scene>
    </library_visual_scenes>
    <scene>
        <instance_visual_scene url="#VisualSceneNode"></instance_visual_scene>
    </scene>
</COLLADA>
